ProductID,ProductName,Category,SubCategory,UnitPrice,SatisfactionScore,SupplierName
FUR-BO-10001798,Bush Somerset Collection Bookcase,Furniture,Bookcases,315.98925,4,Prime Goods
FUR-CH-10000454,"Hon Deluxe Fabric Upholstered Stacking Chairs, Rounded Back",Furniture,Chairs,886.4606667,3,NorthStar
OFF-LA-10000240,Self-Adhesive Address Labels for Typewriters by Universal,Office Supplies,Labels,21.93,4,Prime Goods
FUR-TA-10000577,Bretford CR4500 Series Slim Rectangular Table,Furniture,Tables,905.346,2,NorthStar
OFF-ST-10000760,Eldon Fold 'N Roll Cart System,Office Supplies,Storage,60.3936,4,NorthStar
FUR-FU-10001487,"Eldon Expressions Wood and Plastic Desk Accessories, Cherry Wood",Furniture,Furnishings,32.108,1,Prime Goods
OFF-AR-10002833,Newell 322,Office Supplies,Art,5.096,5,NorthStar
TEC-PH-10002275,Mitel 5320 IP Phone VoIP phone,Technology,Phones,529.172,2,NorthStar
OFF-BI-10003910,DXL Angle-View Binders with Locking Rings by Samsill,Office Supplies,Binders,21.5109,1,NorthStar
OFF-AP-10002892,Belkin F5C206VTEL 6 Outlet Surge,Office Supplies,Appliances,66.31371429,2,Prime Goods
FUR-TA-10001539,Chromcraft Rectangular Conference Tables,Furniture,Tables,550.297,2,Global Supply Co
TEC-PH-10002033,Konftel 250 Conference phone - Charcoal black,Technology,Phones,555.399,2,Prime Goods
OFF-PA-10002365,Xerox 1967,Office Supplies,Paper,17.8848,5,Prime Goods
OFF-BI-10003656,Fellowes PB200 Plastic Comb Binding Machine,Office Supplies,Binders,464.6393333,4,Global Supply Co
OFF-AP-10002311,"Holmes Replacement Filter for HEPA Air Cleaner, Very Large Room, HEPA Filter",Office Supplies,Appliances,138.3081,2,Global Supply Co
OFF-BI-10000756,Storex DuraTech Recycled Plastic Frosted Binders,Office Supplies,Binders,11.766,1,Global Supply Co
OFF-ST-10004186,"Stur-D-Stor Shelving, Vertical 5-Shelf: 72""H x 36""W x 18 1/2""D",Office Supplies,Storage,510.508,4,Global Supply Co
OFF-ST-10000107,Fellowes Super Stor/Drawer,Office Supplies,Storage,119.325,2,Prime Goods
OFF-AR-10003056,Newell 341,Office Supplies,Art,13.81828571,4,NorthStar
TEC-PH-10001949,Cisco SPA 501G IP Phone,Technology,Phones,213.48,2,Prime Goods
OFF-BI-10002215,"Wilson Jones Hanging View Binder, White, 1""",Office Supplies,Binders,20.48857143,3,NorthStar
OFF-AR-10000246,Newell 318,Office Supplies,Art,12.3432,3,Prime Goods
OFF-AP-10001492,"Acco Six-Outlet Power Strip, 4' Cord Length",Office Supplies,Appliances,38.11955556,1,Prime Goods
FUR-CH-10002774,"Global Deluxe Stacking Chair, Gray",Furniture,Chairs,109.2428571,3,NorthStar
OFF-BI-10001634,Wilson Jones Active Use Binders,Office Supplies,Binders,19.17066667,3,NorthStar
TEC-AC-10003027,Imation 8GB Mini TravelDrive USB 2.0 Flash Drive,Technology,Accessories,116.7346667,2,Prime Goods
FUR-BO-10004834,"Riverside Palais Royal Lawyers Bookcase, Royale Cherry Finish",Furniture,Bookcases,3122.19312,3,Global Supply Co
OFF-BI-10000474,Avery Recycled Flexi-View Covers for Binding Systems,Office Supplies,Binders,28.167,4,Prime Goods
FUR-FU-10004848,"Howard Miller 13-3/4"" Diameter Brushed Chrome Round Wall Clock",Furniture,Furnishings,119.8443333,5,Prime Goods
OFF-EN-10001509,Poly String Tie Envelopes,Office Supplies,Envelopes,6.194181818,1,Global Supply Co
OFF-AR-10004042,"BOSTON Model 1800 Electric Pencil Sharpeners, Putty/Woodgrain",Office Supplies,Art,82.708,5,Global Supply Co
OFF-BI-10001525,"Acco Pressboard Covers with Storage Hooks, 14 7/8"" x 11"", Executive Red",Office Supplies,Binders,7.953375,3,Global Supply Co
OFF-AR-10001683,Lumber Crayons,Office Supplies,Art,28.565,1,NorthStar
OFF-PA-10000249,Staples,Office Supplies,Paper,32.74666667,5,NorthStar
TEC-PH-10004977,GE 30524EE4,Technology,Phones,587.97,5,Global Supply Co
FUR-FU-10003664,"Electrix Architect's Clamp-On Swing Arm Lamp, Black",Furniture,Furnishings,572.76,4,Global Supply Co
OFF-EN-10002986,"#10-4 1/8"" x 9 1/2"" Premium Diagonal Seam Envelopes",Office Supplies,Envelopes,88.144,3,Global Supply Co
FUR-BO-10002545,"Atlantic Metals Mobile 3-Shelf Bookcases, Custom Colors",Furniture,Bookcases,942.464025,3,NorthStar
FUR-CH-10004218,"Global Fabric Manager's Chair, Dark Gray",Furniture,Chairs,350.064,5,Prime Goods
TEC-PH-10000486,Plantronics HL10 Handset Lifter,Technology,Phones,742.336,3,Global Supply Co
TEC-PH-10004093,Panasonic Kx-TS550,Technology,Phones,120.888,1,Prime Goods
OFF-ST-10003479,"Eldon Base for stackable storage shelf, platinum",Office Supplies,Storage,124.608,3,Prime Goods
OFF-ST-10003282,"Advantus 10-Drawer Portable Organizer, Chrome Metal Frame, Smoke Drawers",Office Supplies,Storage,262.944,2,Global Supply Co
TEC-AC-10000171,"Verbatim 25 GB 6x Blu-ray Single Layer Recordable Disc, 25/Pack",Technology,Accessories,49.6584,1,NorthStar
OFF-BI-10003291,Wilson Jones Leather-Like Binders with DublLock Round Rings,Office Supplies,Binders,19.86075,2,Global Supply Co
OFF-ST-10001713,"Gould Plastics 9-Pocket Panel Bin, 18-3/8w x 5-1/4d x 20-1/2h, Black",Office Supplies,Storage,158.97,4,Global Supply Co
TEC-AC-10002167,Imation 8gb Micro Traveldrive Usb 2.0 Flash Drive,Technology,Accessories,44.625,5,Prime Goods
TEC-PH-10003988,"LF Elite 3D Dazzle Designer Hard Case Cover, Lf Stylus Pen and Wiper For Apple Iphone 5c Mini Lite",Technology,Phones,32.7,2,Prime Goods
OFF-BI-10004410,"C-Line Peel & Stick Add-On Filing Pockets, 8-3/4 x 5-1/8, 10/Pack",Office Supplies,Binders,21.49875,1,Prime Goods
OFF-LA-10002762,Avery 485,Office Supplies,Labels,79.87875,3,Prime Goods
FUR-FU-10001706,Longer-Life Soft White Bulbs,Furniture,Furnishings,11.5192,5,Prime Goods
FUR-CH-10003061,"Global Leather Task Chair, Black",Furniture,Chairs,181.104875,4,NorthStar
OFF-FA-10000304,Advantus Push Pins,Office Supplies,Fasteners,7.848,1,Prime Goods
TEC-PH-10002447,AT&T CL83451 4-Handset Telephone,Technology,Phones,484.0765,1,NorthStar
OFF-ST-10000604,Home/Office Personal File Carts,Office Supplies,Storage,140.0331429,1,NorthStar
OFF-PA-10001569,Xerox 232,Office Supplies,Paper,30.132,5,Prime Goods
FUR-CH-10003968,Novimex Turbo Task Chair,Furniture,Chairs,223.587,2,Prime Goods
OFF-PA-10000587,"Array Parchment Paper, Assorted Colors",Office Supplies,Paper,26.572,5,NorthStar
OFF-BI-10001460,Plastic Binding Combs,Office Supplies,Binders,53.934,3,NorthStar
OFF-AR-10001868,Prang Dustless Chalk Sticks,Office Supplies,Art,4.872,1,Prime Goods
TEC-AC-10004633,"Verbatim 25 GB 6x Blu-ray Single Layer Recordable Disc, 3/Pack",Technology,Accessories,30.756,5,Global Supply Co
OFF-BI-10001078,"Acco PRESSTEX Data Binder with Storage Hooks, Dark Blue, 14 7/8"" X 11""",Office Supplies,Binders,25.05542857,4,Prime Goods
OFF-PA-10003892,Xerox 1943,Office Supplies,Paper,185.858,3,Global Supply Co
FUR-FU-10000397,Luxo Economy Swing Arm Lamp,Furniture,Furnishings,67.796,3,Prime Goods
FUR-CH-10001146,"Global Value Mid-Back Manager's Chair, Gray",Furniture,Chairs,162.8016,5,Global Supply Co
OFF-AR-10002671,"Hunt BOSTON Model 1606 High-Volume Electric Pencil Sharpener, Beige",Office Supplies,Art,1113.024,3,NorthStar
TEC-PH-10002726,netTALK DUO VoIP Telephone Service,Technology,Phones,158.9697143,3,Global Supply Co
OFF-PA-10000482,"Snap-A-Way Black Print Carbonless Ruled Speed Letter, Triplicate",Office Supplies,Paper,169.4653333,5,Prime Goods
OFF-BI-10004654,Avery Binding System Hidden Tab Executive Style Index Sets,Office Supplies,Binders,19.50663636,3,NorthStar
OFF-PA-10004675,"Telephone Message Books with Fax/Mobile Section, 5 1/2"" x 3 3/16""",Office Supplies,Paper,16.51,5,Prime Goods
FUR-CH-10000513,High-Back Leather Manager's Chair,Furniture,Chairs,530.0703333,5,Prime Goods
FUR-FU-10003708,"Tenex Traditional Chairmats for Medium Pile Carpet, Standard Lip, 36"" x 48""",Furniture,Furnishings,220.3616667,4,NorthStar
OFF-ST-10004123,Safco Industrial Wire Shelving System,Office Supplies,Storage,313.881,2,NorthStar
OFF-BI-10004182,Economy Binders,Office Supplies,Binders,7.488,4,Prime Goods
FUR-FU-10000260,"6"" Cubicle Wall Clock, Black",Furniture,Furnishings,31.1465,1,Prime Goods
OFF-ST-10000615,"SimpliFile Personal File, Black Granite, 15w x 6-15/16d x 11-1/4h",Office Supplies,Storage,43.41375,2,Global Supply Co
FUR-FU-10003194,"Eldon Expressions Desk Accessory, Wood Pencil Holder, Oak",Furniture,Furnishings,27.02,5,Prime Goods
OFF-AP-10002118,"1.7 Cubic Foot Compact ""Cube"" Office Refrigerators",Office Supplies,Appliances,451.0133333,2,Prime Goods
OFF-BI-10002309,Avery Heavy-Duty EZD  Binder With Locking Rings,Office Supplies,Binders,18.414,3,Global Supply Co
OFF-AR-10002053,"Premium Writing Pencils, Soft, #2 by Central Association for the Blind",Office Supplies,Art,11.66457143,2,Global Supply Co
OFF-ST-10002370,"Sortfiler Multipurpose Personal File Organizer, Black",Office Supplies,Storage,80.569,4,NorthStar
OFF-EN-10000927,Jet-Pak Recycled Peel 'N' Seal Padded Mailers,Office Supplies,Envelopes,138.1765,3,Prime Goods
OFF-ST-10003656,Safco Industrial Wire Shelving,Office Supplies,Storage,272.6116,4,Prime Goods
FUR-CH-10000863,Novimex Swivel Fabric Task Chair,Furniture,Chairs,364.23925,3,Global Supply Co
TEC-AC-10001998,Logitech LS21 Speaker System - PC Multimedia - 2.1-CH - Wired,Technology,Accessories,34.64933333,5,Global Supply Co
OFF-LA-10000134,Avery 511,Office Supplies,Labels,9.445333333,4,Prime Goods
OFF-ST-10003442,Eldon Portable Mobile Manager,Office Supplies,Storage,99.92266667,4,Global Supply Co
OFF-AR-10004930,Turquoise Lead Holder with Pocket Clip,Office Supplies,Art,12.50666667,3,NorthStar
OFF-PA-10000304,Xerox 1995,Office Supplies,Paper,20.304,3,Global Supply Co
OFF-PA-10003177,Xerox 1999,Office Supplies,Paper,14.07085714,5,Prime Goods
FUR-FU-10003799,"Seth Thomas 13 1/2"" Wall Clock",Furniture,Furnishings,63.2968,3,Prime Goods
OFF-BI-10002852,Ibico Standard Transparent Covers,Office Supplies,Binders,39.0576,3,Prime Goods
OFF-BI-10004738,Flexible Leather- Look Classic Collection Ring Binder,Office Supplies,Binders,23.675,3,Global Supply Co
FUR-FU-10000629,9-3/4 Diameter Round Wall Clock,Furniture,Furnishings,56.88375,4,NorthStar
OFF-BI-10001721,Trimflex Flexible Post Binders,Office Supplies,Binders,86.589,5,Global Supply Co
OFF-AP-10000358,Fellowes Basic Home/Office Series Surge Protectors,Office Supplies,Appliances,48.45866667,4,Prime Goods
OFF-PA-10003256,Avery Personal Creations Heavyweight Cards,Office Supplies,Paper,34.62,3,Global Supply Co
TEC-AC-10001767,SanDisk Ultra 64 GB MicroSDHC Class 10 Memory Card,Technology,Accessories,154.628,2,Prime Goods
OFF-BI-10002609,Avery Hidden Tab Dividers for Binding Systems,Office Supplies,Binders,4.512571429,5,NorthStar
OFF-PA-10004040,Universal Premium White Copier/Laser Paper (20Lb. and 87 Bright),Office Supplies,Paper,25.8336,3,NorthStar
TEC-AC-10001552,Logitech K350 2.4Ghz Wireless Keyboard,Technology,Accessories,230.9328,5,NorthStar
FUR-FU-10004006,"Deflect-o DuraMat Lighweight, Studded, Beveled Mat for Low Pile Carpeting",Furniture,Furnishings,112.3116667,1,NorthStar
OFF-BI-10002794,"Avery Trapezoid Ring Binder, 3"" Capacity, Black, 1040 sheets",Office Supplies,Binders,77.862,1,Prime Goods
TEC-AC-10003499,Memorex Mini Travel Drive 8 GB USB 2.0 Flash Drive,Technology,Accessories,38.9088,3,Prime Goods
TEC-PH-10002844,Speck Products Candyshell Flip Case,Technology,Phones,47.2365,2,Global Supply Co
OFF-AR-10000390,Newell Chalk Holder,Office Supplies,Art,11.918,4,Global Supply Co
TEC-AC-10000844,Logitech Gaming G510s - Keyboard,Technology,Accessories,295.34025,2,NorthStar
FUR-FU-10001934,Magnifier Swing Arm Lamp,Furniture,Furnishings,50.352,3,Global Supply Co
OFF-AR-10000380,"Hunt PowerHouse Electric Pencil Sharpener, Blue",Office Supplies,Art,161.7948,3,Global Supply Co
OFF-BI-10003981,"Avery Durable Plastic 1"" Binders",Office Supplies,Binders,16.60342857,4,NorthStar
OFF-FA-10000621,"OIC Colored Binder Clips, Assorted Sizes",Office Supplies,Fasteners,19.94571429,2,Prime Goods
OFF-EN-10002600,"Redi-Strip #10 Envelopes, 4 1/8 x 9 1/2",Office Supplies,Envelopes,13.31714286,5,NorthStar
OFF-PA-10004965,Xerox 1921,Office Supplies,Paper,18.648,3,NorthStar
OFF-EN-10002504,"Tyvek  Top-Opening Peel & Seel Envelopes, Plain White",Office Supplies,Envelopes,81.54,2,NorthStar
FUR-TA-10001768,Hon Racetrack Conference Tables,Furniture,Tables,660.6501667,3,Prime Goods
OFF-BI-10003650,GBC DocuBind 300 Electric Binding Machine,Office Supplies,Binders,848.14275,2,NorthStar
FUR-FU-10002157,Artistic Insta-Plaque,Furniture,Furnishings,52.26666667,2,Global Supply Co
OFF-ST-10000777,"Companion Letter/Legal File, Black",Office Supplies,Storage,122.3424,5,Global Supply Co
OFF-EN-10002500,Globe Weis Peel & Seel First Class Envelopes,Office Supplies,Envelopes,53.676,2,NorthStar
TEC-PH-10003875,KLD Oscar II Style Snap-on Ultra Thin Side Flip Synthetic Leather Cover Case for HTC One HTC M7,Technology,Phones,42.12,5,Prime Goods
FUR-CH-10004063,Global Deluxe High-Back Manager's Chair,Furniture,Chairs,1083.14925,5,Prime Goods
FUR-TA-10004534,Bevis 44 x 96 Conference Tables,Furniture,Tables,650.644,4,Global Supply Co
OFF-BI-10003274,"Avery Durable Slant Ring Binders, No Labels",Office Supplies,Binders,9.95,1,Prime Goods
OFF-ST-10002974,"Trav-L-File Heavy-Duty Shuttle II, Black",Office Supplies,Storage,170.5454286,5,NorthStar
FUR-CH-10001146,"Global Task Chair, Black",Furniture,Chairs,162.8016,2,Global Supply Co
FUR-FU-10003773,Eldon Cleatmat Plus Chair Mats for High Pile Carpets,Furniture,Furnishings,260.8256,3,Global Supply Co
TEC-PH-10002293,Anker 36W 4-Port USB Wall Charger Travel Power Adapter for iPhone 5s 5c 5,Technology,Phones,56.63833333,3,Global Supply Co
OFF-PA-10002377,Xerox 1916,Office Supplies,Paper,71.76085714,1,NorthStar
OFF-FA-10002780,Staples,Office Supplies,Fasteners,18.5952,4,Prime Goods
OFF-PA-10001804,Xerox 195,Office Supplies,Paper,20.541,1,Prime Goods
OFF-PA-10001736,Xerox 1880,Office Supplies,Paper,124.7488,5,Prime Goods
OFF-AR-10001149,"Sanford Colorific Colored Pencils, 12/Box",Office Supplies,Art,11.56457143,2,Prime Goods
OFF-FA-10002988,Ideal Clamps,Office Supplies,Fasteners,7.3365,2,Global Supply Co
OFF-BI-10004781,GBC Wire Binding Strips,Office Supplies,Binders,42.5316,3,Prime Goods
OFF-SU-10001218,Fiskars Softgrip Scissors,Office Supplies,Supplies,43.92,3,Prime Goods
OFF-AR-10000940,Newell 343,Office Supplies,Art,9.324,3,NorthStar
OFF-EN-10004030,Convenience Packs of Business Envelopes,Office Supplies,Envelopes,9.774,1,Prime Goods
OFF-PA-10004327,Xerox 1911,Office Supplies,Paper,120.708,3,Prime Goods
OFF-AP-10001058,Sanyo 2.5 Cubic Foot Mid-Size Office Refrigerators,Office Supplies,Appliances,1119.24,2,Global Supply Co
FUR-FU-10000521,"Seth Thomas 14"" Putty-Colored Wall Clock",Furniture,Furnishings,89.487,3,NorthStar
TEC-PH-10000215,Plantronics Cordless Phone Headset with In-line Volume - M214C,Technology,Phones,151.45,5,NorthStar
TEC-PH-10001448,Anker Astro 15000mAh USB Portable Charger,Technology,Phones,119.976,4,Global Supply Co
OFF-BI-10002735,GBC Prestige Therm-A-Bind Covers,Office Supplies,Binders,107.3903,1,NorthStar
OFF-AP-10000326,Belkin 7 Outlet SurgeMaster Surge Protector with Phone Protection,Office Supplies,Appliances,157.92,2,NorthStar
TEC-PH-10001254,Jabra BIZ 2300 Duo QD Duo Corded Headset,Technology,Phones,431.766,4,Prime Goods
OFF-PA-10001950,Southworth 25% Cotton Antique Laid Paper & Envelopes,Office Supplies,Paper,40.032,3,NorthStar
OFF-PA-10002254,Xerox 1883,Office Supplies,Paper,125.8702857,5,Prime Goods
OFF-ST-10001590,"Tenex Personal Project File with Scoop Front Design, Black",Office Supplies,Storage,51.7632,3,Prime Goods
OFF-AR-10001547,Newell 311,Office Supplies,Art,7.67975,2,NorthStar
OFF-LA-10002475,Avery 519,Office Supplies,Labels,20.22433333,5,NorthStar
TEC-PH-10004536,Avaya 5420 Digital phone,Technology,Phones,512.962,2,NorthStar
OFF-PA-10002751,Xerox 1920,Office Supplies,Paper,22.425,5,Prime Goods
TEC-AC-10003657,Lenovo 17-Key USB Numeric Keypad,Technology,Accessories,73.4184,3,NorthStar
OFF-EN-10001990,Staples,Office Supplies,Envelopes,21.77333333,3,NorthStar
OFF-BI-10004002,Wilson Jones International Size A4 Ring Binders,Office Supplies,Binders,24.96142857,5,Global Supply Co
OFF-AR-10004441,BIC Brite Liner Highlighters,Office Supplies,Art,12.30171429,4,NorthStar
TEC-MA-10000822,Lexmark MX611dhe Monochrome Laser Printer,Technology,Machines,4207.47525,5,Prime Goods
OFF-ST-10000991,Space Solutions HD Industrial Steel Shelving.,Office Supplies,Storage,379.401,3,Prime Goods
FUR-CH-10004287,SAFCO Arco Folding Chair,Furniture,Chairs,890.2138462,5,NorthStar
OFF-AR-10002656,Sanford Liquid Accent Highlighters,Office Supplies,Art,29.9264,1,NorthStar
OFF-AP-10002518,Kensington 7 Outlet MasterPiece Power Center,Office Supplies,Appliances,576.6552,3,NorthStar
TEC-PH-10003931,JBL Micro Wireless Portable Bluetooth Speaker,Technology,Phones,129.9783333,5,NorthStar
OFF-PA-10000659,"Adams Phone Message Book, Professional, 400 Message Capacity, 5 3/6” x 11”",Office Supplies,Paper,71.62742857,4,NorthStar
OFF-PA-10001144,Xerox 1913,Office Supplies,Paper,173.0976,1,NorthStar
FUR-CH-10003817,"Global Value Steno Chair, Gray",Furniture,Chairs,220.4862,1,Prime Goods
OFF-AP-10000891,Kensington 7 Outlet MasterPiece HOMEOFFICE Power Control Center,Office Supplies,Appliances,498.256,3,Prime Goods
OFF-LA-10003148,Avery 51,Office Supplies,Labels,19.152,5,Global Supply Co
OFF-AP-10002684,"Acco 7-Outlet Masterpiece Power Center, Wihtout Fax/Phone Line Protection",Office Supplies,Appliances,434.2142857,4,Global Supply Co
FUR-CH-10004698,"Padded Folding Chairs, Black, 4/Carton",Furniture,Chairs,228.7685,2,Prime Goods
OFF-SU-10002189,Acme Rosewood Handle Letter Opener,Office Supplies,Supplies,14.55666667,1,Global Supply Co
OFF-AR-10001940,"Sanford Colorific Eraseable Coloring Pencils, 12 Count",Office Supplies,Art,11.48,3,Prime Goods
OFF-ST-10003455,"Tenex File Box, Personal Filing Tote with Lid, Black",Office Supplies,Storage,48.30257143,4,NorthStar
TEC-AC-10004659,Imation Secure+ Hardware Encrypted USB 2.0 Flash Drive; 16GB,Technology,Accessories,321.156,4,Global Supply Co
TEC-PH-10003273,AT&T TR1909W,Technology,Phones,434.6655,4,Global Supply Co
TEC-PH-10004896,Nokia Lumia 521 (T-Mobile),Technology,Phones,103.1656,3,Prime Goods
TEC-AC-10002345,HP Standard 104 key PS/2 Keyboard,Technology,Accessories,45.91666667,1,Prime Goods
OFF-BI-10001890,Avery Poly Binder Pockets,Office Supplies,Binders,9.7555,4,Prime Goods
TEC-AC-10002323,SanDisk Ultra 32 GB MicroSDHC Class 10 Memory Card,Technology,Accessories,80.36363636,5,Prime Goods
OFF-ST-10001328,"Personal Filing Tote with Lid, Black/Gray",Office Supplies,Storage,57.387,4,Prime Goods
FUR-BO-10002613,"Atlantic Metals Mobile 4-Shelf Bookcases, Custom Colors",Furniture,Bookcases,864.0135,2,NorthStar
TEC-PH-10001552,I Need's 3d Hello Kitty Hybrid Silicone Case Cover for HTC One X 4g with 3d Hello Kitty Stylus Pen Green/pink,Technology,Phones,54.2984,5,Global Supply Co
OFF-PA-10000061,Xerox 205,Office Supplies,Paper,37.584,5,Global Supply Co
OFF-AR-10003514,4009 Highlighters by Sanford,Office Supplies,Art,21.3925,2,Global Supply Co
OFF-AR-10004685,"Binney & Smith Crayola Metallic Colored Pencils, 8-Color Set",Office Supplies,Art,12.69942857,1,Prime Goods
OFF-AR-10004027,"Binney & Smith inkTank Erasable Desk Highlighter, Chisel Tip, Yellow, 12/Box",Office Supplies,Art,5.88,2,Prime Goods
OFF-ST-10001414,Decoflex Hanging Personal Folder File,Office Supplies,Storage,46.26,5,NorthStar
OFF-BI-10000343,"Pressboard Covers with Storage Hooks, 9 1/2"" x 11"", Light Blue",Office Supplies,Binders,8.551583333,2,Prime Goods
OFF-PA-10002749,"Wirebound Message Books, 5-1/2 x 4 Forms, 2 or 4 Forms per Page",Office Supplies,Paper,24.084,2,Prime Goods
OFF-PA-10002666,Southworth 25% Cotton Linen-Finish Paper & Envelopes,Office Supplies,Paper,41.676,2,Prime Goods
FUR-TA-10004289,BoxOffice By Design Rectangular and Half-Moon Meeting Room Tables,Furniture,Tables,568.75,3,NorthStar
OFF-AP-10003622,"Bravo II Megaboss 12-Amp Hard Body Upright, Replacement Belts, 2 Belts per Pack",Office Supplies,Appliances,17.55,2,NorthStar
OFF-AP-10003217,Eureka Sanitaire  Commercial Upright,Office Supplies,Appliances,508.1773333,4,Prime Goods
FUR-FU-10002960,"Eldon 200 Class Desk Accessories, Burgundy",Furniture,Furnishings,27.1296,4,NorthStar
TEC-PH-10001918,Nortel Business Series Terminal T7208 Digital phone,Technology,Phones,333.576,4,NorthStar
OFF-ST-10000642,"Tennsco Lockers, Gray",Office Supplies,Storage,67.136,1,Prime Goods
TEC-PH-10001700,Panasonic KX-TG6844B Expandable Digital Cordless Telephone,Technology,Phones,162.1468571,5,Prime Goods
OFF-FA-10000134,"Advantus Push Pins, Aluminum Head",Office Supplies,Fasteners,27.888,4,NorthStar
OFF-ST-10001522,"Gould Plastics 18-Pocket Panel Bin, 34w x 5-1/4d x 20-1/2h",Office Supplies,Storage,229.975,5,NorthStar
TEC-AC-10001266,Memorex Micro Travel Drive 8 GB,Technology,Accessories,37.375,5,NorthStar
OFF-LA-10004544,Avery 505,Office Supplies,Labels,53.28,1,Prime Goods
FUR-BO-10004695,O'Sullivan 2-Door Barrister Bookcase in Odessa Pine,Furniture,Bookcases,698.0657143,2,Prime Goods
TEC-MA-10000864,Cisco 9971 IP Video Phone Charcoal,Technology,Machines,2134,4,Global Supply Co
TEC-AC-10000109,Sony Micro Vault Click 16 GB USB 2.0 Flash Drive,Technology,Accessories,165.4815556,3,Global Supply Co
TEC-PH-10002563,Adtran 1202752G1,Technology,Phones,398.1284,3,Prime Goods
OFF-FA-10000585,OIC Bulk Pack Metal Binder Clips,Office Supplies,Fasteners,11.517,3,Prime Goods
OFF-PA-10004000,"While You Were Out Pads, 50 per Pad, 4 x 5 1/4, Green Cycle",Office Supplies,Paper,12.5345,3,Global Supply Co
FUR-FU-10000087,"Executive Impressions 14"" Two-Color Numerals Wall Clock",Furniture,Furnishings,51.49866667,2,NorthStar
TEC-MA-10001148,Swingline SM12-08 MicroCut Jam Free Shredder,Technology,Machines,1040.8482,2,NorthStar
OFF-AR-10001958,Stanley Bostitch Contemporary Electric Pencil Sharpeners,Office Supplies,Art,39.29657143,2,Global Supply Co
OFF-AR-10001026,"Sanford Uni-Blazer View Highlighters, Chisel Tip, Yellow",Office Supplies,Art,10.26666667,2,Prime Goods
FUR-TA-10003748,Bevis 36 x 72 Conference Tables,Furniture,Tables,541.5315,4,Global Supply Co
OFF-ST-10002485,Rogers Deluxe File Chest,Office Supplies,Storage,55.4995,1,Global Supply Co
FUR-CH-10004860,Global Low Back Tilter Chair,Furniture,Chairs,218.36925,4,Prime Goods
FUR-CH-10004477,"Global Push Button Manager's Chair, Indigo",Furniture,Chairs,242.8834444,4,NorthStar
OFF-BI-10001679,GBC Instant Index System for Binding Systems,Office Supplies,Binders,14.3856,3,Global Supply Co
FUR-TA-10001705,Bush Advantage Collection Round Conference Table,Furniture,Tables,850.4,5,Prime Goods
FUR-TA-10003473,Bretford Rectangular Conference Table Tops,Furniture,Tables,1082.940958,1,Prime Goods
FUR-FU-10004017,"Tenex Contemporary Contur Chairmats for Low and Medium Pile Carpet, Computer, 39"" x 49""",Furniture,Furnishings,180.6545714,2,Prime Goods
TEC-AC-10003832,Logitech P710e Mobile Speakerphone,Technology,Accessories,622.4308889,1,NorthStar
OFF-PA-10002479,Xerox 4200 Series MultiUse Premium Copy Paper (20Lb. and 84 Bright),Office Supplies,Paper,17.424,4,Global Supply Co
OFF-PA-10003349,Xerox 1957,Office Supplies,Paper,15.984,3,Prime Goods
FUR-FU-10000576,Luxo Professional Fluorescent Magnifier Lamp with Clamp-Mount Base,Furniture,Furnishings,772.2112,5,Global Supply Co
FUR-FU-10004351,Staples,Furniture,Furnishings,33.76533333,2,NorthStar
TEC-PH-10000011,PureGear Roll-On Screen Protector,Technology,Phones,114.3428,1,Global Supply Co
FUR-TA-10002607,KI Conference Tables,Furniture,Tables,267.60975,3,NorthStar
FUR-FU-10002505,Eldon 100 Class Desk Accessories,Furniture,Furnishings,9.099,2,Prime Goods
OFF-ST-10002276,Safco Steel Mobile File Cart,Office Supplies,Storage,136.7104,5,NorthStar
OFF-PA-10004082,"Adams Telephone Message Book w/Frequently-Called Numbers Space, 400 Messages per Book",Office Supplies,Paper,31.92,2,NorthStar
OFF-AP-10002945,Honeywell Enviracaire Portable HEPA Air Cleaner for 17' x 22' Room,Office Supplies,Appliances,1413.055,4,Global Supply Co
FUR-CH-10002965,"Global Leather Highback Executive Chair with Pneumatic Height Adjustment, Black",Furniture,Chairs,544.4730909,1,Global Supply Co
OFF-PA-10004569,"Wirebound Message Books, Two 4 1/4"" x 5"" Forms per Page",Office Supplies,Paper,18.264,1,NorthStar
OFF-ST-10001228,"Fellowes Personal Hanging Folder Files, Navy",Office Supplies,Storage,51.36977778,4,Prime Goods
OFF-EN-10003296,Tyvek Side-Opening Peel & Seel Expanding Envelopes,Office Supplies,Envelopes,253.344,4,Global Supply Co
OFF-ST-10004804,"Belkin 19"" Vented Equipment Shelf, Black",Office Supplies,Storage,140.0256,5,Prime Goods
TEC-PH-10001580,Logitech Mobile Speakerphone P710e - speaker phone,Technology,Phones,383.3432,2,Global Supply Co
TEC-AC-10000290,Sabrent 4-Port USB 2.0 Hub,Technology,Accessories,24.1045,2,Prime Goods
OFF-ST-10002790,Safco Industrial Shelving,Office Supplies,Storage,165.424,2,Prime Goods
OFF-BI-10003460,Acco 3-Hole Punch,Office Supplies,Binders,15.28133333,2,NorthStar
OFF-AP-10002203,Eureka Disposable Bags for Sanitaire Vibra Groomer I Upright Vac,Office Supplies,Appliances,1.624,2,Prime Goods
TEC-MA-10003353,Xerox WorkCentre 6505DN Laser Multifunction Printer,Technology,Machines,2519.958,1,Prime Goods
TEC-PH-10001433,Cisco Small Business SPA 502G VoIP phone,Technology,Phones,220.5255,3,Prime Goods
TEC-AC-10004469,Microsoft Sculpt Comfort Mouse,Technology,Accessories,157.403,3,Prime Goods
OFF-AR-10003602,"Quartet Omega Colored Chalk, 12/Pack",Office Supplies,Art,11.51314286,2,NorthStar
OFF-FA-10003472,Bagged Rubber Bands,Office Supplies,Fasteners,5.1408,1,NorthStar
OFF-ST-10004180,Safco Commercial Shelving,Office Supplies,Storage,96.7408,4,Prime Goods
OFF-EN-10004386,"Recycled Interoffice Envelopes with String and Button Closure, 10 x 13",Office Supplies,Envelopes,51.8184,4,NorthStar
OFF-ST-10003208,Adjustable Depth Letter/Legal Cart,Office Supplies,Storage,644.183,4,Global Supply Co
TEC-AC-10003628,Logitech 910-002974 M325 Wireless Mouse for Web Scrolling,Technology,Accessories,93.96866667,2,NorthStar
FUR-FU-10003274,Regeneration Desk Collection,Furniture,Furnishings,7.1808,2,Global Supply Co
OFF-BI-10002557,Presstex Flexible Ring Binders,Office Supplies,Binders,11.6025,1,Prime Goods
OFF-PA-10002615,"Ampad Gold Fibre Wirebound Steno Books, 6"" x 9"", Gregg Ruled",Office Supplies,Paper,13.34025,5,Prime Goods
OFF-AR-10001427,Newell 330,Office Supplies,Art,14.95,4,NorthStar
OFF-PA-10000673,"Post-it “Important Message” Note Pad, Neon Colors, 50 Sheets/Pad",Office Supplies,Paper,31.304,3,NorthStar
OFF-PA-10004470,"Adams Write n' Stick Phone Message Book, 11"" X 5 1/4"", 200 Messages",Office Supplies,Paper,13.632,2,Global Supply Co
OFF-ST-10000876,Eldon Simplefile Box Office,Office Supplies,Storage,43.229,2,NorthStar
OFF-LA-10002043,Avery 489,Office Supplies,Labels,31.878,4,Prime Goods
OFF-BI-10004967,Round Ring Binders,Office Supplies,Binders,4.992,1,NorthStar
TEC-PH-10001760,Bose SoundLink Bluetooth Speaker,Technology,Phones,573.12,5,Global Supply Co
FUR-TA-10002903,"Bevis Round Bullnose 29"" High Table Top",Furniture,Tables,908.985,1,Prime Goods
OFF-PA-10000474,Staples,Office Supplies,Paper,92.144,2,Global Supply Co
TEC-AC-10001956,Microsoft Arc Touch Mouse,Technology,Accessories,179.85,3,Prime Goods
OFF-PA-10004100,Xerox 216,Office Supplies,Paper,29.808,5,Prime Goods
OFF-BI-10000778,GBC VeloBinder Electric Binding Machine,Office Supplies,Binders,124.0045,4,Global Supply Co
OFF-SU-10000646,Premier Automatic Letter Opener,Office Supplies,Supplies,567.2732,3,NorthStar
OFF-FA-10002983,Advantus SlideClip Paper Clips,Office Supplies,Fasteners,15.45866667,2,Prime Goods
OFF-LA-10004689,Avery 512,Office Supplies,Labels,16.8776,3,Prime Goods
TEC-AC-10002001,Logitech Wireless Gaming Headset G930,Technology,Accessories,479.97,4,NorthStar
FUR-BO-10004709,"Bush Westfield Collection Bookcases, Medium Cherry Finish",Furniture,Bookcases,158.5430889,2,Global Supply Co
FUR-FU-10004091,"Howard Miller 13"" Diameter Goldtone Round Wall Clock",Furniture,Furnishings,139.6785,4,Global Supply Co
FUR-CH-10001891,Global Deluxe Office Fabric Chairs,Furniture,Chairs,236.7506667,4,Global Supply Co
FUR-FU-10002918,Eldon ClusterMat Chair Mat with Cordless Antistatic Protection,Furniture,Furnishings,240.1872,2,Prime Goods
OFF-BI-10004593,Ibico Laser Imprintable Binding System Covers,Office Supplies,Binders,137.55,1,NorthStar
OFF-FA-10004854,"Vinyl Coated Wire Paper Clips in Organizer Box, 800/Box",Office Supplies,Fasteners,37.023,5,Global Supply Co
OFF-PA-10002105,Xerox 223,Office Supplies,Paper,19.44,1,Prime Goods
OFF-ST-10002756,"Tennsco Stur-D-Stor Boltless Shelving, 5 Shelves, 24"" Deep, Sand",Office Supplies,Storage,626.292,1,Prime Goods
OFF-PA-10004243,Xerox 1939,Office Supplies,Paper,83.468,2,Prime Goods
FUR-FU-10001861,"Floodlight Indoor Halogen Bulbs, 1 Bulb per Pack, 60 Watts",Furniture,Furnishings,72.42666667,2,Prime Goods
OFF-BI-10002706,Avery Premier Heavy-Duty Binder with Round Locking Rings,Office Supplies,Binders,27.336,3,NorthStar
FUR-TA-10002533,BPI Conference Tables,Furniture,Tables,448.3735,4,NorthStar
FUR-FU-10002671,Electrix 20W Halogen Replacement Bulb for Zoom-In Desk Lamp,Furniture,Furnishings,33.768,4,NorthStar
OFF-AR-10003651,Newell 350,Office Supplies,Art,10.38666667,3,Prime Goods
OFF-BI-10001072,"GBC Clear Cover, 8-1/2 x 11, unpunched, 25 covers per pack",Office Supplies,Binders,34.11,5,Global Supply Co
OFF-AR-10002135,Boston Heavy-Duty Trimline Electric Pencil Sharpeners,Office Supplies,Art,233.288,1,Global Supply Co
OFF-AR-10002804,Faber Castell Col-Erase Pencils,Office Supplies,Art,7.4328,3,Prime Goods
FUR-FU-10001918,C-Line Cubicle Keepers Polyproplyene Holder With Velcro Backings,Furniture,Furnishings,17.14625,2,Prime Goods
FUR-CH-10004086,Hon 4070 Series Pagoda Armless Upholstered Stacking Chairs,Furniture,Chairs,1053.874625,5,NorthStar
FUR-FU-10001756,"Eldon Expressions Desk Accessory, Wood Photo Frame, Mahogany",Furniture,Furnishings,43.792,3,Prime Goods
OFF-LA-10000634,Avery 509,Office Supplies,Labels,8.091,3,NorthStar
FUR-FU-10001588,"Deflect-o SuperTray Unbreakable Stackable Tray, Letter, Black",Furniture,Furnishings,109.425,2,Global Supply Co
TEC-PH-10002398,AT&T 1070 Corded Phone,Technology,Phones,356.768,3,Prime Goods
OFF-PA-10001937,Xerox 21,Office Supplies,Paper,17.77371429,4,Global Supply Co
OFF-AR-10003373,"Boston School Pro Electric Pencil Sharpener, 1670",Office Supplies,Art,124.8051429,3,Prime Goods
FUR-CH-10002602,DMI Arturo Collection Mission-style Design Wood Chair,Furniture,Chairs,419.9989091,3,Prime Goods
TEC-MA-10002927,Canon imageCLASS MF7460 Monochrome Digital Laser Multifunction Copier,Technology,Machines,3991.98,1,Prime Goods
TEC-AC-10000892,NETGEAR N750 Dual Band Wi-Fi Gigabit Router,Technology,Accessories,270,1,NorthStar
OFF-FA-10000624,OIC Binder Clips,Office Supplies,Fasteners,18.30914286,3,Global Supply Co
TEC-AC-10001908,Logitech Wireless Headset h800,Technology,Accessories,466.62,5,Prime Goods
FUR-FU-10001967,Telescoping Adjustable Floor Lamp,Furniture,Furnishings,23.988,5,Prime Goods
TEC-PH-10003645,Aastra 57i VoIP phone,Technology,Phones,526.3868571,3,Prime Goods
OFF-ST-10000675,"File Shuttle II and Handi-File, Black",Office Supplies,Storage,160.7354286,3,NorthStar
FUR-CH-10003312,Hon 2090 “Pillow Soft” Series Mid Back Swivel/Tilt Chairs,Furniture,Chairs,880.404,2,Global Supply Co
OFF-LA-10001074,Round Specialty Laser Printer Labels,Office Supplies,Labels,70.168,1,Prime Goods
OFF-BI-10001524,GBC Premium Transparent Covers with Diagonal Lined Pattern,Office Supplies,Binders,55.74685714,3,Prime Goods
TEC-PH-10004614,AT&T 841000 Phone,Technology,Phones,230.6571429,3,NorthStar
OFF-BI-10001153,Ibico Recycled Grain-Textured Covers,Office Supplies,Binders,35.4035,2,NorthStar
OFF-BI-10001982,Wilson Jones Custom Binder Spines & Labels,Office Supplies,Binders,5.906285714,5,Prime Goods
OFF-BI-10001922,Storex Dura Pro Binders,Office Supplies,Binders,30.6504,5,Global Supply Co
TEC-CO-10001449,Hewlett Packard LaserJet 3310 Copier,Technology,Copiers,2354.96075,2,Global Supply Co
OFF-BI-10004140,Avery Non-Stick Binders,Office Supplies,Binders,5.802461538,3,Global Supply Co
OFF-BI-10003314,Tuff Stuff Recycled Round Ring Binders,Office Supplies,Binders,8.943777778,1,Prime Goods
FUR-TA-10004575,Hon 5100 Series Wood Tables,Furniture,Tables,852.1557143,1,Prime Goods
OFF-FA-10000490,"OIC Binder Clips, Mini, 1/4"" Capacity, Black",Office Supplies,Fasteners,3.1248,5,Prime Goods
OFF-AR-10000122,Newell 314,Office Supplies,Art,16.89942857,2,Prime Goods
TEC-PH-10000702,"Square Credit Card Reader, 4 1/2"" x 4 1/2"" x 1"", White",Technology,Phones,39.5604,3,Global Supply Co
OFF-AR-10001374,"BIC Brite Liner Highlighters, Chisel Tip",Office Supplies,Art,20.52,4,Global Supply Co
OFF-PA-10001970,Xerox 1881,Office Supplies,Paper,114.0709474,1,Prime Goods
OFF-BI-10002160,Acco Hanging Data Binders,Office Supplies,Binders,5.987142857,3,Prime Goods
OFF-BI-10004995,GBC DocuBind P400 Electric Binding System,Office Supplies,Binders,2994.178,4,Prime Goods
FUR-BO-10002268,Sauder Barrister Bookcases,Furniture,Bookcases,251.5778667,1,Prime Goods
OFF-EN-10001137,"#10 Gummed Flap White Envelopes, 100/Box",Office Supplies,Envelopes,10.325,2,NorthStar
OFF-AR-10002399,"Dixon Prang Watercolor Pencils, 10-Color Set with Brush",Office Supplies,Art,15.82285714,4,Prime Goods
OFF-PA-10002713,"Adams Phone Message Book, 200 Message Capacity, 8 1/16” x 11”",Office Supplies,Paper,28.38,3,Prime Goods
OFF-AP-10001124,Belkin 8 Outlet SurgeMaster II Gold Surge Protector with Phone Protection,Office Supplies,Appliances,647.84,3,Prime Goods
OFF-LA-10001158,"Avery Address/Shipping Labels for Typewriters, 4"" x 2""",Office Supplies,Labels,39.62571429,2,Prime Goods
FUR-CH-10000785,Global Ergonomic Managers Chair,Furniture,Chairs,546.2305455,5,Prime Goods
OFF-AR-10003732,Newell 333,Office Supplies,Art,7.885090909,2,Global Supply Co
FUR-FU-10000023,Eldon Wave Desk Accessories,Furniture,Furnishings,26.30866667,4,Global Supply Co
OFF-BI-10002412,Wilson Jones “Snap” Scratch Pad Binder Tool for Ring Binders,Office Supplies,Binders,20.184,1,NorthStar
OFF-SU-10001225,Staples,Office Supplies,Supplies,10.028,2,Global Supply Co
OFF-ST-10002406,Pizazz Global Quick File,Office Supplies,Storage,58.882,2,Global Supply Co
OFF-PA-10002036,Xerox 1930,Office Supplies,Paper,27.7344,5,NorthStar
OFF-ST-10002205,File Shuttle I and Handi-File,Office Supplies,Storage,87.556,3,Global Supply Co
TEC-AC-10003911,NETGEAR AC1750 Dual Band Gigabit Smart WiFi Router,Technology,Accessories,524.7672,5,Prime Goods
OFF-AR-10000658,Newell 324,Office Supplies,Art,37.62,3,Global Supply Co
TEC-AC-10002076,Microsoft Natural Keyboard Elite,Technology,Accessories,374.25,5,NorthStar
OFF-PA-10003039,Xerox 1960,Office Supplies,Paper,146.6386667,5,Global Supply Co
FUR-TA-10004915,"Office Impressions End Table, 20-1/2""H x 24""W x 20""D",Furniture,Tables,1160.3632,4,NorthStar
OFF-AP-10000696,Holmes Odor Grabber,Office Supplies,Appliances,44.702,5,NorthStar
OFF-ST-10003327,Akro-Mils 12-Gallon Tote,Office Supplies,Storage,28.3005,4,NorthStar
OFF-BI-10000309,"GBC Twin Loop Wire Binding Elements, 9/16"" Spine, Black",Office Supplies,Binders,29.93266667,4,NorthStar
OFF-PA-10004734,Southworth Structures Collection,Office Supplies,Paper,36.4,4,Global Supply Co
OFF-BI-10002225,"Square Ring Data Binders, Rigid 75 Pt. Covers, 11"" x 14-7/8""",Office Supplies,Binders,47.76685714,2,Prime Goods
TEC-AC-10004708,Sony 32GB Class 10 Micro SDHC R40 Memory Card,Technology,Accessories,62.85,1,Global Supply Co
FUR-TA-10000617,"Hon Practical Foundations 30 x 60 Training Table, Light Gray/Charcoal",Furniture,Tables,722.47125,1,NorthStar
TEC-AC-10002335,Logitech Media Keyboard K200,Technology,Accessories,125.964,2,Prime Goods
TEC-MA-10001681,Lexmark MarkNet N8150 Wireless Print Server,Technology,Machines,361.755,1,NorthStar
FUR-FU-10001935,3M Hangers With Command Adhesive,Furniture,Furnishings,13.505,3,Prime Goods
OFF-AR-10004757,Crayola Colored Pencils,Office Supplies,Art,10.97309091,2,NorthStar
OFF-BI-10000050,"Angle-D Binders with Locking Rings, Label Holders",Office Supplies,Binders,19.783,1,Global Supply Co
TEC-PH-10003012,Nortel Meridian M3904 Professional Digital phone,Technology,Phones,443.4912,3,Global Supply Co
TEC-CO-10002313,Canon PC1080F Personal Copier,Technology,Copiers,1499.975,1,NorthStar
OFF-BI-10003982,Wilson Jones Century Plastic Molded Ring Binders,Office Supplies,Binders,58.3637,3,Global Supply Co
OFF-BI-10004492,Tuf-Vin Binders,Office Supplies,Binders,95.64228571,1,Prime Goods
OFF-ST-10000798,2300 Heavy-Duty Transfer File Systems by Perma,Office Supplies,Storage,86.181,5,NorthStar
OFF-PA-10002552,Xerox 1958,Office Supplies,Paper,16.2,4,Prime Goods
OFF-SU-10002573,"Acme 10"" Easy Grip Assistive Scissors",Office Supplies,Supplies,56.096,1,Prime Goods
OFF-ST-10001580,Super Decoflex Portable Personal File,Office Supplies,Storage,35.952,4,NorthStar
OFF-ST-10000934,"Contico 72""H Heavy-Duty Storage System",Office Supplies,Storage,119.6616,4,NorthStar
TEC-AC-10000158,Sony 64GB Class 10 Micro SDHC R40 Memory Card,Technology,Accessories,99.97222222,1,Prime Goods
OFF-PA-10001947,Xerox 1974,Office Supplies,Paper,14.352,2,Global Supply Co
OFF-AR-10003478,"Avery Hi-Liter EverBold Pen Style Fluorescent Highlighters, 4/Pack",Office Supplies,Art,36.63,5,NorthStar
OFF-AP-10004249,Staples,Office Supplies,Appliances,46.9224,5,Prime Goods
TEC-CO-10004115,Sharp AL-1530CS Digital Copier,Technology,Copiers,1599.968,2,NorthStar
OFF-PA-10003724,"Wirebound Message Book, 4 per Page",Office Supplies,Paper,26.37428571,2,Global Supply Co
FUR-TA-10002041,"Bevis Round Conference Table Top, X-Base",Furniture,Tables,445.2368333,5,Global Supply Co
OFF-PA-10002893,"Wirebound Service Call Books, 5 1/2"" x 4""",Office Supplies,Paper,25.168,1,Global Supply Co
OFF-LA-10003766,Self-Adhesive Removable Labels,Office Supplies,Labels,15.75,1,Global Supply Co
OFF-PA-10001970,Xerox 1908,Office Supplies,Paper,114.0709474,3,Prime Goods
FUR-BO-10001972,O'Sullivan 4-Shelf Bookcase in Odessa Pine,Furniture,Bookcases,391.4567143,1,Global Supply Co
FUR-CH-10003956,Novimex High-Tech Fabric Mesh Task Chair,Furniture,Chairs,230.685,4,NorthStar
OFF-PA-10000157,Xerox 191,Office Supplies,Paper,76.7232,5,Prime Goods
OFF-AR-10004344,Bulldog Vacuum Base Pencil Sharpener,Office Supplies,Art,55.154,5,Global Supply Co
FUR-CH-10004886,Bevis Steel Folding Chairs,Furniture,Chairs,295.8458333,4,Global Supply Co
OFF-PA-10003845,Xerox 1987,Office Supplies,Paper,23.12,4,NorthStar
OFF-AR-10001573,American Pencil,Office Supplies,Art,8.155,3,NorthStar
OFF-EN-10000483,"White Envelopes, White Envelopes with Clear Poly Window",Office Supplies,Envelopes,64.05,5,Global Supply Co
TEC-AC-10004114,KeyTronic 6101 Series - Keyboard - Black,Technology,Accessories,180.356,4,Global Supply Co
FUR-FU-10004712,"Westinghouse Mesh Shade Clip-On Gooseneck Lamp, Black",Furniture,Furnishings,42.42,3,Global Supply Co
OFF-ST-10000918,Crate-A-Files,Office Supplies,Storage,25.22571429,2,Global Supply Co
FUR-CH-10000015,Hon Multipurpose Stacking Arm Chairs,Furniture,Chairs,1097.44,4,Global Supply Co
FUR-FU-10003347,Coloredge Poster Frame,Furniture,Furnishings,49.7,4,Prime Goods
OFF-BI-10001543,GBC VeloBinder Manual Binding System,Office Supplies,Binders,105.27075,5,Global Supply Co
TEC-MA-10000029,"Epson WorkForce WF-2530 All-in-One Printer, Copier Scanner",Technology,Machines,139.98,2,Prime Goods
OFF-AR-10000369,Design Ebony Sketching Pencil,Office Supplies,Art,4.540666667,4,NorthStar
OFF-BI-10004584,GBC ProClick 150 Presentation Binding System,Office Supplies,Binders,644.5992,1,NorthStar
OFF-ST-10000617,Woodgrain Magazine Files by Perma,Office Supplies,Storage,11.52266667,3,Prime Goods
OFF-ST-10003306,Letter Size Cart,Office Supplies,Storage,575.0115,1,NorthStar
OFF-BI-10000773,Insertable Tab Post Binder Dividers,Office Supplies,Binders,8.32075,2,Prime Goods
TEC-AC-10002600,Belkin QODE FastFit Bluetooth Keyboard,Technology,Accessories,247.8,1,Global Supply Co
TEC-MA-10002937,"Canon Color ImageCLASS MF8580Cdw Wireless Laser All-In-One Printer, Copier, Scanner",Technology,Machines,1007.979,5,NorthStar
OFF-PA-10002230,Xerox 1897,Office Supplies,Paper,16.932,1,Prime Goods
FUR-CH-10003396,Global Deluxe Steno Chair,Furniture,Chairs,177.054,1,NorthStar
FUR-FU-10000246,Aluminum Document Frame,Furniture,Furnishings,48.88,2,Global Supply Co
OFF-ST-10000060,Fellowes Bankers Box Staxonsteel Drawer File/Stacking System,Office Supplies,Storage,326.5245,5,NorthStar
OFF-ST-10003058,Eldon Mobile Mega Data Cart  Mega Stackable  Add-On Trays,Office Supplies,Storage,118.25,4,Prime Goods
OFF-PA-10002222,"Xerox Color Copier Paper, 11"" x 17"", Ream",Office Supplies,Paper,98.97333333,3,Prime Goods
FUR-CH-10002372,Office Star - Ergonomically Designed Knee Chair,Furniture,Chairs,187.4108571,4,Global Supply Co
OFF-LA-10001317,Avery 520,Office Supplies,Labels,9.324,1,Global Supply Co
FUR-FU-10000206,"GE General Purpose, Extra Long Life, Showcase & Floodlight Incandescent Bulbs",Furniture,Furnishings,6.485142857,1,Global Supply Co
OFF-AR-10000588,Newell 345,Office Supplies,Art,52.90666667,3,NorthStar
OFF-ST-10001469,Fellowes Bankers Box Recycled Super Stor/Drawer,Office Supplies,Storage,169.6514286,2,Global Supply Co
OFF-AR-10001953,Boston 1645 Deluxe Heavier-Duty Electric Pencil Sharpener,Office Supplies,Art,153.3017143,1,Prime Goods
OFF-AR-10003156,50 Colored Long Pencils,Office Supplies,Art,27.6352,3,NorthStar
OFF-AR-10004974,Newell 342,Office Supplies,Art,9.84,5,Global Supply Co
TEC-PH-10002365,Belkin Grip Candy Sheer Case / Cover for iPhone 5 and 5S,Technology,Phones,21.65733333,5,Global Supply Co
OFF-ST-10000142,Deluxe Rollaway Locking File with Drawer,Office Supplies,Storage,1114.5584,4,NorthStar
TEC-AC-10001772,Memorex Mini Travel Drive 16 GB USB 2.0 Flash Drive,Technology,Accessories,119.775,2,Global Supply Co
FUR-CH-10000225,"Global Geo Office Task Chair, Gray",Furniture,Chairs,251.038,2,Global Supply Co
FUR-CH-10002331,Hon 4700 Series Mobuis Mid-Back Task Chairs with Adjustable Arms,Furniture,Chairs,1263.729,1,Prime Goods
OFF-EN-10001415,Staples,Office Supplies,Envelopes,10.9368,4,Global Supply Co
OFF-AP-10002472,3M Office Air Cleaner,Office Supplies,Appliances,129.9,1,NorthStar
TEC-AC-10004571,Logitech G700s Rechargeable Gaming Mouse,Technology,Accessories,259.974,1,NorthStar
OFF-BI-10001098,Acco D-Ring Binder w/DublLock,Office Supplies,Binders,26.13111111,5,NorthStar
FUR-TA-10001889,Bush Advantage Collection Racetrack Conference Table,Furniture,Tables,1363.532143,1,NorthStar
OFF-BI-10000315,Poly Designer Cover & Back,Office Supplies,Binders,64.566,1,Prime Goods
OFF-SU-10003505,Premier Electric Letter Opener,Office Supplies,Supplies,330.201,5,Global Supply Co
OFF-AP-10002578,"Fellowes Premier Superior Surge Suppressor, 10-Outlet, With Phone and Remote",Office Supplies,Appliances,132.7828571,5,Prime Goods
FUR-BO-10002824,Bush Mission Pointe Library,Furniture,Bookcases,249.6202667,3,NorthStar
OFF-BI-10002194,Cardinal Hold-It CD Pocket,Office Supplies,Binders,9.576,1,NorthStar
OFF-PA-10004071,"Eaton Premium Continuous-Feed Paper, 25% Cotton, Letter Size, White, 1000 Shts/Box",Office Supplies,Paper,109.8504,2,NorthStar
OFF-ST-10002743,SAFCO Boltless Steel Shelving,Office Supplies,Storage,470.4696,2,Global Supply Co
FUR-BO-10001601,"Sauder Mission Library with Doors, Fruitwood Finish",Furniture,Bookcases,311.7324,3,Global Supply Co
TEC-PH-10002680,Samsung Galaxy Note 3,Technology,Phones,718.634,1,Global Supply Co
OFF-ST-10001321,"Decoflex Hanging Personal Folder File, Blue",Office Supplies,Storage,57.568,5,NorthStar
OFF-PA-10001509,"Recycled Desk Saver Line ""While You Were Out"" Book, 5 1/2"" X 4""",Office Supplies,Paper,53.7,4,NorthStar
OFF-PA-10003465,Xerox 1912,Office Supplies,Paper,50.2705,5,Global Supply Co
TEC-PH-10000149,Cisco SPA525G2 IP Phone - Wireless,Technology,Phones,85.386,2,Prime Goods
OFF-AR-10003045,Prang Colored Pencils,Office Supplies,Art,12.936,5,NorthStar
OFF-ST-10000689,"Fellowes Strictly Business Drawer File, Letter/Legal Size",Office Supplies,Storage,639.8614286,5,NorthStar
TEC-AC-10001445,Imation USB 2.0 Swivel Flash Drive USB flash drive - 4 GB - Pink,Technology,Accessories,14.14,2,Prime Goods
TEC-AC-10002567,Logitech G602 Wireless Gaming Mouse,Technology,Accessories,222.1944444,2,Global Supply Co
OFF-LA-10003923,Alphabetical Labels for Top Tab Filing,Office Supplies,Labels,57.55555556,1,Prime Goods
FUR-BO-10001337,O'Sullivan Living Dimensions 2-Shelf Bookcases,Furniture,Bookcases,297.0059,5,Prime Goods
TEC-PH-10001924,iHome FM Clock Radio with Lightning Dock,Technology,Phones,139.98,3,Global Supply Co
TEC-PH-10001363,Apple iPhone 5S,Technology,Phones,1225.4785,3,NorthStar
TEC-PH-10000376,Square Credit Card Reader,Technology,Phones,24.83228571,5,Prime Goods
TEC-AC-10000303,Logitech M510 Wireless Mouse,Technology,Accessories,79.98,5,NorthStar
OFF-ST-10001809,Fellowes Officeware Wire Shelving,Office Supplies,Storage,409.9514545,2,Prime Goods
OFF-EN-10003845,Colored Envelopes,Office Supplies,Envelopes,10.1844,5,NorthStar
TEC-AC-10000991,Sony Micro Vault Click 8 GB USB 2.0 Flash Drive,Technology,Accessories,145.669,2,Prime Goods
FUR-TA-10001857,Balt Solid Wood Rectangular Table,Furniture,Tables,207.024125,3,Prime Goods
OFF-EN-10001434,"Strathmore #10 Envelopes, Ultimate White",Office Supplies,Envelopes,158.13,3,Prime Goods
OFF-BI-10002498,Clear Mylar Reinforcing Strips,Office Supplies,Binders,53.934,2,Global Supply Co
FUR-FU-10004864,"Howard Miller 14-1/2"" Diameter Chrome Round Wall Clock",Furniture,Furnishings,141.1393846,1,Prime Goods
FUR-FU-10000073,Deflect-O Glasstique Clear Desk Accessories,Furniture,Furnishings,41.58,1,Prime Goods
OFF-BI-10001670,Vinyl Sectional Post Binders,Office Supplies,Binders,81.91181818,1,Prime Goods
OFF-BI-10001658,GBC Standard Therm-A-Bind Covers,Office Supplies,Binders,38.83366667,4,Global Supply Co
FUR-CH-10001215,Global Troy Executive Leather Low-Back Tilter,Furniture,Chairs,1441.709111,5,Prime Goods
OFF-BI-10000831,Storex Flexible Poly Binders with Double Pockets,Office Supplies,Binders,3.608,2,NorthStar
OFF-PA-10000357,"White Dual Perf Computer Printout Paper, 2700 Sheets, 1 Part, Heavyweight, 20 lbs., 14 7/8 x 11",Office Supplies,Paper,178.4695,5,Global Supply Co
OFF-AR-10001662,Rogers Handheld Barrel Pencil Sharpener,Office Supplies,Art,10.80342857,4,NorthStar
OFF-AR-10003856,Newell 344,Office Supplies,Art,7.598666667,5,NorthStar
OFF-ST-10001228,Personal File Boxes with Fold-Down Carry Handle,Office Supplies,Storage,51.36977778,3,NorthStar
OFF-BI-10003527,Fellowes PB500 Electric Punch Plastic Comb Binding Machine with Manual Bind,Office Supplies,Binders,2745.3384,2,Prime Goods
FUR-FU-10001290,Executive Impressions Supervisor Wall Clock,Furniture,Furnishings,216.815,4,Global Supply Co
TEC-AC-10002399,SanDisk Cruzer 32 GB USB Flash Drive,Technology,Accessories,60.23,1,NorthStar
OFF-AR-10003811,Newell 327,Office Supplies,Art,9.945,5,NorthStar
OFF-AR-10001246,Newell 317,Office Supplies,Art,11.424,1,NorthStar
TEC-CO-10003236,Canon Image Class D660 Copier,Technology,Copiers,1979.967,2,NorthStar
OFF-ST-10004507,Advantus Rolling Storage Box,Office Supplies,Storage,42.875,4,Prime Goods
OFF-PA-10001667,Great White Multi-Use Recycled Paper (20Lb. and 84 Bright),Office Supplies,Paper,21.229,5,Global Supply Co
OFF-ST-10004459,Tennsco Single-Tier Lockers,Office Supplies,Storage,1144.787,3,NorthStar
OFF-ST-10000736,Carina Double Wide Media Storage Towers in Natural & Black,Office Supplies,Storage,252.3876667,4,NorthStar
OFF-BI-10000285,XtraLife ClearVue Slant-D Ring Binders by Cardinal,Office Supplies,Binders,14.5824,1,Global Supply Co
TEC-PH-10003555,Motorola HK250 Universal Bluetooth Headset,Technology,Phones,92.47088889,4,NorthStar
TEC-AC-10003832,Imation 16GB Mini TravelDrive USB 2.0 Flash Drive,Technology,Accessories,622.4308889,1,Prime Goods
OFF-FA-10002815,Staples,Office Supplies,Fasteners,16.872,2,Prime Goods
FUR-CH-10003379,Global Commerce Series High-Back Swivel/Tilt Chairs,Furniture,Chairs,886.6044444,5,Global Supply Co
OFF-ST-10004963,Eldon Gobal File Keepers,Office Supplies,Storage,58.03666667,5,NorthStar
OFF-SU-10002881,Martin Yale Chadless Opener Electric Letter Opener,Office Supplies,Supplies,2776.033333,2,NorthStar
OFF-EN-10001335,"White Business Envelopes with Contemporary Seam, Recycled White Business Envelopes",Office Supplies,Envelopes,56.15866667,4,Prime Goods
FUR-CH-10000595,Safco Contoured Stacking Chairs,Furniture,Chairs,712.22,1,Global Supply Co
FUR-FU-10000448,Tenex Chairmats For Use With Carpeted Floors,Furniture,Furnishings,43.945,1,Global Supply Co
TEC-PH-10000984,Panasonic KX-TG9471B,Technology,Phones,711.1637143,5,Prime Goods
OFF-ST-10001325,Sterilite Officeware Hinged File Box,Office Supplies,Storage,31.44,2,NorthStar
OFF-BI-10002429,"Premier Elliptical Ring Binder, Black",Office Supplies,Binders,58.51244444,4,Prime Goods
OFF-BI-10004528,Cardinal Poly Pocket Divider Pockets for Ring Binders,Office Supplies,Binders,10.08,3,NorthStar
OFF-AP-10001271,Eureka The Boss Cordless Rechargeable Stick Vac,Office Supplies,Appliances,158.038,2,Prime Goods
FUR-CH-10002647,"Situations Contoured Folding Chairs, 4/Set",Furniture,Chairs,242.7516,1,NorthStar
TEC-AC-10001432,Enermax Aurora Lite Keyboard,Technology,Accessories,328.23,4,Prime Goods
TEC-PH-10002262,LG Electronics Tone+ HBS-730 Bluetooth Headset,Technology,Phones,226.138,2,NorthStar
TEC-AC-10001465,SanDisk Cruzer 64 GB USB Flash Drive,Technology,Accessories,131.5591111,1,NorthStar
TEC-PH-10002597,Xblue XB-1670-86 X16 Small Office Telephone - Titanium,Technology,Phones,302.376,2,Prime Goods
FUR-FU-10000723,"Deflect-o EconoMat Studded, No Bevel Mat for Low Pile Carpeting",Furniture,Furnishings,123.96,3,Global Supply Co
OFF-BI-10000404,Avery Printable Repositionable Plastic Tabs,Office Supplies,Binders,19.20666667,4,Global Supply Co
OFF-PA-10002986,Xerox 1898,Office Supplies,Paper,25.50545455,3,Prime Goods
OFF-SU-10001935,Staples,Office Supplies,Supplies,4.941333333,3,NorthStar
FUR-CH-10002024,HON 5400 Series Task Chairs for Big and Tall,Furniture,Chairs,2733.822,5,Global Supply Co
FUR-FU-10003039,"Howard Miller 11-1/2"" Diameter Grantwood Wall Clock",Furniture,Furnishings,83.38466667,3,NorthStar
OFF-FA-10004248,Advantus T-Pin Paper Clips,Office Supplies,Fasteners,12.8084,1,NorthStar
OFF-ST-10001780,Tennsco 16-Compartment Lockers with Coat Rack,Office Supplies,Storage,1503.1048,4,Global Supply Co
OFF-AR-10003560,Zebra Zazzle Fluorescent Highlighters,Office Supplies,Art,16.82133333,4,Global Supply Co
OFF-LA-10001297,Avery 473,Office Supplies,Labels,41.4,2,Prime Goods
FUR-TA-10004256,Bretford “Just In Time” Height-Adjustable Multi-Task Work Tables,Furniture,Tables,1408.725,2,Global Supply Co
OFF-PA-10003441,Xerox 226,Office Supplies,Paper,30.39709091,4,Prime Goods
OFF-BI-10000069,"GBC Prepunched Paper, 19-Hole, for Binding Systems, 24-lb",Office Supplies,Binders,54.223625,2,Global Supply Co
OFF-AP-10003914,"Sanitaire Vibra Groomer IR Commercial Upright Vacuum, Replacement Belts",Office Supplies,Appliances,13,2,NorthStar
FUR-FU-10004020,Advantus Panel Wall Acrylic Frame,Furniture,Furnishings,17.504,2,Global Supply Co
OFF-FA-10003467,"Alliance Big Bands Rubber Bands, 12/Pack",Office Supplies,Fasteners,7.425,4,Prime Goods
TEC-PH-10002496,Cisco SPA301,Technology,Phones,464.5035556,3,NorthStar
OFF-PA-10004530,Personal Creations Ink Jet Cards and Labels,Office Supplies,Paper,80.36,1,Global Supply Co
OFF-BI-10001107,"GBC White Gloss Covers, Plain Front",Office Supplies,Binders,38.47542857,2,NorthStar
OFF-PA-10004451,Xerox 222,Office Supplies,Paper,19.25485714,1,Global Supply Co
FUR-CH-10004997,Hon Every-Day Series Multi-Task Chairs,Furniture,Chairs,674.8482,5,Global Supply Co
TEC-PH-10000347,Cush Cases Heavy Duty Rugged Cover Case for Samsung Galaxy S5 - Purple,Technology,Phones,10.89,1,Prime Goods
OFF-AR-10003394,Newell 332,Office Supplies,Art,13.4064,1,NorthStar
OFF-PA-10001450,Rediform S.O.S. Phone Message Books,Office Supplies,Paper,19.92,5,Prime Goods
OFF-SU-10001574,Acme Value Line Scissors,Office Supplies,Supplies,7.665,1,NorthStar
FUR-FU-10001475,"Contract Clock, 14"", Brown",Furniture,Furnishings,66.8192,5,Global Supply Co
OFF-SU-10004498,Martin-Yale Premier Letter Opener,Office Supplies,Supplies,33.856,3,Global Supply Co
TEC-PH-10000586,AT&T SB67148 SynJ,Technology,Phones,158.376,3,NorthStar
OFF-BI-10002764,Recycled Pressboard Report Cover with Reinforced Top Hinge,Office Supplies,Binders,8.721,1,Global Supply Co
OFF-LA-10003930,"Dot Matrix Printer Tape Reel Labels, White, 5000/Box",Office Supplies,Labels,415.35975,1,Global Supply Co
TEC-PH-10003800,i.Sound Portable Power - 8000 mAh,Technology,Phones,82.6644,5,Prime Goods
OFF-PA-10002005,Xerox 225,Office Supplies,Paper,21.888,3,Prime Goods
OFF-PA-10004101,Xerox 1894,Office Supplies,Paper,33.9552,5,Prime Goods
OFF-AR-10004078,Newell 312,Office Supplies,Art,21.34254545,3,Prime Goods
OFF-AP-10004708,Fellowes Superior 10 Outlet Split Surge Protector,Office Supplies,Appliances,96.41866667,3,NorthStar
FUR-FU-10001979,Dana Halogen Swing-Arm Architect Lamp,Furniture,Furnishings,185.7306667,4,NorthStar
OFF-SU-10004115,Acme Stainless Steel Office Snips,Office Supplies,Supplies,20.356,5,Prime Goods
TEC-PH-10001425,Mophie Juice Pack Helium for iPhone,Technology,Phones,263.967,2,Global Supply Co
TEC-PH-10003963,GE 2-Jack Phone Line Splitter,Technology,Phones,590.5046667,2,NorthStar
OFF-ST-10001490,"Hot File 7-Pocket, Floor Stand",Office Supplies,Storage,626.0178462,5,Prime Goods
OFF-PA-10002120,Xerox 1889,Office Supplies,Paper,172.208,4,Global Supply Co
OFF-BI-10000848,Angle-D Ring Binders,Office Supplies,Binders,6.564,5,Global Supply Co
TEC-PH-10003092,Motorola L804,Technology,Phones,101.178,3,Prime Goods
OFF-LA-10004345,Avery 493,Office Supplies,Labels,13.9935,3,Global Supply Co
OFF-PA-10001204,Xerox 1972,Office Supplies,Paper,9.2928,3,NorthStar
TEC-PH-10004667,Cisco 8x8 Inc. 6753i IP Business Phone System,Technology,Phones,440.9673333,5,NorthStar
OFF-BI-10002949,Prestige Round Ring Binders,Office Supplies,Binders,10.716,5,Global Supply Co
FUR-FU-10003849,"DAX Metal Frame, Desktop, Stepped-Edge",Furniture,Furnishings,32.384,4,Global Supply Co
FUR-FU-10000010,"DAX Value U-Channel Document Frames, Easel Back",Furniture,Furnishings,17.5938,4,NorthStar
OFF-BI-10002824,Recycled Easel Ring Binders,Office Supplies,Binders,34.316,2,NorthStar
TEC-PH-10002538,Grandstream GXP1160 VoIP phone,Technology,Phones,133.9486667,1,NorthStar
OFF-BI-10002103,"Cardinal Slant-D Ring Binder, Heavy Gauge Vinyl",Office Supplies,Binders,17.9014,1,Prime Goods
FUR-CH-10004853,"Global Manager's Adjustable Task Chair, Storm",Furniture,Chairs,493.2013333,5,Global Supply Co
OFF-AP-10000179,Honeywell Enviracaire Portable HEPA Air Cleaner for up to 10 x 16 Room,Office Supplies,Appliances,440.0553333,3,NorthStar
OFF-ST-10001272,"Mini 13-1/2 Capacity Data Binder Rack, Pearl",Office Supplies,Storage,293.1488,5,Prime Goods
FUR-FU-10000221,"Master Caster Door Stop, Brown",Furniture,Furnishings,19.64266667,5,NorthStar
OFF-AP-10001563,Belkin Premiere Surge Master II 8-outlet surge protector,Office Supplies,Appliances,136.024,5,Prime Goods
OFF-BI-10000605,"Acco Pressboard Covers with Storage Hooks, 9 1/2"" x 11"", Executive Red",Office Supplies,Binders,10.16,3,Prime Goods
OFF-ST-10001963,Tennsco Regal Shelving Units,Office Supplies,Storage,441.1335,5,Global Supply Co
TEC-AC-10001267,Imation 32GB Pocket Pro USB 3.0 Flash Drive - 32 GB - Black - 1 P ...,Technology,Accessories,93.444,1,Global Supply Co
TEC-PH-10002103,Jabra SPEAK 410,Technology,Phones,350.896,5,Prime Goods
TEC-AC-10002857,"Verbatim 25 GB 6x Blu-ray Single Layer Recordable Disc, 1/Pack",Technology,Accessories,27.81333333,5,Prime Goods
FUR-CH-10001482,Office Star - Mesh Screen back chair with Vinyl seat,Furniture,Chairs,314.352,1,Prime Goods
OFF-BI-10001989,Premium Transparent Presentation Covers by GBC,Office Supplies,Binders,75.3182,4,Prime Goods
OFF-AP-10003287,Tripp Lite TLP810NET Broadband Surge for Modem/Fax,Office Supplies,Appliances,156.308,1,Global Supply Co
OFF-BI-10004728,Wilson Jones Turn Tabs Binder Tool for Ring Binders,Office Supplies,Binders,16.31384615,5,NorthStar
FUR-FU-10000732,Eldon 200 Class Desk Accessories,Furniture,Furnishings,19.01942857,5,NorthStar
OFF-ST-10000585,Economy Rollaway Files,Office Supplies,Storage,448.4,3,Global Supply Co
OFF-LA-10002787,Avery 480,Office Supplies,Labels,14.875,1,Global Supply Co
OFF-PA-10001934,Xerox 1993,Office Supplies,Paper,18.468,5,NorthStar
OFF-AP-10002457,"Eureka The Boss Plus 12-Amp Hard Box Upright Vacuum, Red",Office Supplies,Appliances,279.0666667,1,NorthStar
OFF-FA-10003112,Staples,Office Supplies,Fasteners,20.96485714,2,NorthStar
OFF-AP-10002350,Belkin F9H710-06 7 Outlet SurgeMaster Surge Protector,Office Supplies,Appliances,64.527,1,NorthStar
TEC-AC-10001142,First Data FD10 PIN Pad,Technology,Accessories,344.44,1,Prime Goods
TEC-AC-10001101,Sony 16GB Class 10 Micro SDHC R40 Memory Card,Technology,Accessories,47.693,3,Prime Goods
OFF-AP-10002439,Tripp Lite Isotel 8 Ultra 8 Outlet Metal Surge,Office Supplies,Appliances,274.4173333,2,Prime Goods
OFF-BI-10002827,Avery Durable Poly Binders,Office Supplies,Binders,13.825,1,Global Supply Co
OFF-EN-10002230,Airmail Envelopes,Office Supplies,Envelopes,226.611,2,Prime Goods
OFF-ST-10001511,Space Solutions Commercial Steel Shelving,Office Supplies,Storage,278.9185714,4,Prime Goods
OFF-SU-10004231,Acme Tagit Stainless Steel Antibacterial Scissors,Office Supplies,Supplies,32.67,5,Global Supply Co
TEC-PH-10004042,ClearOne Communications CHAT 70 OC Speaker Phone,Technology,Phones,421.3235,2,NorthStar
FUR-FU-10003096,"Master Giant Foot Doorstop, Safety Yellow",Furniture,Furnishings,27.83,1,Prime Goods
FUR-FU-10002759,12-1/2 Diameter Round Wall Clock,Furniture,Furnishings,68.931,1,NorthStar
FUR-TA-10000688,"Chromcraft Bull-Nose Wood Round Conference Table Top, Wood Base",Furniture,Tables,559.1483333,2,Prime Goods
OFF-PA-10002377,"Adams Telephone Message Book W/Dividers/Space For Phone Numbers, 5 1/4""X8 1/2"", 200/Messages",Office Supplies,Paper,71.76085714,1,Prime Goods
OFF-AR-10001954,Newell 331,Office Supplies,Art,18.8265,5,NorthStar
OFF-AP-10004532,Kensington 6 Outlet Guardian Standard Surge Protector,Office Supplies,Appliances,68.26666667,4,Prime Goods
OFF-PA-10002137,"Southworth 100% Résumé Paper, 24lb.",Office Supplies,Paper,37.56628571,4,Prime Goods
OFF-AP-10000804,Hoover Portapower Portable Vacuum,Office Supplies,Appliances,15.456,3,NorthStar
TEC-AC-10003614,"Verbatim 25 GB 6x Blu-ray Single Layer Recordable Disc, 10/Pack",Technology,Accessories,30.134,2,Global Supply Co
FUR-FU-10003553,"Howard Miller 13-1/2"" Diameter Rosebrook Wall Clock",Furniture,Furnishings,189.8052,5,NorthStar
OFF-BI-10004632,Ibico Hi-Tech Manual Binding System,Office Supplies,Binders,395.3995,3,Global Supply Co
OFF-BI-10003305,Avery Hanging File Binders,Office Supplies,Binders,17.641,2,Prime Goods
OFF-ST-10002583,Fellowes Neat Ideas Storage Cubes,Office Supplies,Storage,68.672,1,Global Supply Co
TEC-MA-10004125,Cubify CubeX 3D Printer Triple Head Print,Technology,Machines,7999.98,5,Prime Goods
OFF-LA-10001934,Avery 516,Office Supplies,Labels,27.4125,5,Global Supply Co
FUR-BO-10004015,"Bush Andora Bookcase, Maple/Graphite Gray Finish",Furniture,Bookcases,368.6359444,2,Prime Goods
FUR-FU-10004071,Luxo Professional Magnifying Clamp-On Fluorescent Lamps,Furniture,Furnishings,317.2305,4,Prime Goods
OFF-ST-10002444,Recycled Eldon Regeneration Jumbo File,Office Supplies,Storage,39.296,4,Global Supply Co
TEC-AC-10002253,Imation Bio 8GB USB Flash Drive Imation Corp,Technology,Accessories,664.96,1,Prime Goods
OFF-PA-10000743,Xerox 1977,Office Supplies,Paper,21.82133333,4,Prime Goods
OFF-LA-10002312,Avery 490,Office Supplies,Labels,35.52,1,NorthStar
OFF-LA-10003510,"Avery 4027 File Folder Labels for Dot Matrix Printers, 5000 Labels per Box, White",Office Supplies,Labels,112.1283636,5,Global Supply Co
OFF-AR-10001118,"Binney & Smith Crayola Metallic Crayons, 16-Color Pack",Office Supplies,Art,8.088,3,Global Supply Co
OFF-BI-10001575,GBC Linen Binding Covers,Office Supplies,Binders,34.59433333,1,Global Supply Co
FUR-FU-10003394,"Tenex ""The Solids"" Textured Chair Mats",Furniture,Furnishings,209.88,4,NorthStar
FUR-TA-10002774,Laminate Occasional Tables,Furniture,Tables,698.7226667,1,Global Supply Co
OFF-PA-10001800,Xerox 220,Office Supplies,Paper,18.144,5,Prime Goods
OFF-AP-10001469,Fellowes 8 Outlet Superior Workstation Surge Protector,Office Supplies,Appliances,151.8244,1,Prime Goods
FUR-BO-10003272,O'Sullivan Living Dimensions 5-Shelf Bookcases,Furniture,Bookcases,570.1284,3,Prime Goods
OFF-EN-10001219,"#10- 4 1/8"" x 9 1/2"" Security-Tint Envelopes",Office Supplies,Envelopes,18.336,1,NorthStar
OFF-AP-10001154,Bionaire Personal Warm Mist Humidifier/Vaporizer,Office Supplies,Appliances,171.93,2,Prime Goods
TEC-AC-10001606,Logitech Wireless Performance Mouse MX for PC and Mac,Technology,Accessories,257.1171429,2,Prime Goods
OFF-BI-10003355,Cardinal Holdit Business Card Pockets,Office Supplies,Binders,10.956,4,Global Supply Co
FUR-FU-10002253,"Howard Miller 13"" Diameter Pewter Finish Round Wall Clock",Furniture,Furnishings,149.6765714,5,Prime Goods
OFF-PA-10004092,Tops Green Bar Computer Printout Paper,Office Supplies,Paper,114.1933333,1,Global Supply Co
FUR-TA-10000198,Chromcraft Bull-Nose Wood Oval Conference Tables & Bases,Furniture,Tables,1983.528,2,Prime Goods
OFF-ST-10000036,"Recycled Data-Pak for Archival Bound Computer Printouts, 12-1/2 x 12-1/2 x 16",Office Supplies,Storage,309.542,2,Prime Goods
FUR-FU-10000222,"Seth Thomas 16"" Steel Case Clock",Furniture,Furnishings,88.3456,4,NorthStar
OFF-SU-10004664,Acme Softgrip Scissors,Office Supplies,Supplies,41.514,1,Global Supply Co
OFF-EN-10001141,"Manila Recycled Extra-Heavyweight Clasp Envelopes, 6"" x 9""",Office Supplies,Envelopes,31.293,2,Prime Goods
TEC-PH-10002170,ClearSounds CSC500 Amplified Spirit Phone Corded phone,Technology,Phones,186.64,4,NorthStar
OFF-PA-10001954,Xerox 1964,Office Supplies,Paper,144.3488,3,NorthStar
FUR-TA-10002228,"Bevis Traditional Conference Table Top, Plinth Base",Furniture,Tables,677.832,5,NorthStar
OFF-ST-10004634,"Personal Folder Holder, Ebony",Office Supplies,Storage,24.28833333,5,NorthStar
TEC-AC-10003610,Logitech Illuminated - Keyboard,Technology,Accessories,189.9683333,5,Prime Goods
FUR-BO-10001619,O'Sullivan Cherrywood Estates Traditional Bookcase,Furniture,Bookcases,212.45,3,NorthStar
OFF-BI-10000138,Acco Translucent Poly Ring Binders,Office Supplies,Binders,11.466,1,NorthStar
TEC-AC-10001383,Logitech Wireless Touch Keyboard K400,Technology,Accessories,121.618,1,NorthStar
OFF-LA-10003223,Avery 508,Office Supplies,Labels,14.56633333,5,Global Supply Co
OFF-BI-10004094,GBC Standard Plastic Binding Systems Combs,Office Supplies,Binders,11.151,1,Prime Goods
OFF-PA-10004971,Xerox 196,Office Supplies,Paper,11.56,1,Prime Goods
OFF-SU-10004261,"Fiskars 8"" Scissors, 2/Pack",Office Supplies,Supplies,54.306,1,NorthStar
TEC-PH-10000004,Belkin iPhone and iPad Lightning Cable,Technology,Phones,41.972,1,Prime Goods
OFF-BI-10003638,GBC Durable Plastic Covers,Office Supplies,Binders,46.198125,4,NorthStar
FUR-FU-10003577,Nu-Dell Leatherette Frames,Furniture,Furnishings,82.216,4,Global Supply Co
OFF-BI-10000546,Avery Durable Binders,Office Supplies,Binders,7.272,2,Global Supply Co
TEC-CO-10002095,Hewlett Packard 610 Color Digital Copier / Printer,Technology,Copiers,1271.403143,5,NorthStar
FUR-TA-10001095,Chromcraft Round Conference Tables,Furniture,Tables,631.4660769,5,Global Supply Co
OFF-LA-10004484,Avery 476,Office Supplies,Labels,13.7116,5,NorthStar
OFF-EN-10001532,Brown Kraft Recycled Envelopes,Office Supplies,Envelopes,48.9024,5,Global Supply Co
TEC-AC-10003174,Plantronics S12 Corded Telephone Headset System,Technology,Accessories,373.672,2,Global Supply Co
OFF-BI-10004187,Staples,Office Supplies,Binders,7.018666667,2,Global Supply Co
OFF-ST-10000025,Fellowes Stor/Drawer Steel Plus Storage Drawers,Office Supplies,Storage,424.6635,4,NorthStar
FUR-FU-10004306,Electrix Halogen Magnifier Lamp,Furniture,Furnishings,459.8433333,4,Prime Goods
FUR-CH-10003746,Hon 4070 Series Pagoda Round Back Stacking Chairs,Furniture,Chairs,843.7188571,2,NorthStar
OFF-BI-10001036,Cardinal EasyOpen D-Ring Binders,Office Supplies,Binders,26.16325,4,Global Supply Co
OFF-BI-10000301,GBC Instant Report Kit,Office Supplies,Binders,12.69115385,5,Prime Goods
OFF-AR-10004648,Boston 19500 Mighty Mite Electric Pencil Sharpener,Office Supplies,Art,85.6375,3,Prime Goods
FUR-FU-10002597,"C-Line Magnetic Cubicle Keepers, Clear Polypropylene",Furniture,Furnishings,19.47771429,5,NorthStar
OFF-AR-10003405,"Dixon My First Ticonderoga Pencil, #2",Office Supplies,Art,23.985,1,NorthStar
FUR-CH-10002335,Hon GuestStacker Chair,Furniture,Chairs,770.678,4,Prime Goods
OFF-PA-10003657,Xerox 1927,Office Supplies,Paper,13.0112,2,Prime Goods
FUR-BO-10004409,"Safco Value Mate Series Steel Bookcases, Baked Enamel Finish on Steel, Gray",Furniture,Bookcases,143.143,5,Prime Goods
TEC-AC-10000057,Microsoft Natural Ergonomic Keyboard 4000,Technology,Accessories,111.5628,1,NorthStar
OFF-EN-10000056,Cameo Buff Policy Envelopes,Office Supplies,Envelopes,194.46875,2,NorthStar
OFF-BI-10000014,Heavy-Duty E-Z-D Binders,Office Supplies,Binders,22.09275,4,Prime Goods
FUR-CH-10004675,"Lifetime Advantage Folding Chairs, 4/Carton",Furniture,Chairs,744.5874286,3,NorthStar
OFF-BI-10001132,"Acco PRESSTEX Data Binder with Storage Hooks, Dark Blue, 9 1/2"" X 11""",Office Supplies,Binders,15.7365,5,Prime Goods
FUR-CH-10003199,Office Star - Contemporary Task Swivel Chair,Furniture,Chairs,307.0446667,4,NorthStar
TEC-PH-10001530,Cisco Unified IP Phone 7945G VoIP phone,Technology,Phones,901.2373333,4,NorthStar
OFF-LA-10001569,Avery 499,Office Supplies,Labels,16.02654545,2,NorthStar
OFF-PA-10000176,Xerox 1887,Office Supplies,Paper,64.02375,1,Global Supply Co
OFF-LA-10002271,Smead Alpha-Z Color-Coded Second Alphabetical Labels and Starter Set,Office Supplies,Labels,9.6096,3,NorthStar
FUR-FU-10004090,"Executive Impressions 14"" Contract Wall Clock",Furniture,Furnishings,49.54114286,1,Global Supply Co
OFF-AP-10000576,Belkin 7 Outlet SurgeMaster II,Office Supplies,Appliances,287.2645714,1,NorthStar
OFF-PA-10003953,Xerox 218,Office Supplies,Paper,9.8496,2,NorthStar
FUR-FU-10000794,"Eldon Stackable Tray, Side-Load, Legal, Smoke",Furniture,Furnishings,31.076,4,Global Supply Co
OFF-AR-10001897,Model L Table or Wall-Mount Pencil Sharpener,Office Supplies,Art,80.5952,2,Prime Goods
TEC-PH-10001795,ClearOne CHATAttach 160 - speaker phone,Technology,Phones,1387.1724,2,Global Supply Co
TEC-AC-10004901,Kensington SlimBlade Notebook Wireless Mouse with Nano Receiver ,Technology,Accessories,137.4725,5,NorthStar
OFF-AR-10003190,Newell 32,Office Supplies,Art,7.872,1,Prime Goods
OFF-AP-10000240,Belkin F9G930V10-GRY 9 Outlet Surge,Office Supplies,Appliances,154.0224,1,NorthStar
TEC-AC-10001838,Razer Tiamat Over Ear 7.1 Surround Sound PC Gaming Headset,Technology,Accessories,731.392,4,NorthStar
OFF-PA-10003651,Xerox 1968,Office Supplies,Paper,33.1328,3,Global Supply Co
OFF-BI-10003094,Self-Adhesive Ring Binder Labels,Office Supplies,Binders,5.72,3,NorthStar
FUR-CH-10001394,Global Leather Executive Chair,Furniture,Chairs,837.3618571,5,NorthStar
OFF-BI-10004230,GBC Recycled Grain Textured Covers,Office Supplies,Binders,93.258,5,NorthStar
OFF-PA-10003395,Xerox 1941,Office Supplies,Paper,348.102,3,Global Supply Co
TEC-AC-10002402,Razer Kraken PRO Over Ear PC and Music Headset,Technology,Accessories,269.96625,5,Prime Goods
TEC-AC-10003441,Kingston Digital DataTraveler 32GB USB 2.0,Technology,Accessories,50.85,5,Global Supply Co
OFF-FA-10002280,Advantus Plastic Paper Clips,Office Supplies,Fasteners,22.5,4,NorthStar
OFF-SU-10000381,Acme Forged Steel Scissors with Black Enamel Handles,Office Supplies,Supplies,34.9125,3,Prime Goods
OFF-EN-10004459,Security-Tint Envelopes,Office Supplies,Envelopes,18.16622222,3,NorthStar
FUR-CH-10000665,"Global Airflow Leather Mesh Back Chair, Black",Furniture,Chairs,439.5195556,5,Prime Goods
OFF-AP-10003884,"Fellowes Smart Surge Ten-Outlet Protector, Platinum",Office Supplies,Appliances,180.66,5,Prime Goods
TEC-PH-10001557,Pyle PMP37LED,Technology,Phones,359.0026,1,Prime Goods
TEC-PH-10002085,Clarity 53712,Technology,Phones,188.0715,4,NorthStar
OFF-AR-10002956,Boston 16801 Nautilus Battery Pencil Sharpener,Office Supplies,Art,74.10033333,4,Prime Goods
OFF-AP-10003266,"Holmes Replacement Filter for HEPA Air Cleaner, Large Room",Office Supplies,Appliances,37.7655,3,Global Supply Co
TEC-MA-10004002,Zebra GX420t Direct Thermal/Thermal Transfer Printer,Technology,Machines,1929.118333,1,Prime Goods
OFF-BI-10001071,GBC ProClick Punch Binding System,Office Supplies,Binders,224.844,4,NorthStar
OFF-PA-10001560,"Adams Telephone Message Books, 5 1/4” x 11”",Office Supplies,Paper,16.1872,5,Global Supply Co
OFF-AR-10002578,Newell 335,Office Supplies,Art,8.64,2,Global Supply Co
FUR-BO-10001519,O'Sullivan 3-Shelf Heavy-Duty Bookcases,Furniture,Bookcases,223.839,2,Global Supply Co
OFF-BI-10001294,Fellowes Binding Cases,Office Supplies,Binders,54.288,5,NorthStar
OFF-BI-10001636,Ibico Plastic and Wire Spiral Binding Combs,Office Supplies,Binders,23.13566667,3,Prime Goods
OFF-SU-10002503,Acme Preferred Stainless Steel Scissors,Office Supplies,Supplies,22.72,5,Prime Goods
OFF-LA-10004093,Avery 486,Office Supplies,Labels,18.68111111,1,NorthStar
FUR-FU-10003878,"Linden 10"" Round Wall Clock, Black",Furniture,Furnishings,42.27466667,4,NorthStar
TEC-AC-10000710,Maxell DVD-RAM Discs,Technology,Accessories,98.88,5,Global Supply Co
OFF-AR-10002335,DIXON Oriole Pencils,Office Supplies,Art,7.482,2,NorthStar
OFF-PA-10001870,Xerox 202,Office Supplies,Paper,21.384,4,NorthStar
OFF-PA-10001019,Xerox 1884,Office Supplies,Paper,67.932,1,Prime Goods
OFF-SU-10002537,Acme Box Cutter Scissors,Office Supplies,Supplies,51.15,2,Prime Goods
OFF-ST-10003221,Staples,Office Supplies,Storage,17.8,1,NorthStar
OFF-AR-10003752,Deluxe Chalkboard Eraser Cleaner,Office Supplies,Art,36.498,4,Prime Goods
TEC-AC-10001714,Logitech MX Performance Wireless Mouse,Technology,Accessories,112.8317143,4,Prime Goods
OFF-AR-10003958,Newell 337,Office Supplies,Art,5.248,3,NorthStar
TEC-PH-10002923,"Logitech B530 USB Headset - headset - Full size, Binaural",Technology,Phones,73.98,4,Prime Goods
OFF-LA-10004272,Avery 482,Office Supplies,Labels,5.78,1,Global Supply Co
FUR-FU-10000965,"Howard Miller 11-1/2"" Diameter Ridgewood Wall Clock",Furniture,Furnishings,197.372,5,Prime Goods
OFF-LA-10004853,Avery 483,Office Supplies,Labels,13.944,2,NorthStar
OFF-BI-10003719,Large Capacity Hanging Post Binders,Office Supplies,Binders,55.389,5,Global Supply Co
OFF-BI-10000545,GBC Ibimaster 500 Manual ProClick Binding System,Office Supplies,Binders,2113.833333,2,Prime Goods
OFF-PA-10003591,Southworth 100% Cotton The Best Paper,Office Supplies,Paper,50.512,3,Prime Goods
OFF-PA-10001790,Xerox 1910,Office Supplies,Paper,117.2176,3,NorthStar
TEC-AC-10002049,Logitech G19 Programmable Gaming Keyboard,Technology,Accessories,917.1024,4,NorthStar
OFF-BI-10003712,"Acco Pressboard Covers with Storage Hooks, 14 7/8"" x 11"", Light Blue",Office Supplies,Binders,11.91790909,5,NorthStar
OFF-BI-10003984,Lock-Up Easel 'Spel-Binder',Office Supplies,Binders,100.6701429,2,Prime Goods
FUR-FU-10001424,Dax Clear Box Frame,Furniture,Furnishings,16.005,1,Prime Goods
OFF-BI-10002071,Fellowes Black Plastic Comb Bindings,Office Supplies,Binders,11.36177778,2,Global Supply Co
OFF-ST-10002486,Eldon Shelf Savers Cubes and Bins,Office Supplies,Storage,37.5175,4,Prime Goods
TEC-AC-10000927,Anker Ultrathin Bluetooth Wireless Keyboard Aluminum Cover with Stand ,Technology,Accessories,122.959,5,Global Supply Co
OFF-PA-10001622,"Ampad Poly Cover Wirebound Steno Book, 6"" x 9"" Assorted Colors, Gregg Ruled",Office Supplies,Paper,9.534,1,Global Supply Co
OFF-AR-10003158,Fluorescent Highlighters by Dixon,Office Supplies,Art,18.1488,4,NorthStar
TEC-PH-10002660,Nortel Networks T7316 E Nt8 B27,Technology,Phones,312.754,2,NorthStar
OFF-BI-10003364,Binding Machine Supplies,Office Supplies,Binders,74.22144444,2,NorthStar
OFF-EN-10001099,Staples,Office Supplies,Envelopes,32.0784,5,Global Supply Co
OFF-PA-10002250,Things To Do Today Pad,Office Supplies,Paper,19.79028571,2,Prime Goods
OFF-BI-10004716,Wilson Jones Hanging Recycled Pressboard Data Binders,Office Supplies,Binders,16.324,1,Prime Goods
OFF-LA-10001045,Permanent Self-Adhesive File Folder Labels for Typewriters by Universal,Office Supplies,Labels,7.395,4,NorthStar
OFF-BI-10001510,Deluxe Heavy-Duty Vinyl Round Ring Binder,Office Supplies,Binders,72.03428571,1,Global Supply Co
OFF-PA-10002947,Xerox 1923,Office Supplies,Paper,18.9712,1,Global Supply Co
OFF-PA-10000019,Xerox 1931,Office Supplies,Paper,26.244,5,Global Supply Co
FUR-BO-10003441,"Bush Westfield Collection Bookcases, Fully Assembled",Furniture,Bookcases,245.5497,3,Prime Goods
TEC-PH-10004774,Gear Head AU3700S Headset,Technology,Phones,63.218,4,Prime Goods
OFF-BI-10003684,Wilson Jones Legal Size Ring Binders,Office Supplies,Binders,59.12866667,5,NorthStar
TEC-PH-10001494,Polycom CX600 IP Phone VoIP phone,Technology,Phones,1154.8075,2,Prime Goods
TEC-AC-10004666,Maxell iVDR EX 500GB Cartridge,Technology,Accessories,1377.7,1,Global Supply Co
OFF-ST-10003816,Fellowes High-Stak Drawer Files,Office Supplies,Storage,493.332,1,NorthStar
FUR-TA-10001520,"Lesro Sheffield Collection Coffee Table, End Table, Center Table, Corner Table",Furniture,Tables,255.346,2,Global Supply Co
OFF-ST-10001558,Acco Perma 4000 Stacking Storage Drawers,Office Supplies,Storage,41.63345455,3,Prime Goods
TEC-AC-10002473,Maxell 4.7GB DVD-R,Technology,Accessories,111.972,4,Global Supply Co
TEC-PH-10004531,OtterBox Commuter Series Case - iPhone 5 & 5s,Technology,Phones,148.83,2,Global Supply Co
OFF-AP-10004487,Kensington 4 Outlet MasterPiece Compact Power Control Center,Office Supplies,Appliances,355.4845714,3,Prime Goods
OFF-PA-10003543,Xerox 1985,Office Supplies,Paper,12.96,3,Global Supply Co
TEC-AC-10004353,Hypercom P1300 Pinpad,Technology,Accessories,158.4,4,NorthStar
OFF-AR-10001468,"Sanford Prismacolor Professional Thick Lead Art Pencils, 36-Color Set",Office Supplies,Art,69.888,5,Global Supply Co
OFF-PA-10002195,"RSVP Cards & Envelopes, Blank White, 8-1/2"" X 11"", 24 Cards/25 Envelopes/Set",Office Supplies,Paper,14.03866667,3,Global Supply Co
OFF-PA-10001745,"Wirebound Message Books, 2 7/8"" x 5"", 3 Forms per Page",Office Supplies,Paper,36.13866667,4,Prime Goods
OFF-BI-10004826,JM Magazine Binder,Office Supplies,Binders,34.12066667,3,Global Supply Co
OFF-PA-10000289,Xerox 213,Office Supplies,Paper,18.576,4,Global Supply Co
OFF-AP-10003040,Fellowes 8 Outlet Superior Workstation Surge Protector w/o Phone/Fax/Modem Protection,Office Supplies,Appliances,133.1352,1,Global Supply Co
OFF-PA-10000350,"Message Book, Standard Line ""While You Were Out"", 5 1/2"" X 4"", 200 Sets/Book",Office Supplies,Paper,25.68,3,NorthStar
OFF-BI-10001759,"Acco Pressboard Covers with Storage Hooks, 14 7/8"" x 11"", Dark Blue",Office Supplies,Binders,11.9634,2,NorthStar
OFF-ST-10001496,Standard Rollaway File with Lock,Office Supplies,Storage,659.4954,2,Prime Goods
OFF-BI-10002931,"Avery Trapezoid Extra Heavy Duty 4"" Binders",Office Supplies,Binders,78.6375,1,Global Supply Co
FUR-TA-10002356,Bevis Boat-Shaped Conference Table,Furniture,Tables,423.7445,2,Prime Goods
FUR-FU-10003601,"Deflect-o RollaMat Studded, Beveled Mat for Medium Pile Carpeting",Furniture,Furnishings,270.5413333,1,Prime Goods
FUR-TA-10004154,"Riverside Furniture Oval Coffee Table, Oval End Table, End Table with Drawer",Furniture,Tables,889.235,3,Prime Goods
OFF-PA-10000788,Xerox 210,Office Supplies,Paper,15.984,4,NorthStar
FUR-FU-10001940,Staples,Furniture,Furnishings,21.9696,3,NorthStar
OFF-BI-10004465,Avery Durable Slant Ring Binders,Office Supplies,Binders,10.296,3,Global Supply Co
OFF-PA-10002333,"Universal Ultra Bright White Copier/Laser Paper, 8 1/2"" x 11"", Ream",Office Supplies,Paper,15.552,3,Prime Goods
FUR-FU-10004188,Luxo Professional Combination Clamp-On Lamps,Furniture,Furnishings,265.98,5,NorthStar
OFF-BI-10000145,Zipper Ring Binder Pockets,Office Supplies,Binders,6.288,2,Global Supply Co
OFF-LA-10001613,Avery File Folder Labels,Office Supplies,Labels,8.728615385,5,Global Supply Co
OFF-LA-10004055,Color-Coded Legal Exhibit Labels,Office Supplies,Labels,7.365,3,Global Supply Co
OFF-PA-10004621,Xerox 212,Office Supplies,Paper,20.18057143,1,NorthStar
OFF-PA-10001281,Computer Printout Paper with Letter-Trim Fine Perforations,Office Supplies,Paper,191.6,2,NorthStar
OFF-ST-10001097,Office Impressions Heavy Duty Welded Shelving & Multimedia Storage Drawers,Office Supplies,Storage,635.626,3,NorthStar
FUR-FU-10001095,DAX Black Cherry Wood-Tone Poster Frame,Furniture,Furnishings,56.932,4,Prime Goods
OFF-BI-10002012,Wilson Jones Easy Flow II Sheet Lifters,Office Supplies,Binders,4.29,4,Prime Goods
OFF-PA-10004156,Xerox 188,Office Supplies,Paper,26.649,5,NorthStar
OFF-AR-10000034,"BIC Brite Liner Grip Highlighters, Assorted, 5/Pack",Office Supplies,Art,19.78666667,5,Prime Goods
TEC-PH-10000560,Samsung Galaxy S III - 16GB - pebble blue (T-Mobile),Technology,Phones,1189.966,3,Global Supply Co
OFF-EN-10000461,"#10- 4 1/8"" x 9 1/2"" Recycled Envelopes",Office Supplies,Envelopes,26.4385,2,Global Supply Co
TEC-MA-10003066,Wasp CCD Handheld Bar Code Reader,Technology,Machines,336.51,5,NorthStar
OFF-BI-10004022,Acco Suede Grain Vinyl Round Ring Binder,Office Supplies,Binders,4.83025,5,Prime Goods
OFF-AR-10001988,Bulldog Table or Wall-Mount Pencil Sharpener,Office Supplies,Art,25.95666667,3,Global Supply Co
OFF-PA-10003625,Xerox 1979,Office Supplies,Paper,109.4626667,1,Global Supply Co
OFF-BI-10003925,Fellowes PB300 Plastic Comb Binding Machine,Office Supplies,Binders,1345.032,1,NorthStar
TEC-PH-10001530,Plantronics Voyager Pro Legend,Technology,Phones,901.2373333,1,Global Supply Co
OFF-EN-10003862,Laser & Ink Jet Business Envelopes,Office Supplies,Envelopes,39.6924,5,Prime Goods
OFF-ST-10004258,Portable Personal File Box,Office Supplies,Storage,37.444,4,NorthStar
FUR-FU-10002885,Magna Visual Magnetic Picture Hangers,Furniture,Furnishings,14.13866667,2,NorthStar
TEC-AC-10003033,Plantronics CS510 - Over-the-Head monaural Wireless Headset System,Technology,Accessories,1082.236,1,NorthStar
OFF-ST-10000046,Fellowes Super Stor/Drawer Files,Office Supplies,Storage,445.16,1,NorthStar
OFF-BI-10002049,UniKeep View Case Binders,Office Supplies,Binders,5.7702,1,Prime Goods
FUR-FU-10001602,"Eldon Delta Triangular Chair Mat, 52"" x 58"", Clear",Furniture,Furnishings,91.032,5,NorthStar
OFF-ST-10003722,Project Tote Personal File,Office Supplies,Storage,48.4035,1,NorthStar
TEC-AC-10003198,Enermax Acrylux Wireless Keyboard,Technology,Accessories,408.36,2,Prime Goods
FUR-FU-10002191,G.E. Halogen Desk Lamp Bulbs,Furniture,Furnishings,12.564,3,Global Supply Co
TEC-PH-10004188,OtterBox Commuter Series Case - Samsung Galaxy S4,Technology,Phones,96.2115,4,NorthStar
OFF-ST-10001526,Iceberg Mobile Mega Data/Printer Cart ,Office Supplies,Storage,718.97175,5,NorthStar
OFF-AR-10001166,Staples,Office Supplies,Art,20.21333333,5,Global Supply Co
FUR-CH-10000309,Global Comet Stacking Arm Chair,Furniture,Chairs,1216.8288,2,NorthStar
TEC-MA-10004212,Cisco SPA525G2 5-Line IP Phone,Technology,Machines,1379.92,3,NorthStar
OFF-EN-10003072,Peel & Seel Envelopes,Office Supplies,Envelopes,15.714,4,Prime Goods
OFF-BI-10000320,GBC Plastic Binding Combs,Office Supplies,Binders,17.2692,2,Prime Goods
OFF-PA-10001166,Xerox 2,Office Supplies,Paper,22.2432,2,NorthStar
OFF-PA-10003656,Xerox 1935,Office Supplies,Paper,134.538,4,Prime Goods
TEC-PH-10000148,Cyber Acoustics AC-202b Speech Recognition Stereo Headset,Technology,Phones,23.9016,3,Prime Goods
TEC-PH-10003885,Cisco SPA508G,Technology,Phones,182.1324,2,Prime Goods
OFF-LA-10001175,Avery 514,Office Supplies,Labels,11.952,3,NorthStar
OFF-PA-10000955,Southworth 25% Cotton Granite Paper & Envelopes,Office Supplies,Paper,12.644,4,NorthStar
FUR-FU-10003975,Eldon Advantage Chair Mats for Low to Medium Pile Carpets,Furniture,Furnishings,112.606,1,NorthStar
OFF-BI-10003707,Aluminum Screw Posts,Office Supplies,Binders,32.18472727,4,Prime Goods
OFF-AR-10000203,Newell 336,Office Supplies,Art,17.12,5,Prime Goods
OFF-AR-10004790,Staples,Office Supplies,Art,23.94,2,Prime Goods
TEC-AC-10004761,Maxell 4.7GB DVD+RW 3/Pack,Technology,Accessories,66.1095,4,Prime Goods
FUR-BO-10001811,"Atlantic Metals Mobile 5-Shelf Bookcases, Custom Colors",Furniture,Bookcases,686.610625,3,Global Supply Co
OFF-AR-10001130,"Quartet Alpha White Chalk, 12/Pack",Office Supplies,Art,7.735,5,NorthStar
OFF-AP-10000055,Belkin F9S820V06 8 Outlet Surge,Office Supplies,Appliances,66.584,3,Global Supply Co
FUR-CH-10002304,"Global Stack Chair without Arms, Black",Furniture,Chairs,128.7865714,4,Prime Goods
FUR-FU-10000293,Eldon Antistatic Chair Mats for Low to Medium Pile Carpets,Furniture,Furnishings,357.986,2,Global Supply Co
OFF-PA-10001307,"Important Message Pads, 50 4-1/4 x 5-1/2 Forms per Pad",Office Supplies,Paper,13.65,5,NorthStar
FUR-FU-10004460,"Howard Miller 12"" Round Wall Clock",Furniture,Furnishings,239.669,5,NorthStar
OFF-AR-10000716,DIXON Ticonderoga Erasable Checking Pencils,Office Supplies,Art,13.55142857,4,NorthStar
FUR-FU-10004622,Eldon Advantage Foldable Chair Mats for Low Pile Carpets,Furniture,Furnishings,126.4666667,3,Prime Goods
OFF-BI-10003529,Avery Round Ring Poly Binders,Office Supplies,Binders,6.153333333,3,Prime Goods
OFF-BI-10001097,Avery Hole Reinforcements,Office Supplies,Binders,12.94455556,5,Prime Goods
OFF-BI-10001597,"Wilson Jones Ledger-Size, Piano-Hinge Binder, 2"", Blue",Office Supplies,Binders,101.4255,2,Prime Goods
OFF-FA-10001754,Stockwell Gold Paper Clips,Office Supplies,Fasteners,4.048,5,Global Supply Co
OFF-FA-10004838,"Super Bands, 12/Pack",Office Supplies,Fasteners,8.37,5,NorthStar
TEC-PH-10002115,Plantronics 81402,Technology,Phones,211.168,5,Prime Goods
OFF-FA-10003059,Assorted Color Push Pins,Office Supplies,Fasteners,4.29875,3,NorthStar
OFF-BI-10004330,"GBC Velobind Prepunched Cover Sets, Regency Series",Office Supplies,Binders,94.56314286,2,NorthStar
OFF-BI-10003669,3M Organizer Strips,Office Supplies,Binders,11.88,1,Global Supply Co
OFF-BI-10003727,Avery Durable Slant Ring Binders With Label Holder,Office Supplies,Binders,10.07844444,2,Prime Goods
TEC-AC-10003447,Micropad Numeric Keypads,Technology,Accessories,72.9635,4,NorthStar
OFF-AR-10000255,Newell 328,Office Supplies,Art,25.30666667,4,Global Supply Co
OFF-AP-10002191,Belkin 8 Outlet SurgeMaster II Gold Surge Protector,Office Supplies,Appliances,147.5508,1,Prime Goods
OFF-PA-10000349,Staples,Office Supplies,Paper,13.16933333,5,Prime Goods
FUR-CH-10002880,"Global High-Back Leather Tilter, Burgundy",Furniture,Chairs,388.297,3,Prime Goods
OFF-PA-10003127,Staples,Office Supplies,Paper,54.51866667,5,Prime Goods
TEC-MA-10003979,Ativa V4110MDD Micro-Cut Shredder,Technology,Machines,3849.945,4,Global Supply Co
OFF-PA-10000029,Xerox 224,Office Supplies,Paper,15.984,1,NorthStar
OFF-LA-10000452,Avery 488,Office Supplies,Labels,8.505,2,Global Supply Co
TEC-PH-10001819,Innergie mMini Combo Duo USB Travel Charging Kit,Technology,Phones,124.4723333,2,Global Supply Co
OFF-AR-10002952,Stanley Contemporary Battery Pencil Sharpeners,Office Supplies,Art,73.425,4,Prime Goods
TEC-PH-10000576,AT&T 1080 Corded phone,Technology,Phones,277.894,5,NorthStar
OFF-PA-10000605,Xerox 1950,Office Supplies,Paper,16.56933333,5,NorthStar
OFF-ST-10004340,"Fellowes Mobile File Cart, Black",Office Supplies,Storage,230.066,3,Global Supply Co
OFF-BI-10004001,GBC Recycled VeloBinder Covers,Office Supplies,Binders,60.918,5,Prime Goods
FUR-TA-10004147,Hon 4060 Series Tables,Furniture,Tables,307.89,5,Prime Goods
OFF-AR-10001545,Newell 326,Office Supplies,Art,6.101333333,1,NorthStar
TEC-AC-10001013,Logitech ClearChat Comfort/USB Headset H390,Technology,Accessories,88.84633333,3,Global Supply Co
OFF-AR-10002255,Newell 346,Office Supplies,Art,6.2208,4,NorthStar
OFF-PA-10001892,"Rediform Wirebound ""Phone Memo"" Message Book, 11 x 5-3/4",Office Supplies,Paper,22.0032,2,NorthStar
OFF-BI-10003676,"GBC Standard Recycled Report Covers, Clear Plastic Sheets",Office Supplies,Binders,21.56,4,Global Supply Co
OFF-FA-10003495,Staples,Office Supplies,Fasteners,27.44685714,1,Global Supply Co
OFF-EN-10003798,"Recycled Interoffice Envelopes with Re-Use-A-Seal Closure, 10 x 13",Office Supplies,Envelopes,34.14,1,NorthStar
TEC-PH-10003589,invisibleSHIELD by ZAGG Smudge-Free Screen Protector,Technology,Phones,63.222,3,NorthStar
OFF-PA-10004735,Xerox 1905,Office Supplies,Paper,29.2896,2,NorthStar
FUR-BO-10002206,"Bush Saratoga Collection 5-Shelf Bookcase, Hanover Cherry, *Special Order",Furniture,Bookcases,119.833,5,Prime Goods
OFF-PA-10000141,"Ampad Evidence Wirebond Steno Books, 6"" x 9""",Office Supplies,Paper,6.867,4,Global Supply Co
TEC-PH-10001061,Apple iPhone 5C,Technology,Phones,334.9665,4,Global Supply Co
OFF-AR-10002375,Newell 351,Office Supplies,Art,11.808,2,Global Supply Co
OFF-EN-10001539,Staples,Office Supplies,Envelopes,28.008,3,Global Supply Co
FUR-TA-10004086,KI Adjustable-Height Table,Furniture,Tables,255.4834286,4,NorthStar
OFF-PA-10000100,Xerox 1945,Office Supplies,Paper,212.12325,5,NorthStar
OFF-LA-10000973,Avery 502,Office Supplies,Labels,5.88,1,NorthStar
OFF-ST-10001476,Steel Personal Filing/Posting Tote,Office Supplies,Storage,187.4928,4,Prime Goods
OFF-EN-10002831,"Tyvek  Top-Opening Peel & Seel  Envelopes, Gray",Office Supplies,Envelopes,203.66,2,Prime Goods
OFF-PA-10001763,Xerox 1896,Office Supplies,Paper,24.975,1,NorthStar
OFF-BI-10002072,Cardinal Slant-D Ring Binders,Office Supplies,Binders,23.9844,4,Prime Goods
OFF-FA-10001561,Stockwell Push Pins,Office Supplies,Fasteners,8.72,3,Global Supply Co
TEC-MA-10004241,Star Micronics TSP800 TSP847IIU Receipt Printer,Technology,Machines,643.425,5,Global Supply Co
OFF-AP-10003849,Hoover Shoulder Vac Commercial Portable Vacuum,Office Supplies,Appliances,834.9133333,3,NorthStar
OFF-FA-10000735,Staples,Office Supplies,Fasteners,10.8624,5,Prime Goods
OFF-BI-10003350,Acco Expandable Hanging Binders,Office Supplies,Binders,9.7295,5,Global Supply Co
TEC-PH-10000307,Shocksock Galaxy S4 Armband,Technology,Phones,21.17,1,Prime Goods
TEC-CO-10004202,Brother DCP1000 Digital 3 in 1 Multifunction Machine,Technology,Copiers,694.2625714,3,Prime Goods
FUR-FU-10001852,"Eldon Regeneration Recycled Desk Accessories, Smoke",Furniture,Furnishings,6.7512,4,Global Supply Co
OFF-AR-10003759,"Crayola Anti Dust Chalk, 12/Pack",Office Supplies,Art,8.528,4,NorthStar
OFF-ST-10004337,"SAFCO Commercial Wire Shelving, 72h",Office Supplies,Storage,289.0528,4,NorthStar
FUR-TA-10001932,"Chromcraft 48"" x 96"" Racetrack Double Pedestal Table",Furniture,Tables,849.696,1,Global Supply Co
FUR-CH-10002126,Hon Deluxe Fabric Upholstered Stacking Chairs,Furniture,Chairs,646.547,1,Prime Goods
OFF-AP-10000576,"Belkin 325VA UPS Surge Protector, 6'",Office Supplies,Appliances,287.2645714,4,Prime Goods
TEC-PH-10004700,PowerGen Dual USB Car Charger,Technology,Phones,31.968,3,Prime Goods
OFF-BI-10003429,"Cardinal HOLDit! Binder Insert Strips,Extra Strips",Office Supplies,Binders,15.192,2,Prime Goods
FUR-FU-10004952,"C-Line Cubicle Keepers Polyproplyene Holder w/Velcro Back, 8-1/2x11, 25/Bx",Furniture,Furnishings,128.639,1,Global Supply Co
OFF-PA-10003172,Xerox 1996,Office Supplies,Paper,22.032,3,Global Supply Co
OFF-ST-10002352,Iris Project Case,Office Supplies,Storage,37.506,3,Global Supply Co
OFF-PA-10002259,"Geographics Note Cards, Blank, White, 8 1/2"" x 11""",Office Supplies,Paper,25.364,3,Prime Goods
OFF-BI-10002976,ACCOHIDE Binder by Acco,Office Supplies,Binders,16.3135,3,Prime Goods
OFF-BI-10003694,"Avery 3 1/2"" Diskette Storage Pages, 10/Pack",Office Supplies,Binders,22.968,3,Global Supply Co
OFF-LA-10004425,Staples,Office Supplies,Labels,10.7508,5,Global Supply Co
FUR-CH-10001270,Harbour Creations Steel Folding Chair,Furniture,Chairs,298.640625,4,Prime Goods
TEC-PH-10004539,Wireless Extenders zBoost YX545 SOHO Signal Booster,Technology,Phones,577.7694286,4,NorthStar
OFF-AR-10001919,"OIC #2 Pencils, Medium Soft",Office Supplies,Art,4.404571429,4,Prime Goods
TEC-PH-10003655,Sannysis Cute Owl Design Soft Skin Case Cover for Samsung Galaxy S4,Technology,Phones,6.93,2,Global Supply Co
OFF-BI-10004656,Peel & Stick Add-On Corner Pockets,Office Supplies,Binders,5.430857143,3,Global Supply Co
OFF-ST-10002344,"Carina 42""Hx23 3/4""W Media Storage Unit",Office Supplies,Storage,204.4745,2,NorthStar
TEC-PH-10004447,Toshiba IPT2010-SD IP Telephone,Technology,Phones,451.7175,4,NorthStar
FUR-CH-10003973,GuestStacker Chair with Chrome Finish Legs,Furniture,Chairs,1133.868,3,Prime Goods
OFF-PA-10000682,Xerox 1924,Office Supplies,Paper,15.028,5,Global Supply Co
FUR-FU-10002268,Ultra Door Push Plate,Furniture,Furnishings,21.32342857,4,Global Supply Co
TEC-AC-10001990,Kensington Orbit Wireless Mobile Trackball for PC and Mac,Technology,Accessories,340.7432,5,NorthStar
FUR-CH-10004540,Global Chrome Stack Chair,Furniture,Chairs,135.9773333,4,Global Supply Co
OFF-ST-10002292,"Sauder Facets Collection Locker/File Cabinet, Sky Alder Finish",Office Supplies,Storage,853.254,1,NorthStar
OFF-AR-10004999,Newell 315,Office Supplies,Art,24.31866667,5,NorthStar
OFF-BI-10001031,Pressboard Data Binders by Wilson Jones,Office Supplies,Binders,12.4155,5,Global Supply Co
OFF-BI-10002432,Wilson Jones Standard D-Ring Binders,Office Supplies,Binders,12.08075,2,NorthStar
FUR-FU-10001867,"Eldon Expressions Punched Metal & Wood Desk Accessories, Pewter & Cherry",Furniture,Furnishings,40.432,2,NorthStar
TEC-PH-10002200,Samsung Galaxy Note 2,Technology,Phones,929.73575,5,Prime Goods
TEC-PH-10000439,GE DSL Phone Line Filter,Technology,Phones,123.969,2,Prime Goods
OFF-PA-10001685,Staples,Office Supplies,Paper,51.5112,1,Prime Goods
OFF-ST-10001418,Carina Media Storage Towers in Natural & Black,Office Supplies,Storage,214.6496,2,NorthStar
OFF-ST-10000676,Fellowes Econo/Stor Drawers,Office Supplies,Storage,290.79,1,NorthStar
OFF-AR-10001022,SANFORD Liquid Accent Tank-Style Highlighters,Office Supplies,Art,4.733333333,5,Prime Goods
OFF-EN-10003055,"Blue String-Tie & Button Interoffice Envelopes, 10 x 13",Office Supplies,Envelopes,111.944,2,NorthStar
TEC-CO-10001046,Canon Imageclass D680 Copier / Fax,Technology,Copiers,1791.9744,1,NorthStar
FUR-FU-10000076,24-Hour Round Wall Clock,Furniture,Furnishings,81.252,5,NorthStar
FUR-FU-10003268,Eldon Radial Chair Mat for Low to Medium Pile Carpets,Furniture,Furnishings,129.2686667,4,Global Supply Co
FUR-FU-10003691,"Eldon Image Series Desk Accessories, Ebony",Furniture,Furnishings,36.062,2,Prime Goods
OFF-AR-10003903,Sanford 52201 APSCO Electric Pencil Sharpener,Office Supplies,Art,141.3465,1,Global Supply Co
TEC-PH-10003442,Samsung Replacement EH64AVFWE Premium Headset,Technology,Phones,20.9,3,Global Supply Co
OFF-BI-10004519,GBC DocuBind P100 Manual Binding Machine,Office Supplies,Binders,369.3055,1,Global Supply Co
OFF-EN-10004955,Fashion Color Clasp Envelopes,Office Supplies,Envelopes,25.968,3,Global Supply Co
FUR-TA-10004619,Hon Non-Folding Utility Tables,Furniture,Tables,755.1294,2,Global Supply Co
FUR-BO-10004467,Bestar Classic Bookcase,Furniture,Bookcases,237.226275,5,Prime Goods
OFF-AR-10002280,Staples,Office Supplies,Art,27.174,2,Prime Goods
FUR-CH-10001708,Office Star - Contemporary Swivel Chair with Padded Adjustable Arms and Flex Back,Furniture,Chairs,569.962,1,Global Supply Co
OFF-AR-10000462,Sanford Pocket Accent Highlighters,Office Supplies,Art,7.466666667,4,Global Supply Co
TEC-PH-10004165,Mitel MiVoice 5330e IP Phone,Technology,Phones,855.5244444,2,Global Supply Co
FUR-FU-10003724,Westinghouse Clip-On Gooseneck Lamps,Furniture,Furnishings,31.062,1,Global Supply Co
FUR-FU-10003535,Howard Miller Distant Time Traveler Alarm Clock,Furniture,Furnishings,88.658,4,NorthStar
OFF-ST-10003716,Tennsco Double-Tier Lockers,Office Supplies,Storage,802.5713333,1,NorthStar
TEC-PH-10004586,Wilson SignalBoost 841262 DB PRO Amplifier Kit,Technology,Phones,887.8766667,3,Global Supply Co
OFF-BI-10004236,"XtraLife ClearVue Slant-D Ring Binder, White, 3""",Office Supplies,Binders,38.6084,1,Prime Goods
OFF-AR-10000422,Pencil and Crayon Sharpener,Office Supplies,Art,7.3365,2,Global Supply Co
OFF-PA-10002870,"Ampad Phone Message Book, Recycled, 400 Message Capacity, 5 ¾” x 11”",Office Supplies,Paper,24.96,5,NorthStar
OFF-ST-10000563,Fellowes Bankers Box Stor/Drawer Steel Plus,Office Supplies,Storage,118.859,4,Global Supply Co
OFF-BI-10002854,"Performers Binder/Pad Holder, Black",Office Supplies,Binders,76.38175,1,Global Supply Co
FUR-CH-10001973,Office Star Flex Back Scooter Chair with White Frame,Furniture,Chairs,253.6685714,2,Prime Goods
TEC-AC-10000580,Logitech G13 Programmable Gameboard with LCD Display,Technology,Accessories,259.9675,5,NorthStar
OFF-AR-10004022,Panasonic KP-380BK Classic Electric Pencil Sharpener,Office Supplies,Art,117.5346667,1,Global Supply Co
TEC-AC-10004209,Memorex Froggy Flash Drive 4 GB,Technology,Accessories,27.2552,1,NorthStar
TEC-AC-10000023,"Maxell 74 Minute CD-R Spindle, 50/Pack",Technology,Accessories,100.656,3,Global Supply Co
TEC-PH-10003505,Geemarc AmpliPOWER60,Technology,Phones,310.4581818,2,Prime Goods
OFF-LA-10000121,Avery 48,Office Supplies,Labels,30.24,3,NorthStar
OFF-BI-10002026,Avery Arch Ring Binders,Office Supplies,Binders,147.773,4,NorthStar
OFF-PA-10000994,Xerox 1915,Office Supplies,Paper,309.89,1,NorthStar
OFF-BI-10002813,Avery Reinforcements for Hole-Punch Pages,Office Supplies,Binders,3.564,3,NorthStar
OFF-AR-10004817,Colorific Watercolor Pencils,Office Supplies,Art,17.2,5,Global Supply Co
OFF-AR-10001860,BIC Liqua Brite Liner,Office Supplies,Art,28.91666667,1,Global Supply Co
OFF-BI-10004970,"ACCOHIDE 3-Ring Binder, Blue, 1""",Office Supplies,Binders,11.30984615,4,NorthStar
OFF-PA-10002968,Xerox 1973,Office Supplies,Paper,84.508,5,Prime Goods
OFF-BI-10004632,GBC Binding covers,Office Supplies,Binders,395.3995,4,NorthStar
FUR-BO-10003433,Sauder Cornerstone Collection Library,Furniture,Bookcases,107.3973333,3,Prime Goods
FUR-FU-10002554,"Westinghouse Floor Lamp with Metal Mesh Shade, Black",Furniture,Furnishings,41.9825,1,Global Supply Co
TEC-PH-10003437,Blue Parrot B250XT Professional Grade Wireless Bluetooth Headset with,Technology,Phones,307.459,2,Global Supply Co
OFF-AP-10003971,Belkin 6 Outlet Metallic Surge Strip,Office Supplies,Appliances,29.161,3,Global Supply Co
FUR-CH-10003846,Hon Valutask Swivel Chairs,Furniture,Chairs,310.5135,3,Global Supply Co
OFF-LA-10001404,Avery 517,Office Supplies,Labels,11.07,1,NorthStar
OFF-LA-10001474,Avery 477,Office Supplies,Labels,143.491,5,Global Supply Co
OFF-PA-10003072,"Eureka Recycled Copy Paper 8 1/2"" x 11"", Ream",Office Supplies,Paper,18.36,1,Prime Goods
FUR-FU-10004960,"Seth Thomas 12"" Clock w/ Goldtone Case",Furniture,Furnishings,130.22,1,NorthStar
TEC-AC-10003116,Memorex Froggy Flash Drive 8 GB,Technology,Accessories,67.00625,3,NorthStar
OFF-AP-10004859,Acco 6 Outlet Guardian Premium Surge Suppressor,Office Supplies,Appliances,54.054,2,Global Supply Co
OFF-PA-10002659,Avoid Verbal Orders Carbonless Minifold Book,Office Supplies,Paper,13.6552,4,Global Supply Co
OFF-BI-10004139,Fellowes Presentation Covers for Comb Binding Machines,Office Supplies,Binders,66.93,5,Prime Goods
OFF-AR-10002818,Panasonic KP-310 Heavy-Duty Electric Pencil Sharpener,Office Supplies,Art,98.91,2,Prime Goods
OFF-AP-10001303,"Holmes Cool Mist Humidifier for the Whole House with 8-Gallon Output per Day, Extended Life Filter",Office Supplies,Appliances,36.815,1,Global Supply Co
OFF-ST-10002574,"SAFCO Commercial Wire Shelving, Black",Office Supplies,Storage,419.9456,5,Global Supply Co
FUR-FU-10004018,Tensor Computer Mounted Lamp,Furniture,Furnishings,67.005,3,NorthStar
TEC-PH-10002549,Polycom SoundPoint IP 450 VoIP phone,Technology,Phones,639.9366667,1,Global Supply Co
OFF-PA-10004911,"Rediform S.O.S. 1-Up Phone Message Bk, 4-1/4x3-1/16 Bk, 1 Form/Pg, 40 Messages/Bk, 3/Pk",Office Supplies,Paper,39.396,4,Global Supply Co
TEC-MA-10002178,Cisco CP-7937G Unified IP Conference Station Phone,Technology,Machines,695.7,1,Global Supply Co
OFF-AR-10000411,Boston 16701 Slimline Battery Pencil Sharpener,Office Supplies,Art,43.038,4,Prime Goods
OFF-LA-10000262,Avery 494,Office Supplies,Labels,9.396,1,Prime Goods
OFF-PA-10000466,"Memo Book, 100 Message Capacity, 5 3/8” x 11”",Office Supplies,Paper,25.612,2,Global Supply Co
OFF-AR-10003829,Newell 35,Office Supplies,Art,10.35022222,3,NorthStar
OFF-BI-10001758,Wilson Jones 14 Line Acrylic Coated Pressboard Data Binders,Office Supplies,Binders,25.098,4,Prime Goods
OFF-BI-10000136,Avery Non-Stick Heavy Duty View Round Locking Ring Binders,Office Supplies,Binders,22.724,5,NorthStar
OFF-ST-10000649,Hanging Personal Folder File,Office Supplies,Storage,50.24,3,Prime Goods
OFF-PA-10003641,Xerox 1909,Office Supplies,Paper,107.8648889,1,Global Supply Co
FUR-CH-10002961,"Leather Task Chair, Black",Furniture,Chairs,239.5806667,5,Prime Goods
OFF-PA-10004041,"It's Hot Message Books with Stickers, 2 3/4"" x 5""",Office Supplies,Paper,26.88666667,1,Global Supply Co
TEC-PH-10001336,Digium D40 VoIP phone,Technology,Phones,338.2404444,3,NorthStar
TEC-MA-10003183,DYMO CardScan Personal V9 Business Card Scanner,Technology,Machines,447.972,4,Prime Goods
TEC-AC-10001314,Case Logic 2.4GHz Wireless Keyboard,Technology,Accessories,153.71925,5,Prime Goods
TEC-AC-10004510,Logitech Desktop MK120 Mouse and keyboard Combo,Technology,Accessories,64.89466667,3,NorthStar
OFF-BI-10000042,"Pressboard Data Binder, Crimson, 12"" X 8 1/2""",Office Supplies,Binders,11.036,1,Prime Goods
FUR-TA-10003008,"Lesro Round Back Collection Coffee Table, End Table",Furniture,Tables,355.9725,5,Global Supply Co
OFF-AP-10003590,Hoover WindTunnel Plus Canister Vacuum,Office Supplies,Appliances,1017.1,5,NorthStar
OFF-PA-10000806,Xerox 1934,Office Supplies,Paper,219.4416,4,Prime Goods
OFF-AR-10000896,Newell 329,Office Supplies,Art,12.136,4,NorthStar
TEC-PH-10002310,Panasonic KX T7731-B Digital phone,Technology,Phones,452.658,3,Global Supply Co
OFF-ST-10002289,"Safco Wire Cube Shelving System, For Use as 4 or 5 14"" Cubes, Black",Office Supplies,Storage,101.696,2,NorthStar
OFF-PA-10001289,White Computer Printout Paper by Universal,Office Supplies,Paper,159.885,2,Prime Goods
OFF-FA-10000053,Revere Boxed Rubber Bands by Revere,Office Supplies,Fasteners,8.001,4,Global Supply Co
FUR-FU-10004091,"Eldon 200 Class Desk Accessories, Black",Furniture,Furnishings,139.6785,2,NorthStar
OFF-EN-10003001,Ames Color-File Green Diamond Border X-ray Mailers,Office Supplies,Envelopes,340.119,2,NorthStar
FUR-TA-10002958,"Bevis Oval Conference Table, Walnut",Furniture,Tables,867.7585,4,Global Supply Co
FUR-TA-10001676,Hon 61000 Series Interactive Training Tables,Furniture,Tables,72.569,3,Global Supply Co
OFF-BI-10000822,"Acco PRESSTEX Data Binder with Storage Hooks, Light Blue, 9 1/2"" X 11""",Office Supplies,Binders,13.45,4,NorthStar
OFF-PA-10004888,Xerox 217,Office Supplies,Paper,18.954,4,NorthStar
FUR-TA-10002622,"Bush Andora Conference Table, Maple/Graphite Gray Finish",Furniture,Tables,359.058,2,Global Supply Co
OFF-PA-10000418,Xerox 189,Office Supplies,Paper,297.075,1,Prime Goods
FUR-TA-10001039,KI Adjustable-Height Table,Furniture,Tables,251.2960909,4,NorthStar
OFF-AR-10002240,Panasonic KP-150 Electric Pencil Sharpener,Office Supplies,Art,143.412,4,Global Supply Co
OFF-BI-10002867,GBC Recycled Regency Composition Covers,Office Supplies,Binders,215.208,2,NorthStar
FUR-FU-10003976,"DAX Executive Solid Wood Document Frame, Desktop or Hang, Mahogany, 5 x 7",Furniture,Furnishings,39.2496,3,Global Supply Co
TEC-PH-10002922,ShoreTel ShorePhone IP 230 VoIP phone,Technology,Phones,726.657,3,Global Supply Co
OFF-PA-10000501,Petty Cash Envelope,Office Supplies,Paper,77.28533333,1,Global Supply Co
OFF-AP-10004980,3M Replacement Filter for Office Air Cleaner for 20' x 33' Room,Office Supplies,Appliances,75.84,5,Global Supply Co
TEC-PH-10001750,Samsung Rugby III,Technology,Phones,173.22375,2,Global Supply Co
OFF-BI-10003708,"Acco Four Pocket Poly Ring Binder with Label Holder, Smoke, 1""",Office Supplies,Binders,20.36333333,3,NorthStar
OFF-BI-10001191,Canvas Sectional Post Binders,Office Supplies,Binders,70.43933333,2,Prime Goods
OFF-PA-10003673,Strathmore Photo Mount Cards,Office Supplies,Paper,27.27066667,1,Global Supply Co
OFF-PA-10001639,Xerox 203,Office Supplies,Paper,23.976,2,NorthStar
TEC-AC-10004975,Plantronics Audio 995 Wireless Stereo Headset,Technology,Accessories,478.2825,5,NorthStar
OFF-BI-10004364,Storex Dura Pro Binders,Office Supplies,Binders,10.4445,3,Prime Goods
OFF-PA-10001712,Xerox 1948,Office Supplies,Paper,49.95,2,NorthStar
FUR-CH-10004289,Global Super Steno Chair,Furniture,Chairs,341.4145714,1,NorthStar
TEC-PH-10002564,OtterBox Defender Series Case - Samsung Galaxy S4,Technology,Phones,86.22125,5,Prime Goods
OFF-BI-10004876,Wilson Jones Suede Grain Vinyl Binders,Office Supplies,Binders,5.467333333,2,Global Supply Co
TEC-PH-10004348,OtterBox Defender Series Case - iPhone 5c,Technology,Phones,66.564,4,NorthStar
OFF-BI-10004352,Wilson Jones DublLock D-Ring Binders,Office Supplies,Binders,17.8875,2,NorthStar
OFF-BI-10000666,Surelock Post Binders,Office Supplies,Binders,81.748,3,Prime Goods
TEC-MA-10000010,Hewlett-Packard Deskjet 3050a All-in-One Color Inkjet Printer,Technology,Machines,3040,5,NorthStar
OFF-BI-10000977,Ibico Plastic Spiral Binding Combs,Office Supplies,Binders,84.65230769,4,Global Supply Co
FUR-TA-10002530,"Iceberg OfficeWorks 42"" Round Tables",Furniture,Tables,493.9202857,2,Prime Goods
FUR-FU-10001473,DAX Wood Document Frame,Furniture,Furnishings,59.97685714,1,Prime Goods
OFF-BI-10001765,Wilson Jones Heavy-Duty Casebound Ring Binders with Metal Hinges,Office Supplies,Binders,92.37333333,3,Prime Goods
FUR-CH-10000847,Global Executive Mid-Back Manager's Chair,Furniture,Chairs,771.097,3,NorthStar
OFF-PA-10001293,Xerox 1946,Office Supplies,Paper,26.352,1,Global Supply Co
OFF-AR-10000634,Newell 320,Office Supplies,Art,11.61714286,3,NorthStar
FUR-FU-10004270,"Eldon Image Series Desk Accessories, Burgundy",Furniture,Furnishings,26.66,2,NorthStar
OFF-AR-10003770,Newell 340,Office Supplies,Art,12.96,1,Prime Goods
OFF-LA-10003121,Avery 506,Office Supplies,Labels,22.02666667,5,Prime Goods
OFF-PA-10002262,Xerox 192,Office Supplies,Paper,23.76,1,NorthStar
OFF-PA-10002464,HP Office Recycled Paper (20Lb. and 87 Bright),Office Supplies,Paper,26.588,1,Global Supply Co
OFF-ST-10002214,X-Rack File for Hanging Folders,Office Supplies,Storage,35.37533333,4,Prime Goods
OFF-PA-10000130,Xerox 199,Office Supplies,Paper,14.338,2,Global Supply Co
TEC-AC-10000865,WD My Passport Ultra 500GB Portable External Hard Drive,Technology,Accessories,177,3,Prime Goods
OFF-FA-10003021,Staples,Office Supplies,Fasteners,5.765333333,3,NorthStar
TEC-PH-10003580,Cisco IP Phone 7961G-GE VoIP phone,Technology,Phones,563.108,4,Prime Goods
TEC-AC-10001109,Logitech Trackman Marble Mouse,Technology,Accessories,85.97133333,4,Global Supply Co
OFF-PA-10001838,"Adams Telephone Message Book W/Dividers/Space For Phone Numbers, 5 1/4""X8 1/2"", 300/Messages",Office Supplies,Paper,13.2888,4,Prime Goods
OFF-ST-10004950,Acco Perma 3000 Stacking Storage Drawers,Office Supplies,Storage,59.32945455,4,Prime Goods
OFF-PA-10003823,Xerox 197,Office Supplies,Paper,167.292,1,Global Supply Co
TEC-PH-10001300,"iKross Bluetooth Portable Keyboard + Cell Phone Stand Holder + Brush for Apple iPhone 5S 5C 5, 4S 4",Technology,Phones,95.532,2,Global Supply Co
FUR-TA-10003715,Hon 2111 Invitation Series Corner Table,Furniture,Tables,785.1375,4,NorthStar
TEC-MA-10004458,Lexmark X 9575 Professional All-in-One Color Printer,Technology,Machines,396,2,Prime Goods
OFF-BI-10004965,Ibico Covers for Plastic or Wire Binding Elements,Office Supplies,Binders,26.28571429,2,Prime Goods
OFF-AR-10001419,Newell 325,Office Supplies,Art,21.33833333,2,Prime Goods
OFF-PA-10002586,Xerox 1970,Office Supplies,Paper,16.932,5,Global Supply Co
OFF-AR-10002221,12 Colored Short Pencils,Office Supplies,Art,6.066666667,5,Prime Goods
FUR-FU-10002456,"Master Caster Door Stop, Large Neon Orange",Furniture,Furnishings,22.048,2,Global Supply Co
OFF-FA-10004968,Rubber Band Ball,Office Supplies,Fasteners,14.586,1,Global Supply Co
OFF-PA-10001274,Loose Memo Sheets,Office Supplies,Paper,9.125,3,Prime Goods
OFF-PA-10001125,Xerox 1988,Office Supplies,Paper,122.5431111,5,Global Supply Co
OFF-ST-10000344,"Neat Ideas Personal Hanging Folder Files, Black",Office Supplies,Storage,39.52257143,5,Prime Goods
OFF-ST-10003324,Belkin OmniView SE Rackmount Kit,Office Supplies,Storage,124.18,2,Prime Goods
OFF-ST-10000419,"Rogers Jumbo File, Granite",Office Supplies,Storage,45.396,1,Global Supply Co
OFF-AP-10001626,"Commercial WindTunnel Clean Air Upright Vacuum, Replacement Belts, Filtration Bags",Office Supplies,Appliances,7.224285714,3,Global Supply Co
FUR-FU-10003981,Eldon Wave Desk Accessories,Furniture,Furnishings,5.9904,1,Prime Goods
OFF-ST-10001291,"Tenex Personal Self-Stacking Standard File Box, Black/Gray",Office Supplies,Storage,45.9952,4,Prime Goods
OFF-AP-10004868,Hoover Commercial Soft Guard Upright Vacuum And Disposable Filtration Bags,Office Supplies,Appliances,22.9215,4,NorthStar
OFF-LA-10002195,Avery 481,Office Supplies,Labels,18.2336,1,Global Supply Co
OFF-AR-10001315,Newell 310,Office Supplies,Art,5.531428571,2,Global Supply Co
OFF-EN-10003134,Staples,Office Supplies,Envelopes,35.37371429,5,NorthStar
OFF-AR-10001955,Newell 319,Office Supplies,Art,63.984,5,NorthStar
OFF-LA-10001641,Avery 518,Office Supplies,Labels,13.30875,3,NorthStar
OFF-ST-10001370,Sensible Storage WireTech Storage Systems,Office Supplies,Storage,310.5375,4,NorthStar
TEC-AC-10003038,Kingston Digital DataTraveler 16GB USB 2.0,Technology,Accessories,36.76384615,4,Prime Goods
OFF-BI-10000088,GBC Imprintable Covers,Office Supplies,Binders,30.195,1,NorthStar
OFF-AR-10003504,Newell 347,Office Supplies,Art,18.22057143,5,NorthStar
OFF-EN-10003160,Pastel Pink Envelopes,Office Supplies,Envelopes,21.84,5,NorthStar
TEC-AC-10003280,Belkin F8E887 USB Wired Ergonomic Keyboard,Technology,Accessories,70.4765,4,Global Supply Co
TEC-PH-10000169,ARKON Windshield Dashboard Air Vent Car Mount Holder,Technology,Phones,54.24,4,Global Supply Co
OFF-PA-10001526,Xerox 1949,Office Supplies,Paper,14.3175,1,Prime Goods
OFF-AP-10004336,"Conquest 14 Commercial Heavy-Duty Upright Vacuum, Collection System, Accessory Kit",Office Supplies,Appliances,136.704,5,NorthStar
OFF-PA-10001357,Xerox 1886,Office Supplies,Paper,130.288,4,Prime Goods
OFF-FA-10000992,"Acco Clips to Go Binder Clips, 24 Clips in Two Sizes",Office Supplies,Fasteners,13.206,5,NorthStar
OFF-AR-10001221,"Dixon Ticonderoga Erasable Colored Pencil Set, 12-Color",Office Supplies,Art,37.674,5,Prime Goods
TEC-PH-10004830,Pyle PRT45 Retro Home Telephone,Technology,Phones,201.568,2,Global Supply Co
OFF-PA-10004519,Spiral Phone Message Books with Labels by Adams,Office Supplies,Paper,15.008,5,Prime Goods
FUR-BO-10000362,Sauder Inglewood Library Bookcases,Furniture,Bookcases,430.8696,3,Global Supply Co
OFF-PA-10000308,Xerox 1901,Office Supplies,Paper,16.896,2,NorthStar
OFF-SU-10001165,Acme Elite Stainless Steel Scissors,Office Supplies,Supplies,19.0152,1,Prime Goods
FUR-FU-10001488,"Tenex 46"" x 60"" Computer Anti-Static Chairmat, Rectangular Shaped",Furniture,Furnishings,323.996,3,Prime Goods
OFF-AR-10003251,Prang Drawing Pencil Set,Office Supplies,Art,6.274857143,4,Global Supply Co
OFF-AR-10001044,"BOSTON Ranger #55 Pencil Sharpener, Black",Office Supplies,Art,68.72911111,5,Global Supply Co
OFF-AR-10000823,Newell 307,Office Supplies,Art,6.430666667,3,Prime Goods
OFF-AR-10004456,Panasonic KP-4ABK Battery-Operated Pencil Sharpener,Office Supplies,Art,58.56,4,Prime Goods
OFF-BI-10000591,Avery Binder Labels,Office Supplies,Binders,6.51575,4,Prime Goods
TEC-PH-10000441,VTech DS6151,Technology,Phones,343.32275,1,Global Supply Co
TEC-AC-10004855,V7 USB Numeric Keypad,Technology,Accessories,115.467,2,NorthStar
OFF-AR-10001915,Peel-Off China Markers,Office Supplies,Art,41.13857143,2,Prime Goods
OFF-ST-10000352,Acco Perma 2700 Stacking Storage Drawers,Office Supplies,Storage,52.045,4,Global Supply Co
OFF-PA-10000575,"Wirebound Message Books, Four 2 3/4 x 5 White Forms per Page",Office Supplies,Paper,31.15628571,4,Global Supply Co
FUR-FU-10002937,"GE 48"" Fluorescent Tube, Cool White Energy Saver, 34 Watts, 30/Box",Furniture,Furnishings,337.382,5,NorthStar
TEC-AC-10003063,Micro Innovations USB RF Wireless Keyboard with Mouse,Technology,Accessories,73.33333333,2,Global Supply Co
TEC-AC-10002049,Plantronics Savi W720 Multi-Device Wireless Headset System,Technology,Accessories,917.1024,4,NorthStar
FUR-FU-10004415,"Stacking Tray, Side-Loading, Legal, Smoke",Furniture,Furnishings,11.648,3,Prime Goods
OFF-ST-10002011,Smead Adjustable Mobile File Trolley with Lockable Top,Office Supplies,Storage,1592.922,4,Prime Goods
TEC-PH-10000038,Jawbone MINI JAMBOX Wireless Bluetooth Speaker,Technology,Phones,405.4608,3,Prime Goods
OFF-PA-10002689,Weyerhaeuser First Choice Laser/Copy Paper (20Lb. and 88 Bright),Office Supplies,Paper,31.104,5,NorthStar
TEC-CO-10001766,Canon PC940 Copier,Technology,Copiers,1889.958,4,Global Supply Co
OFF-PA-10004359,Multicolor Computer Printout Paper,Office Supplies,Paper,377.46,5,NorthStar
OFF-FA-10001135,"Brites Rubber Bands, 1 1/2 oz. Box",Office Supplies,Fasteners,4.356,2,NorthStar
OFF-BI-10004224,Catalog Binders with Expanding Posts,Office Supplies,Binders,136.242,4,Global Supply Co
TEC-PH-10003357,Grandstream GXP2100 Mainstream Business Phone,Technology,Phones,149.1555,4,NorthStar
OFF-PA-10004475,Xerox 1940,Office Supplies,Paper,153.888,4,Prime Goods
OFF-PA-10003001,Xerox 1986,Office Supplies,Paper,21.376,4,Global Supply Co
OFF-FA-10000611,Binder Clips by OIC,Office Supplies,Fasteners,5.158857143,1,Global Supply Co
OFF-BI-10001116,"Wilson Jones 1"" Hanging DublLock Ring Binders",Office Supplies,Binders,11.7744,5,Prime Goods
TEC-PH-10004922,RCA Visys Integrated PBX 8-Line Router,Technology,Phones,217.0476,4,Prime Goods
OFF-BI-10002353,GBC VeloBind Cover Sets,Office Supplies,Binders,31.16072727,3,Prime Goods
OFF-FA-10002676,Colored Push Pins,Office Supplies,Fasteners,4.9956,3,Prime Goods
TEC-AC-10003023,Logitech G105 Gaming Keyboard,Technology,Accessories,151.9872,4,Prime Goods
OFF-PA-10000167,Xerox 1925,Office Supplies,Paper,81.58066667,4,Global Supply Co
TEC-PH-10002185,QVS USB Car Charger 2-Port 2.1Amp for iPod/iPhone/iPad/iPad 2/iPad 3,Technology,Phones,15.846,2,Global Supply Co
FUR-FU-10000758,DAX Natural Wood-Tone Poster Frame,Furniture,Furnishings,102.7424,5,NorthStar
TEC-MA-10004679,StarTech.com 10/100 VDSL2 Ethernet Extender Kit,Technology,Machines,582.6625,1,Global Supply Co
OFF-AP-10002495,"Acco Smartsocket Table Surge Protector, 6 Color-Coded Adapter Outlets",Office Supplies,Appliances,150.9883333,3,Prime Goods
OFF-BI-10002414,GBC ProClick Spines for 32-Hole Punch,Office Supplies,Binders,13.2818,5,Global Supply Co
TEC-AC-10003133,Memorex Mini Travel Drive 4 GB USB 2.0 Flash Drive,Technology,Accessories,13.616,2,NorthStar
TEC-AC-10002006,Memorex Micro Travel Drive 16 GB,Technology,Accessories,79.49314286,5,Prime Goods
OFF-LA-10002381,Avery 497,Office Supplies,Labels,12.012,1,Prime Goods
OFF-FA-10001843,Staples,Office Supplies,Fasteners,12.597,1,Prime Goods
OFF-LA-10003077,Avery 500,Office Supplies,Labels,29.24,4,NorthStar
OFF-PA-10003424,"""While you Were Out"" Message Book, One Form per Page",Office Supplies,Paper,8.409333333,3,Global Supply Co
OFF-PA-10004405,Rediform Voice Mail Log Books,Office Supplies,Paper,14.602,5,NorthStar
FUR-BO-10003965,O'Sullivan Manor Hill 2-Door Library in Brianna Oak,Furniture,Bookcases,411.7295,4,Global Supply Co
FUR-FU-10002088,Nu-Dell Float Frame 11 x 14 1/2,Furniture,Furnishings,24.37428571,4,NorthStar
TEC-AC-10000736,Logitech G600 MMO Gaming Mouse,Technology,Accessories,201.97475,3,NorthStar
FUR-BO-10003966,"Sauder Facets Collection Library, Sky Alder Finish",Furniture,Bookcases,356.92075,4,Global Supply Co
OFF-AP-10000828,Avanti 4.4 Cu. Ft. Refrigerator,Office Supplies,Appliances,501.5731429,1,Global Supply Co
OFF-AP-10002906,Hoover Replacement Belt for Commercial Guardsman Heavy-Duty Upright Vacuum,Office Supplies,Appliances,2.442,1,Prime Goods
OFF-AP-10003860,Fellowes Advanced 8 Outlet Surge Suppressor with Phone/Fax Protection,Office Supplies,Appliances,81.42933333,2,NorthStar
FUR-TA-10001307,"SAFCO PlanMaster Heigh-Adjustable Drafting Table Base, 43w x 30d x 30-37h, Black",Furniture,Tables,747.823,3,Global Supply Co
OFF-PA-10001457,White GlueTop Scratch Pads,Office Supplies,Paper,93.248,4,Global Supply Co
OFF-AP-10002082,Holmes HEPA Air Purifier,Office Supplies,Appliances,39.93,5,NorthStar
TEC-AC-10003590,"TRENDnet 56K USB 2.0 Phone, Internet and Fax Modem",Technology,Accessories,125.3076,5,Prime Goods
OFF-PA-10004355,Xerox 231,Office Supplies,Paper,15.8112,5,Prime Goods
OFF-PA-10004947,Staples,Office Supplies,Paper,16.264,1,Prime Goods
FUR-TA-10004607,Hon 2111 Invitation Series Straight Table,Furniture,Tables,291.4362857,1,Global Supply Co
OFF-PA-10003893,Xerox 1962,Office Supplies,Paper,15.65257143,5,Prime Goods
TEC-PH-10001817,Wilson Electronics DB Pro Signal Booster,Technology,Phones,887.84,2,NorthStar
FUR-BO-10000330,"Sauder Camden County Barrister Bookcase, Planked Cherry Finish",Furniture,Bookcases,354.8746667,1,NorthStar
OFF-BI-10001900,"DXL Angle-View Binders with Locking Rings, Black",Office Supplies,Binders,31.148,2,NorthStar
FUR-BO-10003159,"Sauder Camden County Collection Libraries, Planked Cherry Finish",Furniture,Bookcases,272.8311143,4,NorthStar
FUR-FU-10001591,Advantus Panel Wall Certificate Holder - 8.5x11,Furniture,Furnishings,45.14,5,NorthStar
OFF-LA-10002034,Avery 478,Office Supplies,Labels,22.095,2,Global Supply Co
OFF-BI-10001628,"Acco Data Flex Cable Posts For Top & Bottom Load Binders, 6"" Capacity",Office Supplies,Binders,28.7868,3,Prime Goods
OFF-ST-10000877,Recycled Steel Personal File for Standard File Folders,Office Supplies,Storage,268.1565,3,NorthStar
OFF-AR-10004752,Blackstonian Pencils,Office Supplies,Art,12.282,3,Global Supply Co
OFF-PA-10000675,Xerox 1919,Office Supplies,Paper,173.9797778,1,Prime Goods
OFF-PA-10001609,Tops Wirebound Message Log Books,Office Supplies,Paper,12.28266667,3,Prime Goods
TEC-PH-10001615,AT&T CL82213,Technology,Phones,96.2468,3,NorthStar
TEC-AC-10004568,Maxell LTO Ultrium - 800 GB,Technology,Accessories,135.7515,2,Prime Goods
FUR-CH-10001854,Office Star - Professional Matrix Back Chair with 2-to-1 Synchro Tilt and Mesh Fabric Seat,Furniture,Chairs,1096.8125,1,Global Supply Co
OFF-AR-10000475,"Hunt BOSTON Vista Battery-Operated Pencil Sharpener, Black",Office Supplies,Art,20.988,2,NorthStar
TEC-PH-10000455,GE 30522EE2,Technology,Phones,386.6333333,4,NorthStar
OFF-PA-10001994,"Ink Jet Note and Greeting Cards, 8-1/2"" x 5-1/2"" Card Size",Office Supplies,Paper,40.464,5,Prime Goods
TEC-AC-10002926,Logitech Wireless Marathon Mouse M705,Technology,Accessories,176.21475,2,Prime Goods
TEC-PH-10004897,Mediabridge Sport Armband iPhone 5s,Technology,Phones,36.82028571,5,NorthStar
FUR-FU-10001196,DAX Cubicle Frames - 8x10,Furniture,Furnishings,25.1572,3,NorthStar
OFF-PA-10000595,Xerox 1929,Office Supplies,Paper,87.934,1,Prime Goods
OFF-LA-10000443,Avery 501,Office Supplies,Labels,8.3025,5,NorthStar
OFF-LA-10001771,Avery 513,Office Supplies,Labels,18.7248,5,Global Supply Co
OFF-AP-10001394,Harmony Air Purifier,Office Supplies,Appliances,389.34,1,NorthStar
FUR-FU-10002553,"Electrix Incandescent Magnifying Lamp, Black",Furniture,Furnishings,58.64,5,Global Supply Co
OFF-AP-10004233,Honeywell Enviracaire Portable Air Cleaner for up to 8 x 10 Room,Office Supplies,Appliances,149.604,4,Global Supply Co
FUR-CH-10004754,"Global Stack Chair with Arms, Black",Furniture,Chairs,114.7805714,4,Prime Goods
OFF-PA-10000809,Xerox 206,Office Supplies,Paper,12.1824,3,Prime Goods
FUR-FU-10002878,"Seth Thomas 14"" Day/Date Wall Clock",Furniture,Furnishings,77.84533333,1,Global Supply Co
TEC-PH-10002624,Samsung Galaxy S4 Mini,Technology,Phones,1221.974,5,Global Supply Co
TEC-PH-10002885,Apple iPhone 5,Technology,Phones,2166.1,1,Global Supply Co
TEC-PH-10000895,Polycom VVX 310 VoIP phone,Technology,Phones,778.45675,3,NorthStar
TEC-MA-10000488,Bady BDG101FRU Card Printer,Technology,Machines,2319.971,5,NorthStar
OFF-PA-10003729,Xerox 1998,Office Supplies,Paper,23.328,3,Global Supply Co
OFF-AP-10001005,Honeywell Quietcare HEPA Air Cleaner,Office Supplies,Appliances,293.6266667,5,NorthStar
FUR-CH-10000988,Hon Olson Stacker Stools,Furniture,Chairs,529.4456,2,Global Supply Co
FUR-FU-10001986,"Dana Fluorescent Magnifying Lamp, White, 36""",Furniture,Furnishings,145.293,3,Prime Goods
FUR-FU-10004973,Flat Face Poster Frame,Furniture,Furnishings,56.52,5,Prime Goods
OFF-ST-10000464,"Multi-Use Personal File Cart and Caster Set, Three Stacking Bins",Office Supplies,Storage,73.6912,5,Global Supply Co
OFF-PA-10000528,Xerox 1981,Office Supplies,Paper,17.688,2,NorthStar
OFF-PA-10003129,Tops White Computer Printout Paper,Office Supplies,Paper,171.185,1,Global Supply Co
OFF-AR-10003631,Staples,Office Supplies,Art,30.976,2,Prime Goods
OFF-BI-10002133,"Wilson Jones Elliptical Ring 3 1/2"" Capacity Binders, 800 sheets",Office Supplies,Binders,104.325,2,Prime Goods
TEC-PH-10004959,Classic Ivory Antique Telephone ZL1810,Technology,Phones,170.833,3,Prime Goods
FUR-BO-10001918,"Sauder Forest Hills Library with Doors, Woodland Oak Finish",Furniture,Bookcases,338.058,3,NorthStar
FUR-FU-10001617,"Executive Impressions 8-1/2"" Career Panel/Partition Cubicle Clock",Furniture,Furnishings,33.28,5,NorthStar
TEC-PH-10002824,Jabra SPEAK 410 Multidevice Speakerphone,Technology,Phones,672.9006667,4,Global Supply Co
OFF-PA-10003309,Xerox 211,Office Supplies,Paper,26.244,5,Prime Goods
OFF-ST-10002554,Tennsco Industrial Shelving,Office Supplies,Storage,142.3824444,1,Global Supply Co
OFF-AR-10002067,Newell 334,Office Supplies,Art,88.61866667,3,NorthStar
FUR-TA-10004175,"Hon 30"" x 60"" Table with Locking Drawer",Furniture,Tables,432.0093333,5,Prime Goods
FUR-TA-10004767,Safco Drafting Table,Furniture,Tables,159.705,1,NorthStar
OFF-EN-10002621,Staples,Office Supplies,Envelopes,15.648,2,Prime Goods
OFF-LA-10003714,Avery 510,Office Supplies,Labels,7.25,1,NorthStar
FUR-FU-10001889,Ultra Door Pull Handle,Furniture,Furnishings,44.184,5,Prime Goods
OFF-AR-10003723,Avery Hi-Liter Fluorescent Desk Style Markers,Office Supplies,Art,10.14,3,Global Supply Co
OFF-PA-10000241,"IBM Multi-Purpose Copy Paper, 8 1/2 x 11"", Case",Office Supplies,Paper,76.41733333,4,Global Supply Co
OFF-AR-10001446,Newell 309,Office Supplies,Art,39.27,2,NorthStar
OFF-BI-10001359,GBC DocuBind TL300 Electric Binding System,Office Supplies,Binders,1802.134455,2,Global Supply Co
OFF-EN-10001749,Jiffy Padded Mailers with Self-Seal Closure,Office Supplies,Envelopes,29.808,4,Global Supply Co
OFF-BI-10004390,GBC DocuBind 200 Manual Binding Machine,Office Supplies,Binders,1052.45,3,Prime Goods
TEC-PH-10004924,"SKILCRAFT Telephone Shoulder Rest, 2"" x 6.5"" x 2.5"", Black",Technology,Phones,18.72133333,1,Prime Goods
FUR-CH-10000155,Global Comet Stacking Armless Chair,Furniture,Chairs,588.1316667,3,NorthStar
OFF-BI-10001757,Pressboard Hanging Data Binders for Unburst Sheets,Office Supplies,Binders,11.2668,5,Global Supply Co
FUR-FU-10004093,Hand-Finished Solid Wood Document Frame,Furniture,Furnishings,86.716,4,Prime Goods
FUR-FU-10001037,"DAX Charcoal/Nickel-Tone Document Frame, 5 x 7",Furniture,Furnishings,24.10628571,1,NorthStar
OFF-PA-10001878,Xerox 1891,Office Supplies,Paper,188.6528571,5,Prime Goods
TEC-MA-10003674,Hewlett-Packard Deskjet 5550 Printer,Technology,Machines,597.132,3,Global Supply Co
OFF-LA-10003190,Avery 474,Office Supplies,Labels,8.704,5,NorthStar
TEC-PH-10001809,Panasonic KX T7736-B Digital phone,Technology,Phones,251.916,3,Global Supply Co
OFF-BI-10003091,GBC DocuBind TL200 Manual Binding Machine,Office Supplies,Binders,720.469,5,Prime Goods
FUR-CH-10003981,Global Commerce Series Low-Back Swivel/Tilt Chairs,Furniture,Chairs,631.4365714,4,Prime Goods
OFF-ST-10002562,Staples,Office Supplies,Storage,31.356,1,NorthStar
TEC-PH-10004345,Cisco SPA 502G IP Phone,Technology,Phones,412.628,4,Prime Goods
TEC-PH-10001198,Avaya 4621SW VoIP phone,Technology,Phones,177.48,4,Global Supply Co
OFF-PA-10001972,Xerox 214,Office Supplies,Paper,23.904,1,Global Supply Co
TEC-PH-10002483,Motorola Moto X,Technology,Phones,815.976,2,Global Supply Co
FUR-BO-10000468,O'Sullivan 2-Shelf Heavy-Duty Bookcases,Furniture,Bookcases,120.6403333,2,Prime Goods
TEC-AC-10001284,Enermax Briskie RF Wireless Keyboard and Mouse Combo,Technology,Accessories,93.8804,1,NorthStar
OFF-BI-10002082,GBC Twin Loop Wire Binding Elements,Office Supplies,Binders,104.1664,4,NorthStar
OFF-ST-10001505,"Perma STOR-ALL Hanging File Box, 13 1/8""W x 12 1/4""D x 10 1/2""H",Office Supplies,Storage,22.5745,4,NorthStar
OFF-AR-10004582,BIC Brite Liner Grip Highlighters,Office Supplies,Art,4.8544,5,Prime Goods
TEC-AC-10002842,WD My Passport Ultra 2TB Portable External Hard Drive,Technology,Accessories,499.8,5,NorthStar
OFF-AP-10004785,"Holmes Replacement Filter for HEPA Air Cleaner, Medium Room",Office Supplies,Appliances,50.985,3,Global Supply Co
TEC-AC-10002217,Imation Clip USB flash drive - 8 GB,Technology,Accessories,63.38285714,3,NorthStar
OFF-BI-10002954,Newell 3-Hole Punched Plastic Slotted Magazine Holders for Binders,Office Supplies,Binders,8.530666667,5,Global Supply Co
OFF-AP-10003281,Acco 6 Outlet Guardian Standard Surge Suppressor,Office Supplies,Appliances,29.9832,5,Global Supply Co
OFF-SU-10000898,"Acme Hot Forged Carbon Steel Scissors with Nickel-Plated Handles, 3 7/8"" Cut, 8""L",Office Supplies,Supplies,65.52857143,3,Prime Goods
OFF-BI-10001249,Avery Heavy-Duty EZD View Binder with Locking Rings,Office Supplies,Binders,17.0984,4,Prime Goods
TEC-AC-10002718,Belkin Standard 104 key USB Keyboard,Technology,Accessories,44.25633333,1,Prime Goods
TEC-PH-10002352,Avaya IP Phone 1140E VoIP phone,Technology,Phones,1394.95,4,Prime Goods
FUR-CH-10003774,"Global Wood Trimmed Manager's Task Chair, Khaki",Furniture,Chairs,297.6345714,3,NorthStar
OFF-AR-10000127,Newell 321,Office Supplies,Art,16.4,4,Global Supply Co
TEC-PH-10003811,Jabra Supreme Plus Driver Edition Headset,Technology,Phones,431.964,2,NorthStar
OFF-BI-10002393,Binder Posts,Office Supplies,Binders,9.566666667,4,NorthStar
FUR-TA-10002855,Bevis Round Conference Table Top & Single Column Base,Furniture,Tables,459.5076,4,Prime Goods
OFF-EN-10000781,"#10- 4 1/8"" x 9 1/2"" Recycled Envelopes",Office Supplies,Envelopes,37.582,4,NorthStar
OFF-PA-10002160,Xerox 1978,Office Supplies,Paper,21.8195,3,Prime Goods
OFF-AR-10002257,"Eldon Spacemaker Box, Quick-Snap Lid, Clear",Office Supplies,Art,8.461333333,1,Global Supply Co
OFF-FA-10004395,Plymouth Boxed Rubber Bands by Plymouth,Office Supplies,Fasteners,15.4488,3,Prime Goods
OFF-AP-10002534,3.6 Cubic Foot Counter Height Office Refrigerator,Office Supplies,Appliances,589.24,3,Prime Goods
FUR-BO-10003034,"O'Sullivan Elevations Bookcase, Cherry Finish",Furniture,Bookcases,382.4616,1,Global Supply Co
OFF-ST-10000943,Eldon ProFile File 'N Store Portable File Tub Letter/Legal Size Black,Office Supplies,Storage,87.72257143,1,Prime Goods
OFF-PA-10000533,Southworth Parchment Paper & Envelopes,Office Supplies,Paper,13.952,3,Prime Goods
OFF-ST-10001172,"Tennsco Lockers, Sand",Office Supplies,Storage,81.4024,1,NorthStar
OFF-PA-10001661,Xerox 1922,Office Supplies,Paper,11.952,3,Global Supply Co
OFF-BI-10004817,GBC Personal VeloBind Strips,Office Supplies,Binders,22.41971429,1,Global Supply Co
FUR-CH-10003833,Novimex Fabric Task Chair,Furniture,Chairs,210.0422222,2,NorthStar
FUR-FU-10003142,"Master Big Foot Doorstop, Beige",Furniture,Furnishings,25.344,3,Prime Goods
TEC-AC-10001114,Microsoft Wireless Mobile Mouse 4000,Technology,Accessories,147.963,4,Prime Goods
OFF-FA-10002975,Staples,Office Supplies,Fasteners,19.278,3,NorthStar
OFF-ST-10003996,"Letter/Legal File Tote with Clear Snap-On Lid, Black Granite",Office Supplies,Storage,54.604,1,Prime Goods
OFF-BI-10002571,"Avery Framed View Binder, EZD Ring (Locking), Navy, 1 1/2""",Office Supplies,Binders,16.63333333,1,NorthStar
OFF-PA-10000477,Xerox 1952,Office Supplies,Paper,24.68228571,2,Global Supply Co
OFF-BI-10004209,"Fellowes Twister Kit, Gray/Clear, 3/pkg",Office Supplies,Binders,18.2508,4,Prime Goods
TEC-AC-10002800,Plantronics Audio 478 Stereo USB Headset,Technology,Accessories,179.964,1,Global Supply Co
FUR-TA-10003954,Hon 94000 Series Round Tables,Furniture,Tables,1480.9,5,Global Supply Co
TEC-AC-10003289,Anker Ultra-Slim Mini Bluetooth 3.0 Wireless Keyboard,Technology,Accessories,99.95,1,Global Supply Co
TEC-PH-10002468,"Plantronics CS 50-USB - headset - Convertible, Monaural",Technology,Phones,293.7384,2,Global Supply Co
OFF-PA-10001295,Computer Printout Paper with Letter-Trim Perforations,Office Supplies,Paper,57.994,3,NorthStar
OFF-LA-10000248,Avery 52,Office Supplies,Labels,11.439,3,NorthStar
OFF-FA-10004076,Translucent Push Pins by OIC,Office Supplies,Fasteners,8.184,1,Prime Goods
OFF-LA-10004008,Avery 507,Office Supplies,Labels,12.096,4,Prime Goods
OFF-AR-10001177,Newell 349,Office Supplies,Art,14.21333333,2,Prime Goods
OFF-BI-10001718,GBC DocuBind P50 Personal Binding Machine,Office Supplies,Binders,226.4892,5,Global Supply Co
OFF-AR-10004602,Boston KS Multi-Size Manual Pencil Sharpener,Office Supplies,Art,76.19542857,3,NorthStar
OFF-ST-10000078,Tennsco 6- and 18-Compartment Lockers,Office Supplies,Storage,993.1821818,3,Prime Goods
OFF-PA-10000357,Xerox 1888,Office Supplies,Paper,178.4695,2,Global Supply Co
OFF-AR-10004272,Newell 308,Office Supplies,Art,4.2,5,NorthStar
TEC-PH-10001578,Polycom SoundStation2 EX Conference phone,Technology,Phones,992.1275,1,Global Supply Co
OFF-ST-10003638,Mobile Personal File Cube,Office Supplies,Storage,89.9328,5,NorthStar
FUR-BO-10002213,DMI Eclipse Executive Suite Bookcases,Furniture,Bookcases,1292.1643,5,Global Supply Co
OFF-EN-10003040,Quality Park Security Envelopes,Office Supplies,Envelopes,60.191,2,NorthStar
TEC-PH-10000923,"Belkin SportFit Armband For iPhone 5s/5c, Fuchsia",Technology,Phones,47.968,3,NorthStar
FUR-FU-10003623,"DataProducts Ampli Magnifier Task Lamp, Black,",Furniture,Furnishings,101.7456,5,Global Supply Co
OFF-AP-10000124,Acco 6 Outlet Guardian Basic Surge Suppressor,Office Supplies,Appliances,19.136,1,Prime Goods
OFF-AR-10004511,"Sanford Colorific Scented Colored Pencils, 12/Pack",Office Supplies,Art,23.54,2,Prime Goods
OFF-PA-10003883,"Message Book, Phone, Wirebound Standard Line Memo, 2 3/4"" X 5""",Office Supplies,Paper,23.842,5,Prime Goods
TEC-PH-10002807,Motorla HX550 Universal Bluetooth Headset,Technology,Phones,104.8075,2,NorthStar
FUR-FU-10002364,"Eldon Expressions Wood Desk Accessories, Oak",Furniture,Furnishings,15.252,5,Global Supply Co
OFF-SU-10001664,Acme Office Executive Series Stainless Steel Trimmers,Office Supplies,Supplies,22.77171429,5,Prime Goods
FUR-TA-10003238,"Chromcraft Bull-Nose Wood 48"" x 96"" Rectangular Conference Tables",Furniture,Tables,716.274,4,Global Supply Co
TEC-PH-10001536,Spigen Samsung Galaxy S5 Case Wallet,Technology,Phones,46.8924,2,Global Supply Co
OFF-AR-10004956,Newell 33,Office Supplies,Art,15.996,4,Prime Goods
OFF-AR-10003696,Panasonic KP-350BK Electric Pencil Sharpener with Auto Stop,Office Supplies,Art,41.496,5,Prime Goods
OFF-PA-10000551,Array Memo Cubes,Office Supplies,Paper,18.30266667,5,Global Supply Co
OFF-BI-10004506,Wilson Jones data.warehouse D-Ring Binders with DublLock,Office Supplies,Binders,13.3326,1,Global Supply Co
OFF-PA-10000740,Xerox 1982,Office Supplies,Paper,79.17866667,3,Prime Goods
FUR-CH-10002084,Hon Mobius Operator's Chair,Furniture,Chairs,541.156,4,Global Supply Co
OFF-AP-10000692,Fellowes Mighty 8 Compact Surge Protector,Office Supplies,Appliances,57.43166667,2,NorthStar
OFF-AP-10000252,Harmony HEPA Quiet Air Purifiers,Office Supplies,Appliances,32.175,4,Global Supply Co
FUR-FU-10004748,"Howard Miller 16"" Diameter Gallery Wall Clock",Furniture,Furnishings,143.865,5,Global Supply Co
FUR-FU-10001473,"Eldon Executive Woodline II Desk Accessories, Mahogany",Furniture,Furnishings,59.97685714,2,Prime Goods
OFF-AR-10000538,"Boston Model 1800 Electric Pencil Sharpener, Gray",Office Supplies,Art,135.12,5,NorthStar
TEC-PH-10001079,Polycom SoundPoint Pro SE-225 Corded phone,Technology,Phones,475.96,2,Global Supply Co
OFF-AP-10003842,Euro-Pro Shark Turbo Vacuum,Office Supplies,Appliances,115.6586667,5,Global Supply Co
FUR-CH-10000553,"Metal Folding Chairs, Beige, 4/Carton",Furniture,Chairs,137.1176,4,NorthStar
OFF-AR-10003469,Nontoxic Chalk,Office Supplies,Art,5.368,1,Prime Goods
OFF-PA-10003790,Xerox 1991,Office Supplies,Paper,95.928,1,NorthStar
FUR-BO-10002202,"Atlantic Metals Mobile 2-Shelf Bookcases, Custom Colors",Furniture,Bookcases,200.0134,1,Global Supply Co
OFF-AP-10002765,Fellowes Advanced Computer Series Surge Protectors,Office Supplies,Appliances,64.459,4,NorthStar
OFF-ST-10003692,Recycled Steel Personal File for Hanging File Folders,Office Supplies,Storage,175.5053333,5,Global Supply Co
TEC-PH-10001051,HTC One,Technology,Phones,279.972,1,NorthStar
OFF-AR-10000817,Manco Dry-Lighter Erasable Highlighter,Office Supplies,Art,12.59428571,5,Prime Goods
OFF-SU-10000952,Fiskars Home & Office Scissors,Office Supplies,Supplies,32.56,1,NorthStar
FUR-FU-10004597,Eldon Cleatmat Chair Mats for Medium Pile Carpets,Furniture,Furnishings,86.025,5,Prime Goods
OFF-BI-10002982,Avery Self-Adhesive Photo Pockets for Polaroid Photos,Office Supplies,Binders,13.00090909,3,Global Supply Co
OFF-PA-10004285,Xerox 1959,Office Supplies,Paper,22.26666667,1,NorthStar
OFF-AP-10001391,Kensington 6 Outlet MasterPiece HOMEOFFICE Power Control Center,Office Supplies,Appliances,406.08,4,Prime Goods
OFF-PA-10000477,Xerox 22,Office Supplies,Paper,24.68228571,1,Prime Goods
TEC-PH-10001944,Wi-Ex zBoost YX540 Cellular Phone Signal Booster,Technology,Phones,413.525,5,Global Supply Co
OFF-PA-10001776,"Wirebound Message Books, Four 2 3/4"" x 5"" Forms per Page, 600 Sets per Book",Office Supplies,Paper,27.398,2,Global Supply Co
TEC-AC-10004145,Logitech diNovo Edge Keyboard,Technology,Accessories,1479.9408,3,Global Supply Co
OFF-PA-10003919,Xerox 1989,Office Supplies,Paper,7.968,4,NorthStar
OFF-PA-10002001,Xerox 1984,Office Supplies,Paper,12.96,5,NorthStar
OFF-PA-10002787,Xerox 227,Office Supplies,Paper,15.066,1,Global Supply Co
OFF-ST-10003123,Fellowes Bases and Tops For Staxonsteel/High-Stak Systems,Office Supplies,Storage,85.8882,4,Prime Goods
FUR-FU-10000308,Deflect-o Glass Clear Studded Chair Mats,Furniture,Furnishings,225.6245714,4,NorthStar
TEC-CO-10003763,Canon PC1060 Personal Laser Copier,Technology,Copiers,2904.9585,3,NorthStar
FUR-TA-10001866,Bevis Round Conference Room Tables and Bases,Furniture,Tables,259.9705,1,Global Supply Co
OFF-AP-10002222,Staples,Office Supplies,Appliances,26.877,1,Prime Goods
OFF-PA-10003971,Xerox 1965,Office Supplies,Paper,14.053,5,Global Supply Co
OFF-AP-10004036,Bionaire 99.97% HEPA Air Cleaner,Office Supplies,Appliances,49.932,5,Prime Goods
OFF-AP-10002287,"Eureka Sanitaire  Multi-Pro Heavy-Duty Upright, Disposable Bags",Office Supplies,Appliances,16.7808,4,NorthStar
FUR-TA-10001950,Balt Solid Wood Round Tables,Furniture,Tables,1629.6885,4,NorthStar
TEC-PH-10001527,Plantronics MX500i Earset,Technology,Phones,88.35428571,5,Prime Goods
TEC-AC-10003095,Logitech G35 7.1-Channel Surround Sound Headset,Technology,Accessories,359.639,1,NorthStar
TEC-AC-10000358,Imation Secure Drive + Hardware Encrypted USB flash drive - 16 GB,Technology,Accessories,148.161,1,NorthStar
OFF-EN-10004147,Wausau Papers Astrobrights Colored Envelopes,Office Supplies,Envelopes,16.744,2,NorthStar
FUR-FU-10001468,Tenex Antistatic Computer Chair Mats,Furniture,Furnishings,552.8353333,4,Prime Goods
OFF-PA-10000380,"REDIFORM Incoming/Outgoing Call Register, 11"" X 8 1/2"", 100 Messages",Office Supplies,Paper,35.2365,4,Prime Goods
OFF-AP-10000026,Tripp Lite Isotel 6 Outlet Surge Protector with Fax/Modem Protection,Office Supplies,Appliances,207.298,4,NorthStar
OFF-PA-10003936,Xerox 1994,Office Supplies,Paper,19.116,2,Global Supply Co
FUR-FU-10002501,Nu-Dell Executive Frame,Furniture,Furnishings,68.256,4,Global Supply Co
OFF-AP-10001205,Belkin 5 Outlet SurgeMaster Power Centers,Office Supplies,Appliances,177.6048,4,Prime Goods
OFF-PA-10000659,"TOPS Carbonless Receipt Book, Four 2-3/4 x 7-1/4 Money Receipts per Page",Office Supplies,Paper,71.62742857,2,Global Supply Co
OFF-BI-10004141,Insertable Tab Indexes For Data Binders,Office Supplies,Binders,3.498,4,NorthStar
OFF-BI-10000632,Satellite Sectional Post Binders,Office Supplies,Binders,110.8928182,4,Global Supply Co
TEC-AC-10004864,Memorex Micro Travel Drive 32 GB,Technology,Accessories,75.9408,4,Prime Goods
TEC-MA-10000597,Lexmark S315 Color Inkjet Printer,Technology,Machines,149.985,5,Prime Goods
OFF-PA-10002960,Xerox 1926,Office Supplies,Paper,34.86,1,Global Supply Co
OFF-PA-10000919,Xerox 1918,Office Supplies,Paper,155.04,4,NorthStar
OFF-BI-10001553,SpineVue Locking Slant-D Ring Binders by Cardinal,Office Supplies,Binders,13.82425,2,Global Supply Co
OFF-AP-10004540,"Eureka The Boss Lite 10-Amp Upright Vacuum, Blue",Office Supplies,Appliances,260.52,4,Prime Goods
FUR-CH-10001714,"Global Leather & Oak Executive Chair, Burgundy",Furniture,Chairs,337.9936,3,NorthStar
FUR-FU-10002298,"Rubbermaid ClusterMat Chairmats, Mat Size- 66"" x 60"", Lip 20"" x 11"" -90 Degree Angle",Furniture,Furnishings,412.8456,3,Prime Goods
OFF-AR-10000315,"Dixon Ticonderoga Maple Cedar Pencil, #2",Office Supplies,Art,7.777333333,4,NorthStar
OFF-FA-10000936,Acco Hot Clips Clips to Go,Office Supplies,Fasteners,11.186,2,Prime Goods
OFF-SU-10004768,Acme Kleencut Forged Steel Scissors,Office Supplies,Supplies,11.86266667,5,Global Supply Co
OFF-PA-10002581,Xerox 1951,Office Supplies,Paper,125.9853333,5,Global Supply Co
FUR-FU-10004848,DAX Solid Wood Frames,Furniture,Furnishings,119.8443333,5,NorthStar
OFF-AP-10002403,Acco Smartsocket Color-Coded Six-Outlet AC Adapter Model Surge Protectors,Office Supplies,Appliances,112.2255,4,NorthStar
OFF-AR-10003087,Staples,Office Supplies,Art,8.306666667,5,Global Supply Co
TEC-PH-10000141,Clearsounds A400,Technology,Phones,162.7753333,4,Global Supply Co
TEC-CO-10000971,Hewlett Packard 310 Color Digital Copier,Technology,Copiers,699.9766667,4,NorthStar
OFF-FA-10001229,Staples,Office Supplies,Fasteners,9.956,2,NorthStar
OFF-BI-10002437,Recycled Premium Regency Composition Covers,Office Supplies,Binders,36.672,5,Prime Goods
OFF-PA-10004255,Xerox 219,Office Supplies,Paper,24.3,3,Prime Goods
OFF-PA-10001184,Xerox 1903,Office Supplies,Paper,23.12266667,5,NorthStar
TEC-AC-10002637,Logitech VX Revolution Cordless Laser Mouse for Notebooks (Black),Technology,Accessories,748.7584,5,Global Supply Co
FUR-BO-10000780,O'Sullivan Plantations 2-Door Library in Landvery Oak,Furniture,Bookcases,589.27336,1,Global Supply Co
TEC-PH-10003072,Panasonic KX-TG9541B DECT 6.0 Digital 2-Line Expandable Cordless Phone With Digital Answering System,Technology,Phones,611.9592,4,NorthStar
TEC-MA-10000112,Panasonic KX MB2061 Multifunction Printer,Technology,Machines,2396.4,4,NorthStar
TEC-AC-10004171,Razer Kraken 7.1 Surround Sound Over Ear USB Gaming Headset,Technology,Accessories,436.623,3,NorthStar
FUR-TA-10002645,Hon Rectangular Conference Tables,Furniture,Tables,870.37875,1,Global Supply Co
OFF-BI-10003784,Computer Printout Index Tabs,Office Supplies,Binders,2.772,5,Prime Goods
OFF-BI-10001617,GBC Wire Binding Combs,Office Supplies,Binders,26.29314286,2,Global Supply Co
FUR-CH-10002439,"Iceberg Nesting Folding Chair, 19w x 6d x 43h",Furniture,Chairs,264.901,5,Global Supply Co
OFF-AP-10003057,Honeywell Enviracaire Portable HEPA Air Cleaner for 16' x 20' Room,Office Supplies,Appliances,1285.06,2,Global Supply Co
FUR-TA-10000849,Bevis Rectangular Conference Tables,Furniture,Tables,251.8155,3,NorthStar
OFF-EN-10002973,Ampad #10 Peel & Seel Holiday Envelopes,Office Supplies,Envelopes,17.92,5,NorthStar
OFF-BI-10003963,Cardinal Holdit Data Disk Pockets,Office Supplies,Binders,33.488,4,NorthStar
OFF-LA-10000081,Avery 496,Office Supplies,Labels,12.5625,3,Prime Goods
OFF-PA-10000726,"Black Print Carbonless Snap-Off Rapid Letter, 8 1/2"" x 7""",Office Supplies,Paper,40.084,1,Prime Goods
OFF-PA-10004983,Xerox 23,Office Supplies,Paper,23.544,3,Global Supply Co
FUR-FU-10002107,Eldon Pizzaz Desk Accessories,Furniture,Furnishings,9.366,1,Global Supply Co
FUR-BO-10002213,"Sauder Forest Hills Library, Woodland Oak Finish",Furniture,Bookcases,1292.1643,1,NorthStar
FUR-CH-10001190,Global Deluxe High-Back Office Chair in Storm,Furniture,Chairs,362.64,3,Prime Goods
TEC-AC-10000682,Kensington K72356US Mouse-in-a-Box USB Desktop Mouse,Technology,Accessories,53.641,1,NorthStar
OFF-LA-10004545,Avery 50,Office Supplies,Labels,47.1128,2,NorthStar
OFF-SU-10002557,Fiskars Spring-Action Scissors,Office Supplies,Supplies,18.873,3,Prime Goods
TEC-PH-10000912,Anker 24W Portable Micro USB Car Charger,Technology,Phones,30.772,2,NorthStar
OFF-ST-10001837,"SAFCO Mobile Desk Side File, Wire Frame",Office Supplies,Storage,155.005,3,Global Supply Co
OFF-AR-10001473,Newell 313,Office Supplies,Art,9.402666667,3,Prime Goods
TEC-PH-10001835,Jawbone JAMBOX Wireless Bluetooth Speaker,Technology,Phones,674.0906667,2,NorthStar
OFF-PA-10002245,Xerox 1895,Office Supplies,Paper,27.33714286,1,NorthStar
OFF-EN-10004483,"#10 White Business Envelopes,4 1/8 x 9 1/2",Office Supplies,Envelopes,69.84342857,3,Prime Goods
OFF-SU-10000151,High Speed Automatic Electric Letter Opener,Office Supplies,Supplies,5676.770667,5,Global Supply Co
OFF-AP-10001293,Belkin 8 Outlet Surge Protector,Office Supplies,Appliances,153.3822857,1,Prime Goods
TEC-PH-10000675,Panasonic KX TS3282B Corded phone,Technology,Phones,196.776,4,Global Supply Co
OFF-ST-10003470,"Tennsco Snap-Together Open Shelving Units, Starter Sets and Add-On Units",Office Supplies,Storage,1136.552,5,Global Supply Co
OFF-LA-10004559,Avery 49,Office Supplies,Labels,11.136,2,Prime Goods
OFF-AP-10002651,Hoover Upright Vacuum With Dirt Cup,Office Supplies,Appliances,1138.818,3,NorthStar
TEC-AC-10002550,Maxell 4.7GB DVD-RW 3/Pack,Technology,Accessories,77.427,1,Global Supply Co
OFF-BI-10000829,Avery Non-Stick Binders,Office Supplies,Binders,20.26914286,1,Global Supply Co
TEC-PH-10002555,Nortel Meridian M5316 Digital phone,Technology,Phones,686.2175,3,Global Supply Co
FUR-BO-10003450,"Bush Westfield Collection Bookcases, Dark Cherry Finish",Furniture,Bookcases,216.4586667,3,NorthStar
FUR-FU-10004665,"3M Polarizing Task Lamp with Clamp Arm, Light Gray",Furniture,Furnishings,547.92,2,Global Supply Co
TEC-PH-10000369,HTC One Mini,Technology,Phones,510.2595,1,NorthStar
TEC-AC-10001590,Dell Slim USB Multimedia Keyboard,Technology,Accessories,62.5,2,NorthStar
FUR-FU-10004909,Contemporary Wood/Metal Frame,Furniture,Furnishings,48.48,4,Global Supply Co
FUR-BO-10004357,O'Sullivan Living Dimensions 3-Shelf Bookcases,Furniture,Bookcases,726.04025,3,Global Supply Co
TEC-AC-10000387,KeyTronic KT800P2 - Keyboard - Black,Technology,Accessories,25.03333333,4,NorthStar
OFF-BI-10001308,GBC Standard Plastic Binding Systems' Combs,Office Supplies,Binders,13.5805,3,NorthStar
OFF-AP-10002734,Holmes Harmony HEPA Air Purifier for 17 x 20 Room,Office Supplies,Appliances,675.12,4,Prime Goods
FUR-FU-10004587,"GE General Use Halogen Bulbs, 100 Watts, 1 Bulb per Pack",Furniture,Furnishings,54.444,4,Prime Goods
TEC-PH-10004833,Macally Suction Cup Mount,Technology,Phones,69.9075,1,Prime Goods
FUR-FU-10001847,Eldon Image Series Black Desk Accessories,Furniture,Furnishings,9.7704,2,Prime Goods
FUR-FU-10002045,"Executive Impressions 14""",Furniture,Furnishings,94.4775,4,Global Supply Co
FUR-FU-10004671,"Executive Impressions 12"" Wall Clock",Furniture,Furnishings,29.45,3,NorthStar
FUR-TA-10003569,Bretford CR8500 Series Meeting Room Furniture,Furniture,Tables,1129.427,3,NorthStar
TEC-PH-10002310,Plantronics Calisto P620-M USB Wireless Speakerphone System,Technology,Phones,452.658,2,Global Supply Co
OFF-PA-10001752,Hammermill CopyPlus Copy Paper (20Lb. and 84 Bright),Office Supplies,Paper,10.956,2,Global Supply Co
TEC-MA-10003356,Panasonic KX MC6040 Color Laser Multifunction Printer,Technology,Machines,809.91,5,NorthStar
OFF-AR-10003727,Berol Giant Pencil Sharpener,Office Supplies,Art,63.7125,2,NorthStar
TEC-AC-10001635,KeyTronic KT400U2 - Keyboard - Black,Technology,Accessories,49.344,4,Prime Goods
OFF-LA-10003663,Avery 498,Office Supplies,Labels,11.75266667,2,NorthStar
TEC-CO-10004722,Canon imageCLASS 2200 Advanced Copier,Technology,Copiers,12319.9648,2,NorthStar
TEC-MA-10002210,Epson TM-T88V Direct Thermal Printer - Monochrome - Desktop,Technology,Machines,606.3525,3,Prime Goods
OFF-BI-10003196,Accohide Poly Flexible Ring Binders,Office Supplies,Binders,5.46975,5,Prime Goods
FUR-CH-10002017,SAFCO Optional Arm Kit for Workspace Cribbage Stacking Chair,Furniture,Chairs,49.0176,2,Prime Goods
FUR-FU-10003829,Stackable Trays,Furniture,Furnishings,9.328,4,Prime Goods
OFF-PA-10000697,"TOPS Voice Message Log Book, Flash Format",Office Supplies,Paper,16.50133333,1,NorthStar
OFF-AR-10004691,Boston 1730 StandUp Electric Pencil Sharpener,Office Supplies,Art,57.01333333,3,Prime Goods
FUR-FU-10004270,"Executive Impressions 13"" Clairmont Wall Clock",Furniture,Furnishings,26.66,2,Global Supply Co
OFF-BI-10000948,"GBC Laser Imprintable Binding System Covers, Desert Sand",Office Supplies,Binders,24.49683333,2,NorthStar
OFF-PA-10000223,Xerox 2000,Office Supplies,Paper,16.848,5,Prime Goods
OFF-PA-10000062,Green Bar Computer Printout Paper,Office Supplies,Paper,171.4752,1,Prime Goods
FUR-BO-10003404,"Global Adaptabilites Bookcase, Cherry/Storm Gray Finish",Furniture,Bookcases,1723.92,2,NorthStar
OFF-BI-10004233,"GBC Pre-Punched Binding Paper, Plastic, White, 8-1/2"" x 11""",Office Supplies,Binders,38.77575,3,Global Supply Co
TEC-PH-10002834,Google Nexus 5,Technology,Phones,763.1576,4,Global Supply Co
FUR-CH-10003761,Global Italian Leather Office Chair,Furniture,Chairs,484.626,5,Global Supply Co
OFF-PA-10004665,Advantus Motivational Note Cards,Office Supplies,Paper,45.588,5,NorthStar
OFF-BI-10001196,"Avery Flip-Chart Easel Binder, Black",Office Supplies,Binders,59.8665,1,Prime Goods
TEC-MA-10002981,I.R.I.S IRISCard Anywhere 5 Card Scanner,Technology,Machines,350.973,2,Global Supply Co
TEC-PH-10003601,"Ativa D5772 2-Line 5.8GHz Digital Expandable Corded/Cordless Phone System with Answering & Caller ID/Call Waiting, Black/Silver",Technology,Phones,494.97,3,NorthStar
OFF-BI-10002003,Ibico Presentation Index for Binding Systems,Office Supplies,Binders,10.29114286,3,Global Supply Co
OFF-PA-10003016,"Adams ""While You Were Out"" Message Pads",Office Supplies,Paper,14.5696,5,Prime Goods
OFF-PA-10002246,"Wirebound Four 2-3/4 x 5 Forms per Page, 400 Sets per Book",Office Supplies,Paper,19.995,4,Global Supply Co
TEC-PH-10002890,AT&T 17929 Lendline Telephone,Technology,Phones,133.9104,5,Prime Goods
TEC-MA-10003626,Hewlett-Packard Deskjet 6540 Color Inkjet Printer,Technology,Machines,698.105,5,Global Supply Co
TEC-MA-10002412,Cisco TelePresence System EX90 Videoconferencing Unit,Technology,Machines,22638.48,3,Global Supply Co
OFF-AR-10003183,Avery Fluorescent Highlighter Four-Color Set,Office Supplies,Art,8.183,4,Prime Goods
OFF-PA-10002319,Xerox 1944,Office Supplies,Paper,95.608,5,Prime Goods
OFF-PA-10001246,Xerox 215,Office Supplies,Paper,22.68,1,Prime Goods
OFF-PA-10001815,Xerox 1885,Office Supplies,Paper,192.16,2,Prime Goods
FUR-FU-10001876,"Computer Room Manger, 14""",Furniture,Furnishings,90.944,3,NorthStar
TEC-PH-10004531,AT&T CL2909,Technology,Phones,148.83,4,Global Supply Co
TEC-PH-10000673,Plantronics Voyager Pro HD - Bluetooth Headset,Technology,Phones,244.3624,1,Prime Goods
TEC-PH-10002075,AT&T EL51110 DECT,Technology,Phones,377.97,5,NorthStar
TEC-PH-10003691,BlackBerry Q10,Technology,Phones,516.559,4,NorthStar
OFF-SU-10000157,Compact Automatic Electric Letter Opener,Office Supplies,Supplies,372.84375,2,Global Supply Co
TEC-AC-10004227,SanDisk Ultra 16 GB MicroSDHC Class 10 Memory Card,Technology,Accessories,47.13514286,1,Global Supply Co
TEC-AC-10004127,SanDisk Cruzer 8 GB USB Flash Drive,Technology,Accessories,27.168,4,Prime Goods
FUR-CH-10002758,"Hon Deluxe Fabric Upholstered Stacking Chairs, Squared Back",Furniture,Chairs,634.348,3,Prime Goods
OFF-ST-10000532,Advantus Rolling Drawer Organizers,Office Supplies,Storage,185.9866667,2,Prime Goods
TEC-AC-10003709,Maxell 4.7GB DVD-R 5/Pack,Technology,Accessories,3.8016,4,Prime Goods
OFF-BI-10003166,GBC Plasticlear Binding Covers,Office Supplies,Binders,9.84,4,NorthStar
OFF-ST-10004835,Plastic Stacking Crates & Casters,Office Supplies,Storage,8.928,2,Prime Goods
OFF-AP-10000159,Belkin F9M820V08 8 Outlet Surge,Office Supplies,Appliances,186.2466667,3,Prime Goods
OFF-AP-10001242,APC 7 Outlet Network SurgeArrest Surge Protector,Office Supplies,Appliances,150.9,1,NorthStar
TEC-AC-10003433,Maxell 4.7GB DVD+R 5/Pack,Technology,Accessories,2.3364,4,Prime Goods
TEC-PH-10003187,Anker Astro Mini 3000mAh Ultra-Compact Portable Charger,Technology,Phones,36.9815,1,NorthStar
OFF-FA-10002763,Advantus Map Pennant Flags and Round Head Tacks,Office Supplies,Fasteners,14.615,1,NorthStar
OFF-PA-10004239,Xerox 1953,Office Supplies,Paper,11.77,2,NorthStar
OFF-PA-10004782,Xerox 228,Office Supplies,Paper,24.3,1,Prime Goods
FUR-FU-10001185,"Advantus Employee of the Month Certificate Frame, 11 x 13-1/2",Furniture,Furnishings,164.5476,2,NorthStar
OFF-PA-10003270,Xerox 1954,Office Supplies,Paper,21.12,4,NorthStar
OFF-PA-10002421,Embossed Ink Jet Note Cards,Office Supplies,Paper,71.0955,1,Global Supply Co
OFF-PA-10002923,Xerox 1942,Office Supplies,Paper,99.51133333,4,NorthStar
OFF-ST-10001128,"Carina Mini System Audio Rack, Model AR050B",Office Supplies,Storage,455.018,3,NorthStar
OFF-PA-10000520,Xerox 201,Office Supplies,Paper,22.032,1,NorthStar
FUR-FU-10003832,"Eldon Expressions Punched Metal & Wood Desk Accessories, Black & Cherry",Furniture,Furnishings,31.1416,2,Prime Goods
FUR-FU-10000409,"GE 4 Foot Flourescent Tube, 40 Watt",Furniture,Furnishings,32.956,4,NorthStar
TEC-PH-10004389,Nokia Lumia 925,Technology,Phones,436.7653333,1,Prime Goods
OFF-SU-10000946,Staples,Office Supplies,Supplies,38.304,4,Prime Goods
FUR-FU-10001546,Dana Swing-Arm Lamps,Furniture,Furnishings,15.56228571,2,Global Supply Co
OFF-PA-10000791,"Wirebound Message Books, Four 2 3/4 x 5 Forms per Page, 200 Sets per Book",Office Supplies,Paper,19.239,5,NorthStar
OFF-PA-10003739,Xerox 1969,Office Supplies,Paper,11.56,1,NorthStar
FUR-FU-10000771,"Eldon 200 Class Desk Accessories, Smoke",Furniture,Furnishings,34.54,2,Global Supply Co
OFF-ST-10002615,"Dual Level, Single-Width Filing Carts",Office Supplies,Storage,730.5048889,3,Global Supply Co
OFF-PA-10000327,Xerox 1971,Office Supplies,Paper,18.97466667,5,Global Supply Co
OFF-EN-10003286,Staples,Office Supplies,Envelopes,40.69028571,4,NorthStar
OFF-AR-10003772,Boston 16750 Black Compact Battery Pencil Sharpener,Office Supplies,Art,21.875,3,Prime Goods
OFF-AR-10003338,"Eberhard Faber 3 1/2"" Golf Pencils",Office Supplies,Art,19.98171429,5,NorthStar
FUR-FU-10002116,"Tenex Carpeted, Granite-Look or Clear Contemporary Contour Shape Chair Mats",Furniture,Furnishings,152.7336,4,NorthStar
FUR-CH-10000422,Global Highback Leather Tilter in Burgundy,Furniture,Chairs,294.201,4,Prime Goods
FUR-FU-10002685,"Executive Impressions 13-1/2"" Indoor/Outdoor Wall Clock",Furniture,Furnishings,28.05,2,NorthStar
FUR-FU-10004963,"Eldon 400 Class Desk Accessories, Black Carbon",Furniture,Furnishings,26.54166667,1,Global Supply Co
OFF-BI-10000174,"Wilson Jones Clip & Carry Folder Binder Tool for Ring Binders, Clear",Office Supplies,Binders,21.33111111,4,Global Supply Co
FUR-CH-10004875,Harbour Creations 67200 Series Stacking Chairs,Furniture,Chairs,187.73725,3,Global Supply Co
FUR-FU-10000305,"Tenex V2T-RE Standard Weight Series Chair Mat, 45"" x 53"", Lip 25"" x 12""",Furniture,Furnishings,156.156,4,NorthStar
TEC-PH-10001459,Samsung Galaxy Mega 6.3,Technology,Phones,2323.944667,2,Global Supply Co
FUR-FU-10002445,"DAX Two-Tone Rosewood/Black Document Frame, Desktop, 5 x 7",Furniture,Furnishings,27.018,2,Global Supply Co
OFF-PA-10000213,Xerox 198,Office Supplies,Paper,25.232,4,NorthStar
FUR-CH-10001797,"Safco Chair Connectors, 6/Carton",Furniture,Chairs,220.298,1,NorthStar
OFF-PA-10003848,Xerox 1997,Office Supplies,Paper,22.356,3,NorthStar
FUR-FU-10000755,Eldon Expressions Mahogany Wood Desk Collection,Furniture,Furnishings,46.8,1,NorthStar
OFF-BI-10004654,VariCap6 Expandable Binder,Office Supplies,Binders,19.50663636,3,NorthStar
FUR-FU-10000550,Stacking Trays by OIC,Furniture,Furnishings,12.118,3,Global Supply Co
TEC-MA-10004521,Epson Perfection V600 Photo Scanner,Technology,Machines,206.991,4,Global Supply Co
OFF-BI-10003655,Durable Pressboard Binders,Office Supplies,Binders,18.62,4,Global Supply Co
OFF-AP-10003779,Kensington 7 Outlet MasterPiece Power Center with Fax/Phone Line Protection,Office Supplies,Appliances,368.277,3,Prime Goods
OFF-FA-10002701,Alliance Rubber Bands,Office Supplies,Fasteners,6.72,1,NorthStar
OFF-BI-10002799,"SlimView Poly Binder, 3/8""",Office Supplies,Binders,16.798,3,Global Supply Co
OFF-AR-10003582,"Boston Electric Pencil Sharpener, Model 1818, Charcoal Black",Office Supplies,Art,65.44875,2,NorthStar
FUR-FU-10004666,DAX Clear Channel Poster Frame,Furniture,Furnishings,39.852,5,NorthStar
OFF-EN-10002312,#10 Self-Seal White Envelopes,Office Supplies,Envelopes,27.1705,4,Prime Goods
FUR-CH-10002320,Hon Pagoda Stacking Chairs,Furniture,Chairs,1620.949,4,Prime Goods
OFF-AR-10001216,Newell 339,Office Supplies,Art,8.896,3,NorthStar
FUR-FU-10003247,36X48 HARDFLOOR CHAIRMAT,Furniture,Furnishings,61.54133333,1,Prime Goods
FUR-TA-10003837,Anderson Hickey Conga Table Tops & Accessories,Furniture,Tables,25.891,5,Global Supply Co
TEC-PH-10002350,Apple EarPods with Remote and Mic,Technology,Phones,62.9775,4,Global Supply Co
TEC-AC-10000397,"Perixx PERIBOARD-512B, Ergonomic Split Keyboard",Technology,Accessories,139.96,3,Global Supply Co
TEC-AC-10004001,Logitech Wireless Headset H600 Over-The-Head Design,Technology,Accessories,193.455,4,Prime Goods
OFF-PA-10001534,Xerox 230,Office Supplies,Paper,25.4016,5,NorthStar
FUR-FU-10002379,Eldon Econocleat Chair Mats for Low Pile Carpets,Furniture,Furnishings,165.88,1,Global Supply Co
TEC-PH-10000526,Vtech CS6719,Technology,Phones,375.7322857,4,NorthStar
OFF-PA-10001977,Xerox 194,Office Supplies,Paper,110.96,2,Global Supply Co
FUR-BO-10003660,"Bush Cubix Collection Bookcases, Fully Assembled",Furniture,Bookcases,243.078,2,Prime Goods
OFF-BI-10001267,"Universal Recycled Hanging Pressboard Report Binders, Letter Size",Office Supplies,Binders,14.5612,3,Prime Goods
OFF-PA-10002741,Xerox 1980,Office Supplies,Paper,17.12,4,Prime Goods
OFF-PA-10001471,Strathmore Photo Frame Cards,Office Supplies,Paper,29.24,2,NorthStar
TEC-MA-10001972,Okidata C331dn Printer,Technology,Machines,642.16,5,NorthStar
FUR-FU-10003464,"Seth Thomas 8 1/2"" Cubicle Clock",Furniture,Furnishings,52.728,5,Prime Goods
TEC-PH-10002200,Aastra 6757i CT Wireless VoIP phone,Technology,Phones,929.73575,1,Global Supply Co
OFF-PA-10004438,Xerox 1907,Office Supplies,Paper,40.93333333,3,NorthStar
FUR-FU-10004586,G.E. Longer-Life Indoor Recessed Floodlight Bulbs,Furniture,Furnishings,13.50133333,3,Prime Goods
TEC-PH-10004908,Panasonic KX TS3282W Corded phone,Technology,Phones,237.972,5,Prime Goods
FUR-CH-10004495,"Global Leather and Oak Executive Chair, Black",Furniture,Chairs,801.35925,4,NorthStar
TEC-MA-10000418,Cubify CubeX 3D Printer Double Head Print,Technology,Machines,3699.987667,3,NorthStar
OFF-BI-10004600,Ibico Ibimaster 300 Manual Binding System,Office Supplies,Binders,998.172875,3,Prime Goods
OFF-BI-10004040,Wilson Jones Impact Binders,Office Supplies,Binders,14.96444444,1,Prime Goods
OFF-AR-10001615,Newell 34,Office Supplies,Art,65.75542857,3,NorthStar
TEC-PH-10001299,Polycom CX300 Desktop Phone USB VoIP phone,Technology,Phones,335.9776,5,Global Supply Co
OFF-AR-10004260,Boston 1799 Powerhouse Electric Pencil Sharpener,Office Supplies,Art,129.9,5,Prime Goods
OFF-EN-10004773,Staples,Office Supplies,Envelopes,108.43,5,Global Supply Co
OFF-BI-10001787,Wilson Jones Four-Pocket Poly Binders,Office Supplies,Binders,15.5325,4,NorthStar
OFF-ST-10002957,Sterilite Show Offs Storage Containers,Office Supplies,Storage,15.6288,5,Prime Goods
OFF-FA-10001883,"Alliance Super-Size Bands, Assorted Sizes",Office Supplies,Fasteners,49.403,1,Global Supply Co
TEC-PH-10001644,"BlueLounge Milo Smartphone Stand, White/Metallic",Technology,Phones,111.9626667,2,Prime Goods
OFF-LA-10000407,Avery White Multi-Purpose Labels,Office Supplies,Labels,23.904,5,Prime Goods
TEC-AC-10000420,Logitech G500s Laser Gaming Mouse with Adjustable Weight Tuning,Technology,Accessories,349.95,4,Prime Goods
OFF-EN-10004846,Letter or Legal Size Expandable Poly String Tie Envelopes,Office Supplies,Envelopes,9.177,4,NorthStar
OFF-SU-10003567,Stiletto Hand Letter Openers,Office Supplies,Supplies,34.08,4,Prime Goods
OFF-ST-10002301,Tennsco Commercial Shelving,Office Supplies,Storage,41.584,1,NorthStar
TEC-PH-10003095,Samsung HM1900 Bluetooth Headset,Technology,Phones,70.24,3,Prime Goods
TEC-PH-10004912,Cisco SPA112 2 Port Phone Adapter,Technology,Phones,172.1766667,2,Global Supply Co
OFF-AR-10000799,Col-Erase Pencils with Erasers,Office Supplies,Art,18.848,1,Prime Goods
OFF-PA-10004609,Xerox 221,Office Supplies,Paper,20.088,1,Global Supply Co
TEC-PH-10003171,Plantronics Encore H101 Dual Earpieces Headset,Technology,Phones,106.5957143,2,Global Supply Co
OFF-AP-10000595,Disposable Triple-Filter Dust Bags,Office Supplies,Appliances,10.925,2,NorthStar
TEC-AC-10003399,Memorex Mini Travel Drive 64 GB USB 2.0 Flash Drive,Technology,Accessories,90.6,5,Prime Goods
TEC-MA-10002428,Fellowes Powershred HS-440 4-Sheet High Security Shredder,Technology,Machines,847.2786667,1,Global Supply Co
TEC-PH-10001128,Motorola Droid Maxx,Technology,Phones,652.4565,2,NorthStar
OFF-PA-10001033,Xerox 1893,Office Supplies,Paper,130.4227273,1,Prime Goods
TEC-AC-10000474,Kensington Expert Mouse Optical USB Trackball for PC or Mac,Technology,Accessories,281.8036667,5,Global Supply Co
FUR-FU-10002963,"Master Caster Door Stop, Gray",Furniture,Furnishings,11.938,1,Prime Goods
FUR-FU-10000193,Tenex Chairmats For Use with Hard Floors,Furniture,Furnishings,77.952,4,NorthStar
OFF-BI-10000962,"Acco Flexible ACCOHIDE Square Ring Data Binder, Dark Blue, 11 1/2"" X 14"" 7/8""",Office Supplies,Binders,41.0004,2,Global Supply Co
OFF-AP-10002867,Fellowes Command Center 5-outlet power strip,Office Supplies,Appliances,166.208,2,Prime Goods
FUR-BO-10002916,"Rush Hierlooms Collection 1"" Thick Stackable Bookcases",Furniture,Bookcases,621.93975,5,Prime Goods
FUR-TA-10004152,"Barricks 18"" x 48"" Non-Folding Utility Table with Bottom Storage Shelf",Furniture,Tables,217.728,4,Global Supply Co
FUR-FU-10000672,"Executive Impressions 10"" Spectator Wall Clock",Furniture,Furnishings,51.744,3,Prime Goods
FUR-BO-10002598,"Hon Metal Bookcases, Putty",Furniture,Bookcases,264.0456,1,Prime Goods
OFF-ST-10004950,"Tenex Personal Filing Tote With Secure Closure Lid, Black/Frost",Office Supplies,Storage,59.32945455,4,Prime Goods
OFF-PA-10004610,Xerox 1900,Office Supplies,Paper,15.04114286,4,NorthStar
FUR-FU-10000320,OIC Stacking Trays,Furniture,Furnishings,13.80533333,2,NorthStar
FUR-CH-10003535,"Global Armless Task Chair, Royal Blue",Furniture,Chairs,174.55525,5,Prime Goods
FUR-FU-10003919,Eldon Executive Woodline II Cherry Finish Desk Accessories,Furniture,Furnishings,49.068,1,NorthStar
OFF-PA-10000174,"Message Book, Wirebound, Four 5 1/2"" X 4"" Forms/Pg., 200 Dupl. Sets/Book",Office Supplies,Paper,25.35733333,2,Prime Goods
FUR-FU-10002703,"Tenex Traditional Chairmats for Hard Floors, Average Lip, 36"" x 48""",Furniture,Furnishings,90.23,5,NorthStar
TEC-PH-10002415,Polycom VoiceStation 500 Conference phone,Technology,Phones,731.476,3,Global Supply Co
OFF-AR-10000657,"Binney & Smith inkTank Desk Highlighter, Chisel Tip, Yellow, 12/Box",Office Supplies,Art,9.03,3,NorthStar
OFF-PA-10004996,"Speediset Carbonless Redi-Letter 7"" x 8 1/2""",Office Supplies,Paper,36.2912,3,Prime Goods
OFF-PA-10003363,Xerox 204,Office Supplies,Paper,27.54,3,Prime Goods
TEC-AC-10002305,KeyTronic E03601U1 - Keyboard - Beige,Technology,Accessories,54,3,Prime Goods
TEC-AC-10000990,Imation Bio 2GB USB Flash Drive Imation Corp,Technology,Accessories,699.6266667,2,Prime Goods
FUR-BO-10001608,"Hon Metal Bookcases, Black",Furniture,Bookcases,314.01552,5,Global Supply Co
FUR-BO-10000112,"Bush Birmingham Collection Bookcase, Dark Cherry",Furniture,Bookcases,825.174,5,Prime Goods
TEC-PH-10004120,AT&T 1080 Phone,Technology,Phones,529.6946667,4,Prime Goods
OFF-BI-10003476,Avery Metallic Poly Binders,Office Supplies,Binders,22.6335,2,Prime Goods
TEC-MA-10002859,Ativa MDM8000 8-Sheet Micro-Cut Shredder,Technology,Machines,458.949,2,NorthStar
OFF-AP-10001947,Acco 6 Outlet Guardian Premium Plus Surge Suppressor,Office Supplies,Appliances,48.24266667,4,Prime Goods
OFF-LA-10001982,Smead Alpha-Z Color-Coded Name Labels First Letter Starter Set,Office Supplies,Labels,14.25,2,Global Supply Co
TEC-PH-10003484,Ooma Telo VoIP Home Phone System,Technology,Phones,403.168,2,Global Supply Co
OFF-PA-10000007,"Telephone Message Books with Fax/Mobile Section, 4 1/4"" x 6""",Office Supplies,Paper,17.04,3,Prime Goods
OFF-PA-10000552,Xerox 200,Office Supplies,Paper,16.848,1,Prime Goods
TEC-MA-10001148,Okidata MB491 Multifunction Printer,Technology,Machines,1040.8482,2,NorthStar
OFF-AR-10004062,Staples,Office Supplies,Art,52.4,4,Prime Goods
OFF-ST-10000321,Akro Stacking Bins,Office Supplies,Storage,15.254,5,Prime Goods
OFF-AR-10001149,"Avery Hi-Liter Comfort Grip Fluorescent Highlighter, Yellow Ink",Office Supplies,Art,11.56457143,3,Global Supply Co
TEC-AC-10002134,Rosewill 107 Normal Keys USB Wired Standard Keyboard,Technology,Accessories,35.048,2,NorthStar
TEC-PH-10004071,PayAnywhere Card Reader,Technology,Phones,39.96,1,Global Supply Co
OFF-PA-10004039,Xerox 1882,Office Supplies,Paper,123.156,1,Global Supply Co
TEC-AC-10002550,"Memorex 25GB 6X Branded Blu-Ray Recordable Disc, 30/Pack",Technology,Accessories,77.427,3,NorthStar
OFF-AR-10001725,Boston Home & Office Model 2000 Electric Pencil Sharpeners,Office Supplies,Art,49.665,3,Global Supply Co
OFF-AR-10004269,Newell 31,Office Supplies,Art,18.998,3,NorthStar
OFF-BI-10003007,"Premium Transparent Presentation Covers, No Pattern/Clear, 8 1/2"" x 11""",Office Supplies,Binders,99.72,1,NorthStar
OFF-PA-10002195,Xerox 1966,Office Supplies,Paper,14.03866667,1,Global Supply Co
OFF-SU-10002522,Acme Kleen Earth Office Shears,Office Supplies,Supplies,8.8464,1,Prime Goods
TEC-AC-10004859,"Maxell Pro 80 Minute CD-R, 10/Pack",Technology,Accessories,93.518,4,Global Supply Co
TEC-AC-10002558,Imation Swivel Flash Drive USB flash drive - 8 GB,Technology,Accessories,27.288,1,Global Supply Co
FUR-FU-10001731,Acrylic Self-Standing Desk Frames,Furniture,Furnishings,11.748,4,Global Supply Co
OFF-SU-10004782,"Elite 5"" Scissors",Office Supplies,Supplies,25.59142857,4,Prime Goods
OFF-SU-10000432,Acco Side-Punched Conventional Columnar Pads,Office Supplies,Supplies,10.41,1,NorthStar
OFF-LA-10004409,Avery 492,Office Supplies,Labels,10.7136,4,Global Supply Co
OFF-ST-10001031,Adjustable Personal File Tote,Office Supplies,Storage,54.0496,4,Global Supply Co
OFF-LA-10000476,"Avery 05222 Permanent Self-Adhesive File Folder Labels for Typewriters, on Rolls, White, 250/Roll",Office Supplies,Labels,10.325,4,NorthStar
OFF-AR-10002987,Prismacolor Color Pencil Set,Office Supplies,Art,62.35428571,2,Prime Goods
TEC-CO-10001571,Sharp 1540cs Digital Laser Copier,Technology,Copiers,628.56,5,NorthStar
FUR-FU-10003026,"Eldon Regeneration Recycled Desk Accessories, Black",Furniture,Furnishings,13.22933333,3,Prime Goods
OFF-ST-10001034,Eldon File Chest Portable File,Office Supplies,Storage,79.4,3,Prime Goods
TEC-AC-10000521,"Verbatim Slim CD and DVD Storage Cases, 50/Pack",Technology,Accessories,20.195,5,Prime Goods
OFF-SU-10003002,Letter Slitter,Office Supplies,Supplies,5.04,5,Prime Goods
TEC-PH-10000730,Samsung Galaxy S4 Active,Technology,Phones,1999.96,1,Prime Goods
FUR-CH-10004983,Office Star - Mid Back Dual function Ergonomic High Back Chair with 2-Way Adjustable Arms,Furniture,Chairs,837.096,3,Global Supply Co
OFF-FA-10001332,"Acco Banker's Clasps, 5 3/4""-Long",Office Supplies,Fasteners,8.1792,2,NorthStar
TEC-AC-10001874,Logitech Wireless Anywhere Mouse MX for PC and Mac,Technology,Accessories,183.9693333,1,NorthStar
OFF-BI-10000494,Acco Economy Flexible Poly Round Ring Binder,Office Supplies,Binders,2.871,4,Global Supply Co
FUR-TA-10003469,Balt Split Level Computer Training Table,Furniture,Tables,208.125,5,NorthStar
OFF-AR-10003179,Dixon Ticonderoga Core-Lock Colored Pencils,Office Supplies,Art,32.796,1,Prime Goods
FUR-CH-10003606,SAFCO Folding Chair Trolley,Furniture,Chairs,235.1066667,1,Prime Goods
FUR-CH-10003298,"Office Star - Contemporary Task Swivel chair with Loop Arms, Charcoal",Furniture,Chairs,408.9486667,3,Prime Goods
OFF-LA-10003537,Avery 515,Office Supplies,Labels,31.325,5,NorthStar
OFF-PA-10000069,"TOPS 4 x 6 Fluorescent Color Memo Sheets, 500 Sheets per Pack",Office Supplies,Paper,34.164,4,NorthStar
FUR-FU-10004017,"Executive Impressions 13"" Chairman Wall Clock",Furniture,Furnishings,180.6545714,5,Global Supply Co
OFF-PA-10004733,Things To Do Today Spiral Book,Office Supplies,Paper,27.456,2,NorthStar
TEC-AC-10004814,Logitech Illuminated Ultrathin Keyboard with Backlighting,Technology,Accessories,170.97,2,Prime Goods
OFF-SU-10002301,Serrated Blade or Curved Handle Hand Letter Openers,Office Supplies,Supplies,11.932,1,Global Supply Co
OFF-BI-10004318,Ibico EB-19 Dual Function Manual Binding System,Office Supplies,Binders,404.364125,4,Prime Goods
FUR-FU-10004164,"Eldon 300 Class Desk Accessories, Black",Furniture,Furnishings,14.85,1,NorthStar
TEC-AC-10001539,Logitech G430 Surround Sound Gaming Headset with Dolby 7.1 Technology,Technology,Accessories,311.961,3,Prime Goods
TEC-PH-10002789,LG Exalt,Technology,Phones,384.7753333,2,Prime Goods
OFF-BI-10004828,GBC Poly Designer Binding Covers,Office Supplies,Binders,42.687,1,Global Supply Co
OFF-AR-10001770,Economy #2 Pencils,Office Supplies,Art,8.645,4,Prime Goods
FUR-FU-10004904,"Eldon ""L"" Workstation Diamond Chairmat",Furniture,Furnishings,250.734,2,Prime Goods
FUR-FU-10002396,"DAX Copper Panel Document Frame, 5 x 7 Size",Furniture,Furnishings,34.2176,2,NorthStar
TEC-AC-10002331,"Maxell 74 Minute CDR, 10/Pack",Technology,Accessories,46.5528,1,NorthStar
TEC-AC-10001090,Micro Innovations Wireless Classic Keyboard with Mouse,Technology,Accessories,53.982,4,Prime Goods
FUR-BO-10004218,"Bush Heritage Pine Collection 5-Shelf Bookcase, Albany Pine Finish, *Special Order",Furniture,Bookcases,453.2507,2,Prime Goods
TEC-PH-10001619,LG G3,Technology,Phones,450.777,4,Prime Goods
OFF-PA-10000246,Riverleaf Stik-Withit Designer Note Cubes,Office Supplies,Paper,27.3632,5,Global Supply Co
OFF-PA-10001461,HP Office Paper (20Lb. and 87 Bright),Office Supplies,Paper,43.42,5,NorthStar
OFF-AR-10004165,"Binney & Smith inkTank Erasable Pocket Highlighter, Chisel Tip, Yellow",Office Supplies,Art,8.664,5,Prime Goods
OFF-EN-10001028,Staples,Office Supplies,Envelopes,50.316,2,Prime Goods
TEC-PH-10003535,RCA ViSYS 25423RE1 Corded phone,Technology,Phones,159.984,2,NorthStar
FUR-FU-10001085,3M Polarizing Light Filter Sleeves,Furniture,Furnishings,54.085,3,Prime Goods
OFF-AR-10003481,Newell 348,Office Supplies,Art,10.93333333,3,NorthStar
OFF-PA-10002606,Xerox 1928,Office Supplies,Paper,31.152,1,NorthStar
FUR-FU-10003731,"Eldon Expressions Wood and Plastic Desk Accessories, Oak",Furniture,Furnishings,29.94,3,NorthStar
OFF-AP-10001962,Black & Decker Filter for Double Action Dustbuster Cordless Vac BLDV7210,Office Supplies,Appliances,38.31433333,2,NorthStar
FUR-FU-10003798,"Ultra Door Kickplate, 8""H x 34""W",Furniture,Furnishings,79.12,2,Prime Goods
OFF-AR-10002704,Boston 1900 Electric Pencil Sharpener,Office Supplies,Art,14.98,1,Prime Goods
TEC-AC-10002942,WD My Passport Ultra 1TB Portable External Hard Drive,Technology,Accessories,167.9,1,Global Supply Co
TEC-MA-10001016,Canon PC170 Desktop Personal Copier,Technology,Machines,287.91,3,Prime Goods
TEC-AC-10001553,"Memorex 25GB 6X Branded Blu-Ray Recordable Disc, 15/Pack",Technology,Accessories,74.756,4,Prime Goods
FUR-FU-10001215,"Howard Miller 11-1/2"" Diameter Brentwood Wall Clock",Furniture,Furnishings,170.3635,4,Global Supply Co
OFF-PA-10002499,Xerox 1890,Office Supplies,Paper,122.35,5,Global Supply Co
TEC-PH-10003215,Jackery Bar Premium Fast-charging Portable Charger,Technology,Phones,116.805,3,Global Supply Co
OFF-LA-10002945,"Permanent Self-Adhesive File Folder Labels for Typewriters, 1 1/8 x 3 1/2, White",Office Supplies,Labels,25.62,3,Global Supply Co
OFF-AR-10002766,Prang Drawing Pencil Set,Office Supplies,Art,14.039,4,NorthStar
TEC-PH-10004434,Cisco IP Phone 7961G VoIP phone - Dark gray,Technology,Phones,462.23,3,Prime Goods
FUR-BO-10000711,"Hon Metal Bookcases, Gray",Furniture,Bookcases,425.88,1,Global Supply Co
OFF-BI-10001120,Ibico EPK-21 Electric Binding System,Office Supplies,Binders,5291.972,5,Prime Goods
OFF-AP-10004655,"Holmes Visible Mist Ultrasonic Humidifier with 2.3-Gallon Output per Day, Replacement Filter",Office Supplies,Appliances,23.772,2,NorthStar
FUR-BO-10004360,Rush Hierlooms Collection Rich Wood Bookcases,Furniture,Bookcases,244.6896,1,NorthStar
TEC-AC-10000199,Kingston Digital DataTraveler 8GB USB 2.0,Technology,Accessories,14.67666667,1,NorthStar
TEC-MA-10001127,"HP Designjet T520 Inkjet Large Format Printer - 24"" Color",Technology,Machines,6124.965,5,NorthStar
OFF-AR-10001227,Newell 338,Office Supplies,Art,11.76,2,NorthStar
FUR-CH-10000229,Global Enterprise Series Seating High-Back Swivel/Tilt Chairs,Furniture,Chairs,508.0875,1,NorthStar
FUR-BO-10002853,O'Sullivan 5-Shelf Heavy-Duty Bookcases,Furniture,Bookcases,135.201,1,Prime Goods
OFF-PA-10004022,Hammermill Color Copier Paper (28Lb. and 96 Bright),Office Supplies,Paper,14.985,5,Prime Goods
OFF-PA-10004248,Xerox 1990,Office Supplies,Paper,18.48,2,Global Supply Co
OFF-PA-10001363,Xerox 1933,Office Supplies,Paper,58.944,4,Global Supply Co
OFF-BI-10003876,"Green Canvas Binder for 8-1/2"" x 14"" Sheets",Office Supplies,Binders,113.848,5,NorthStar
OFF-EN-10004007,Park Ridge Embossed Executive Business Envelopes,Office Supplies,Envelopes,62.28,3,NorthStar
FUR-BO-10003894,"Safco Value Mate Steel Bookcase, Baked Enamel Finish on Steel, Black",Furniture,Bookcases,267.358,2,Global Supply Co
TEC-MA-10001570,Cisco Desktop Collaboration Experience DX650 IP Video Phone,Technology,Machines,385.8,1,Global Supply Co
FUR-FU-10003930,Howard Miller 12-3/4 Diameter Accuwave DS  Wall Clock,Furniture,Furnishings,393.45,3,Prime Goods
OFF-PA-10000232,Xerox 1975,Office Supplies,Paper,13.9968,2,NorthStar
OFF-AR-10001972,Newell 323,Office Supplies,Art,7.056,2,Prime Goods
OFF-AR-10004587,"Boston 1827 Commercial Additional Cutter, Drive Gear & Gear Rack for 1606",Office Supplies,Art,29.745,3,NorthStar
OFF-AP-10001366,Staples,Office Supplies,Appliances,46.665,2,Global Supply Co
OFF-BI-10000216,"Mead 1st Gear 2"" Zipper Binder, Asst. Colors",Office Supplies,Binders,18.158,1,Global Supply Co
TEC-MA-10001047,"3D Systems Cube Printer, 2nd Generation, Magenta",Technology,Machines,7149.945,5,Prime Goods
OFF-LA-10003720,Avery 487,Office Supplies,Labels,12.12428571,1,Prime Goods
TEC-MA-10003246,Hewlett-Packard Deskjet D4360 Printer,Technology,Machines,447.968,2,NorthStar
FUR-FU-10000175,DAX Wood Document Frame.,Furniture,Furnishings,39.817,3,NorthStar
OFF-PA-10000556,Xerox 208,Office Supplies,Paper,27.216,3,Prime Goods
TEC-AC-10003237,Memorex Micro Travel Drive 4 GB,Technology,Accessories,34.62666667,4,NorthStar
OFF-EN-10003068,#6 3/4 Gummed Flap White Envelopes,Office Supplies,Envelopes,17.82,3,Prime Goods
FUR-FU-10004053,DAX Two-Tone Silver Metal Document Frame,Furniture,Furnishings,39.13066667,3,NorthStar
OFF-PA-10000565,Staples,Office Supplies,Paper,139.95,1,Global Supply Co
OFF-LA-10000414,Avery 503,Office Supplies,Labels,38.8125,3,Global Supply Co
OFF-AP-10002998,Holmes 99% HEPA Air Purifier,Office Supplies,Appliances,83.391,2,Prime Goods
FUR-BO-10004690,O'Sullivan Cherrywood Estates Traditional Barrister Bookcase,Furniture,Bookcases,536.172,3,NorthStar
OFF-AR-10002445,SANFORD Major Accent Highlighters,Office Supplies,Art,29.93828571,1,Prime Goods
FUR-BO-10003546,Hon 4-Shelf Metal Bookcases,Furniture,Bookcases,368.577,3,NorthStar
FUR-TA-10003392,Global Adaptabilities Conference Tables,Furniture,Tables,885.087,3,Global Supply Co
OFF-AR-10003217,Newell 316,Office Supplies,Art,23.472,4,Prime Goods
OFF-ST-10001932,Fellowes Staxonsteel Drawer Files,Office Supplies,Storage,689.8928571,5,NorthStar
OFF-AR-10001761,Avery Hi-Liter Smear-Safe Highlighters,Office Supplies,Art,20.63466667,1,Global Supply Co
OFF-EN-10003567,"Inter-Office Recycled Envelopes, Brown Kraft, Button-String,10"" x 13"" , 100/Box",Office Supplies,Envelopes,65.94,1,NorthStar
OFF-PA-10003022,Xerox 1992,Office Supplies,Paper,49.52,2,Prime Goods
FUR-TA-10004442,Riverside Furniture Stanwyck Manor Table Series,Furniture,Tables,305.9733333,3,Global Supply Co
OFF-ST-10000129,Fellowes Recycled Storage Drawers,Office Supplies,Storage,429.316,2,NorthStar
OFF-PA-10004948,Xerox 190,Office Supplies,Paper,14.94,3,NorthStar
OFF-PA-10001725,Xerox 1892,Office Supplies,Paper,89.148,5,NorthStar
TEC-PH-10000213,Seidio BD2-HK3IPH5-BK DILEX Case and Holster Combo for Apple iPhone 5/5s - Black,Technology,Phones,90.96266667,5,NorthStar
OFF-PA-10000807,"TOPS ""Important Message"" Pads, Canary, 4-1/4 x 5-1/2, 50 Sheets per Pad",Office Supplies,Paper,23.39733333,4,Global Supply Co
OFF-ST-10003805,"24 Capacity Maxi Data Binder Racks, Pearl",Office Supplies,Storage,884.31,3,NorthStar
OFF-PA-10004353,Southworth 25% Cotton Premium Laser Paper and Envelopes,Office Supplies,Paper,105.4944,3,NorthStar
OFF-EN-10004206,Multimedia Mailers,Office Supplies,Envelopes,325.86,3,Prime Goods
OFF-LA-10003388,Avery 5,Office Supplies,Labels,5.76,4,NorthStar
TEC-PH-10000193,Jensen SMPS-640 - speaker phone,Technology,Phones,124.146,4,Global Supply Co
FUR-FU-10002111,"Master Caster Door Stop, Large Brown",Furniture,Furnishings,19.89866667,4,Prime Goods
OFF-ST-10000885,Fellowes Desktop Hanging File Manager,Office Supplies,Storage,50.3625,4,NorthStar
OFF-PA-10002709,Xerox 1956,Office Supplies,Paper,44.85,3,Prime Goods
FUR-FU-10003424,Nu-Dell Oak Frame,Furniture,Furnishings,50.552,5,Prime Goods
OFF-BI-10003718,GBC Therma-A-Bind 250T Electric Binding System,Office Supplies,Binders,590.352,2,NorthStar
FUR-FU-10002508,Document Clip Frames,Furniture,Furnishings,22.518,5,NorthStar
OFF-AP-10004052,"Hoover Replacement Belts For Soft Guard & Commercial Ltweight Upright Vacs, 2/Pk",Office Supplies,Appliances,11.218,5,NorthStar
OFF-PA-10003134,Xerox 1937,Office Supplies,Paper,124.904,1,NorthStar
FUR-FU-10000719,"DAX Cubicle Frames, 8-1/2 x 11",Furniture,Furnishings,36.4225,5,Global Supply Co
FUR-BO-10003893,Sauder Camden County Collection Library,Furniture,Bookcases,684.131,1,NorthStar
TEC-CO-10001943,Canon PC-428 Personal Copier,Technology,Copiers,686.6323333,5,Prime Goods
FUR-CH-10000749,Office Star - Ergonomic Mid Back Chair with 2-Way Adjustable Arms,Furniture,Chairs,1103.978,5,NorthStar
OFF-PA-10003228,Xerox 1917,Office Supplies,Paper,244.55,5,Global Supply Co
TEC-AC-10001542,SanDisk Cruzer 16 GB USB Flash Drive,Technology,Accessories,35.97066667,4,Prime Goods
TEC-AC-10004877,Imation 30456 USB Flash Drive 8GB,Technology,Accessories,30.912,2,Prime Goods
TEC-PH-10001305,Panasonic KX TS208W Corded phone,Technology,Phones,213.923,2,Prime Goods
OFF-PA-10000483,Xerox 19,Office Supplies,Paper,103.783,2,Global Supply Co
TEC-AC-10000487,SanDisk Cruzer 4 GB USB Flash Drive,Technology,Accessories,12.98,3,Prime Goods
TEC-AC-10002018,AmazonBasics 3-Button USB Wired Mouse,Technology,Accessories,17.6148,4,Prime Goods
OFF-PA-10004381,14-7/8 x 11 Blue Bar Computer Printout Paper,Office Supplies,Paper,105.688,4,NorthStar
OFF-EN-10001453,"Tyvek Interoffice Envelopes, 9 1/2"" x 12 1/2"", 100/Box",Office Supplies,Envelopes,187.8184,5,Prime Goods
OFF-SU-10001212,Kleencut Forged Office Shears by Acme United Corporation,Office Supplies,Supplies,4.784,1,Prime Goods
OFF-BI-10000201,"Avery Triangle Shaped Sheet Lifters, Black, 2/Pack",Office Supplies,Binders,4.305,4,NorthStar
TEC-AC-10004396,Logitech Keyboard K120,Technology,Accessories,58.08,5,NorthStar
OFF-PA-10001166,Xerox 1932,Office Supplies,Paper,22.2432,2,NorthStar
OFF-AR-10002467,Dixon Ticonderoga Pencils,Office Supplies,Art,12.516,3,Prime Goods
FUR-FU-10002813,"DAX Contemporary Wood Frame with Silver Metal Mat, Desktop, 11 x 14 Size",Furniture,Furnishings,58.2912,4,Prime Goods
TEC-MA-10000752,Texas Instrument TI-15 Fraction Calculator,Technology,Machines,20.9525,1,Prime Goods
FUR-FU-10004845,"Deflect-o EconoMat Nonstudded, No Bevel Mat",Furniture,Furnishings,234.1466667,1,NorthStar
OFF-FA-10000840,OIC Thumb-Tacks,Office Supplies,Fasteners,4.332,2,Prime Goods
OFF-AR-10001231,"Sanford EarthWrite Recycled Pencils, Medium Soft, #2",Office Supplies,Art,9.8,2,Prime Goods
TEC-PH-10004875,PNY Rapid USB Car Charger - Black,Technology,Phones,9.588,1,Global Supply Co
FUR-CH-10001802,Hon Every-Day Chair Series Swivel Task Chairs,Furniture,Chairs,322.6133333,3,NorthStar
TEC-PH-10003356,"SmartStand Mobile Device Holder, Assorted Colors",Technology,Phones,25.164,4,Prime Goods
OFF-AP-10002670,Belkin 8-Outlet Premiere SurgeMaster II Surge Protectors,Office Supplies,Appliances,138.96,1,NorthStar
OFF-FA-10003485,Staples,Office Supplies,Fasteners,13.362,3,Global Supply Co
OFF-AP-10000390,Euro Pro Shark Stick Mini Vacuum,Office Supplies,Appliances,56.91466667,5,Global Supply Co
OFF-PA-10002764,Staples,Office Supplies,Paper,56.7,5,Global Supply Co
OFF-PA-10000143,Astroparche Fine Business Paper,Office Supplies,Paper,24.112,1,Prime Goods
TEC-MA-10000045,Zebra ZM400 Thermal Label Printer,Technology,Machines,3482.85,1,Prime Goods
OFF-ST-10000136,Letter Size File,Office Supplies,Storage,170.71,3,Global Supply Co
TEC-PH-10004522,Dexim XPower Skin Super-Thin Power Case for iPhone 5 - Black,Technology,Phones,155.9733333,1,NorthStar
TEC-PH-10002584,Samsung Galaxy S4,Technology,Phones,1226.9404,1,Prime Goods
FUR-CH-10004626,Office Star Flex Back Scooter Chair with Aluminum Finish Frame,Furniture,Chairs,324.5295,5,Prime Goods
TEC-PH-10000562,Samsung Convoy 3,Technology,Phones,344.069,3,Prime Goods
FUR-FU-10001025,"Eldon Imàge Series Desk Accessories, Clear",Furniture,Furnishings,17.82,3,NorthStar
OFF-LA-10004178,Avery 491,Office Supplies,Labels,15.14333333,2,NorthStar
OFF-PA-10003797,Xerox 209,Office Supplies,Paper,37.584,3,Global Supply Co
OFF-EN-10003448,"Peel & Seel Recycled Catalog Envelopes, Brown",Office Supplies,Envelopes,44.004,4,Global Supply Co
OFF-AP-10000938,Avanti 1.7 Cu. Ft. Refrigerator,Office Supplies,Appliances,555.39,5,NorthStar
OFF-SU-10004737,Acme Design Stainless Steel Bent Scissors,Office Supplies,Supplies,29.64,5,Prime Goods
FUR-TA-10001691,"Barricks Non-Folding Utility Table with Steel Legs, Laminate Tops",Furniture,Tables,136.464,1,Prime Goods
TEC-MA-10003173,Hewlett-Packard 300S Scientific Calculator,Technology,Machines,65.55,1,Prime Goods
OFF-LA-10000305,Avery 495,Office Supplies,Labels,24.255,3,Global Supply Co
TEC-PH-10002583,iOttie HLCRIO102 Car Mount,Technology,Phones,43.1784,2,Global Supply Co
OFF-AR-10003876,"Avery Hi-Liter GlideStik Fluorescent Highlighter, Yellow Ink",Office Supplies,Art,13.04,4,NorthStar
FUR-FU-10004864,Eldon 500 Class Desk Accessories,Furniture,Furnishings,141.1393846,4,NorthStar
OFF-PA-10003063,EcoTones Memo Sheets,Office Supplies,Paper,17.6,5,NorthStar
OFF-PA-10003302,Xerox 1906,Office Supplies,Paper,156.9485714,3,NorthStar
TEC-MA-10000423,Texas Instruments TI-34 Scientific Calculator,Technology,Machines,68.169,1,NorthStar
OFF-PA-10003022,Standard Line “While You Were Out” Hardbound Telephone Message Book,Office Supplies,Paper,49.52,1,Prime Goods
TEC-AC-10004992,Kingston Digital DataTraveler 64GB USB 2.0,Technology,Accessories,101.34,5,Global Supply Co
OFF-BI-10004099,GBC VeloBinder Strips,Office Supplies,Binders,13.248,2,Prime Goods
OFF-PA-10001215,Xerox 1963,Office Supplies,Paper,25.696,2,Global Supply Co
TEC-AC-10003870,Logitech Z-906 Speaker sys - home theater - 5.1-CH,Technology,Accessories,1402.4575,4,NorthStar
OFF-AP-10000275,"Sanyo Counter Height Refrigerator with Crisper, 3.6 Cubic Foot, Stainless Steel/Black",Office Supplies,Appliances,1968.84,4,Global Supply Co
FUR-FU-10003192,Luxo Adjustable Task Clamp Lamp,Furniture,Furnishings,386.454,1,Prime Goods
OFF-PA-10000859,Unpadded Memo Slips,Office Supplies,Paper,9.154,2,NorthStar
OFF-AR-10000614,Barrel Sharpener,Office Supplies,Art,16.9575,5,Prime Goods
OFF-FA-10000089,Acco Glide Clips,Office Supplies,Fasteners,19.6,3,Prime Goods
FUR-TA-10001771,"Bush Cubix Conference Tables, Fully Assembled",Furniture,Tables,900.822,5,NorthStar
FUR-CH-10002044,"Office Star - Contemporary Task Swivel chair with 2-way adjustable arms, Plum",Furniture,Chairs,347.097,1,Global Supply Co
TEC-PH-10001795,RCA H5401RE1 DECT 6.0 4-Line Cordless Handset With Caller ID/Call Waiting,Technology,Phones,1387.1724,5,Prime Goods
FUR-TA-10001086,"SAFCO PlanMaster Boards, 60w x 37-1/2d, White Melamine",Furniture,Tables,595.8008,3,NorthStar
OFF-PA-10000048,Xerox 20,Office Supplies,Paper,6.48,5,Prime Goods
TEC-MA-10002109,"HP Officejet Pro 8600 e-All-In-One Printer, Copier, Scanner, Fax",Technology,Machines,224.985,2,Prime Goods
OFF-PA-10003036,"Black Print Carbonless 8 1/2"" x 8 1/4"" Rapid Memo Book",Office Supplies,Paper,16.016,3,Prime Goods
TEC-PH-10001870,Lunatik TT5L-002 Taktik Strike Impact Protection System for iPhone 5,Technology,Phones,93.886,1,Global Supply Co
OFF-ST-10002182,"Iris 3-Drawer Stacking Bin, Black",Office Supplies,Storage,94.70133333,4,Global Supply Co
TEC-PH-10001468,Panasonic Business Telephones KX-T7736,Technology,Phones,546.06,4,NorthStar
OFF-AR-10004010,Hunt Boston Vacuum Mount KS Pencil Sharpener,Office Supplies,Art,134.3616,4,Prime Goods
OFF-ST-10003572,Portfile Personal File Boxes,Office Supplies,Storage,49.56,5,Prime Goods
OFF-ST-10003994,"Belkin 19"" Center-Weighted Shelf, Gray",Office Supplies,Storage,212.328,5,Global Supply Co
FUR-CH-10001545,Hon Comfortask Task/Swivel Chairs,Furniture,Chairs,281.1506667,5,Global Supply Co
FUR-FU-10004245,"Career Cubicle Clock, 8 1/4"", Black",Furniture,Furnishings,64.896,3,NorthStar
OFF-EN-10002592,"Peel & Seel Recycled Catalog Envelopes, Brown",Office Supplies,Envelopes,44.004,5,Prime Goods
OFF-AR-10000914,Boston 16765 Mini Stand Up Battery Pencil Sharpener,Office Supplies,Art,25.652,2,Prime Goods
OFF-LA-10003498,Avery 475,Office Supplies,Labels,66.6,5,Global Supply Co
TEC-MA-10003329,"Vtech AT&T CL2940 Corded Speakerphone, Black",Technology,Machines,71.976,5,Prime Goods
FUR-FU-10000747,Tenex B1-RE Series Chair Mats for Low Pile Carpets,Furniture,Furnishings,143.1948571,3,Prime Goods
TEC-PH-10004100,Griffin GC17055 Auxiliary Audio Cable,Technology,Phones,65.96333333,5,Prime Goods
OFF-ST-10000636,Rogers Profile Extra Capacity Storage Tub,Office Supplies,Storage,74.13428571,1,Global Supply Co
TEC-PH-10003174,RCA ViSYS 25825 Wireless digital phone,Technology,Phones,363.972,5,Prime Goods
OFF-PA-10001497,Xerox 1914,Office Supplies,Paper,191.2608,1,Prime Goods
OFF-PA-10001952,Xerox 1902,Office Supplies,Paper,41.112,3,Prime Goods
OFF-SU-10004661,Acme Titanium Bonded Scissors,Office Supplies,Supplies,20.4,4,Global Supply Co
OFF-BI-10002026,Ibico Recycled Linen-Style Covers,Office Supplies,Binders,147.773,5,Prime Goods
OFF-PA-10001826,Xerox 207,Office Supplies,Paper,20.088,4,Prime Goods
TEC-MA-10001031,Socket Bluetooth Cordless Hand Scanner (CHS),Technology,Machines,506.28,3,Global Supply Co
TEC-MA-10003176,Okidata B400 Printer,Technology,Machines,514.8,1,Prime Goods
TEC-AC-10002647,"Logitech Wireless Boombox Speaker - portable - wireless, wired",Technology,Accessories,191.52,2,Prime Goods
TEC-PH-10002114,Xiaomi Mi3,Technology,Phones,2279.96,1,Prime Goods
OFF-PA-10001593,Xerox 1947,Office Supplies,Paper,27.2688,1,Prime Goods
TEC-AC-10004803,Sony Micro Vault Click 4 GB USB 2.0 Flash Drive,Technology,Accessories,83.64,1,Global Supply Co
OFF-PA-10001801,Xerox 193,Office Supplies,Paper,25.91333333,1,NorthStar
TEC-PH-10000127,iOttie XL Car Mount,Technology,Phones,111.944,3,Global Supply Co
OFF-AP-10001564,Hoover Commercial Lightweight Upright Vacuum with E-Z Empty Dirt Cup,Office Supplies,Appliances,341.1173333,1,Prime Goods
TEC-AC-10004595,First Data TMFD35 PIN Pad,Technology,Accessories,285.6,1,Global Supply Co
FUR-FU-10002874,Ultra Commercial Grade Dual Valve Door Closer,Furniture,Furnishings,63.824,1,NorthStar
FUR-FU-10003489,Contemporary Borderless Frame,Furniture,Furnishings,18.081,1,NorthStar
TEC-MA-10002073,"3D Systems Cube Printer, 2nd Generation, White",Technology,Machines,1169.991,5,NorthStar
TEC-PH-10004006,Panasonic KX - TS880B Telephone,Technology,Phones,151.14,5,NorthStar
OFF-BI-10000279,"Acco Recycled 2"" Capacity Laser Printer Hanging Data Binders",Office Supplies,Binders,21.31375,5,Prime Goods
OFF-PA-10000300,Xerox 1936,Office Supplies,Paper,51.948,3,NorthStar
OFF-BI-10004308,Avery Legal 4-Ring Binder,Office Supplies,Binders,64.5135,5,Global Supply Co
TEC-PH-10004080,Avaya 5410 Digital phone,Technology,Phones,156.377,2,Global Supply Co
OFF-PA-10001260,"TOPS Money Receipt Book, Consecutively Numbered in Red,",Office Supplies,Paper,44.055,2,Global Supply Co
OFF-ST-10004946,Desktop 3-Pocket Hot File,Office Supplies,Storage,129.84,2,Global Supply Co
OFF-PA-10002109,Wirebound Voice Message Log Book,Office Supplies,Paper,7.616,5,NorthStar
TEC-MA-10004255,Konica Minolta magicolor 1690MF Multifunction Printer,Technology,Machines,319.92,4,NorthStar
FUR-FU-10003095,"Linden 12"" Wall Clock With Oak Frame",Furniture,Furnishings,101.94,4,Global Supply Co
FUR-FU-10000820,Tensor Brushed Steel Torchiere Floor Lamp,Furniture,Furnishings,36.5285,2,Prime Goods
TEC-MA-10002930,Ricoh - Ink Collector Unit for GX3000 Series Printers,Technology,Machines,155.215,3,Prime Goods
OFF-PA-10003205,"Wirebound Message Forms, Four 2 3/4 x 5 Forms per Page, Pink Paper",Office Supplies,Paper,17.974,1,NorthStar
OFF-LA-10002368,Avery 479,Office Supplies,Labels,5.568,5,NorthStar
TEC-MA-10003230,Okidata C610n Printer,Technology,Machines,1362.9,4,Global Supply Co
OFF-PA-10000295,Xerox 229,Office Supplies,Paper,28.512,3,Global Supply Co
OFF-SU-10004884,Acme Galleria Hot Forged Steel Scissors with Colored Handles,Office Supplies,Supplies,65.01733333,5,Global Supply Co
FUR-FU-10002240,Nu-Dell EZ-Mount Plastic Wall Frames,Furniture,Furnishings,9.85,5,Global Supply Co
FUR-FU-10001057,Tensor Track Tree Floor Lamp,Furniture,Furnishings,74.9625,2,Global Supply Co
FUR-CH-10002073,Hon Olson Stacker Chairs,Furniture,Chairs,1356.9975,3,Global Supply Co
OFF-AP-10003278,Belkin 7-Outlet SurgeMaster Home Series,Office Supplies,Appliances,21.2344,1,NorthStar
TEC-PH-10002070,Griffin GC36547 PowerJolt SE Lightning Charger,Technology,Phones,58.474,2,Global Supply Co
FUR-FU-10000277,Deflect-o DuraMat Antistatic Studded Beveled Mat for Medium Pile Carpeting,Furniture,Furnishings,337.088,4,Prime Goods
TEC-AC-10004420,Cherry 142-key Programmable Keyboard,Technology,Accessories,479.72,4,Global Supply Co
TEC-PH-10004094,Motorola L703CM,Technology,Phones,701.955,3,Global Supply Co
TEC-MA-10002790,NeatDesk Desktop Scanner & Digital Filing System,Technology,Machines,479.988,3,NorthStar
OFF-AP-10001634,Hoover Commercial Lightweight Upright Vacuum,Office Supplies,Appliances,9.048,3,NorthStar
OFF-PA-10001837,Xerox 1976,Office Supplies,Paper,18.144,5,NorthStar
OFF-AR-10003896,"Stride Job 150 Highlighters, Chisel Tip, Assorted Colors",Office Supplies,Art,17.94,3,NorthStar
OFF-BI-10002897,"Black Avery Memo-Size 3-Ring Binder, 5 1/2"" x 8 1/2""",Office Supplies,Binders,11.377,2,Global Supply Co
OFF-PA-10001243,Xerox 1983,Office Supplies,Paper,14.95,4,Prime Goods
FUR-FU-10003806,"Tenex Chairmat w/ Average Lip, 45"" x 53""",Furniture,Furnishings,514.624,1,Prime Goods
TEC-MA-10000904,"Brother MFC-9340CDW LED All-In-One Printer, Copier Scanner",Technology,Machines,341.991,1,Global Supply Co
OFF-LA-10002473,Avery 484,Office Supplies,Labels,9.216,4,Prime Goods
FUR-FU-10003374,Electrix Fluorescent Magnifier Lamps & Weighted Base,Furniture,Furnishings,231.898,3,Global Supply Co
TEC-MA-10001856,Okidata C610n Printer,Technology,Machines,649,4,Prime Goods
OFF-ST-10003641,Space Solutions Industrial Galvanized Steel Shelving.,Office Supplies,Storage,173.36,4,NorthStar
OFF-AR-10004707,Staples,Office Supplies,Art,4.96,1,NorthStar
TEC-MA-10004086,Plantronics Single Ear Headset,Technology,Machines,29.925,2,Global Supply Co
TEC-MA-10001695,Zebra GK420t Direct Thermal/Thermal Transfer Printer,Technology,Machines,703.71,1,NorthStar
FUR-FU-10002506,"Tensor ""Hersey Kiss"" Styled Floor Lamp",Furniture,Furnishings,31.176,2,Prime Goods
TEC-AC-10004518,Memorex Mini Travel Drive 32 GB USB 2.0 Flash Drive,Technology,Accessories,140,1,Prime Goods
OFF-AP-10000027,Hoover Commercial SteamVac,Office Supplies,Appliances,42.098,1,Global Supply Co
OFF-PA-10002558,Xerox 1938,Office Supplies,Paper,268.24,3,Global Supply Co
TEC-AC-10000926,NETGEAR RangeMax WNR1000 Wireless Router,Technology,Accessories,59.976,4,Prime Goods
OFF-PA-10001846,Xerox 1899,Office Supplies,Paper,13.872,2,Global Supply Co
TEC-MA-10003673,Hewlett-Packard Desktjet 6988DT Refurbished Printer,Technology,Machines,3404.5,3,Prime Goods
FUR-BO-10001567,"Bush Westfield Collection Bookcases, Dark Cherry Finish, Fully Assembled",Furniture,Bookcases,90.882,2,Prime Goods
FUR-FU-10001379,"Executive Impressions 16-1/2"" Circular Wall Clock",Furniture,Furnishings,29.392,2,Prime Goods
TEC-MA-10000984,Okidata MB760 Printer,Technology,Machines,3917.2,1,Prime Goods
OFF-AR-10000937,"Dixon Ticonderoga Core-Lock Colored Pencils, 48-Color Set",Office Supplies,Art,215.645,2,NorthStar
FUR-FU-10002030,"Executive Impressions 14"" Contract Wall Clock with Quartz Movement",Furniture,Furnishings,48.906,4,Global Supply Co
OFF-FA-10000254,Sterling Rubber Bands by Alliance,Office Supplies,Fasteners,9.891,5,NorthStar
OFF-AP-10004136,Kensington 6 Outlet SmartSocket Surge Protector,Office Supplies,Appliances,73.764,4,Prime Goods
TEC-AC-10002370,Maxell CD-R Discs,Technology,Accessories,5.253333333,1,Prime Goods
OFF-AR-10003986,Avery Hi-Liter Pen Style Six-Color Fluorescent Set,Office Supplies,Art,7.7,5,NorthStar
OFF-SU-10004290,"Acme Design Line 8"" Stainless Steel Bent Scissors w/Champagne Handles, 3-1/8"" Cut",Office Supplies,Supplies,15.048,5,NorthStar
TEC-MA-10004552,Star Micronics TSP100 TSP143LAN Receipt Printer,Technology,Machines,1035.8,4,NorthStar
OFF-PA-10000312,Xerox 1955,Office Supplies,Paper,91.36,4,NorthStar
OFF-PA-10001001,"Snap-A-Way Black Print Carbonless Speed Message, No Reply Area, Duplicate",Office Supplies,Paper,93.248,2,Global Supply Co
OFF-PA-10001583,"1/4 Fold Party Design Invitations & White Envelopes, 24 8-1/2"" X 11"" Cards, 25 Env./Pack",Office Supplies,Paper,24.99,1,Global Supply Co
TEC-MA-10002694,Hewlett-Packard Deskjet F4180 All-in-One Color Ink-jet - Printer / copier / scanner,Technology,Machines,101.994,5,Prime Goods
TEC-MA-10004626,Lexmark 20R1285 X6650 Wireless All-in-One Printer,Technology,Machines,300,4,Prime Goods
TEC-PH-10004241,Nokia Lumia 1020,Technology,Phones,1439.968,5,NorthStar
OFF-SU-10003936,Acme Serrated Blade Letter Opener,Office Supplies,Supplies,6.996,5,NorthStar
TEC-MA-10003337,Okidata B401 Printer,Technology,Machines,179.991,2,Global Supply Co
OFF-PA-10000210,Xerox Blank Computer Paper,Office Supplies,Paper,99.9,1,NorthStar
OFF-AR-10003477,4009 Highlighters,Office Supplies,Art,8.04,5,Prime Goods
FUR-CH-10002317,Global Enterprise Series Seating Low-Back Swivel/Tilt Chairs,Furniture,Chairs,207.184,5,Prime Goods
OFF-LA-10004677,Self-Adhesive Address Labels for Typewriters with Dispenser Box,Office Supplies,Labels,13.284,1,Global Supply Co
FUR-CH-10002780,Office Star - Task Chair with Contemporary Loop Arms,Furniture,Chairs,300.234,3,Prime Goods
OFF-EN-10001535,Grip Seal Envelopes,Office Supplies,Envelopes,7.072,4,NorthStar
TEC-MA-10003493,Penpower WorldCard Pro Card Scanner,Technology,Machines,91.475,4,NorthStar
TEC-AC-10002380,Sony 8GB Class 10 Micro SDHC R40 Memory Card,Technology,Accessories,27.192,2,Prime Goods
TEC-PH-10002817,RCA ViSYS 25425RE1 Corded phone,Technology,Phones,323.976,5,NorthStar
TEC-MA-10003589,Cisco 8961 IP Phone Charcoal,Technology,Machines,224.937,2,Global Supply Co
OFF-AP-10003099,"Eureka Hand Vacuum, Bagless",Office Supplies,Appliances,197.72,2,Global Supply Co
TEC-PH-10002645,LG G2,Technology,Phones,1499.97,4,Prime Goods
OFF-ST-10001627,Eldon Jumbo ProFile Portable File Boxes Graphite/Black,Office Supplies,Storage,36.744,4,Global Supply Co
