TransactionID,SaleDate,OrderDate,ShipDate,CustomerID,ProductID,SaleAmount,ShipMode,CustomerSatisfactionScore,PaymentType
1,11/9/2013,11/9/2013,11/12/2013,CG-12520,FUR-BO-10001798,261.96,Second Class,1,PayPal
2,11/9/2013,11/9/2013,11/12/2013,CG-12520,FUR-CH-10000454,731.94,Second Class,2,Credit Card
3,6/13/2013,6/13/2013,6/17/2013,DV-13045,OFF-LA-10000240,14.62,Second Class,2,Credit Card
4,10/11/2012,10/11/2012,10/18/2012,SO-20335,FUR-TA-10000577,957.5775,Standard Class,1,Bank Transfer
5,10/11/2012,10/11/2012,10/18/2012,SO-20335,OFF-ST-10000760,22.368,Standard Class,5,PayPal
6,6/9/2011,6/9/2011,6/14/2011,BH-11710,FUR-FU-10001487,48.86,Standard Class,4,Bank Transfer
7,6/9/2011,6/9/2011,6/14/2011,BH-11710,OFF-AR-10002833,7.28,Standard Class,2,Bank Transfer
8,6/9/2011,6/9/2011,6/14/2011,BH-11710,TEC-PH-10002275,907.152,Standard Class,3,Credit Card
9,6/9/2011,6/9/2011,6/14/2011,BH-11710,OFF-BI-10003910,18.504,Standard Class,4,Credit Card
10,6/9/2011,6/9/2011,6/14/2011,BH-11710,OFF-AP-10002892,114.9,Standard Class,3,PayPal
11,6/9/2011,6/9/2011,6/14/2011,BH-11710,FUR-TA-10001539,1706.184,Standard Class,2,PayPal
12,6/9/2011,6/9/2011,6/14/2011,BH-11710,TEC-PH-10002033,911.424,Standard Class,1,PayPal
13,4/16/2014,4/16/2014,4/21/2014,AA-10480,OFF-PA-10002365,15.552,Standard Class,4,Credit Card
14,12/6/2013,12/6/2013,12/11/2013,IM-15070,OFF-BI-10003656,407.976,Standard Class,2,Bank Transfer
15,11/22/2012,11/22/2012,11/26/2012,HP-14815,OFF-AP-10002311,68.81,Standard Class,2,PayPal
16,11/22/2012,11/22/2012,11/26/2012,HP-14815,OFF-BI-10000756,2.544,Standard Class,4,Credit Card
17,11/11/2011,11/11/2011,11/18/2011,PK-19075,OFF-ST-10004186,665.88,Standard Class,5,Bank Transfer
18,5/13/2011,5/13/2011,5/15/2011,AG-10270,OFF-ST-10000107,55.5,Second Class,4,Credit Card
19,8/27/2011,8/27/2011,9/1/2011,ZD-21925,OFF-AR-10003056,8.56,Second Class,5,Bank Transfer
20,8/27/2011,8/27/2011,9/1/2011,ZD-21925,TEC-PH-10001949,213.48,Second Class,4,Credit Card
21,8/27/2011,8/27/2011,9/1/2011,ZD-21925,OFF-BI-10002215,22.72,Second Class,4,Credit Card
22,12/10/2013,12/10/2013,12/14/2013,KB-16585,OFF-AR-10000246,19.46,Standard Class,2,Credit Card
23,12/10/2013,12/10/2013,12/14/2013,KB-16585,OFF-AP-10001492,60.34,Standard Class,5,Credit Card
24,7/17/2014,7/17/2014,7/19/2014,SF-20065,FUR-CH-10002774,71.372,Second Class,4,PayPal
25,9/25/2012,9/25/2012,9/30/2012,EB-13870,FUR-TA-10000577,1044.63,Standard Class,3,Credit Card
26,1/16/2013,1/16/2013,1/20/2013,EH-13945,OFF-BI-10001634,11.648,Second Class,1,Credit Card
27,1/16/2013,1/16/2013,1/20/2013,EH-13945,TEC-AC-10003027,90.57,Second Class,2,PayPal
28,9/17/2012,9/17/2012,9/21/2012,TB-21520,FUR-BO-10004834,3083.43,Standard Class,1,Credit Card
29,9/17/2012,9/17/2012,9/21/2012,TB-21520,OFF-BI-10000474,9.618,Standard Class,1,Bank Transfer
30,9/17/2012,9/17/2012,9/21/2012,TB-21520,FUR-FU-10004848,124.2,Standard Class,4,PayPal
31,9/17/2012,9/17/2012,9/21/2012,TB-21520,OFF-EN-10001509,3.264,Standard Class,3,Credit Card
32,9/17/2012,9/17/2012,9/21/2012,TB-21520,OFF-AR-10004042,86.304,Standard Class,5,PayPal
33,9/17/2012,9/17/2012,9/21/2012,TB-21520,OFF-BI-10001525,6.858,Standard Class,5,Bank Transfer
34,9/17/2012,9/17/2012,9/21/2012,TB-21520,OFF-AR-10001683,15.76,Standard Class,5,Credit Card
35,10/20/2014,10/20/2014,10/24/2014,MA-17560,OFF-PA-10000249,29.472,Second Class,5,PayPal
36,12/9/2013,12/9/2013,12/11/2013,GH-14485,TEC-PH-10004977,1097.544,First Class,3,Credit Card
37,12/9/2013,12/9/2013,12/11/2013,GH-14485,FUR-FU-10003664,190.92,First Class,5,PayPal
38,12/27/2012,12/27/2012,12/31/2012,SN-20710,OFF-EN-10002986,113.328,Standard Class,2,Bank Transfer
39,12/27/2012,12/27/2012,12/31/2012,SN-20710,FUR-BO-10002545,532.3992,Standard Class,1,Credit Card
40,12/27/2012,12/27/2012,12/31/2012,SN-20710,FUR-CH-10004218,212.058,Standard Class,3,PayPal
41,12/27/2012,12/27/2012,12/31/2012,SN-20710,TEC-PH-10000486,371.168,Standard Class,1,Bank Transfer
42,9/11/2014,9/11/2014,9/16/2014,LC-16930,TEC-PH-10004093,147.168,Standard Class,3,Credit Card
43,7/18/2013,7/18/2013,7/23/2013,RA-19885,OFF-ST-10003479,77.88,Standard Class,2,Bank Transfer
44,9/20/2014,9/20/2014,9/24/2014,ES-14080,OFF-ST-10003282,95.616,Standard Class,2,Bank Transfer
45,3/12/2013,3/12/2013,3/14/2013,ON-18715,TEC-AC-10000171,45.98,First Class,5,PayPal
46,3/12/2013,3/12/2013,3/14/2013,ON-18715,OFF-BI-10003291,17.46,First Class,4,Credit Card
47,10/20/2011,10/20/2011,10/25/2011,PO-18865,OFF-ST-10001713,211.96,Second Class,3,Credit Card
48,6/21/2013,6/21/2013,6/26/2013,LH-16900,TEC-AC-10002167,45,Standard Class,5,Credit Card
49,6/21/2013,6/21/2013,6/26/2013,LH-16900,TEC-PH-10003988,21.8,Standard Class,5,Credit Card
50,4/18/2012,4/18/2012,4/22/2012,DP-13000,OFF-BI-10004410,38.22,Standard Class,4,PayPal
51,4/18/2012,4/18/2012,4/22/2012,DP-13000,OFF-LA-10002762,75.18,Standard Class,2,Credit Card
52,4/18/2012,4/18/2012,4/22/2012,DP-13000,FUR-FU-10001706,6.16,Standard Class,4,Bank Transfer
53,4/18/2012,4/18/2012,4/22/2012,DP-13000,FUR-CH-10003061,89.99,Standard Class,3,Credit Card
54,12/12/2013,12/12/2013,12/18/2013,JM-15265,OFF-FA-10000304,15.26,Standard Class,3,PayPal
55,12/12/2013,12/12/2013,12/18/2013,JM-15265,TEC-PH-10002447,1029.95,Standard Class,4,Credit Card
56,6/18/2013,6/18/2013,6/19/2013,TB-21055,OFF-ST-10000604,208.56,First Class,2,PayPal
57,6/18/2013,6/18/2013,6/19/2013,TB-21055,OFF-PA-10001569,32.4,First Class,2,Credit Card
58,6/18/2013,6/18/2013,6/19/2013,TB-21055,FUR-CH-10003968,319.41,First Class,1,Credit Card
59,6/18/2013,6/18/2013,6/19/2013,TB-21055,OFF-PA-10000587,14.56,First Class,5,PayPal
60,6/18/2013,6/18/2013,6/19/2013,TB-21055,TEC-AC-10002167,30,First Class,4,Bank Transfer
61,6/18/2013,6/18/2013,6/19/2013,TB-21055,OFF-BI-10001460,48.48,First Class,3,PayPal
62,6/18/2013,6/18/2013,6/19/2013,TB-21055,OFF-AR-10001868,1.68,First Class,2,Bank Transfer
63,11/24/2012,11/24/2012,11/30/2012,KM-16720,TEC-AC-10004633,13.98,Standard Class,3,PayPal
64,11/24/2012,11/24/2012,11/30/2012,KM-16720,OFF-BI-10001078,25.824,Standard Class,2,Bank Transfer
65,11/24/2012,11/24/2012,11/30/2012,KM-16720,OFF-PA-10003892,146.73,Standard Class,3,Bank Transfer
66,11/24/2012,11/24/2012,11/30/2012,KM-16720,FUR-FU-10000397,79.76,Standard Class,2,Credit Card
67,4/30/2012,4/30/2012,5/5/2012,PS-18970,FUR-CH-10001146,213.115,Standard Class,1,PayPal
68,12/5/2011,12/5/2011,12/10/2011,BS-11590,OFF-AR-10002671,1113.024,Standard Class,4,PayPal
69,12/5/2011,12/5/2011,12/10/2011,BS-11590,TEC-PH-10002726,167.968,Standard Class,1,PayPal
70,6/5/2013,6/5/2013,6/7/2013,KD-16270,OFF-PA-10000482,75.88,First Class,3,Bank Transfer
71,9/19/2013,9/19/2013,9/24/2013,HM-14980,OFF-BI-10004654,4.616,Standard Class,4,Credit Card
72,9/15/2014,9/15/2014,9/18/2014,TB-21520,OFF-PA-10004675,19.05,Second Class,3,Bank Transfer
73,4/26/2012,4/26/2012,5/2/2012,JE-15745,FUR-CH-10000513,831.936,Standard Class,1,Credit Card
74,4/26/2012,4/26/2012,5/2/2012,JE-15745,FUR-FU-10003708,97.04,Standard Class,3,PayPal
75,4/26/2012,4/26/2012,5/2/2012,JE-15745,OFF-ST-10004123,72.784,Standard Class,5,Bank Transfer
76,12/10/2014,12/10/2014,12/12/2014,KB-16600,OFF-BI-10004182,1.248,First Class,4,PayPal
77,12/10/2014,12/10/2014,12/12/2014,KB-16600,FUR-FU-10000260,9.708,First Class,2,Bank Transfer
78,12/10/2014,12/10/2014,12/12/2014,KB-16600,OFF-ST-10000615,27.24,First Class,4,Credit Card
79,11/26/2011,11/26/2011,12/1/2011,JE-15745,FUR-FU-10003194,19.3,Second Class,5,PayPal
80,6/13/2013,6/13/2013,6/16/2013,SC-20770,OFF-AP-10002118,208.16,First Class,4,Bank Transfer
81,6/13/2013,6/13/2013,6/16/2013,SC-20770,OFF-BI-10002309,16.74,First Class,4,Credit Card
82,10/12/2011,10/12/2011,10/16/2011,DN-13690,OFF-AR-10002053,14.9,Standard Class,1,Bank Transfer
83,10/12/2011,10/12/2011,10/16/2011,DN-13690,OFF-ST-10002370,21.39,Standard Class,3,Bank Transfer
84,9/3/2012,9/3/2012,9/8/2012,JC-16105,OFF-EN-10000927,200.984,Standard Class,3,PayPal
85,11/14/2014,11/14/2014,11/17/2014,CS-12400,OFF-ST-10003656,230.376,First Class,4,Credit Card
86,5/29/2014,5/29/2014,5/31/2014,PO-18865,FUR-CH-10000863,301.96,Second Class,4,Bank Transfer
87,10/27/2014,10/27/2014,11/3/2014,PG-18895,TEC-AC-10001998,19.99,Standard Class,3,Credit Card
88,10/27/2014,10/27/2014,11/3/2014,PG-18895,OFF-LA-10000134,6.16,Standard Class,3,Credit Card
89,4/6/2013,4/6/2013,4/11/2013,GM-14455,OFF-ST-10003442,158.368,Second Class,3,Credit Card
90,9/18/2013,9/18/2013,9/23/2013,JS-15685,OFF-AR-10004930,20.1,Standard Class,5,Credit Card
91,9/18/2013,9/18/2013,9/23/2013,JS-15685,TEC-PH-10004093,73.584,Standard Class,5,PayPal
92,9/18/2013,9/18/2013,9/23/2013,JS-15685,OFF-PA-10000304,6.48,Standard Class,1,Credit Card
93,1/31/2012,1/31/2012,2/5/2012,KB-16315,OFF-PA-10003177,12.96,Second Class,2,Bank Transfer
94,1/31/2012,1/31/2012,2/5/2012,KB-16315,FUR-FU-10003799,53.34,Second Class,3,Credit Card
95,1/31/2012,1/31/2012,2/5/2012,KB-16315,OFF-BI-10002852,32.96,Second Class,4,PayPal
96,11/7/2014,11/7/2014,11/13/2014,RB-19705,OFF-BI-10004738,5.682,Standard Class,4,Bank Transfer
97,11/10/2014,11/10/2014,11/12/2014,PN-18775,FUR-FU-10000629,96.53,Second Class,5,PayPal
98,6/18/2014,6/18/2014,6/21/2014,KD-16345,OFF-BI-10001721,51.312,First Class,4,Credit Card
99,9/7/2013,9/7/2013,9/12/2013,ER-13855,OFF-AP-10000358,77.88,Standard Class,4,PayPal
100,8/30/2013,8/30/2013,9/3/2013,RB-19465,OFF-PA-10003256,64.624,Standard Class,4,PayPal
101,8/30/2013,8/30/2013,9/3/2013,RB-19465,TEC-AC-10001767,95.976,Standard Class,3,Bank Transfer
102,8/30/2013,8/30/2013,9/3/2013,RB-19465,OFF-BI-10002609,1.788,Standard Class,1,PayPal
103,12/2/2013,12/2/2013,12/5/2013,GZ-14470,OFF-PA-10004040,23.92,Second Class,4,Bank Transfer
104,11/13/2012,11/13/2012,11/17/2012,LC-16870,TEC-AC-10001552,238.896,Standard Class,5,PayPal
105,11/13/2012,11/13/2012,11/17/2012,LC-16870,FUR-FU-10004006,102.36,Standard Class,5,Credit Card
106,11/13/2012,11/13/2012,11/17/2012,LC-16870,OFF-BI-10002794,36.882,Standard Class,5,Bank Transfer
107,11/24/2014,11/24/2014,11/29/2014,JM-15250,TEC-AC-10003499,74.112,Standard Class,2,Credit Card
108,11/24/2014,11/24/2014,11/29/2014,JM-15250,TEC-PH-10002844,27.992,Standard Class,3,Credit Card
109,11/24/2014,11/24/2014,11/29/2014,JM-15250,OFF-AR-10000390,3.304,Standard Class,3,PayPal
110,10/15/2012,10/15/2012,10/20/2012,PA-19060,TEC-AC-10000844,339.96,Standard Class,1,Bank Transfer
111,12/26/2014,12/26/2014,12/31/2014,CV-12805,FUR-FU-10001934,41.96,Standard Class,5,Credit Card
112,11/4/2013,11/4/2013,11/11/2013,CL-12565,OFF-AR-10000380,75.96,Standard Class,5,PayPal
113,11/4/2013,11/4/2013,11/11/2013,CL-12565,OFF-BI-10003981,27.24,Standard Class,1,Bank Transfer
114,8/25/2011,8/25/2011,8/27/2011,RC-19960,OFF-FA-10000621,40.096,Second Class,2,Credit Card
115,8/25/2011,8/25/2011,8/27/2011,RC-19960,OFF-EN-10002600,4.72,Second Class,2,PayPal
116,8/25/2011,8/25/2011,8/27/2011,RC-19960,OFF-PA-10004965,23.976,Second Class,2,Bank Transfer
117,8/25/2011,8/25/2011,8/27/2011,RC-19960,OFF-EN-10002504,130.464,Second Class,2,PayPal
118,3/2/2012,3/2/2012,3/6/2012,DK-13090,FUR-TA-10001768,787.53,Standard Class,4,Credit Card
119,4/5/2012,4/5/2012,4/10/2012,GG-14650,OFF-BI-10003650,157.794,Standard Class,1,PayPal
120,6/13/2013,6/13/2013,6/16/2013,SC-20725,FUR-FU-10002157,47.04,First Class,5,Credit Card
121,6/13/2013,6/13/2013,6/16/2013,SC-20725,OFF-BI-10003910,30.84,First Class,5,Bank Transfer
122,6/13/2013,6/13/2013,6/16/2013,SC-20725,OFF-ST-10000777,226.56,First Class,2,Bank Transfer
123,6/13/2013,6/13/2013,6/16/2013,SC-20725,OFF-EN-10002500,115.02,First Class,4,PayPal
124,6/13/2013,6/13/2013,6/16/2013,SC-20725,TEC-PH-10003875,68.04,First Class,4,Credit Card
125,12/26/2011,12/26/2011,12/28/2011,AD-10180,FUR-CH-10004063,600.558,Second Class,4,Bank Transfer
126,9/20/2011,9/20/2011,9/25/2011,PF-19165,FUR-TA-10004534,617.7,Standard Class,3,Credit Card
127,11/6/2014,11/6/2014,11/13/2014,TS-21610,OFF-BI-10003274,2.388,Standard Class,2,PayPal
128,11/6/2014,11/6/2014,11/13/2014,TS-21610,OFF-ST-10002974,243.992,Standard Class,3,Bank Transfer
129,11/7/2013,11/7/2013,11/11/2013,LS-16975,FUR-CH-10001146,81.424,Second Class,1,Bank Transfer
130,11/7/2013,11/7/2013,11/11/2013,LS-16975,FUR-FU-10003773,238.56,Second Class,2,Bank Transfer
131,2/3/2014,2/3/2014,2/6/2014,DW-13585,TEC-PH-10002293,59.97,First Class,3,PayPal
132,2/3/2014,2/3/2014,2/6/2014,DW-13585,OFF-PA-10002377,78.304,First Class,5,Credit Card
133,2/3/2014,2/3/2014,2/6/2014,DW-13585,OFF-FA-10002780,21.456,First Class,5,Bank Transfer
134,10/14/2013,10/14/2013,10/20/2013,LC-16885,OFF-PA-10001804,20.04,Standard Class,5,Credit Card
135,10/14/2013,10/14/2013,10/20/2013,LC-16885,OFF-PA-10001736,35.44,Standard Class,3,Bank Transfer
136,10/14/2013,10/14/2013,10/20/2013,LC-16885,OFF-AR-10001149,11.52,Standard Class,4,Bank Transfer
137,10/14/2013,10/14/2013,10/20/2013,LC-16885,OFF-FA-10002988,4.02,Standard Class,5,Bank Transfer
138,10/14/2013,10/14/2013,10/20/2013,LC-16885,OFF-BI-10004781,76.176,Standard Class,5,Credit Card
139,10/14/2013,10/14/2013,10/20/2013,LC-16885,OFF-SU-10001218,65.88,Standard Class,2,Credit Card
140,10/14/2013,10/14/2013,10/20/2013,LC-16885,FUR-FU-10001706,43.12,Standard Class,5,PayPal
141,9/6/2013,9/6/2013,9/8/2013,JD-15895,FUR-FU-10004848,82.8,Second Class,3,Bank Transfer
142,9/19/2014,9/19/2014,9/24/2014,SH-19975,OFF-AR-10000940,8.82,Standard Class,5,Credit Card
143,9/19/2014,9/19/2014,9/24/2014,SH-19975,OFF-EN-10004030,10.86,Standard Class,4,Credit Card
144,9/19/2014,9/19/2014,9/24/2014,SH-19975,OFF-PA-10004327,143.7,Standard Class,4,Credit Card
145,12/23/2014,12/23/2014,12/28/2014,SG-20080,OFF-AP-10001058,839.43,Standard Class,2,Credit Card
146,9/7/2012,9/7/2012,9/12/2012,HA-14920,OFF-ST-10003656,671.93,Standard Class,3,PayPal
147,10/22/2011,10/22/2011,10/28/2011,MG-17680,FUR-FU-10000521,93.888,Standard Class,4,Bank Transfer
148,12/6/2013,12/6/2013,12/10/2013,JE-16165,TEC-PH-10000215,384.45,Standard Class,5,Bank Transfer
149,12/6/2013,12/6/2013,12/10/2013,JE-16165,TEC-PH-10001448,149.97,Standard Class,4,Credit Card
150,12/6/2013,12/6/2013,12/10/2013,JE-16165,FUR-CH-10000454,1951.84,Standard Class,2,Credit Card
151,12/6/2013,12/6/2013,12/10/2013,JE-16165,OFF-BI-10002735,171.55,Standard Class,5,Credit Card
152,3/14/2013,3/14/2013,3/17/2013,TW-21025,OFF-AP-10000326,157.92,First Class,1,PayPal
153,3/14/2013,3/14/2013,3/17/2013,TW-21025,TEC-PH-10001254,203.184,First Class,3,Credit Card
154,5/31/2012,5/31/2012,6/2/2012,SP-20650,OFF-PA-10001950,58.38,First Class,1,Bank Transfer
155,5/31/2012,5/31/2012,6/2/2012,SP-20650,OFF-PA-10002254,105.52,First Class,3,Bank Transfer
156,5/31/2012,5/31/2012,6/2/2012,SP-20650,OFF-ST-10001590,80.88,First Class,1,PayPal
157,5/28/2012,5/28/2012,6/3/2012,NK-18490,OFF-AR-10001547,6.63,Standard Class,2,Credit Card
158,3/1/2011,3/1/2011,3/6/2011,DB-13060,FUR-CH-10004063,457.568,Second Class,1,PayPal
159,11/21/2013,11/21/2013,11/25/2013,NP-18670,OFF-LA-10002475,14.62,Standard Class,4,Bank Transfer
160,11/21/2013,11/21/2013,11/25/2013,NP-18670,TEC-PH-10004536,944.93,Standard Class,2,Bank Transfer
161,5/12/2013,5/12/2013,5/13/2013,TT-21070,OFF-PA-10002751,5.98,First Class,5,Bank Transfer
162,12/28/2012,12/28/2012,12/31/2012,EM-13960,TEC-AC-10003657,54.384,Second Class,4,Bank Transfer
163,11/17/2013,11/17/2013,11/21/2013,RD-19900,OFF-EN-10001990,28.4,Standard Class,5,Bank Transfer
164,11/8/2013,11/8/2013,11/12/2013,MJ-17740,OFF-BI-10004002,27.68,Standard Class,4,Credit Card
165,9/8/2011,9/8/2011,9/12/2011,BM-11140,OFF-AR-10004441,9.936,Standard Class,2,Bank Transfer
166,9/8/2011,9/8/2011,9/12/2011,BM-11140,TEC-MA-10000822,8159.952,Standard Class,1,PayPal
167,9/8/2011,9/8/2011,9/12/2011,BM-11140,OFF-ST-10000991,275.928,Standard Class,3,Bank Transfer
168,9/8/2011,9/8/2011,9/12/2011,BM-11140,FUR-CH-10004287,1740.06,Standard Class,1,Credit Card
169,9/8/2011,9/8/2011,9/12/2011,BM-11140,OFF-AR-10002656,32.064,Standard Class,4,Credit Card
170,9/8/2011,9/8/2011,9/12/2011,BM-11140,OFF-AP-10002518,177.98,Standard Class,3,Bank Transfer
171,9/8/2011,9/8/2011,9/12/2011,BM-11140,TEC-PH-10003931,143.976,Standard Class,1,PayPal
172,8/5/2011,8/5/2011,8/9/2011,CS-12130,OFF-PA-10000659,20.94,Standard Class,1,Credit Card
173,8/5/2011,8/5/2011,8/9/2011,CS-12130,OFF-PA-10001144,110.96,Standard Class,3,Credit Card
174,8/5/2011,8/5/2011,8/9/2011,CS-12130,FUR-CH-10003817,340.144,Standard Class,1,Credit Card
175,9/14/2011,9/14/2011,9/19/2011,JB-15400,OFF-AP-10000891,52.448,Standard Class,1,Bank Transfer
176,9/14/2011,9/14/2011,9/19/2011,JB-15400,OFF-LA-10003148,20.16,Standard Class,5,Credit Card
177,4/22/2014,4/22/2014,4/26/2014,SJ-20500,OFF-AP-10002684,97.264,Second Class,2,PayPal
178,11/21/2012,11/21/2012,11/23/2012,JE-15745,FUR-CH-10004698,396.802,Second Class,3,Credit Card
179,11/21/2012,11/21/2012,11/23/2012,JE-15745,OFF-SU-10002189,15.88,Second Class,4,Bank Transfer
180,12/15/2012,12/15/2012,12/19/2012,JK-15640,OFF-AR-10001940,3.28,Standard Class,4,Bank Transfer
181,12/5/2011,12/5/2011,12/9/2011,DK-13150,OFF-ST-10003455,24.816,Second Class,1,Bank Transfer
182,12/5/2011,12/5/2011,12/9/2011,DK-13150,TEC-AC-10004659,408.744,Second Class,5,Credit Card
183,11/19/2011,11/19/2011,11/24/2011,RM-19675,TEC-PH-10003273,503.96,Second Class,2,Bank Transfer
184,11/19/2011,11/19/2011,11/24/2011,RM-19675,TEC-PH-10004896,149.95,Second Class,5,Credit Card
185,11/19/2011,11/19/2011,11/24/2011,RM-19675,TEC-AC-10002345,29,Second Class,4,Bank Transfer
186,11/29/2013,11/29/2013,12/3/2013,SK-19990,OFF-BI-10001890,7.16,Standard Class,3,Credit Card
187,8/26/2011,8/26/2011,8/30/2011,FM-14290,TEC-AC-10002323,176.8,Standard Class,4,PayPal
188,7/17/2013,7/17/2013,7/23/2013,AM-10360,OFF-ST-10001328,37.224,Standard Class,4,Credit Card
189,7/17/2013,7/17/2013,7/23/2013,AM-10360,OFF-PA-10001950,20.016,Standard Class,2,Bank Transfer
190,10/12/2012,10/12/2012,10/14/2012,MP-17470,FUR-BO-10002613,899.136,First Class,4,Credit Card
191,10/12/2012,10/12/2012,10/14/2012,MP-17470,TEC-PH-10001552,71.76,First Class,2,PayPal
192,10/12/2012,10/12/2012,10/14/2012,MP-17470,OFF-PA-10000061,51.84,First Class,1,PayPal
193,10/12/2012,10/12/2012,10/14/2012,MP-17470,FUR-BO-10002545,626.352,First Class,2,Bank Transfer
194,10/12/2012,10/12/2012,10/14/2012,MP-17470,OFF-AR-10003514,19.9,First Class,3,Credit Card
195,10/31/2012,10/31/2012,11/6/2012,MZ-17515,OFF-EN-10001509,14.28,Standard Class,5,Credit Card
196,3/21/2011,3/21/2011,3/25/2011,CB-12025,OFF-AR-10004685,7.408,Standard Class,2,Credit Card
197,3/21/2011,3/21/2011,3/25/2011,CB-12025,OFF-AR-10004027,6.048,Standard Class,2,Bank Transfer
198,11/7/2014,11/7/2014,11/14/2014,VM-21685,OFF-ST-10001414,46.26,Standard Class,5,Credit Card
199,7/7/2014,7/7/2014,7/14/2014,FH-14365,OFF-BI-10000343,2.946,Standard Class,2,Bank Transfer
200,7/7/2014,7/7/2014,7/14/2014,FH-14365,OFF-PA-10002749,16.056,Standard Class,2,Credit Card
201,6/25/2014,6/25/2014,6/30/2014,MB-17305,OFF-PA-10002666,21.744,Standard Class,1,PayPal
202,8/3/2011,8/3/2011,8/5/2011,BS-11755,FUR-TA-10004289,218.75,First Class,4,PayPal
203,8/3/2011,8/3/2011,8/5/2011,BS-11755,OFF-AP-10003622,2.6,First Class,1,Credit Card
204,12/18/2014,12/18/2014,12/22/2014,LC-17140,OFF-AP-10003217,66.284,Second Class,5,Credit Card
205,6/4/2014,6/4/2014,6/8/2014,HK-14890,FUR-FU-10002960,35.168,Standard Class,2,Bank Transfer
206,12/10/2014,12/10/2014,12/15/2014,LE-16810,TEC-PH-10001918,444.768,Standard Class,5,Credit Card
207,12/2/2014,12/2/2014,12/8/2014,JH-15985,OFF-ST-10000642,83.92,Standard Class,3,PayPal
208,12/2/2014,12/2/2014,12/8/2014,JH-15985,TEC-PH-10001700,131.98,Standard Class,1,Bank Transfer
209,12/2/2014,12/2/2014,12/8/2014,JH-15985,OFF-BI-10003274,15.92,Standard Class,4,Bank Transfer
210,12/2/2014,12/2/2014,12/8/2014,JH-15985,OFF-FA-10000134,52.29,Standard Class,3,Credit Card
211,12/2/2014,12/2/2014,12/8/2014,JH-15985,OFF-ST-10001522,91.99,Standard Class,4,Bank Transfer
212,2/9/2012,2/9/2012,2/13/2012,MS-17980,TEC-AC-10001266,20.8,Second Class,5,PayPal
213,1/2/2012,1/2/2012,1/9/2012,VW-21775,OFF-LA-10004544,23.68,Standard Class,5,Credit Card
214,1/2/2012,1/2/2012,1/9/2012,VW-21775,FUR-BO-10004695,452.45,Standard Class,5,Credit Card
215,1/2/2012,1/2/2012,1/9/2012,VW-21775,TEC-PH-10002844,62.982,Standard Class,2,Credit Card
216,1/2/2012,1/2/2012,1/9/2012,VW-21775,TEC-MA-10000864,1188,Standard Class,1,Bank Transfer
217,1/2/2012,1/2/2012,1/9/2012,VW-21775,TEC-AC-10000109,89.584,Standard Class,2,Credit Card
218,10/29/2013,10/29/2013,11/2/2013,JH-15910,OFF-ST-10001328,93.06,Standard Class,5,PayPal
219,10/29/2013,10/29/2013,11/2/2013,JH-15910,TEC-PH-10002563,302.376,Standard Class,1,Bank Transfer
220,12/24/2012,12/24/2012,12/27/2012,JB-15925,OFF-FA-10000585,5.584,First Class,1,Credit Card
221,12/24/2012,12/24/2012,12/27/2012,JB-15925,OFF-PA-10004000,22.704,First Class,4,Credit Card
222,12/24/2012,12/24/2012,12/27/2012,JB-15925,OFF-BI-10002852,19.776,First Class,4,Bank Transfer
223,12/24/2012,12/24/2012,12/27/2012,JB-15925,FUR-FU-10000087,72.704,First Class,2,PayPal
224,12/24/2012,12/24/2012,12/27/2012,JB-15925,TEC-MA-10001148,479.988,First Class,1,PayPal
225,12/24/2012,12/24/2012,12/27/2012,JB-15925,OFF-AR-10001958,27.168,First Class,2,PayPal
226,8/9/2012,8/9/2012,8/16/2012,DS-13180,OFF-AR-10001026,2.2,Standard Class,5,Credit Card
227,8/9/2012,8/9/2012,8/16/2012,DS-13180,FUR-TA-10003748,622.45,Standard Class,5,Credit Card
228,8/9/2012,8/9/2012,8/16/2012,DS-13180,OFF-ST-10002485,21.98,Standard Class,3,Credit Card
229,2/28/2012,2/28/2012,3/4/2012,VD-21670,FUR-CH-10004860,161.568,Standard Class,5,Bank Transfer
230,2/28/2012,2/28/2012,3/4/2012,VD-21670,FUR-CH-10004477,389.696,Standard Class,4,PayPal
231,9/13/2011,9/13/2011,9/17/2011,EA-14035,OFF-BI-10001679,18.648,Standard Class,5,PayPal
232,4/8/2014,4/8/2014,4/13/2014,CS-12400,FUR-TA-10001705,233.86,Standard Class,1,Credit Card
233,4/8/2014,4/8/2014,4/13/2014,CS-12400,FUR-TA-10003473,620.6145,Standard Class,5,Credit Card
234,4/8/2014,4/8/2014,4/13/2014,CS-12400,OFF-BI-10001679,5.328,Standard Class,5,PayPal
235,4/8/2014,4/8/2014,4/13/2014,CS-12400,FUR-FU-10004017,258.072,Standard Class,5,Credit Card
236,4/8/2014,4/8/2014,4/13/2014,CS-12400,TEC-AC-10003832,617.976,Standard Class,1,Credit Card
237,11/13/2014,11/13/2014,11/17/2014,DB-13120,OFF-PA-10002479,10.56,Standard Class,3,Bank Transfer
238,6/5/2013,6/5/2013,6/10/2013,KL-16645,OFF-PA-10003349,25.92,Second Class,3,Credit Card
239,6/5/2013,6/5/2013,6/10/2013,KL-16645,FUR-FU-10000576,419.68,Second Class,3,PayPal
240,6/5/2013,6/5/2013,6/10/2013,KL-16645,FUR-FU-10004351,11.688,Second Class,1,PayPal
241,6/5/2013,6/5/2013,6/10/2013,KL-16645,TEC-PH-10000011,31.984,Second Class,2,Credit Card
242,6/5/2013,6/5/2013,6/10/2013,KL-16645,FUR-TA-10002607,177.225,Second Class,5,Bank Transfer
243,6/5/2013,6/5/2013,6/10/2013,KL-16645,FUR-FU-10002505,4.044,Second Class,4,PayPal
244,6/5/2013,6/5/2013,6/10/2013,KL-16645,OFF-AR-10004685,7.408,Second Class,5,Bank Transfer
245,6/1/2011,6/1/2011,6/6/2011,DW-13480,FUR-CH-10004063,2001.86,Second Class,1,PayPal
246,6/1/2011,6/1/2011,6/6/2011,DW-13480,OFF-ST-10002276,166.72,Second Class,1,Bank Transfer
247,6/1/2011,6/1/2011,6/6/2011,DW-13480,OFF-PA-10004082,47.88,Second Class,3,PayPal
248,6/1/2011,6/1/2011,6/6/2011,DW-13480,OFF-AP-10002945,1503.25,Second Class,1,Credit Card
249,6/1/2011,6/1/2011,6/6/2011,DW-13480,OFF-PA-10000061,25.92,Second Class,3,Credit Card
250,12/11/2013,12/11/2013,12/16/2013,LH-17155,FUR-CH-10002965,321.568,Second Class,1,PayPal
251,9/12/2013,9/12/2013,9/18/2013,KC-16540,OFF-PA-10004569,7.61,Standard Class,4,Credit Card
252,9/12/2013,9/12/2013,9/18/2013,KC-16540,TEC-AC-10003832,3347.37,Standard Class,1,Bank Transfer
253,12/11/2013,12/11/2013,12/14/2013,DL-13315,OFF-ST-10001228,80.58,First Class,4,Credit Card
254,12/11/2013,12/11/2013,12/14/2013,DL-13315,OFF-EN-10003296,361.92,First Class,3,Bank Transfer
255,11/28/2012,11/28/2012,12/4/2012,DR-12880,FUR-FU-10002505,12.132,Standard Class,4,Bank Transfer
256,11/28/2012,11/28/2012,12/4/2012,DR-12880,OFF-ST-10004804,82.368,Standard Class,1,Bank Transfer
257,11/28/2012,11/28/2012,12/4/2012,DR-12880,OFF-ST-10001590,53.92,Standard Class,4,Bank Transfer
258,11/28/2012,11/28/2012,12/4/2012,DR-12880,TEC-PH-10001580,647.904,Standard Class,5,Bank Transfer
259,12/2/2014,12/2/2014,12/4/2014,CC-12670,TEC-AC-10000290,20.37,Second Class,1,Credit Card
260,12/2/2014,12/2/2014,12/4/2014,CC-12670,OFF-ST-10002790,221.55,Second Class,2,Bank Transfer
261,12/2/2014,12/2/2014,12/4/2014,CC-12670,OFF-BI-10003460,17.52,Second Class,1,PayPal
262,6/9/2014,6/9/2014,6/13/2014,Dl-13600,OFF-AP-10002203,1.624,Standard Class,3,PayPal
263,9/19/2011,9/19/2011,9/21/2011,SB-20290,TEC-MA-10000822,3059.982,Second Class,5,Bank Transfer
264,9/19/2011,9/19/2011,9/21/2011,SB-20290,TEC-MA-10003353,2519.958,Second Class,1,PayPal
265,6/7/2013,6/7/2013,6/14/2013,RC-19825,TEC-PH-10001433,328.224,Standard Class,4,Credit Card
266,11/10/2012,11/10/2012,11/15/2012,AH-10210,TEC-AC-10004469,79.9,Standard Class,2,Bank Transfer
267,6/17/2014,6/17/2014,6/21/2014,CB-12535,OFF-AR-10003602,14.016,Standard Class,4,Credit Card
268,1/22/2013,1/22/2013,1/28/2013,PG-18895,OFF-FA-10003472,7.56,Standard Class,2,Credit Card
269,12/10/2014,12/10/2014,12/14/2014,CA-12310,OFF-ST-10004180,37.208,Standard Class,3,PayPal
270,12/10/2014,12/10/2014,12/14/2014,CA-12310,OFF-EN-10004386,57.576,Standard Class,4,Bank Transfer
271,12/29/2014,12/29/2014,1/3/2015,KH-16690,OFF-ST-10003208,725.84,Second Class,3,PayPal
272,7/30/2012,7/30/2012,7/31/2012,HA-14920,TEC-AC-10003628,209.93,First Class,5,Credit Card
273,7/30/2012,7/30/2012,7/31/2012,HA-14920,FUR-FU-10003274,5.28,First Class,5,Bank Transfer
274,7/30/2012,7/30/2012,7/31/2012,HA-14920,OFF-BI-10002557,10.92,First Class,4,PayPal
275,9/17/2014,9/17/2014,9/18/2014,BB-10990,OFF-PA-10002615,8.82,First Class,2,Bank Transfer
276,9/17/2014,9/17/2014,9/18/2014,BB-10990,OFF-AR-10001427,5.98,First Class,4,Credit Card
277,10/14/2014,10/14/2014,10/18/2014,AG-10495,OFF-PA-10000673,11.648,Standard Class,4,PayPal
278,10/14/2014,10/14/2014,10/18/2014,AG-10495,OFF-PA-10004470,18.176,Standard Class,4,PayPal
279,10/14/2014,10/14/2014,10/18/2014,AG-10495,OFF-ST-10000876,59.712,Standard Class,5,Bank Transfer
280,10/14/2014,10/14/2014,10/18/2014,AG-10495,OFF-LA-10002043,24.84,Standard Class,3,PayPal
281,9/26/2012,9/26/2012,9/28/2012,SC-20725,OFF-BI-10004967,2.08,Second Class,1,PayPal
282,9/26/2012,9/26/2012,9/28/2012,SC-20725,TEC-PH-10001760,1114.4,Second Class,2,Bank Transfer
283,11/2/2012,11/2/2012,11/6/2012,JO-15280,FUR-TA-10002903,1038.84,Standard Class,5,Bank Transfer
284,9/26/2012,9/26/2012,10/2/2012,TB-21520,OFF-PA-10000474,141.76,Standard Class,4,PayPal
285,9/26/2012,9/26/2012,10/2/2012,TB-21520,TEC-AC-10001956,239.8,Standard Class,3,Credit Card
286,9/26/2012,9/26/2012,10/2/2012,TB-21520,OFF-PA-10004100,31.104,Standard Class,4,Credit Card
287,12/19/2013,12/19/2013,12/21/2013,AH-10195,OFF-BI-10000778,254.058,Second Class,5,Bank Transfer
288,12/19/2013,12/19/2013,12/21/2013,AH-10195,OFF-AP-10002684,194.528,Second Class,4,PayPal
289,12/19/2013,12/19/2013,12/21/2013,AH-10195,OFF-SU-10000646,961.48,Second Class,4,PayPal
290,11/21/2013,11/21/2013,11/25/2013,NZ-18565,OFF-FA-10002983,19.096,Second Class,2,PayPal
291,11/21/2013,11/21/2013,11/25/2013,NZ-18565,OFF-LA-10004689,18.496,Second Class,2,Credit Card
292,11/21/2013,11/21/2013,11/25/2013,NZ-18565,TEC-AC-10002001,255.984,Second Class,2,Bank Transfer
293,11/21/2013,11/21/2013,11/25/2013,NZ-18565,FUR-BO-10004709,86.97,Second Class,3,Bank Transfer
294,12/26/2011,12/26/2011,12/28/2011,KL-16555,FUR-FU-10004091,300.416,First Class,1,Bank Transfer
295,12/26/2011,12/26/2011,12/28/2011,KL-16555,FUR-CH-10001891,230.352,First Class,5,Credit Card
296,12/26/2011,12/26/2011,12/28/2011,KL-16555,FUR-FU-10002918,218.352,First Class,4,Credit Card
297,12/26/2011,12/26/2011,12/28/2011,KL-16555,OFF-BI-10004593,78.6,First Class,1,Bank Transfer
298,12/26/2011,12/26/2011,12/28/2011,KL-16555,OFF-FA-10004854,27.552,First Class,1,Credit Card
299,10/29/2013,10/29/2013,11/4/2013,JD-15895,OFF-PA-10002105,32.4,Standard Class,5,PayPal
300,10/29/2013,10/29/2013,11/4/2013,JD-15895,OFF-ST-10002756,1082.48,Standard Class,4,Credit Card
301,10/29/2013,10/29/2013,11/4/2013,JD-15895,OFF-PA-10004243,56.91,Standard Class,4,Bank Transfer
302,10/29/2013,10/29/2013,11/4/2013,JD-15895,FUR-FU-10001861,77.6,Standard Class,2,Bank Transfer
303,10/29/2013,10/29/2013,11/4/2013,JD-15895,OFF-BI-10002706,14.28,Standard Class,2,PayPal
304,11/20/2014,11/20/2014,11/24/2014,JH-15910,FUR-TA-10002533,219.075,Standard Class,4,Bank Transfer
305,5/4/2012,5/4/2012,5/9/2012,AS-10225,FUR-FU-10002671,26.8,Second Class,4,Credit Card
306,12/30/2011,12/30/2011,1/4/2012,KB-16600,OFF-AR-10003651,9.84,Standard Class,3,Credit Card
307,6/1/2011,6/1/2011,6/6/2011,CR-12625,OFF-BI-10001072,45.48,Standard Class,5,PayPal
308,6/1/2011,6/1/2011,6/6/2011,CR-12625,OFF-AR-10002135,289.2,Standard Class,1,Credit Card
309,4/16/2014,4/16/2014,4/18/2014,SH-20395,OFF-AR-10002804,4.89,First Class,1,Bank Transfer
310,9/13/2013,9/13/2013,9/15/2013,BP-11185,FUR-FU-10001918,15.136,Second Class,2,Bank Transfer
311,9/13/2013,9/13/2013,9/15/2013,BP-11185,FUR-CH-10004086,466.768,Second Class,5,Credit Card
312,9/13/2013,9/13/2013,9/15/2013,BP-11185,FUR-FU-10001756,15.232,Second Class,3,Credit Card
313,9/13/2013,9/13/2013,9/15/2013,BP-11185,OFF-LA-10000634,6.264,Second Class,1,Bank Transfer
314,9/27/2011,9/27/2011,10/3/2011,TS-21205,FUR-FU-10001588,87.54,Standard Class,2,Credit Card
315,8/9/2011,8/9/2011,8/16/2011,AG-10525,TEC-PH-10002398,178.384,Standard Class,1,Credit Card
316,8/9/2011,8/9/2011,8/16/2011,AG-10525,OFF-PA-10001937,15.552,Standard Class,5,Credit Card
317,12/28/2011,12/28/2011,12/30/2011,SP-20860,OFF-AR-10003373,99.136,First Class,3,Bank Transfer
318,11/4/2011,11/4/2011,11/9/2011,NM-18445,FUR-CH-10002602,135.882,Standard Class,1,Credit Card
319,11/4/2011,11/4/2011,11/9/2011,NM-18445,TEC-MA-10002927,3991.98,Standard Class,1,Bank Transfer
320,11/4/2011,11/4/2011,11/9/2011,NM-18445,TEC-PH-10004093,275.94,Standard Class,2,Credit Card
321,11/4/2011,11/4/2011,11/9/2011,NM-18445,TEC-AC-10000892,360,Standard Class,2,Credit Card
322,11/4/2011,11/4/2011,11/9/2011,NM-18445,OFF-ST-10002974,43.57,Standard Class,2,Credit Card
323,9/19/2011,9/19/2011,9/24/2011,FA-14230,OFF-FA-10000624,7.16,Standard Class,1,Credit Card
324,4/24/2013,4/24/2013,4/28/2013,GK-14620,OFF-BI-10004593,251.52,Standard Class,1,Bank Transfer
325,4/24/2013,4/24/2013,4/28/2013,GK-14620,TEC-AC-10001908,99.99,Standard Class,2,PayPal
326,11/4/2014,11/4/2014,11/6/2014,DJ-13510,FUR-FU-10001967,15.992,Second Class,5,Credit Card
327,8/31/2013,8/31/2013,9/2/2013,PO-18850,TEC-PH-10003645,290.898,First Class,1,Bank Transfer
328,8/31/2013,8/31/2013,9/2/2013,PO-18850,OFF-ST-10000675,54.224,First Class,4,PayPal
329,8/31/2013,8/31/2013,9/2/2013,PO-18850,FUR-CH-10003312,786.744,First Class,2,Credit Card
330,8/31/2013,8/31/2013,9/2/2013,PO-18850,OFF-LA-10001074,100.24,First Class,3,Credit Card
331,8/31/2013,8/31/2013,9/2/2013,PO-18850,OFF-BI-10001524,37.764,First Class,4,Bank Transfer
332,4/26/2013,4/26/2013,4/30/2013,JL-15850,TEC-PH-10004614,82.8,Second Class,2,PayPal
333,4/26/2013,4/26/2013,4/30/2013,JL-15850,OFF-BI-10001153,20.724,Second Class,4,Bank Transfer
334,4/26/2013,4/26/2013,4/30/2013,JL-15850,OFF-BI-10001982,4.896,Second Class,1,Bank Transfer
335,9/1/2012,9/1/2012,9/4/2012,DB-13615,OFF-BI-10001922,4.752,Second Class,4,PayPal
336,9/1/2012,9/1/2012,9/4/2012,DB-13615,TEC-CO-10001449,959.984,Second Class,2,Credit Card
337,9/1/2012,9/1/2012,9/4/2012,DB-13615,OFF-BI-10004140,14.368,Second Class,2,PayPal
338,7/12/2011,7/12/2011,7/17/2011,AC-10420,OFF-BI-10003314,7.712,Standard Class,4,Bank Transfer
339,7/12/2011,7/12/2011,7/17/2011,AC-10420,FUR-TA-10004575,698.352,Standard Class,3,Credit Card
340,6/22/2012,6/22/2012,6/26/2012,KL-16645,OFF-FA-10000490,4.96,Second Class,5,Bank Transfer
341,4/13/2011,4/13/2011,4/17/2011,JD-15895,OFF-AR-10000122,17.856,Second Class,2,PayPal
342,4/13/2011,4/13/2011,4/17/2011,JD-15895,OFF-BI-10003656,509.97,Second Class,3,Credit Card
343,4/13/2011,4/13/2011,4/17/2011,JD-15895,OFF-FA-10002780,30.992,Second Class,5,Bank Transfer
344,4/13/2011,4/13/2011,4/17/2011,JD-15895,TEC-PH-10000702,71.928,Second Class,2,PayPal
345,12/20/2012,12/20/2012,12/24/2012,CS-12130,OFF-ST-10000107,88.8,Standard Class,2,Credit Card
346,6/16/2014,6/16/2014,6/20/2014,CC-12550,TEC-PH-10002293,47.976,Standard Class,1,Bank Transfer
347,7/9/2014,7/9/2014,7/13/2014,TD-20995,OFF-AR-10004027,7.56,Standard Class,5,Credit Card
348,7/9/2014,7/9/2014,7/13/2014,TD-20995,OFF-PA-10000249,24.56,Standard Class,2,Credit Card
349,7/9/2014,7/9/2014,7/13/2014,TD-20995,OFF-AR-10001374,12.96,Standard Class,5,Bank Transfer
350,9/2/2013,9/2/2013,9/4/2013,AB-10060,TEC-AC-10000290,6.79,First Class,2,Bank Transfer
351,9/2/2013,9/2/2013,9/4/2013,AB-10060,OFF-PA-10001970,24.56,First Class,2,Bank Transfer
352,9/2/2013,9/2/2013,9/4/2013,AB-10060,OFF-BI-10002160,3.048,First Class,5,PayPal
353,9/2/2013,9/2/2013,9/4/2013,AB-10060,OFF-PA-10001970,49.12,First Class,4,PayPal
354,9/2/2013,9/2/2013,9/4/2013,AB-10060,OFF-BI-10004995,4355.168,First Class,1,PayPal
355,4/9/2013,4/9/2013,4/14/2013,JL-15505,FUR-BO-10002268,388.704,Standard Class,5,PayPal
356,4/9/2013,4/9/2013,4/14/2013,JL-15505,OFF-EN-10001137,8.26,Standard Class,5,Bank Transfer
357,4/9/2013,4/9/2013,4/14/2013,JL-15505,OFF-AR-10002399,17.04,Standard Class,1,PayPal
358,4/9/2013,4/9/2013,4/14/2013,JL-15505,OFF-PA-10002713,34.4,Standard Class,5,PayPal
359,4/24/2013,4/24/2013,4/29/2013,HK-14890,OFF-PA-10002666,36.24,Standard Class,3,Bank Transfer
360,3/9/2014,3/9/2014,3/12/2014,VB-21745,OFF-AP-10001124,647.84,First Class,4,Credit Card
361,3/9/2014,3/9/2014,3/12/2014,VB-21745,OFF-LA-10001158,20.7,First Class,2,PayPal
362,9/26/2014,9/26/2014,10/2/2014,KW-16435,OFF-LA-10001158,20.7,Standard Class,3,Bank Transfer
363,9/26/2014,9/26/2014,10/2/2014,KW-16435,FUR-CH-10000785,488.646,Standard Class,1,Credit Card
364,9/26/2014,9/26/2014,10/2/2014,KW-16435,OFF-AR-10003732,5.56,Standard Class,5,Bank Transfer
365,9/26/2014,9/26/2014,10/2/2014,KW-16435,FUR-FU-10000023,47.12,Standard Class,3,Credit Card
366,9/24/2011,9/24/2011,9/29/2011,JD-16060,OFF-ST-10001713,211.96,Standard Class,5,Credit Card
367,10/22/2013,10/22/2013,10/22/2013,MK-17905,OFF-BI-10002412,23.2,Same Day,5,Credit Card
368,10/22/2013,10/22/2013,10/22/2013,MK-17905,OFF-SU-10001225,7.36,Same Day,3,PayPal
369,10/22/2013,10/22/2013,10/22/2013,MK-17905,OFF-ST-10002406,104.79,Same Day,1,Bank Transfer
370,10/22/2013,10/22/2013,10/22/2013,MK-17905,FUR-BO-10002545,1043.92,Same Day,4,Bank Transfer
371,5/30/2014,5/30/2014,6/5/2014,GT-14755,OFF-PA-10002036,25.92,Standard Class,3,PayPal
372,5/30/2014,5/30/2014,6/5/2014,GT-14755,OFF-ST-10002205,53.424,Standard Class,3,Credit Card
373,7/23/2011,7/23/2011,7/27/2011,AG-10900,OFF-BI-10001982,8.16,Standard Class,1,Bank Transfer
374,7/23/2011,7/23/2011,7/27/2011,AG-10900,TEC-AC-10003911,1023.936,Standard Class,4,Bank Transfer
375,7/23/2011,7/23/2011,7/27/2011,AG-10900,OFF-AR-10000658,9.24,Standard Class,5,Credit Card
376,7/23/2011,7/23/2011,7/27/2011,AG-10900,TEC-AC-10002076,479.04,Standard Class,5,Bank Transfer
377,9/29/2013,9/29/2013,10/2/2013,MM-18280,OFF-PA-10003039,99.136,First Class,3,Bank Transfer
378,8/28/2014,8/28/2014,9/2/2014,AR-10405,FUR-TA-10004915,1488.424,Standard Class,1,Credit Card
379,4/28/2012,4/28/2012,5/5/2012,RA-19915,OFF-AP-10000696,8.652,Standard Class,5,PayPal
380,4/28/2012,4/28/2012,5/5/2012,RA-19915,OFF-ST-10003327,23.832,Standard Class,2,Credit Card
381,4/28/2012,4/28/2012,5/5/2012,RA-19915,OFF-BI-10000309,12.176,Standard Class,3,Bank Transfer
382,10/29/2013,10/29/2013,10/30/2013,AS-10285,OFF-PA-10004734,50.96,First Class,2,Bank Transfer
383,10/29/2013,10/29/2013,10/30/2013,AS-10285,OFF-BI-10002225,49.536,First Class,3,Bank Transfer
384,6/26/2012,6/26/2012,6/29/2012,LA-16780,TEC-AC-10004708,41.9,Second Class,5,Bank Transfer
385,11/27/2012,11/27/2012,12/2/2012,DO-13435,FUR-TA-10000617,375.4575,Standard Class,4,Credit Card
386,11/27/2012,11/27/2012,12/2/2012,DO-13435,TEC-AC-10002335,83.976,Standard Class,4,Credit Card
387,12/3/2012,12/3/2012,12/7/2012,DK-13225,TEC-MA-10001681,482.34,Standard Class,1,Bank Transfer
388,12/3/2012,12/3/2012,12/7/2012,DK-13225,FUR-FU-10001935,2.96,Standard Class,3,PayPal
389,11/24/2011,11/24/2011,11/26/2011,NG-18430,OFF-AR-10004757,2.624,First Class,4,PayPal
390,12/12/2014,12/12/2014,12/16/2014,MV-18190,OFF-BI-10000050,23.36,Standard Class,1,PayPal
391,12/12/2014,12/12/2014,12/16/2014,MV-18190,TEC-AC-10001998,39.98,Standard Class,4,Bank Transfer
392,9/21/2011,9/21/2011,9/23/2011,JG-15115,TEC-PH-10003012,246.384,Second Class,2,Credit Card
393,9/21/2011,9/21/2011,9/23/2011,JG-15115,TEC-CO-10002313,1799.97,Second Class,5,PayPal
394,6/7/2011,6/7/2011,6/10/2011,BP-11095,OFF-BI-10003982,12.462,Second Class,3,Credit Card
395,7/1/2014,7/1/2014,7/6/2014,VP-21730,OFF-BI-10004492,75.792,Standard Class,4,Credit Card
396,10/18/2014,10/18/2014,10/20/2014,SS-20140,OFF-ST-10000798,49.96,Second Class,3,Credit Card
397,10/18/2014,10/18/2014,10/20/2014,SS-20140,OFF-PA-10002552,12.96,Second Class,2,PayPal
398,10/31/2012,10/31/2012,11/4/2012,HP-14815,OFF-SU-10002573,70.12,Standard Class,4,Bank Transfer
399,9/9/2013,9/9/2013,9/11/2013,AG-10675,OFF-ST-10001580,35.952,Second Class,1,Bank Transfer
400,9/9/2013,9/9/2013,9/11/2013,AG-10675,FUR-BO-10004834,2396.2656,Second Class,2,Credit Card
401,9/9/2013,9/9/2013,9/11/2013,AG-10675,OFF-ST-10000934,131.136,Second Class,5,Credit Card
402,9/9/2013,9/9/2013,9/11/2013,AG-10675,TEC-AC-10000158,57.584,Second Class,5,Bank Transfer
403,12/24/2011,12/24/2011,12/26/2011,LF-17185,OFF-PA-10001947,9.568,First Class,5,PayPal
404,4/16/2011,4/16/2011,4/20/2011,SP-20650,OFF-AR-10003478,39.072,Standard Class,1,Credit Card
405,12/25/2014,12/25/2014,12/30/2014,RF-19840,OFF-AP-10004249,35.91,Standard Class,5,Bank Transfer
406,12/9/2014,12/9/2014,12/13/2014,KH-16510,TEC-AC-10000158,179.95,Standard Class,3,Credit Card
407,12/9/2014,12/9/2014,12/13/2014,KH-16510,TEC-CO-10004115,1199.976,Standard Class,3,PayPal
408,12/9/2014,12/9/2014,12/13/2014,KH-16510,OFF-PA-10003724,27.15,Standard Class,3,PayPal
409,12/9/2014,12/9/2014,12/13/2014,KH-16510,FUR-TA-10002041,1004.024,Standard Class,2,Credit Card
410,12/9/2014,12/9/2014,12/13/2014,KH-16510,OFF-PA-10002893,9.68,Standard Class,5,PayPal
411,12/9/2014,12/9/2014,12/13/2014,KH-16510,OFF-LA-10003766,28.35,Standard Class,2,Credit Card
412,12/9/2014,12/9/2014,12/13/2014,KH-16510,OFF-PA-10001970,55.98,Standard Class,5,Credit Card
413,12/9/2014,12/9/2014,12/13/2014,KH-16510,FUR-BO-10001972,1336.829,Standard Class,2,Bank Transfer
414,12/9/2014,12/9/2014,12/13/2014,KH-16510,FUR-CH-10003956,113.568,Standard Class,1,Credit Card
415,11/4/2014,11/4/2014,11/8/2014,KC-16675,OFF-PA-10000157,139.86,Standard Class,1,Credit Card
416,11/4/2014,11/4/2014,11/8/2014,KC-16675,FUR-CH-10001891,307.136,Standard Class,1,PayPal
417,6/25/2014,6/25/2014,6/29/2014,CJ-12010,OFF-AR-10004344,95.92,Standard Class,4,Bank Transfer
418,4/15/2013,4/15/2013,4/19/2013,PB-19150,FUR-CH-10004886,383.8,Standard Class,3,Credit Card
419,11/7/2014,11/7/2014,11/11/2014,VB-21745,OFF-PA-10003845,5.78,Standard Class,1,Credit Card
420,3/5/2014,3/5/2014,3/10/2014,SP-20860,OFF-AR-10001573,9.32,Standard Class,3,Credit Card
421,3/5/2014,3/5/2014,3/10/2014,SP-20860,OFF-EN-10000483,15.25,Standard Class,1,Credit Card
422,6/22/2011,6/22/2011,6/25/2011,JE-15745,TEC-AC-10004114,196.752,First Class,3,PayPal
423,10/20/2014,10/20/2014,10/24/2014,MP-17965,FUR-FU-10004712,56.56,Standard Class,5,Credit Card
424,10/20/2014,10/20/2014,10/24/2014,MP-17965,OFF-ST-10000918,32.7,Standard Class,5,Credit Card
425,8/22/2014,8/22/2014,8/24/2014,NF-18385,FUR-CH-10000015,866.4,Second Class,4,PayPal
426,11/24/2014,11/24/2014,11/27/2014,JM-15265,FUR-FU-10003347,28.4,Second Class,5,Credit Card
427,11/24/2014,11/24/2014,11/27/2014,JM-15265,OFF-BI-10001543,287.92,Second Class,5,Bank Transfer
428,9/12/2011,9/12/2011,9/13/2011,SD-20485,TEC-MA-10000029,69.99,First Class,1,Credit Card
429,10/2/2014,10/2/2014,10/9/2014,KH-16630,OFF-AR-10000369,6.672,Standard Class,4,Credit Card
430,4/16/2013,4/16/2013,4/22/2013,RB-19795,OFF-BI-10004584,189.588,Standard Class,4,Bank Transfer
431,4/16/2013,4/16/2013,4/22/2013,RB-19795,TEC-AC-10004659,408.744,Standard Class,5,PayPal
432,4/16/2013,4/16/2013,4/22/2013,RB-19795,TEC-AC-10004659,291.96,Standard Class,4,Credit Card
433,4/16/2013,4/16/2013,4/22/2013,RB-19795,OFF-ST-10000617,4.768,Standard Class,3,Bank Transfer
434,6/7/2013,6/7/2013,6/8/2013,DB-13060,OFF-ST-10003306,714.3,First Class,3,Bank Transfer
435,12/19/2011,12/19/2011,12/25/2011,MK-18160,OFF-BI-10000773,4.812,Standard Class,3,Credit Card
436,12/19/2011,12/19/2011,12/25/2011,MK-18160,TEC-AC-10002600,247.8,Standard Class,2,Bank Transfer
437,6/13/2013,6/13/2013,6/15/2013,PO-19180,TEC-MA-10002937,1007.979,Second Class,3,Bank Transfer
438,6/13/2013,6/13/2013,6/15/2013,PO-19180,OFF-PA-10001970,313.488,Second Class,1,PayPal
439,9/16/2014,9/16/2014,9/20/2014,BB-11545,OFF-PA-10002230,31.872,Standard Class,4,PayPal
440,1/21/2014,1/21/2014,1/24/2014,CV-12805,FUR-CH-10003396,207.846,Second Class,3,Credit Card
441,9/6/2013,9/6/2013,9/8/2013,PK-19075,FUR-FU-10000246,12.22,Second Class,3,Credit Card
442,9/6/2013,9/6/2013,9/8/2013,PK-19075,OFF-ST-10000060,194.94,Second Class,3,Bank Transfer
443,9/6/2013,9/6/2013,9/8/2013,PK-19075,OFF-ST-10003058,70.95,Second Class,5,Credit Card
444,9/6/2013,9/6/2013,9/8/2013,PK-19075,OFF-PA-10002222,91.36,Second Class,5,Bank Transfer
445,9/6/2013,9/6/2013,9/8/2013,PK-19075,FUR-CH-10002372,242.94,Second Class,2,Bank Transfer
446,9/6/2013,9/6/2013,9/8/2013,PK-19075,OFF-LA-10001317,22.05,Second Class,1,Credit Card
447,3/21/2014,3/21/2014,3/26/2014,TB-21595,FUR-FU-10000206,2.91,Second Class,2,Bank Transfer
448,4/2/2013,4/2/2013,4/4/2013,RB-19360,OFF-AR-10000588,59.52,Second Class,5,Credit Card
449,4/2/2013,4/2/2013,4/4/2013,RB-19360,OFF-ST-10001469,161.94,Second Class,3,PayPal
450,4/2/2013,4/2/2013,4/4/2013,RB-19360,OFF-AR-10001953,263.88,Second Class,4,Bank Transfer
451,4/2/2013,4/2/2013,4/4/2013,RB-19360,OFF-AR-10003156,30.48,Second Class,3,Credit Card
452,4/2/2013,4/2/2013,4/4/2013,RB-19360,OFF-AR-10004974,9.84,Second Class,1,Credit Card
453,4/2/2013,4/2/2013,4/4/2013,RB-19360,TEC-PH-10002365,35.12,Second Class,4,Bank Transfer
454,10/21/2014,10/21/2014,10/25/2014,EB-13705,FUR-TA-10001539,284.364,Standard Class,2,Credit Card
455,10/21/2014,10/21/2014,10/25/2014,EB-13705,OFF-ST-10000142,665.408,Standard Class,2,Credit Card
456,12/14/2013,12/14/2013,12/18/2013,KH-16630,TEC-AC-10001772,63.88,Standard Class,5,PayPal
457,2/13/2011,2/13/2011,2/19/2011,SC-20095,FUR-CH-10000225,129.568,Standard Class,4,PayPal
458,9/27/2013,9/27/2013,10/2/2013,NF-18385,FUR-CH-10002331,747.558,Standard Class,5,Credit Card
459,9/27/2013,9/27/2013,10/2/2013,NF-18385,OFF-EN-10001415,8.928,Standard Class,1,Credit Card
460,12/15/2012,12/15/2012,12/22/2012,JH-15985,OFF-AP-10002472,103.92,Standard Class,4,PayPal
461,12/15/2012,12/15/2012,12/22/2012,JH-15985,TEC-AC-10004571,899.91,Standard Class,5,PayPal
462,12/15/2012,12/15/2012,12/22/2012,JH-15985,OFF-BI-10001098,51.312,Standard Class,5,Bank Transfer
463,4/23/2013,4/23/2013,4/30/2013,TN-21040,FUR-FU-10000023,23.56,Standard Class,4,Bank Transfer
464,4/23/2013,4/23/2013,4/30/2013,TN-21040,FUR-TA-10001889,1272.63,Standard Class,2,Bank Transfer
465,4/23/2013,4/23/2013,4/30/2013,TN-21040,OFF-BI-10000315,28.485,Standard Class,3,Credit Card
466,4/23/2013,4/23/2013,4/30/2013,TN-21040,OFF-SU-10003505,185.376,Standard Class,1,Bank Transfer
467,4/23/2013,4/23/2013,4/30/2013,TN-21040,OFF-AP-10002578,78.272,Standard Class,5,Bank Transfer
468,1/17/2012,1/17/2012,1/24/2012,JS-15940,FUR-FU-10002918,254.744,Standard Class,4,Credit Card
469,4/1/2014,4/1/2014,4/5/2014,DS-13180,FUR-BO-10002824,205.3328,Standard Class,2,PayPal
470,12/17/2013,12/17/2013,12/21/2013,CC-12670,OFF-BI-10002194,4.788,Second Class,3,Bank Transfer
471,12/20/2012,12/20/2012,12/24/2012,MH-17785,OFF-PA-10004071,55.48,Standard Class,2,Bank Transfer
472,11/9/2011,11/9/2011,11/11/2011,JP-15520,OFF-ST-10002743,340.92,Second Class,2,Credit Card
473,11/9/2011,11/9/2011,11/11/2011,JP-15520,FUR-BO-10001601,222.666,Second Class,3,Credit Card
474,11/9/2011,11/9/2011,11/11/2011,JP-15520,TEC-PH-10002680,703.968,Second Class,3,Bank Transfer
475,11/9/2011,11/9/2011,11/11/2011,JP-15520,OFF-ST-10001321,92.52,Second Class,2,Bank Transfer
476,11/9/2011,11/9/2011,11/11/2011,JP-15520,OFF-PA-10001509,62.65,Second Class,5,Credit Card
477,11/9/2011,11/9/2011,11/11/2011,JP-15520,OFF-PA-10003465,94.85,Second Class,2,PayPal
478,7/13/2013,7/13/2013,7/20/2013,KH-16690,TEC-PH-10000149,95.76,Standard Class,3,Credit Card
479,10/28/2013,10/28/2013,11/3/2013,JE-15475,FUR-FU-10002671,40.2,Standard Class,4,Bank Transfer
480,6/27/2013,6/27/2013,7/3/2013,JG-15805,OFF-AR-10003045,14.7,Standard Class,5,Bank Transfer
481,6/27/2013,6/27/2013,7/3/2013,JG-15805,OFF-ST-10000689,704.25,Standard Class,5,Bank Transfer
482,10/6/2011,10/6/2011,10/10/2011,XP-21865,TEC-AC-10001445,9.09,Standard Class,3,PayPal
483,7/22/2011,7/22/2011,7/27/2011,EM-14065,OFF-AR-10002053,5.96,Standard Class,2,PayPal
484,7/22/2011,7/22/2011,7/27/2011,EM-14065,TEC-AC-10002567,159.98,Standard Class,5,Bank Transfer
485,6/11/2014,6/11/2014,6/14/2014,MT-18070,OFF-LA-10003923,29.6,First Class,5,PayPal
486,6/11/2014,6/11/2014,6/14/2014,MT-18070,FUR-BO-10001337,514.165,First Class,3,Credit Card
487,6/11/2014,6/11/2014,6/14/2014,MT-18070,TEC-PH-10001924,279.96,First Class,2,PayPal
488,10/29/2011,10/29/2011,10/31/2011,SA-20830,TEC-PH-10001363,2735.952,First Class,1,PayPal
489,6/9/2011,6/9/2011,6/13/2011,CW-11905,TEC-PH-10000376,7.992,Second Class,5,Bank Transfer
490,6/9/2011,6/9/2011,6/13/2011,CW-11905,TEC-AC-10000303,63.984,Second Class,2,Bank Transfer
491,6/9/2011,6/9/2011,6/13/2011,CW-11905,OFF-AR-10001953,70.368,Second Class,3,PayPal
492,9/14/2011,9/14/2011,9/19/2011,AJ-10960,OFF-ST-10001809,449.15,Standard Class,5,PayPal
493,9/14/2011,9/14/2011,9/19/2011,AJ-10960,OFF-EN-10003845,11.07,Standard Class,4,Credit Card
494,5/10/2013,5/10/2013,5/15/2013,SS-20590,TEC-AC-10000991,93.98,Standard Class,1,Bank Transfer
495,3/19/2013,3/19/2013,3/22/2013,RO-19780,FUR-TA-10001857,189.882,Second Class,1,Credit Card
496,12/27/2012,12/27/2012,12/31/2012,MD-17350,OFF-EN-10001434,105.42,Standard Class,5,Bank Transfer
497,7/26/2013,7/26/2013,8/1/2013,SC-20095,OFF-BI-10002498,119.616,Standard Class,5,Bank Transfer
498,7/26/2013,7/26/2013,8/1/2013,SC-20095,FUR-FU-10004864,255.76,Standard Class,5,Credit Card
499,7/26/2013,7/26/2013,8/1/2013,SC-20095,FUR-CH-10002602,241.568,Standard Class,2,Bank Transfer
500,7/26/2013,7/26/2013,8/1/2013,SC-20095,FUR-FU-10000073,69.3,Standard Class,5,PayPal
501,5/31/2013,5/31/2013,6/5/2013,MY-17380,OFF-BI-10001670,22.62,Standard Class,5,PayPal
502,5/31/2013,5/31/2013,6/5/2013,MY-17380,OFF-BI-10001658,14.952,Standard Class,2,Credit Card
503,5/31/2013,5/31/2013,6/5/2013,MY-17380,FUR-CH-10001215,801.568,Standard Class,4,Credit Card
504,5/31/2013,5/31/2013,6/5/2013,MY-17380,OFF-BI-10000831,2.376,Standard Class,5,Bank Transfer
505,5/31/2013,5/31/2013,6/5/2013,MY-17380,OFF-PA-10000357,32.792,Standard Class,3,Bank Transfer
506,11/13/2014,11/13/2014,11/16/2014,EB-13705,OFF-BI-10003274,15.92,Second Class,3,Credit Card
507,3/16/2012,3/16/2012,3/22/2012,CM-12385,OFF-AR-10001662,2.74,Standard Class,1,PayPal
508,3/16/2012,3/16/2012,3/22/2012,CM-12385,OFF-AR-10003856,8.34,Standard Class,2,Bank Transfer
509,3/16/2012,3/16/2012,3/22/2012,CM-12385,OFF-ST-10001228,46.74,Standard Class,1,Bank Transfer
510,3/16/2012,3/16/2012,3/22/2012,CM-12385,OFF-BI-10003527,6354.95,Standard Class,1,Credit Card
511,11/27/2014,11/27/2014,11/28/2014,LS-17245,FUR-FU-10001290,126.3,First Class,1,Credit Card
512,11/27/2014,11/27/2014,11/28/2014,LS-17245,TEC-AC-10002399,38.04,First Class,1,PayPal
513,10/21/2013,10/21/2013,10/24/2013,LF-17185,OFF-AR-10002053,7.152,First Class,1,PayPal
514,12/22/2014,12/22/2014,12/26/2014,BN-11515,OFF-AR-10003811,6.63,Standard Class,2,PayPal
515,12/22/2014,12/22/2014,12/26/2014,BN-11515,OFF-AR-10001246,5.88,Standard Class,5,Bank Transfer
516,1/23/2014,1/23/2014,1/28/2014,AD-10180,TEC-CO-10003236,2999.95,Standard Class,5,PayPal
517,1/23/2014,1/23/2014,1/28/2014,AD-10180,OFF-ST-10004507,51.45,Standard Class,4,Credit Card
518,1/23/2014,1/23/2014,1/28/2014,AD-10180,OFF-PA-10001667,11.96,Standard Class,4,Bank Transfer
519,1/23/2014,1/23/2014,1/28/2014,AD-10180,OFF-ST-10004459,1126.02,Standard Class,1,Bank Transfer
520,3/22/2012,3/22/2012,3/26/2012,DB-13210,TEC-AC-10000171,18.392,Standard Class,5,PayPal
521,3/22/2012,3/22/2012,3/26/2012,DB-13210,OFF-ST-10000736,129.568,Standard Class,4,Credit Card
522,3/22/2012,3/22/2012,3/26/2012,DB-13210,OFF-BI-10000285,14.112,Standard Class,1,PayPal
523,1/24/2014,1/24/2014,1/26/2014,MC-17605,FUR-TA-10001857,210.98,First Class,4,Bank Transfer
524,5/22/2013,5/22/2013,5/24/2013,LH-17155,TEC-PH-10003555,55.176,First Class,2,PayPal
525,5/22/2013,5/22/2013,5/24/2013,LH-17155,TEC-AC-10003832,66.26,First Class,3,PayPal
526,12/26/2012,12/26/2012,1/2/2013,BD-11605,OFF-FA-10002815,22.2,Standard Class,1,Credit Card
527,10/22/2014,10/22/2014,10/27/2014,PH-18790,FUR-CH-10003379,683.952,Standard Class,2,PayPal
528,10/22/2014,10/22/2014,10/27/2014,PH-18790,FUR-FU-10001756,45.696,Standard Class,5,Bank Transfer
529,9/3/2012,9/3/2012,9/7/2012,MG-18145,OFF-ST-10004963,36.336,Standard Class,3,PayPal
530,9/3/2012,9/3/2012,9/7/2012,MG-18145,OFF-SU-10002881,666.248,Standard Class,1,Credit Card
531,9/3/2012,9/3/2012,9/7/2012,MG-18145,OFF-EN-10001335,52.512,Standard Class,5,Credit Card
532,11/7/2012,11/7/2012,11/9/2012,KB-16240,FUR-CH-10000595,190.72,Second Class,1,PayPal
533,9/8/2014,9/8/2014,9/12/2014,JC-15340,FUR-FU-10000448,47.94,Standard Class,1,Credit Card
534,5/30/2013,5/30/2013,6/2/2013,RL-19615,TEC-PH-10000984,979.95,Second Class,5,Credit Card
535,5/30/2013,5/30/2013,6/2/2013,RL-19615,OFF-BI-10002557,22.75,Second Class,4,Bank Transfer
536,7/11/2013,7/11/2013,7/17/2013,AA-10375,OFF-ST-10001325,16.768,Standard Class,3,Credit Card
537,9/4/2014,9/4/2014,9/9/2014,EP-13915,OFF-BI-10002429,42.616,Second Class,2,Credit Card
538,12/3/2012,12/3/2012,12/8/2012,MP-17470,OFF-BI-10004528,10.752,Standard Class,4,Credit Card
539,12/7/2012,12/7/2012,12/11/2012,DK-12985,OFF-AP-10001271,152.94,Standard Class,5,Credit Card
540,12/7/2012,12/7/2012,12/11/2012,DK-12985,FUR-CH-10002647,283.92,Standard Class,1,Credit Card
541,2/2/2011,2/2/2011,2/4/2011,BD-11500,TEC-AC-10001432,468.9,First Class,1,Credit Card
542,7/15/2013,7/15/2013,7/18/2013,ES-14080,TEC-PH-10002262,380.864,First Class,1,PayPal
543,12/18/2012,12/18/2012,12/23/2012,LM-17065,OFF-ST-10001809,646.776,Standard Class,2,PayPal
544,5/11/2011,5/11/2011,5/16/2011,PG-18895,TEC-AC-10001465,58.112,Standard Class,2,Credit Card
545,5/11/2011,5/11/2011,5/16/2011,PG-18895,TEC-PH-10002597,100.792,Standard Class,1,PayPal
546,5/11/2011,5/11/2011,5/16/2011,PG-18895,FUR-FU-10000723,66.112,Standard Class,5,Credit Card
547,11/20/2014,11/20/2014,11/23/2014,AS-10135,OFF-BI-10000404,41.28,First Class,3,Credit Card
548,11/20/2014,11/20/2014,11/23/2014,AS-10135,OFF-PA-10002986,13.36,First Class,3,Credit Card
549,11/15/2012,11/15/2012,11/17/2012,DK-13225,OFF-ST-10000604,250.272,Second Class,3,Credit Card
550,11/15/2012,11/15/2012,11/17/2012,DK-13225,OFF-BI-10004738,11.364,Second Class,4,Bank Transfer
551,11/15/2012,11/15/2012,11/17/2012,DK-13225,OFF-SU-10001935,8.72,Second Class,1,Bank Transfer
552,4/16/2013,4/16/2013,4/18/2013,BD-11320,FUR-CH-10002024,1121.568,Second Class,1,PayPal
553,9/12/2014,9/12/2014,9/13/2014,RC-19960,FUR-FU-10003039,34.504,First Class,1,Credit Card
554,11/25/2014,11/25/2014,11/29/2014,GT-14710,OFF-FA-10004248,10.824,Standard Class,4,Bank Transfer
555,6/30/2014,6/30/2014,7/4/2014,DK-13225,OFF-ST-10001780,1295.78,Second Class,4,Bank Transfer
556,3/3/2011,3/3/2011,3/7/2011,AJ-10945,OFF-AR-10003560,19.456,Second Class,1,PayPal
557,6/11/2013,6/11/2013,6/16/2013,OT-18730,OFF-LA-10001297,20.7,Standard Class,5,Credit Card
558,6/11/2013,6/11/2013,6/16/2013,OT-18730,FUR-TA-10004256,1335.68,Standard Class,4,PayPal
559,6/11/2013,6/11/2013,6/16/2013,OT-18730,OFF-PA-10003441,32.4,Standard Class,2,PayPal
560,11/21/2014,11/21/2014,11/23/2014,LP-17080,FUR-FU-10003347,42.6,Second Class,1,Credit Card
561,11/21/2014,11/21/2014,11/23/2014,LP-17080,OFF-BI-10000069,84.056,Second Class,5,Bank Transfer
562,9/14/2011,9/14/2011,9/18/2011,CA-12775,OFF-AP-10003914,13,Second Class,2,PayPal
563,9/14/2011,9/14/2011,9/18/2011,CA-12775,FUR-FU-10004020,13.128,Second Class,3,Bank Transfer
564,12/7/2012,12/7/2012,12/9/2012,JF-15490,OFF-FA-10003467,3.96,First Class,2,PayPal
565,12/7/2012,12/7/2012,12/9/2012,JF-15490,OFF-LA-10000634,2.61,First Class,3,PayPal
566,12/8/2014,12/8/2014,12/11/2014,FP-14320,TEC-PH-10002496,374.376,First Class,4,Credit Card
567,10/2/2014,10/2/2014,10/9/2014,EB-13840,OFF-PA-10004530,91.84,Standard Class,1,Bank Transfer
568,10/2/2014,10/2/2014,10/9/2014,EB-13840,OFF-BI-10001107,81.088,Standard Class,4,Bank Transfer
569,10/2/2014,10/2/2014,10/9/2014,EB-13840,OFF-PA-10004451,19.44,Standard Class,4,Credit Card
570,10/2/2014,10/2/2014,10/9/2014,EB-13840,FUR-CH-10004997,451.152,Standard Class,3,Credit Card
571,12/29/2014,12/29/2014,1/5/2015,JF-15415,OFF-LA-10001297,72.45,Standard Class,2,PayPal
572,12/29/2014,12/29/2014,1/5/2015,JF-15415,OFF-FA-10000585,13.96,Standard Class,2,Credit Card
573,12/29/2014,12/29/2014,1/5/2015,JF-15415,OFF-BI-10001922,33.264,Standard Class,3,Bank Transfer
574,12/29/2014,12/29/2014,1/5/2015,JF-15415,TEC-PH-10000347,14.85,Standard Class,3,Bank Transfer
575,11/4/2013,11/4/2013,11/8/2013,SF-20200,OFF-AR-10003394,8.82,Standard Class,4,Credit Card
576,9/18/2012,9/18/2012,9/22/2012,TG-21640,OFF-PA-10004530,160.72,Second Class,5,Credit Card
577,9/18/2012,9/18/2012,9/22/2012,TG-21640,OFF-PA-10001450,19.92,Second Class,2,Bank Transfer
578,9/18/2012,9/18/2012,9/22/2012,TG-21640,OFF-SU-10001574,7.3,Second Class,1,PayPal
579,7/21/2014,7/21/2014,7/27/2014,CS-11950,OFF-ST-10002974,69.712,Standard Class,3,Bank Transfer
580,7/21/2014,7/21/2014,7/27/2014,CS-11950,FUR-FU-10001475,8.792,Standard Class,5,PayPal
581,9/10/2012,9/10/2012,9/14/2012,CC-12145,OFF-SU-10004498,51.52,Standard Class,2,Credit Card
582,12/2/2014,12/2/2014,12/6/2014,DV-13465,TEC-PH-10004977,470.376,Standard Class,1,Bank Transfer
583,12/2/2014,12/2/2014,12/6/2014,DV-13465,TEC-PH-10000586,105.584,Standard Class,5,PayPal
584,12/2/2014,12/2/2014,12/6/2014,DV-13465,OFF-AP-10000358,31.152,Standard Class,5,Bank Transfer
585,12/2/2014,12/2/2014,12/6/2014,DV-13465,OFF-BI-10002764,6.783,Standard Class,4,Credit Card
586,12/2/2014,12/2/2014,12/6/2014,DV-13465,TEC-PH-10001254,406.368,Standard Class,4,Bank Transfer
587,7/3/2012,7/3/2012,7/9/2012,BD-11725,FUR-CH-10003956,70.98,Standard Class,3,Credit Card
588,7/3/2012,7/3/2012,7/9/2012,BD-11725,OFF-LA-10003930,294.93,Standard Class,1,Bank Transfer
589,3/21/2013,3/21/2013,3/25/2013,ZC-21910,TEC-PH-10003800,84.784,Standard Class,1,Bank Transfer
590,3/21/2013,3/21/2013,3/25/2013,ZC-21910,OFF-PA-10002005,20.736,Standard Class,4,Bank Transfer
591,3/21/2013,3/21/2013,3/25/2013,ZC-21910,OFF-BI-10002498,16.821,Standard Class,5,Bank Transfer
592,3/21/2013,3/21/2013,3/25/2013,ZC-21910,OFF-PA-10004101,10.368,Standard Class,2,Bank Transfer
593,1/10/2011,1/10/2011,1/14/2011,MS-17830,OFF-AR-10004078,9.344,Standard Class,4,PayPal
594,1/10/2011,1/10/2011,1/14/2011,MS-17830,TEC-AC-10001266,31.2,Standard Class,1,Credit Card
595,8/8/2011,8/8/2011,8/15/2011,LR-16915,OFF-AP-10004708,76.12,Standard Class,5,PayPal
596,8/8/2011,8/8/2011,8/15/2011,LR-16915,TEC-CO-10004115,1199.976,Standard Class,5,Bank Transfer
597,8/8/2011,8/8/2011,8/15/2011,LR-16915,TEC-PH-10002398,445.96,Standard Class,1,Bank Transfer
598,8/8/2011,8/8/2011,8/15/2011,LR-16915,FUR-FU-10001979,327.76,Standard Class,5,PayPal
599,7/15/2013,7/15/2013,7/17/2013,TP-21130,OFF-SU-10004115,11.632,First Class,2,Bank Transfer
600,7/17/2013,7/17/2013,7/22/2013,CK-12205,TEC-PH-10001425,143.982,Standard Class,2,Credit Card
601,7/17/2013,7/17/2013,7/22/2013,CK-12205,TEC-PH-10003963,494.376,Standard Class,4,Bank Transfer
602,7/17/2013,7/17/2013,7/22/2013,CK-12205,OFF-SU-10001574,5.84,Standard Class,4,Bank Transfer
603,3/15/2011,3/15/2011,3/19/2011,AS-10240,OFF-ST-10001490,142.776,Standard Class,4,Credit Card
604,3/15/2011,3/15/2011,3/19/2011,AS-10240,FUR-FU-10001756,45.696,Standard Class,4,Credit Card
605,3/15/2011,3/15/2011,3/19/2011,AS-10240,OFF-BI-10000773,7.218,Standard Class,5,Credit Card
606,3/15/2011,3/15/2011,3/19/2011,AS-10240,OFF-BI-10001543,43.188,Standard Class,1,Credit Card
607,3/15/2011,3/15/2011,3/19/2011,AS-10240,OFF-PA-10002120,131.904,Standard Class,4,PayPal
608,5/23/2011,5/23/2011,5/27/2011,AR-10510,OFF-BI-10000848,3.282,Standard Class,5,Bank Transfer
609,5/23/2011,5/23/2011,5/27/2011,AR-10510,OFF-AR-10001246,21.168,Standard Class,2,Credit Card
610,5/23/2011,5/23/2011,5/27/2011,AR-10510,TEC-PH-10003092,55.188,Standard Class,2,Bank Transfer
611,4/29/2013,4/29/2013,5/2/2013,NB-18655,TEC-PH-10003012,369.576,First Class,4,Bank Transfer
612,4/29/2013,4/29/2013,5/2/2013,NB-18655,OFF-LA-10004345,15.712,First Class,5,Bank Transfer
613,9/12/2013,9/12/2013,9/14/2013,GD-14590,OFF-PA-10001204,8.448,Second Class,3,Bank Transfer
614,9/12/2013,9/12/2013,9/14/2013,GD-14590,TEC-PH-10004667,728.946,Second Class,5,Credit Card
615,11/15/2014,11/15/2014,11/18/2014,CK-12595,TEC-PH-10000011,119.94,Second Class,4,Credit Card
616,11/15/2014,11/15/2014,11/18/2014,CK-12595,OFF-BI-10002949,3.648,Second Class,3,PayPal
617,8/19/2014,8/19/2014,8/24/2014,NG-18355,FUR-FU-10003849,40.48,Second Class,3,PayPal
618,8/19/2014,8/19/2014,8/24/2014,NG-18355,FUR-FU-10000010,9.94,Second Class,4,PayPal
619,8/19/2014,8/19/2014,8/24/2014,NG-18355,OFF-BI-10002824,107.424,Second Class,1,Credit Card
620,8/19/2014,8/19/2014,8/24/2014,NG-18355,TEC-PH-10002538,37.91,Second Class,5,PayPal
621,8/19/2014,8/19/2014,8/24/2014,NG-18355,FUR-FU-10000521,88.02,Second Class,1,Bank Transfer
622,12/26/2011,12/26/2011,12/31/2011,CA-12265,OFF-BI-10002103,8.69,Standard Class,2,Bank Transfer
623,11/29/2012,11/29/2012,12/3/2012,SF-20965,FUR-CH-10004853,301.96,Standard Class,2,Bank Transfer
624,11/29/2012,11/29/2012,12/3/2012,SF-20965,OFF-AP-10000179,555.21,Standard Class,1,Credit Card
625,11/29/2012,11/29/2012,12/3/2012,SF-20965,OFF-ST-10001272,523.48,Standard Class,4,Bank Transfer
626,11/29/2012,11/29/2012,12/3/2012,SF-20965,OFF-AR-10004042,161.82,Standard Class,4,PayPal
627,9/16/2014,9/16/2014,9/20/2014,MO-17800,FUR-FU-10000221,35.56,Standard Class,1,Credit Card
628,5/20/2014,5/20/2014,5/24/2014,AT-10735,OFF-AP-10001563,97.16,Standard Class,4,Credit Card
629,12/18/2014,12/18/2014,12/22/2014,LC-17140,OFF-BI-10000605,15.24,Standard Class,3,PayPal
630,12/18/2014,12/18/2014,12/22/2014,LC-17140,OFF-PA-10002615,13.23,Standard Class,4,Bank Transfer
631,12/12/2013,12/12/2013,12/14/2013,FM-14380,OFF-ST-10001963,243.384,Second Class,3,PayPal
632,12/12/2013,12/12/2013,12/14/2013,FM-14380,TEC-AC-10001267,119.8,Second Class,2,PayPal
633,12/12/2013,12/12/2013,12/14/2013,FM-14380,TEC-PH-10002103,300.768,Second Class,4,Credit Card
634,9/25/2014,9/25/2014,9/27/2014,BD-11605,TEC-AC-10002857,17.88,Second Class,5,Bank Transfer
635,9/25/2014,9/25/2014,9/27/2014,BD-11605,OFF-LA-10003930,235.944,Second Class,2,Bank Transfer
636,10/4/2012,10/4/2012,10/9/2012,DJ-13420,FUR-CH-10001482,392.94,Second Class,2,PayPal
637,8/16/2013,8/16/2013,8/22/2013,ME-17725,OFF-BI-10001989,18.882,Standard Class,2,Credit Card
638,8/16/2013,8/16/2013,8/22/2013,ME-17725,OFF-AP-10003287,122.328,Standard Class,3,Bank Transfer
639,5/21/2013,5/21/2013,5/26/2013,RB-19465,FUR-FU-10000576,1049.2,Standard Class,4,Credit Card
640,5/21/2013,5/21/2013,5/26/2013,RB-19465,OFF-BI-10004728,15.424,Standard Class,2,Bank Transfer
641,12/19/2013,12/19/2013,12/23/2013,JD-16150,FUR-FU-10000732,18.84,Standard Class,2,Credit Card
642,7/31/2014,7/31/2014,8/4/2014,JL-15835,OFF-ST-10000585,330.4,Second Class,3,Bank Transfer
643,7/31/2014,7/31/2014,8/4/2014,JL-15835,OFF-LA-10002787,26.25,Second Class,4,Bank Transfer
644,6/11/2014,6/11/2014,6/16/2014,SC-20305,TEC-AC-10003832,132.52,Standard Class,5,Credit Card
645,7/22/2014,7/22/2014,7/26/2014,TW-21025,OFF-PA-10001934,6.48,Standard Class,2,Bank Transfer
646,12/31/2014,12/31/2014,1/6/2015,CC-12430,OFF-AP-10002457,209.3,Standard Class,3,PayPal
647,4/2/2013,4/2/2013,4/9/2013,BB-10990,OFF-FA-10003112,31.56,Standard Class,3,PayPal
648,4/2/2013,4/2/2013,4/9/2013,BB-10990,OFF-AP-10002350,30.144,Standard Class,4,Bank Transfer
649,12/12/2013,12/12/2013,12/17/2013,AR-10825,FUR-FU-10001935,14.8,Second Class,1,Credit Card
650,12/12/2013,12/12/2013,12/17/2013,AR-10825,TEC-PH-10003273,302.376,Second Class,4,Credit Card
651,12/12/2013,12/12/2013,12/17/2013,AR-10825,TEC-AC-10001142,316,Second Class,1,PayPal
652,10/24/2013,10/24/2013,10/30/2013,SR-20740,OFF-PA-10000482,379.4,Standard Class,3,PayPal
653,6/20/2014,6/20/2014,6/24/2014,AR-10405,OFF-PA-10003892,97.82,Standard Class,2,Bank Transfer
654,6/20/2014,6/20/2014,6/24/2014,AR-10405,TEC-AC-10001101,103.12,Standard Class,4,PayPal
655,8/23/2013,8/23/2013,8/29/2013,CR-12730,OFF-AP-10002439,113.552,Standard Class,3,Bank Transfer
656,8/23/2013,8/23/2013,8/29/2013,CR-12730,OFF-BI-10002827,3.318,Standard Class,1,PayPal
657,8/23/2013,8/23/2013,8/29/2013,CR-12730,OFF-EN-10002230,134.288,Standard Class,3,PayPal
658,9/20/2013,9/20/2013,9/20/2013,EH-14125,FUR-CH-10001215,701.372,Same Day,4,Bank Transfer
659,9/20/2013,9/20/2013,9/20/2013,EH-14125,OFF-BI-10004654,2.308,Same Day,1,Bank Transfer
660,8/24/2012,8/24/2012,8/28/2012,CB-12025,OFF-ST-10001490,999.432,Standard Class,3,PayPal
661,8/24/2012,8/24/2012,8/28/2012,CB-12025,OFF-ST-10001511,724.08,Standard Class,3,Bank Transfer
662,8/24/2012,8/24/2012,8/28/2012,CB-12025,FUR-TA-10001768,918.785,Standard Class,3,PayPal
663,8/24/2012,8/24/2012,8/28/2012,CB-12025,OFF-BI-10003981,2.724,Standard Class,1,Credit Card
664,3/27/2013,3/27/2013,3/31/2013,SP-20545,OFF-ST-10001522,459.95,Standard Class,3,Bank Transfer
665,11/5/2013,11/5/2013,11/5/2013,RC-19825,OFF-FA-10000621,10.74,Same Day,2,Bank Transfer
666,6/9/2014,6/9/2014,6/11/2014,TH-21235,OFF-SU-10004231,23.76,Second Class,2,Credit Card
667,6/9/2014,6/9/2014,6/11/2014,TH-21235,OFF-PA-10000474,85.056,Second Class,3,Credit Card
668,6/9/2014,6/9/2014,6/11/2014,TH-21235,TEC-PH-10004042,381.576,Second Class,5,Bank Transfer
669,12/24/2011,12/24/2011,12/26/2011,RP-19390,FUR-FU-10003096,30.36,First Class,4,Credit Card
670,6/10/2014,6/10/2014,6/14/2014,MO-17800,FUR-FU-10002759,23.976,Standard Class,5,PayPal
671,6/10/2014,6/10/2014,6/14/2014,MO-17800,FUR-TA-10000688,108.925,Standard Class,3,Credit Card
672,6/10/2014,6/10/2014,6/14/2014,MO-17800,OFF-PA-10002377,36.352,Standard Class,5,Credit Card
673,6/16/2014,6/16/2014,6/23/2014,TD-20995,OFF-AR-10001954,19.56,Standard Class,4,Bank Transfer
674,12/6/2014,12/6/2014,12/9/2014,RB-19570,OFF-AP-10004532,61.44,First Class,3,PayPal
675,12/6/2014,12/6/2014,12/9/2014,RB-19570,OFF-PA-10002137,38.9,First Class,3,Credit Card
676,12/6/2014,12/6/2014,12/9/2014,RB-19570,TEC-AC-10003832,99.39,First Class,5,Credit Card
677,3/19/2014,3/19/2014,3/24/2014,CD-11980,OFF-AP-10000804,2.688,Standard Class,5,Bank Transfer
678,3/19/2014,3/19/2014,3/24/2014,CD-11980,TEC-AC-10003614,27.816,Standard Class,3,Credit Card
679,3/19/2014,3/19/2014,3/24/2014,CD-11980,FUR-FU-10003553,82.524,Standard Class,4,PayPal
680,3/19/2014,3/19/2014,3/24/2014,CD-11980,OFF-BI-10004632,182.994,Standard Class,2,Credit Card
681,11/20/2013,11/20/2013,11/25/2013,DJ-13630,OFF-BI-10003305,14.352,Standard Class,4,Bank Transfer
682,11/20/2013,11/20/2013,11/25/2013,DJ-13630,OFF-ST-10002583,64.96,Standard Class,1,PayPal
683,11/20/2013,11/20/2013,11/25/2013,DJ-13630,OFF-ST-10004507,68.6,Standard Class,1,Credit Card
684,11/5/2014,11/5/2014,11/5/2014,GT-14635,TEC-MA-10004125,7999.98,Same Day,3,PayPal
685,11/5/2014,11/5/2014,11/5/2014,GT-14635,OFF-AP-10002457,167.44,Same Day,4,Credit Card
686,7/5/2011,7/5/2011,7/8/2011,MC-17845,TEC-AC-10003911,479.97,First Class,1,PayPal
687,7/5/2011,7/5/2011,7/8/2011,MC-17845,OFF-LA-10001934,14.62,First Class,1,PayPal
688,7/5/2011,7/5/2011,7/8/2011,MC-17845,OFF-PA-10000304,19.44,First Class,1,PayPal
689,12/26/2014,12/26/2014,12/30/2014,RA-19285,FUR-BO-10004015,191.984,Standard Class,5,Credit Card
690,6/21/2011,6/21/2011,6/23/2011,NP-18325,FUR-FU-10004071,104.01,Second Class,1,Bank Transfer
691,6/21/2011,6/21/2011,6/23/2011,NP-18325,TEC-PH-10002033,284.82,Second Class,4,Credit Card
692,6/21/2011,6/21/2011,6/23/2011,NP-18325,OFF-ST-10002444,36.84,Second Class,5,Credit Card
693,3/28/2012,3/28/2012,4/2/2012,AB-10165,TEC-AC-10002253,166.24,Standard Class,5,Bank Transfer
694,3/28/2012,3/28/2012,4/2/2012,AB-10165,OFF-PA-10000743,33.4,Standard Class,1,Credit Card
695,5/14/2012,5/14/2012,5/17/2012,JO-15550,OFF-AR-10003373,198.272,First Class,3,Bank Transfer
696,5/14/2012,5/14/2012,5/17/2012,JO-15550,OFF-LA-10002312,47.36,First Class,4,PayPal
697,5/14/2012,5/14/2012,5/17/2012,JO-15550,OFF-EN-10000927,200.984,First Class,2,PayPal
698,5/14/2012,5/14/2012,5/17/2012,JO-15550,OFF-LA-10003510,97.696,First Class,3,Credit Card
699,5/14/2012,5/14/2012,5/17/2012,JO-15550,OFF-AR-10001118,2.696,First Class,5,Credit Card
700,5/14/2012,5/14/2012,5/17/2012,JO-15550,OFF-BI-10001575,18.588,First Class,4,PayPal
701,5/14/2012,5/14/2012,5/17/2012,JO-15550,OFF-BI-10001982,4.896,First Class,4,Bank Transfer
702,9/3/2014,9/3/2014,9/9/2014,Dl-13600,FUR-FU-10002960,15.072,Standard Class,3,PayPal
703,11/5/2013,11/5/2013,11/9/2013,AS-10285,FUR-FU-10003394,209.88,Second Class,1,Bank Transfer
704,4/9/2012,4/9/2012,4/14/2012,JK-15370,FUR-TA-10002774,369.912,Standard Class,4,Bank Transfer
705,9/12/2011,9/12/2011,9/17/2011,BN-11470,OFF-PA-10001800,10.368,Standard Class,3,Bank Transfer
706,9/12/2011,9/12/2011,9/17/2011,BN-11470,OFF-AP-10001469,166.84,Standard Class,5,Bank Transfer
707,9/12/2011,9/12/2011,9/17/2011,BN-11470,TEC-AC-10002399,15.216,Standard Class,5,Bank Transfer
708,12/2/2011,12/2/2011,12/4/2011,DP-13165,TEC-AC-10003628,119.96,First Class,4,PayPal
709,12/2/2011,12/2/2011,12/4/2011,DP-13165,FUR-BO-10003272,883.92,First Class,3,Bank Transfer
710,12/2/2011,12/2/2011,12/4/2011,DP-13165,OFF-BI-10000050,46.72,First Class,3,PayPal
711,4/5/2011,4/5/2011,4/7/2011,TH-21550,OFF-PA-10004071,55.48,First Class,4,PayPal
712,9/4/2014,9/4/2014,9/8/2014,AP-10915,OFF-EN-10001219,24.448,Standard Class,4,Credit Card
713,5/20/2014,5/20/2014,5/25/2014,RS-19765,OFF-AP-10001154,281.34,Standard Class,5,Bank Transfer
714,5/20/2014,5/20/2014,5/25/2014,RS-19765,TEC-PH-10003012,307.98,Standard Class,2,PayPal
715,5/20/2014,5/20/2014,5/25/2014,RS-19765,TEC-AC-10001606,299.97,Standard Class,3,PayPal
716,7/1/2011,7/1/2011,7/6/2011,Dl-13600,OFF-BI-10003355,19.92,Second Class,2,Bank Transfer
717,1/12/2011,1/12/2011,1/15/2011,SV-20365,FUR-FU-10000010,9.94,First Class,1,Bank Transfer
718,9/25/2014,9/25/2014,9/30/2014,KC-16540,FUR-FU-10002253,103.056,Standard Class,5,PayPal
719,6/2/2011,6/2/2011,6/7/2011,CK-12325,OFF-BI-10001658,59.808,Standard Class,3,Bank Transfer
720,6/2/2011,6/2/2011,6/7/2011,CK-12325,FUR-FU-10000246,73.32,Standard Class,5,PayPal
721,2/13/2013,2/13/2013,2/18/2013,RD-19810,OFF-PA-10004092,146.82,Standard Class,4,Bank Transfer
722,12/16/2013,12/16/2013,12/20/2013,MP-17965,FUR-TA-10000198,1652.94,Standard Class,5,Bank Transfer
723,12/16/2013,12/16/2013,12/20/2013,MP-17965,OFF-ST-10000036,296.37,Standard Class,1,PayPal
724,10/7/2011,10/7/2011,10/13/2011,MR-17545,FUR-FU-10000222,129.92,Standard Class,4,Credit Card
725,7/8/2013,7/8/2013,7/13/2013,SC-20695,OFF-SU-10004664,45.584,Standard Class,2,Credit Card
726,9/17/2014,9/17/2014,9/21/2014,JF-15355,OFF-EN-10001141,17.568,Standard Class,3,Bank Transfer
727,9/17/2014,9/17/2014,9/21/2014,JF-15355,TEC-PH-10002170,55.992,Standard Class,1,Credit Card
728,12/4/2013,12/4/2013,12/7/2013,EG-13900,OFF-PA-10001954,182.72,First Class,1,Credit Card
729,12/4/2013,12/4/2013,12/7/2013,EG-13900,FUR-TA-10002228,400.032,First Class,2,Credit Card
730,12/4/2013,12/4/2013,12/7/2013,EG-13900,OFF-ST-10004634,33.63,First Class,2,PayPal
731,12/4/2013,12/4/2013,12/7/2013,EG-13900,FUR-CH-10002965,542.646,First Class,1,PayPal
732,12/4/2013,12/4/2013,12/7/2013,EG-13900,OFF-LA-10001317,6.3,First Class,3,Bank Transfer
733,1/22/2014,1/22/2014,1/26/2014,DS-13030,OFF-ST-10000736,242.94,Standard Class,1,Bank Transfer
734,1/22/2014,1/22/2014,1/26/2014,DS-13030,TEC-AC-10003610,179.97,Standard Class,1,Bank Transfer
735,1/22/2014,1/22/2014,1/26/2014,DS-13030,OFF-BI-10003982,99.696,Standard Class,3,Credit Card
736,1/22/2014,1/22/2014,1/26/2014,DS-13030,OFF-BI-10003291,27.936,Standard Class,2,Credit Card
737,1/22/2014,1/22/2014,1/26/2014,DS-13030,FUR-BO-10001619,84.98,Standard Class,3,Credit Card
738,1/22/2014,1/22/2014,1/26/2014,DS-13030,OFF-BI-10000138,18.72,Standard Class,1,Credit Card
739,9/8/2011,9/8/2011,9/12/2011,GZ-14470,TEC-AC-10001383,49.98,Standard Class,4,Credit Card
740,1/5/2011,1/5/2011,1/9/2011,PO-19195,OFF-LA-10003223,11.784,Standard Class,5,Bank Transfer
741,1/5/2011,1/5/2011,1/9/2011,PO-19195,OFF-ST-10002743,272.736,Standard Class,3,Bank Transfer
742,1/5/2011,1/5/2011,1/9/2011,PO-19195,OFF-BI-10004094,3.54,Standard Class,4,Bank Transfer
743,8/28/2013,8/28/2013,9/2/2013,SS-20875,OFF-SU-10004498,51.52,Standard Class,3,PayPal
744,8/28/2013,8/28/2013,9/2/2013,SS-20875,OFF-PA-10002615,3.528,Standard Class,1,PayPal
745,8/28/2013,8/28/2013,9/2/2013,SS-20875,OFF-PA-10004971,4.624,Standard Class,4,Credit Card
746,8/28/2013,8/28/2013,9/2/2013,SS-20875,OFF-SU-10004261,55.168,Standard Class,5,Bank Transfer
747,5/27/2011,5/27/2011,5/27/2011,MH-17785,FUR-TA-10002607,567.12,Same Day,4,Credit Card
748,5/27/2011,5/27/2011,5/27/2011,MH-17785,OFF-ST-10001809,359.32,Same Day,5,Bank Transfer
749,3/21/2013,3/21/2013,3/23/2013,PB-19105,TEC-PH-10000004,11.992,Second Class,1,PayPal
750,10/3/2014,10/3/2014,10/7/2014,RF-19735,OFF-BI-10003638,58.05,Standard Class,2,Credit Card
751,10/3/2014,10/3/2014,10/7/2014,RF-19735,FUR-FU-10003577,157.74,Standard Class,5,Bank Transfer
752,10/3/2014,10/3/2014,10/7/2014,RF-19735,OFF-AR-10003478,56.98,Standard Class,1,PayPal
753,10/3/2014,10/3/2014,10/7/2014,RF-19735,OFF-BI-10000546,2.88,Standard Class,5,Bank Transfer
754,4/8/2013,4/8/2013,4/10/2013,YC-21895,TEC-CO-10002095,1199.976,First Class,2,Credit Card
755,12/7/2012,12/7/2012,12/12/2012,MS-17830,FUR-FU-10002759,79.92,Standard Class,1,Bank Transfer
756,9/19/2013,9/19/2013,9/23/2013,NB-18655,FUR-TA-10001095,383.438,Standard Class,3,Credit Card
757,12/29/2011,12/29/2011,1/2/2012,DC-13285,OFF-ST-10002444,24.56,Standard Class,1,Bank Transfer
758,12/29/2011,12/29/2011,1/2/2012,DC-13285,TEC-AC-10001267,119.8,Standard Class,2,PayPal
759,7/24/2014,7/24/2014,7/29/2014,CP-12340,OFF-BI-10000848,13.128,Standard Class,5,Credit Card
760,9/19/2014,9/19/2014,9/23/2014,BF-11020,OFF-PA-10002377,22.72,Standard Class,5,Bank Transfer
761,8/31/2012,8/31/2012,9/5/2012,AR-10510,OFF-PA-10003441,58.32,Standard Class,5,Credit Card
762,11/4/2014,11/4/2014,11/8/2014,JC-16105,OFF-LA-10004484,12.39,Standard Class,4,PayPal
763,2/8/2012,2/8/2012,2/13/2012,LH-17020,TEC-PH-10003931,107.982,Standard Class,3,Credit Card
764,1/14/2011,1/14/2011,1/16/2011,CS-12250,OFF-EN-10001990,11.36,Second Class,3,Credit Card
765,1/14/2011,1/14/2011,1/16/2011,CS-12250,OFF-EN-10001532,50.94,Second Class,2,PayPal
766,1/14/2011,1/14/2011,1/16/2011,CS-12250,TEC-AC-10003174,646.74,Second Class,5,PayPal
767,1/14/2011,1/14/2011,1/16/2011,CS-12250,OFF-BI-10004187,5.64,Second Class,5,Credit Card
768,1/14/2011,1/14/2011,1/16/2011,CS-12250,OFF-ST-10000025,572.58,Second Class,1,Credit Card
769,5/14/2011,5/14/2011,5/20/2011,AJ-10795,FUR-FU-10004306,310.88,Standard Class,3,PayPal
770,5/20/2013,5/20/2013,5/25/2013,LE-16810,FUR-CH-10003746,641.96,Standard Class,5,Credit Card
771,1/31/2014,1/31/2014,2/6/2014,BV-11245,OFF-BI-10001036,18.28,Standard Class,1,Credit Card
772,1/31/2014,1/31/2014,2/6/2014,BV-11245,TEC-PH-10004614,207,Standard Class,1,PayPal
773,1/31/2014,1/31/2014,2/6/2014,BV-11245,OFF-BI-10000301,32.35,Standard Class,2,PayPal
774,1/31/2014,1/31/2014,2/6/2014,BV-11245,OFF-BI-10003910,7.71,Standard Class,2,Bank Transfer
775,1/31/2014,1/31/2014,2/6/2014,BV-11245,OFF-AR-10004648,40.3,Standard Class,3,Credit Card
776,1/31/2014,1/31/2014,2/6/2014,BV-11245,FUR-FU-10002597,34.58,Standard Class,2,Credit Card
777,6/29/2011,6/29/2011,7/6/2011,DL-12865,OFF-AR-10003405,32.76,Standard Class,2,Bank Transfer
778,8/21/2012,8/21/2012,8/23/2012,NZ-18565,FUR-CH-10002335,544.008,First Class,1,Credit Card
779,8/21/2012,8/21/2012,8/23/2012,NZ-18565,OFF-PA-10000157,59.94,First Class,2,PayPal
780,8/21/2012,8/21/2012,8/23/2012,NZ-18565,OFF-PA-10001947,23.92,First Class,4,PayPal
781,8/21/2012,8/21/2012,8/23/2012,NZ-18565,OFF-PA-10003657,4.28,First Class,1,Bank Transfer
782,10/3/2012,10/3/2012,10/6/2012,BM-11785,OFF-BI-10001098,32.07,Second Class,1,Credit Card
783,10/3/2012,10/3/2012,10/6/2012,BM-11785,TEC-AC-10002167,24,Second Class,3,PayPal
784,10/3/2012,10/3/2012,10/6/2012,BM-11785,FUR-BO-10004409,35.49,Second Class,2,Credit Card
785,10/3/2012,10/3/2012,10/6/2012,BM-11785,TEC-AC-10000057,47.984,Second Class,3,Credit Card
786,5/23/2012,5/23/2012,5/28/2012,EA-14035,OFF-EN-10000056,186.69,Standard Class,2,Credit Card
787,3/18/2014,3/18/2014,3/22/2014,CL-12565,OFF-BI-10000014,17.456,Second Class,5,Bank Transfer
788,12/12/2012,12/12/2012,12/16/2012,LT-17110,FUR-CH-10004675,348.928,Standard Class,4,Credit Card
789,6/26/2012,6/26/2012,6/30/2012,SA-20830,OFF-BI-10001543,143.96,Standard Class,4,Credit Card
790,6/26/2012,6/26/2012,6/30/2012,SA-20830,OFF-ST-10001321,15.42,Standard Class,5,Bank Transfer
791,6/26/2012,6/26/2012,6/30/2012,SA-20830,OFF-BI-10001132,43.04,Standard Class,3,Bank Transfer
792,6/26/2012,6/26/2012,6/30/2012,SA-20830,FUR-CH-10003199,332.94,Standard Class,3,Bank Transfer
793,5/21/2013,5/21/2013,5/21/2013,JK-15730,TEC-PH-10001530,1363.96,Same Day,4,PayPal
794,9/20/2011,9/20/2011,9/26/2011,ES-14020,OFF-LA-10001569,9.96,Standard Class,2,PayPal
795,9/20/2011,9/20/2011,9/26/2011,ES-14020,OFF-PA-10003724,21.72,Standard Class,1,Bank Transfer
796,9/22/2014,9/22/2014,9/27/2014,RH-19495,OFF-BI-10000546,20.16,Standard Class,1,Credit Card
797,12/24/2012,12/24/2012,12/26/2012,DB-13120,OFF-PA-10000176,132.79,First Class,4,Bank Transfer
798,12/24/2012,12/24/2012,12/26/2012,DB-13120,OFF-PA-10002365,12.96,First Class,1,PayPal
799,12/24/2012,12/24/2012,12/26/2012,DB-13120,OFF-LA-10002271,21.56,First Class,5,PayPal
800,11/27/2012,11/27/2012,12/3/2012,CD-11920,FUR-CH-10002647,283.92,Standard Class,2,PayPal
801,2/21/2014,2/21/2014,2/24/2014,HW-14935,FUR-FU-10004090,22.23,First Class,1,Bank Transfer
802,2/21/2014,2/21/2014,2/24/2014,HW-14935,TEC-PH-10001580,215.968,First Class,1,PayPal
803,8/19/2013,8/19/2013,8/24/2013,HW-14935,OFF-AP-10000576,355.32,Second Class,3,PayPal
804,3/13/2013,3/13/2013,3/18/2013,MC-18130,OFF-PA-10003953,12.96,Standard Class,2,PayPal
805,4/23/2014,4/23/2014,4/25/2014,GM-14440,FUR-FU-10000794,18.28,First Class,4,Credit Card
806,11/1/2011,11/1/2011,11/7/2011,RA-19915,OFF-AR-10001897,43.176,Standard Class,3,Credit Card
807,11/1/2011,11/1/2011,11/7/2011,RA-19915,TEC-PH-10001795,1983.968,Standard Class,5,PayPal
808,2/3/2012,2/3/2012,2/5/2012,AA-10375,FUR-FU-10003347,28.4,First Class,2,Bank Transfer
809,2/3/2012,2/3/2012,2/5/2012,AA-10375,TEC-AC-10004901,149.97,First Class,3,Credit Card
810,10/13/2011,10/13/2011,10/15/2011,ZC-21910,OFF-AR-10003190,11.52,First Class,1,Bank Transfer
811,10/13/2011,10/13/2011,10/15/2011,ZC-21910,FUR-TA-10002903,1298.55,First Class,3,PayPal
812,10/13/2011,10/13/2011,10/15/2011,ZC-21910,OFF-AP-10000240,213.92,First Class,3,PayPal
813,10/13/2011,10/13/2011,10/15/2011,ZC-21910,TEC-AC-10001101,25.78,First Class,4,Bank Transfer
814,5/15/2014,5/15/2014,5/15/2014,PJ-19015,FUR-FU-10000794,18.28,Same Day,3,Credit Card
815,5/15/2014,5/15/2014,5/15/2014,PJ-19015,TEC-AC-10001838,1399.93,Same Day,4,PayPal
816,3/20/2012,3/20/2012,3/23/2012,BW-11110,OFF-PA-10000061,51.84,First Class,1,PayPal
817,9/16/2013,9/16/2013,9/20/2013,DB-13210,OFF-PA-10003651,5.344,Standard Class,2,Credit Card
818,6/28/2011,6/28/2011,7/2/2011,CA-12775,OFF-PA-10000304,41.472,Standard Class,1,PayPal
819,6/28/2011,6/28/2011,7/2/2011,CA-12775,OFF-BI-10003094,3.168,Standard Class,5,Bank Transfer
820,6/28/2011,6/28/2011,7/2/2011,CA-12775,FUR-CH-10001394,1228.465,Standard Class,3,PayPal
821,6/28/2011,6/28/2011,7/2/2011,CA-12775,OFF-BI-10004230,31.086,Standard Class,5,PayPal
822,6/28/2011,6/28/2011,7/2/2011,CA-12775,OFF-PA-10003395,335.52,Standard Class,1,PayPal
823,6/21/2014,6/21/2014,6/28/2014,TR-21325,TEC-AC-10002402,239.97,Standard Class,4,Bank Transfer
824,6/21/2014,6/21/2014,6/28/2014,TR-21325,OFF-LA-10003223,9.82,Standard Class,5,PayPal
825,5/9/2011,5/9/2011,5/15/2011,PG-18820,TEC-AC-10003441,67.8,Standard Class,5,Credit Card
826,5/9/2011,5/9/2011,5/15/2011,PG-18820,TEC-AC-10000109,167.97,Standard Class,1,PayPal
827,8/22/2014,8/22/2014,8/29/2014,GT-14710,OFF-FA-10002280,35,Standard Class,4,Bank Transfer
828,8/22/2014,8/22/2014,8/29/2014,GT-14710,OFF-SU-10000381,37.24,Standard Class,5,PayPal
829,8/22/2014,8/22/2014,8/29/2014,GT-14710,OFF-EN-10004459,15.28,Standard Class,1,Bank Transfer
830,6/17/2014,6/17/2014,6/22/2014,JE-15745,FUR-CH-10000665,301.96,Second Class,3,Credit Card
831,6/17/2014,6/17/2014,6/22/2014,JE-15745,OFF-AP-10003884,180.66,Second Class,3,PayPal
832,6/17/2014,6/17/2014,6/22/2014,JE-15745,TEC-PH-10001557,191.98,Second Class,5,Bank Transfer
833,6/17/2014,6/17/2014,6/22/2014,JE-15745,TEC-PH-10002085,65.99,Second Class,4,PayPal
834,7/24/2013,7/24/2013,7/28/2013,JB-15400,OFF-AR-10002956,35.216,Standard Class,5,PayPal
835,7/24/2013,7/24/2013,7/28/2013,JB-15400,OFF-AP-10003266,23.696,Standard Class,1,Bank Transfer
836,7/24/2013,7/24/2013,7/28/2013,JB-15400,TEC-MA-10004002,265.475,Standard Class,1,PayPal
837,9/8/2011,9/8/2011,9/13/2011,LH-17020,OFF-BI-10001071,51.184,Second Class,3,Credit Card
838,11/5/2014,11/5/2014,11/12/2014,JL-15175,OFF-PA-10001560,9.664,Standard Class,4,PayPal
839,3/8/2013,3/8/2013,3/13/2013,EB-13705,TEC-PH-10002365,21.072,Standard Class,4,PayPal
840,11/20/2012,11/20/2012,11/25/2012,BM-11650,OFF-AR-10004648,60.45,Standard Class,2,Credit Card
841,11/20/2012,11/20/2012,11/25/2012,BM-11650,OFF-AR-10002578,11.52,Standard Class,2,Credit Card
842,11/20/2012,11/20/2012,11/25/2012,BM-11650,FUR-BO-10001519,186.048,Standard Class,2,PayPal
843,11/8/2013,11/8/2013,11/10/2013,EM-14095,OFF-BI-10001294,37.44,First Class,3,PayPal
844,11/8/2013,11/8/2013,11/10/2013,EM-14095,OFF-BI-10001636,26.976,First Class,1,PayPal
845,11/8/2013,11/8/2013,11/10/2013,EM-14095,OFF-SU-10002503,11.36,First Class,5,PayPal
846,11/8/2013,11/8/2013,11/10/2013,EM-14095,OFF-LA-10004093,14.62,First Class,3,PayPal
847,10/13/2012,10/13/2012,10/17/2012,AF-10885,TEC-PH-10001552,83.72,Standard Class,3,Credit Card
848,10/13/2012,10/13/2012,10/17/2012,AF-10885,FUR-CH-10001891,287.94,Standard Class,1,Bank Transfer
849,1/2/2014,1/2/2014,1/7/2014,GA-14725,FUR-FU-10003878,48.896,Standard Class,5,PayPal
850,2/8/2011,2/8/2011,2/13/2011,CK-12760,TEC-AC-10000710,115.36,Standard Class,1,PayPal
851,6/21/2013,6/21/2013,6/26/2013,DP-13105,OFF-AR-10002335,5.16,Second Class,2,PayPal
852,6/21/2013,6/21/2013,6/26/2013,DP-13105,OFF-PA-10001870,38.88,Second Class,1,Bank Transfer
853,5/29/2013,5/29/2013,6/5/2013,VD-21670,OFF-AR-10003373,185.88,Standard Class,2,Bank Transfer
854,2/19/2013,2/19/2013,2/24/2013,GT-14710,FUR-FU-10004090,44.46,Standard Class,1,Bank Transfer
855,2/19/2013,2/19/2013,2/24/2013,GT-14710,OFF-ST-10000736,242.94,Standard Class,1,Credit Card
856,8/3/2011,8/3/2011,8/8/2011,BK-11260,OFF-PA-10001019,39.96,Standard Class,4,PayPal
857,8/3/2011,8/3/2011,8/8/2011,BK-11260,OFF-SU-10002537,102.3,Standard Class,5,Credit Card
858,8/3/2011,8/3/2011,8/8/2011,BK-11260,OFF-ST-10003221,21.36,Standard Class,5,Bank Transfer
859,4/11/2014,4/11/2014,4/16/2014,SJ-20125,OFF-PA-10004569,7.61,Standard Class,3,Credit Card
860,4/11/2014,4/11/2014,4/16/2014,SJ-20125,OFF-FA-10000624,7.16,Standard Class,1,PayPal
861,6/9/2011,6/9/2011,6/16/2011,CM-12445,OFF-SU-10001225,7.36,Standard Class,1,PayPal
862,6/9/2011,6/9/2011,6/16/2011,CM-12445,OFF-AR-10003752,23.1,Standard Class,5,Bank Transfer
863,1/5/2013,1/5/2013,1/7/2013,AJ-10795,TEC-AC-10001714,191.472,Second Class,3,Bank Transfer
864,1/5/2013,1/5/2013,1/7/2013,AJ-10795,OFF-AR-10003958,5.248,Second Class,1,Credit Card
865,1/5/2013,1/5/2013,1/7/2013,AJ-10795,TEC-PH-10002923,59.184,Second Class,3,Bank Transfer
866,1/11/2011,1/11/2011,1/16/2011,AJ-10780,OFF-LA-10004272,2.89,Standard Class,5,Credit Card
867,1/11/2011,1/11/2011,1/16/2011,AJ-10780,FUR-FU-10000965,51.94,Standard Class,2,Credit Card
868,9/30/2013,9/30/2013,10/3/2013,LS-16945,OFF-LA-10004853,15.936,First Class,5,Credit Card
869,4/6/2011,4/6/2011,4/10/2011,GP-14740,OFF-BI-10003719,44.91,Standard Class,5,PayPal
870,9/4/2013,9/4/2013,9/6/2013,PK-18910,OFF-BI-10000545,1141.47,First Class,1,Credit Card
871,9/4/2013,9/4/2013,9/6/2013,PK-18910,TEC-PH-10002496,280.782,First Class,5,Credit Card
872,10/19/2012,10/19/2012,10/20/2012,TB-21520,OFF-PA-10003591,34.44,First Class,4,Bank Transfer
873,12/10/2011,12/10/2011,12/15/2011,SM-20005,OFF-PA-10004470,11.36,Standard Class,3,Credit Card
874,12/10/2011,12/10/2011,12/15/2011,SM-20005,OFF-BI-10000315,106.344,Standard Class,4,Credit Card
875,8/26/2014,8/26/2014,8/30/2014,GA-14725,OFF-PA-10001790,192.16,Standard Class,2,Bank Transfer
876,1/17/2013,1/17/2013,1/21/2013,CC-12430,FUR-FU-10004017,322.59,Standard Class,5,Bank Transfer
877,1/17/2013,1/17/2013,1/21/2013,CC-12430,TEC-AC-10003628,29.99,Standard Class,5,Bank Transfer
878,1/17/2013,1/17/2013,1/21/2013,CC-12430,TEC-AC-10002049,371.97,Standard Class,3,Bank Transfer
879,9/17/2011,9/17/2011,9/21/2011,AG-10765,OFF-BI-10003712,5.892,Standard Class,2,Credit Card
880,12/1/2014,12/1/2014,12/3/2014,HP-14815,OFF-BI-10003984,68.472,Second Class,4,Bank Transfer
881,12/1/2014,12/1/2014,12/3/2014,HP-14815,FUR-CH-10004287,1242.9,Second Class,3,PayPal
882,10/9/2012,10/9/2012,10/13/2012,DK-13090,OFF-ST-10001321,30.84,Standard Class,4,PayPal
883,12/24/2014,12/24/2014,12/24/2014,GZ-14470,OFF-AR-10001118,13.48,Same Day,1,Bank Transfer
884,10/23/2013,10/23/2013,10/25/2013,PM-19135,FUR-FU-10000732,31.4,First Class,3,Bank Transfer
885,4/29/2011,4/29/2011,5/4/2011,LL-16840,FUR-FU-10001424,17.46,Standard Class,5,Credit Card
886,4/25/2012,4/25/2012,4/28/2012,JS-15595,OFF-BI-10002071,13.944,Second Class,3,Bank Transfer
887,6/27/2014,6/27/2014,7/3/2014,OT-18730,OFF-ST-10002486,83.76,Standard Class,3,PayPal
888,10/15/2014,10/15/2014,10/20/2014,EL-13735,OFF-BI-10001078,37.66,Standard Class,2,Bank Transfer
889,12/9/2011,12/9/2011,12/16/2011,CK-12760,OFF-PA-10003845,34.68,Standard Class,5,Bank Transfer
890,6/21/2014,6/21/2014,6/27/2014,JE-15475,TEC-AC-10000927,149.95,Standard Class,2,Bank Transfer
891,6/21/2014,6/21/2014,6/27/2014,JE-15475,OFF-BI-10001098,51.312,Standard Class,5,Credit Card
892,6/27/2014,6/27/2014,6/28/2014,TH-21550,OFF-PA-10001622,4.54,First Class,1,Credit Card
893,6/27/2014,6/27/2014,6/28/2014,TH-21550,OFF-AR-10003158,15.92,First Class,4,Credit Card
894,6/27/2014,6/27/2014,6/28/2014,TH-21550,TEC-PH-10002660,543.92,First Class,2,PayPal
895,11/11/2013,11/11/2013,11/13/2013,PC-18745,OFF-ST-10002205,155.82,First Class,5,PayPal
896,11/11/2013,11/11/2013,11/13/2013,PC-18745,OFF-BI-10003364,70.008,First Class,4,Bank Transfer
897,10/4/2013,10/4/2013,10/7/2013,HL-15040,OFF-EN-10001099,15.648,Second Class,3,PayPal
898,9/9/2011,9/9/2011,9/15/2011,MS-17365,OFF-LA-10003923,103.6,Standard Class,4,PayPal
899,10/30/2014,10/30/2014,11/1/2014,GB-14530,OFF-PA-10002250,46.96,Second Class,4,Bank Transfer
900,4/11/2013,4/11/2013,4/13/2013,JR-16210,OFF-BI-10004716,8.904,First Class,1,PayPal
901,11/12/2014,11/12/2014,11/14/2014,TD-20995,OFF-LA-10001045,10.44,First Class,5,Bank Transfer
902,11/12/2014,11/12/2014,11/14/2014,TD-20995,OFF-BI-10001510,18.336,First Class,1,Credit Card
903,9/16/2014,9/16/2014,9/18/2014,DB-13060,TEC-PH-10004536,323.976,First Class,1,Credit Card
904,4/9/2013,4/9/2013,4/13/2013,LC-17140,OFF-PA-10002947,20.04,Standard Class,5,PayPal
905,4/9/2013,4/9/2013,4/13/2013,LC-17140,OFF-ST-10002583,64.96,Standard Class,3,PayPal
906,4/9/2013,4/9/2013,4/13/2013,LC-17140,OFF-PA-10000019,12.96,Standard Class,1,Bank Transfer
907,12/31/2014,12/31/2014,1/4/2015,PO-18865,FUR-BO-10003441,323.136,Standard Class,2,Credit Card
908,12/31/2014,12/31/2014,1/4/2015,PO-18865,TEC-PH-10004774,90.93,Standard Class,1,PayPal
909,12/31/2014,12/31/2014,1/4/2015,PO-18865,OFF-BI-10003684,52.776,Standard Class,3,PayPal
910,9/3/2014,9/3/2014,9/8/2014,BE-11335,TEC-PH-10001494,1199.8,Standard Class,3,Bank Transfer
911,9/3/2014,9/3/2014,9/8/2014,BE-11335,TEC-AC-10004666,1928.78,Standard Class,5,Bank Transfer
912,9/3/2014,9/3/2014,9/8/2014,BE-11335,OFF-ST-10003816,352.38,Standard Class,2,PayPal
913,5/31/2012,5/31/2012,6/7/2012,SC-20050,FUR-FU-10001935,22.2,Standard Class,2,Bank Transfer
914,11/28/2014,11/28/2014,11/30/2014,BM-11650,FUR-FU-10004091,46.94,First Class,5,Credit Card
915,11/28/2014,11/28/2014,11/30/2014,BM-11650,TEC-AC-10001772,143.73,First Class,5,Bank Transfer
916,6/15/2011,6/15/2011,6/21/2011,KL-16555,FUR-TA-10001520,99.918,Standard Class,5,Credit Card
917,6/15/2011,6/15/2011,6/21/2011,KL-16555,FUR-CH-10003379,797.944,Standard Class,3,Credit Card
918,6/15/2011,6/15/2011,6/21/2011,KL-16555,OFF-BI-10002706,8.568,Standard Class,3,Bank Transfer
919,3/6/2013,3/6/2013,3/12/2013,RW-19630,OFF-EN-10000056,149.352,Standard Class,1,Bank Transfer
920,3/6/2013,3/6/2013,3/12/2013,RW-19630,OFF-ST-10001558,12.992,Standard Class,5,PayPal
921,12/5/2011,12/5/2011,12/12/2011,RC-19825,OFF-ST-10002444,24.56,Standard Class,4,Credit Card
922,4/11/2012,4/11/2012,4/15/2012,SE-20110,TEC-AC-10002473,85.14,Standard Class,1,Credit Card
923,4/11/2012,4/11/2012,4/15/2012,SE-20110,TEC-PH-10004531,21.99,Standard Class,1,Credit Card
924,4/11/2012,4/11/2012,4/15/2012,SE-20110,OFF-AP-10004487,406.6,Standard Class,5,PayPal
925,9/16/2013,9/16/2013,9/21/2013,AH-10075,OFF-BI-10003650,841.568,Standard Class,1,Credit Card
926,9/13/2011,9/13/2011,9/16/2011,JM-15535,OFF-PA-10003543,15.552,First Class,1,PayPal
927,9/13/2011,9/13/2011,9/16/2011,JM-15535,TEC-AC-10004353,252,First Class,3,PayPal
928,10/5/2012,10/5/2012,10/9/2012,JJ-15760,OFF-AR-10000658,46.2,Standard Class,4,Bank Transfer
929,10/5/2012,10/5/2012,10/9/2012,JJ-15760,OFF-AP-10000696,28.84,Standard Class,5,Credit Card
930,4/15/2014,4/15/2014,4/18/2014,AB-10165,OFF-AR-10003560,14.592,First Class,4,Credit Card
931,4/15/2014,4/15/2014,4/18/2014,AB-10165,OFF-AR-10001468,89.856,First Class,2,Credit Card
932,4/15/2014,4/15/2014,4/18/2014,AB-10165,OFF-PA-10004971,13.872,First Class,5,Credit Card
933,9/3/2014,9/3/2014,9/7/2014,RK-19300,OFF-PA-10002195,12.192,Standard Class,1,Bank Transfer
934,6/21/2013,6/21/2013,6/25/2013,CG-12040,OFF-PA-10001745,45.056,Standard Class,2,Bank Transfer
935,6/21/2013,6/21/2013,6/25/2013,CG-12040,OFF-BI-10004826,29.718,Standard Class,5,Credit Card
936,6/21/2013,6/21/2013,6/25/2013,CG-12040,OFF-PA-10001870,15.552,Standard Class,4,Bank Transfer
937,6/21/2013,6/21/2013,6/25/2013,CG-12040,OFF-AP-10001058,447.696,Standard Class,5,Credit Card
938,11/6/2014,11/6/2014,11/7/2014,RA-19885,TEC-AC-10003911,159.99,First Class,3,PayPal
939,12/13/2012,12/13/2012,12/17/2012,RP-19270,OFF-PA-10000289,12.96,Standard Class,4,Credit Card
940,12/13/2012,12/13/2012,12/17/2012,RP-19270,OFF-AP-10003040,134.48,Standard Class,5,Bank Transfer
941,6/20/2013,6/20/2013,6/21/2013,KC-16255,OFF-PA-10000350,17.12,First Class,3,PayPal
942,12/14/2013,12/14/2013,12/21/2013,RW-19630,OFF-BI-10001759,6.096,Standard Class,2,Credit Card
943,12/14/2013,12/14/2013,12/21/2013,RW-19630,FUR-TA-10000577,1114.272,Standard Class,2,Bank Transfer
944,5/29/2012,5/29/2012,6/3/2012,JL-15850,OFF-PA-10004101,32.4,Standard Class,3,PayPal
945,5/29/2012,5/29/2012,6/3/2012,JL-15850,OFF-ST-10001496,540.57,Standard Class,5,Credit Card
946,5/29/2012,5/29/2012,6/3/2012,JL-15850,OFF-BI-10002931,167.76,Standard Class,4,PayPal
947,7/26/2012,7/26/2012,7/28/2012,CA-12775,FUR-TA-10002356,393.165,First Class,3,Bank Transfer
948,11/29/2014,11/29/2014,12/3/2014,RB-19795,FUR-FU-10003601,516.488,Standard Class,3,Credit Card
949,11/29/2014,11/29/2014,12/3/2014,RB-19795,FUR-FU-10000576,1007.232,Standard Class,1,PayPal
950,11/29/2014,11/29/2014,12/3/2014,RB-19795,FUR-TA-10004154,2065.32,Standard Class,1,Bank Transfer
951,11/29/2014,11/29/2014,12/3/2014,RB-19795,OFF-PA-10000788,15.552,Standard Class,2,Bank Transfer
952,11/29/2014,11/29/2014,12/3/2014,RB-19795,OFF-PA-10002479,25.344,Standard Class,5,PayPal
953,4/4/2014,4/4/2014,4/8/2014,KH-16360,FUR-FU-10001940,25.472,Standard Class,3,Bank Transfer
954,12/29/2014,12/29/2014,1/2/2015,GH-14665,OFF-AR-10001958,27.168,Standard Class,2,PayPal
955,12/29/2014,12/29/2014,1/2/2015,GH-14665,FUR-BO-10004709,78.8528,Standard Class,1,Credit Card
956,12/1/2014,12/1/2014,12/5/2014,SW-20275,OFF-ST-10000604,173.8,Standard Class,4,PayPal
957,5/16/2014,5/16/2014,5/19/2014,JA-15970,TEC-PH-10002923,29.592,Second Class,4,Credit Card
958,5/16/2014,5/16/2014,5/19/2014,JA-15970,OFF-BI-10004465,4.752,Second Class,3,Bank Transfer
959,5/16/2014,5/16/2014,5/19/2014,JA-15970,OFF-PA-10002333,15.552,Second Class,1,PayPal
960,9/22/2012,9/22/2012,9/22/2012,DL-12925,FUR-FU-10004188,204.6,Same Day,2,PayPal
961,11/15/2014,11/15/2014,11/20/2014,LW-16990,FUR-CH-10002965,321.568,Standard Class,5,Credit Card
962,11/27/2012,11/27/2012,12/1/2012,TB-21190,OFF-BI-10000145,6.24,Standard Class,5,PayPal
963,9/2/2013,9/2/2013,9/5/2013,CV-12805,OFF-EN-10001335,21.88,First Class,1,Credit Card
964,9/22/2011,9/22/2011,9/24/2011,MS-17365,OFF-LA-10001613,4.608,Second Class,1,Bank Transfer
965,4/10/2014,4/10/2014,4/12/2014,BS-11800,OFF-LA-10004055,9.82,First Class,2,Credit Card
966,4/10/2014,4/10/2014,4/12/2014,BS-11800,OFF-AR-10004344,35.97,First Class,5,Credit Card
967,4/10/2014,4/10/2014,4/12/2014,BS-11800,OFF-PA-10004621,12.96,First Class,5,PayPal
968,4/10/2014,4/10/2014,4/12/2014,BS-11800,OFF-PA-10001281,191.6,First Class,4,PayPal
969,4/10/2014,4/10/2014,4/12/2014,BS-11800,OFF-LA-10001613,8.64,First Class,5,Bank Transfer
970,4/10/2014,4/10/2014,4/12/2014,BS-11800,OFF-ST-10001097,501.81,First Class,4,Credit Card
971,1/17/2011,1/17/2011,1/19/2011,DL-13315,FUR-FU-10001095,127.104,Second Class,3,PayPal
972,1/17/2011,1/17/2011,1/19/2011,DL-13315,TEC-PH-10004614,124.2,Second Class,2,Bank Transfer
973,1/17/2011,1/17/2011,1/19/2011,DL-13315,OFF-BI-10001575,18.588,Second Class,1,PayPal
974,1/17/2011,1/17/2011,1/19/2011,DL-13315,OFF-LA-10001074,30.072,Second Class,2,PayPal
975,10/6/2014,10/6/2014,10/9/2014,PO-19195,TEC-PH-10003555,160.93,Second Class,4,Credit Card
976,10/6/2014,10/6/2014,10/9/2014,PO-19195,OFF-BI-10004492,75.792,Second Class,4,PayPal
977,7/10/2014,7/10/2014,7/16/2014,TD-20995,OFF-BI-10002012,1.08,Standard Class,5,PayPal
978,1/8/2014,1/8/2014,1/11/2014,BW-11110,TEC-MA-10000822,3059.982,First Class,1,Bank Transfer
979,5/31/2013,5/31/2013,6/1/2013,RW-19690,OFF-BI-10000848,3.282,First Class,5,Bank Transfer
980,12/9/2012,12/9/2012,12/12/2012,KB-16600,OFF-PA-10004156,34.02,First Class,4,Bank Transfer
981,10/4/2013,10/4/2013,10/9/2013,EB-13870,FUR-CH-10003199,599.292,Standard Class,4,Bank Transfer
982,11/11/2011,11/11/2011,11/14/2011,TZ-21580,OFF-AR-10000034,3.392,Second Class,4,Bank Transfer
983,11/11/2011,11/11/2011,11/14/2011,TZ-21580,TEC-PH-10000560,559.984,Second Class,5,Bank Transfer
984,11/11/2011,11/11/2011,11/14/2011,TZ-21580,FUR-CH-10000665,603.92,Second Class,2,Bank Transfer
985,9/30/2014,9/30/2014,10/6/2014,AS-10630,OFF-LA-10001569,7.968,Standard Class,4,Bank Transfer
986,9/30/2014,9/30/2014,10/6/2014,AS-10630,OFF-EN-10000461,27.968,Standard Class,1,PayPal
987,9/30/2014,9/30/2014,10/6/2014,AS-10630,TEC-MA-10003066,336.51,Standard Class,1,PayPal
988,3/10/2012,3/10/2012,3/10/2012,TS-21340,OFF-BI-10004022,1.112,Same Day,5,PayPal
989,5/22/2014,5/22/2014,5/27/2014,JG-15805,FUR-FU-10004071,520.05,Standard Class,4,PayPal
990,5/22/2014,5/22/2014,5/27/2014,JG-15805,OFF-AR-10001988,17.97,Standard Class,2,PayPal
991,3/29/2012,3/29/2012,3/31/2012,SL-20155,FUR-CH-10004086,1166.92,Second Class,5,PayPal
992,9/10/2013,9/10/2013,9/12/2013,TS-21610,OFF-BI-10001036,14.624,First Class,1,Bank Transfer
993,8/27/2013,8/27/2013,8/28/2013,RF-19735,OFF-FA-10002983,10.23,First Class,2,PayPal
994,8/27/2013,8/27/2013,8/28/2013,RF-19735,OFF-PA-10003625,154.9,First Class,4,PayPal
995,5/21/2011,5/21/2011,5/25/2011,MW-18235,OFF-BI-10003925,2715.93,Standard Class,3,Bank Transfer
996,5/21/2011,5/21/2011,5/25/2011,MW-18235,TEC-PH-10001530,617.97,Standard Class,1,PayPal
997,10/28/2012,10/28/2012,11/3/2012,RD-19585,OFF-EN-10003862,10.67,Standard Class,4,PayPal
998,10/28/2012,10/28/2012,11/3/2012,RD-19585,OFF-ST-10004258,36.63,Standard Class,4,PayPal
999,10/28/2012,10/28/2012,11/3/2012,RD-19585,FUR-FU-10002885,24.1,Standard Class,2,PayPal
1000,10/28/2012,10/28/2012,11/3/2012,RD-19585,FUR-FU-10001918,33.11,Standard Class,2,Bank Transfer
1001,11/14/2013,11/14/2013,11/18/2013,FM-14290,OFF-AR-10002956,44.02,Standard Class,1,Credit Card
1002,7/31/2012,7/31/2012,7/31/2012,RH-19495,TEC-AC-10003033,2309.65,Same Day,2,Credit Card
1003,7/31/2012,7/31/2012,7/31/2012,RH-19495,FUR-TA-10002903,1090.782,Same Day,1,Bank Transfer
1004,7/31/2012,7/31/2012,7/31/2012,RH-19495,OFF-PA-10004621,19.44,Same Day,1,PayPal
1005,8/27/2012,8/27/2012,8/31/2012,RA-19945,OFF-ST-10000046,484.65,Standard Class,1,PayPal
1006,11/13/2012,11/13/2012,11/17/2012,JK-15730,OFF-PA-10001790,115.296,Standard Class,1,Credit Card
1007,11/6/2012,11/6/2012,11/9/2012,MT-17815,OFF-EN-10002600,7.08,First Class,1,Bank Transfer
1008,11/6/2012,11/6/2012,11/9/2012,MT-17815,OFF-BI-10002049,4.401,First Class,1,Bank Transfer
1009,12/27/2014,12/27/2014,1/2/2015,PO-18850,OFF-PA-10001509,44.75,Standard Class,1,Credit Card
1010,8/2/2014,8/2/2014,8/4/2014,AT-10735,TEC-PH-10003931,95.984,First Class,5,PayPal
1011,11/24/2011,11/24/2011,11/26/2011,VG-21790,FUR-FU-10001602,151.72,First Class,4,Credit Card
1012,6/18/2014,6/18/2014,6/22/2014,PF-19165,FUR-FU-10004848,155.25,Second Class,2,Credit Card
1013,6/18/2014,6/18/2014,6/22/2014,PF-19165,OFF-ST-10003722,14.03,Second Class,4,Credit Card
1014,12/21/2012,12/21/2012,12/24/2012,JS-15880,FUR-TA-10003748,1618.37,Second Class,4,Bank Transfer
1015,12/21/2012,12/21/2012,12/24/2012,JS-15880,TEC-AC-10003198,99.6,Second Class,1,Bank Transfer
1016,9/17/2012,9/17/2012,9/19/2012,MO-17800,OFF-PA-10004100,32.4,Second Class,4,Bank Transfer
1017,7/6/2012,7/6/2012,7/10/2012,KM-16225,FUR-FU-10002191,13.96,Standard Class,5,PayPal
1018,7/6/2012,7/6/2012,7/10/2012,KM-16225,FUR-FU-10000965,155.82,Standard Class,3,Bank Transfer
1019,7/6/2012,7/6/2012,7/10/2012,KM-16225,TEC-PH-10004188,124.95,Standard Class,1,Bank Transfer
1020,7/6/2012,7/6/2012,7/10/2012,KM-16225,OFF-ST-10001526,601.65,Standard Class,1,PayPal
1021,4/27/2012,4/27/2012,5/3/2012,GT-14710,OFF-AR-10001166,22.74,Standard Class,2,Bank Transfer
1022,4/27/2012,4/27/2012,5/3/2012,GT-14710,FUR-CH-10000309,1267.53,Standard Class,3,Credit Card
1023,4/27/2012,4/27/2012,5/3/2012,GT-14710,TEC-MA-10004212,1379.92,Standard Class,3,PayPal
1024,6/16/2012,6/16/2012,6/20/2012,PB-19150,OFF-EN-10003072,6.208,Standard Class,3,Credit Card
1025,12/18/2014,12/18/2014,12/21/2014,HR-14770,OFF-BI-10000320,11.808,First Class,5,Credit Card
1026,1/11/2013,1/11/2013,1/13/2013,DE-13255,OFF-PA-10001166,15.552,Second Class,5,Credit Card
1027,1/11/2013,1/11/2013,1/13/2013,DE-13255,OFF-PA-10003656,63.312,Second Class,4,Bank Transfer
1028,1/11/2013,1/11/2013,1/13/2013,DE-13255,TEC-PH-10000148,15.588,Second Class,5,Bank Transfer
1029,7/11/2011,7/11/2011,7/15/2011,LA-16780,OFF-PA-10000474,177.2,Standard Class,4,Bank Transfer
1030,7/11/2011,7/11/2011,7/15/2011,LA-16780,TEC-PH-10003885,197.97,Standard Class,5,Credit Card
1031,7/11/2011,7/11/2011,7/15/2011,LA-16780,FUR-CH-10003379,854.94,Standard Class,5,Bank Transfer
1032,7/11/2011,7/11/2011,7/15/2011,LA-16780,FUR-FU-10000629,124.11,Standard Class,2,PayPal
1033,7/11/2011,7/11/2011,7/15/2011,LA-16780,OFF-LA-10001175,14.4,Standard Class,1,Bank Transfer
1034,11/21/2013,11/21/2013,11/23/2013,AG-10390,OFF-PA-10000955,15.696,First Class,4,Credit Card
1035,11/21/2013,11/21/2013,11/23/2013,AG-10390,OFF-BI-10003460,2.628,First Class,5,Bank Transfer
1036,11/21/2013,11/21/2013,11/23/2013,AG-10390,OFF-BI-10000474,14.427,First Class,2,Credit Card
1037,4/23/2013,4/23/2013,4/27/2013,EL-13735,FUR-FU-10003975,86.62,Standard Class,3,PayPal
1038,6/13/2012,6/13/2012,6/14/2012,JJ-15445,OFF-BI-10003707,36.624,First Class,5,Credit Card
1039,11/21/2014,11/21/2014,11/22/2014,JH-15430,OFF-AR-10000203,23.968,First Class,2,Credit Card
1040,11/21/2014,11/21/2014,11/22/2014,JH-15430,OFF-AR-10004790,28.728,First Class,5,PayPal
1041,3/21/2013,3/21/2013,3/25/2013,RD-19660,FUR-TA-10001095,697.16,Standard Class,5,PayPal
1042,9/7/2013,9/7/2013,9/10/2013,MO-17500,TEC-AC-10004761,31.86,Second Class,1,Bank Transfer
1043,9/7/2013,9/7/2013,9/10/2013,MO-17500,FUR-BO-10001811,722.352,Second Class,4,PayPal
1044,7/10/2014,7/10/2014,7/13/2014,NS-18640,OFF-AR-10001130,8.84,First Class,5,Credit Card
1045,7/10/2014,7/10/2014,7/13/2014,NS-18640,OFF-AP-10000055,58.464,First Class,5,Bank Transfer
1046,10/13/2014,10/13/2014,10/17/2014,SN-20710,FUR-CH-10002304,254.604,Standard Class,1,PayPal
1047,3/9/2013,3/9/2013,3/14/2013,ZC-21910,TEC-PH-10001530,1363.96,Standard Class,5,Credit Card
1048,3/9/2013,3/9/2013,3/14/2013,ZC-21910,FUR-FU-10004006,102.36,Standard Class,3,Credit Card
1049,5/27/2011,5/27/2011,6/1/2011,LC-16885,TEC-PH-10000486,1113.504,Second Class,4,PayPal
1050,5/27/2011,5/27/2011,6/1/2011,LC-16885,TEC-AC-10001606,99.99,Second Class,4,Credit Card
1051,7/3/2012,7/3/2012,7/5/2012,DG-13300,FUR-FU-10000293,168.464,First Class,5,Bank Transfer
1052,7/3/2012,7/3/2012,7/5/2012,DG-13300,OFF-PA-10001307,6.72,First Class,5,Bank Transfer
1053,7/3/2012,7/3/2012,7/5/2012,DG-13300,FUR-FU-10004460,282.888,First Class,5,Bank Transfer
1054,4/4/2012,4/4/2012,4/8/2012,NF-18595,OFF-AR-10000716,11.16,Standard Class,4,Bank Transfer
1055,4/4/2012,4/4/2012,4/8/2012,NF-18595,FUR-FU-10004622,108.4,Standard Class,1,Bank Transfer
1056,4/4/2012,4/4/2012,4/8/2012,NF-18595,OFF-BI-10002735,82.344,Standard Class,2,PayPal
1057,4/4/2012,4/4/2012,4/8/2012,NF-18595,OFF-BI-10003529,9.088,Standard Class,2,Credit Card
1058,12/11/2014,12/11/2014,12/18/2014,BP-11185,OFF-BI-10001097,19.936,Standard Class,2,PayPal
1059,12/11/2014,12/11/2014,12/18/2014,BP-11185,OFF-BI-10001597,65.568,Standard Class,3,Bank Transfer
1060,11/25/2013,11/25/2013,12/2/2013,MG-17650,OFF-FA-10001754,4.416,Standard Class,4,Credit Card
1061,3/23/2012,3/23/2012,3/29/2012,JD-16060,FUR-CH-10003396,107.772,Standard Class,1,PayPal
1062,4/16/2012,4/16/2012,4/21/2012,TS-21160,OFF-AP-10002350,45.216,Standard Class,1,Credit Card
1063,4/16/2012,4/16/2012,4/21/2012,TS-21160,OFF-FA-10004838,10.416,Standard Class,2,Bank Transfer
1064,4/16/2012,4/16/2012,4/21/2012,TS-21160,OFF-AR-10004757,7.872,Standard Class,3,Bank Transfer
1065,4/16/2012,4/16/2012,4/21/2012,TS-21160,TEC-PH-10002115,118.782,Standard Class,1,Credit Card
1066,4/16/2012,4/16/2012,4/21/2012,TS-21160,OFF-FA-10003059,1.448,Standard Class,3,Credit Card
1067,4/16/2012,4/16/2012,4/21/2012,TS-21160,OFF-BI-10004330,55.47,Standard Class,2,Bank Transfer
1068,10/2/2013,10/2/2013,10/3/2013,BD-11620,FUR-CH-10001146,194.848,First Class,4,Credit Card
1069,9/29/2014,9/29/2014,10/1/2014,CM-12160,OFF-SU-10001935,1.744,Second Class,3,Credit Card
1070,7/25/2012,7/25/2012,7/29/2012,RB-19795,OFF-BI-10001524,25.176,Standard Class,2,PayPal
1071,11/20/2012,11/20/2012,11/26/2012,SN-20560,OFF-AR-10003732,19.46,Standard Class,5,Credit Card
1072,4/29/2013,4/29/2013,5/3/2013,EH-14005,OFF-PA-10001970,29.472,Standard Class,1,Credit Card
1073,11/15/2014,11/15/2014,11/20/2014,FO-14305,OFF-BI-10003669,8.64,Standard Class,1,PayPal
1074,11/13/2013,11/13/2013,11/20/2013,MS-17710,OFF-BI-10003727,6.27,Standard Class,5,Bank Transfer
1075,11/13/2013,11/13/2013,11/20/2013,MS-17710,OFF-BI-10004967,4.368,Standard Class,1,Bank Transfer
1076,11/13/2013,11/13/2013,11/20/2013,MS-17710,TEC-AC-10003447,31.984,Standard Class,3,PayPal
1077,9/30/2013,9/30/2013,10/1/2013,CC-12100,OFF-AR-10000255,40.88,First Class,4,Credit Card
1078,9/24/2014,9/24/2014,9/26/2014,DW-13540,OFF-AP-10002191,119.96,Second Class,3,PayPal
1079,9/24/2014,9/24/2014,9/26/2014,DW-13540,OFF-ST-10001325,31.44,Second Class,4,PayPal
1080,9/24/2014,9/24/2014,9/26/2014,DW-13540,OFF-BI-10000404,6.88,Second Class,1,PayPal
1081,11/29/2012,11/29/2012,12/4/2012,BT-11395,OFF-PA-10000349,19.92,Standard Class,1,PayPal
1082,11/29/2012,11/29/2012,12/4/2012,BT-11395,FUR-CH-10002880,1106.91,Standard Class,4,Credit Card
1083,3/2/2013,3/2/2013,3/6/2013,KD-16270,FUR-TA-10001095,836.592,Standard Class,4,Credit Card
1084,3/2/2013,3/2/2013,3/6/2013,KD-16270,OFF-PA-10003127,26.38,Standard Class,2,Bank Transfer
1085,3/2/2013,3/2/2013,3/6/2013,KD-16270,OFF-ST-10003208,362.92,Standard Class,2,Bank Transfer
1086,3/2/2013,3/2/2013,3/6/2013,KD-16270,TEC-MA-10003979,4899.93,Standard Class,1,PayPal
1087,8/13/2013,8/13/2013,8/13/2013,LC-16870,OFF-PA-10000029,6.48,Same Day,4,PayPal
1088,8/16/2013,8/16/2013,8/21/2013,CY-12745,TEC-PH-10004896,71.976,Second Class,1,Bank Transfer
1089,8/16/2013,8/16/2013,8/21/2013,CY-12745,OFF-LA-10000452,3.15,Second Class,2,PayPal
1090,6/5/2014,6/5/2014,6/11/2014,LW-16990,FUR-FU-10001967,31.984,Standard Class,1,Credit Card
1091,6/5/2014,6/5/2014,6/11/2014,LW-16990,TEC-PH-10001819,71.984,Standard Class,3,Credit Card
1092,12/6/2012,12/6/2012,12/13/2012,NP-18325,OFF-AR-10002952,120.15,Standard Class,5,Bank Transfer
1093,12/6/2012,12/6/2012,12/13/2012,NP-18325,TEC-PH-10000576,219.184,Standard Class,5,Credit Card
1094,12/27/2012,12/27/2012,12/31/2012,BT-11485,OFF-PA-10000605,28.9,Standard Class,2,Bank Transfer
1095,12/27/2012,12/27/2012,12/31/2012,BT-11485,OFF-AP-10002518,355.96,Standard Class,5,PayPal
1096,1/22/2014,1/22/2014,1/27/2014,PS-19045,OFF-ST-10004340,348.208,Standard Class,2,Credit Card
1097,1/22/2014,1/22/2014,1/27/2014,PS-19045,OFF-BI-10004001,35.784,Standard Class,5,PayPal
1098,6/25/2011,6/25/2011,6/28/2011,NS-18640,FUR-TA-10004147,447.84,First Class,4,Bank Transfer
1099,6/15/2013,6/15/2013,6/18/2013,PV-18985,OFF-AR-10001545,7.04,First Class,1,Credit Card
1100,6/15/2013,6/15/2013,6/18/2013,PV-18985,FUR-FU-10000206,8.73,First Class,2,Bank Transfer
1101,6/15/2013,6/15/2013,6/18/2013,PV-18985,TEC-AC-10001013,29.29,First Class,5,Credit Card
1102,6/15/2013,6/15/2013,6/18/2013,PV-18985,OFF-AR-10002255,8.64,First Class,1,Bank Transfer
1103,4/22/2014,4/22/2014,4/28/2014,RP-19390,OFF-BI-10004140,2.694,Standard Class,3,Bank Transfer
1104,4/22/2014,4/22/2014,4/28/2014,RP-19390,OFF-BI-10002049,2.934,Standard Class,1,Credit Card
1105,10/22/2013,10/22/2013,10/28/2013,NM-18520,OFF-PA-10001892,22.92,Standard Class,2,Bank Transfer
1106,11/20/2013,11/20/2013,11/25/2013,EH-13945,OFF-ST-10000642,100.704,Standard Class,4,Credit Card
1107,11/20/2013,11/20/2013,11/25/2013,EH-13945,FUR-FU-10000206,2.328,Standard Class,1,Credit Card
1108,11/20/2013,11/20/2013,11/25/2013,EH-13945,OFF-BI-10003676,10.78,Standard Class,4,PayPal
1109,11/20/2013,11/20/2013,11/25/2013,EH-13945,OFF-FA-10003495,58.368,Standard Class,1,PayPal
1110,11/20/2013,11/20/2013,11/25/2013,EH-13945,OFF-EN-10003798,40.968,Standard Class,5,Credit Card
1111,11/20/2013,11/20/2013,11/25/2013,EH-13945,TEC-PH-10003589,71.96,Standard Class,3,PayPal
1112,11/20/2013,11/20/2013,11/25/2013,EH-13945,OFF-PA-10004735,10.368,Standard Class,2,PayPal
1113,11/20/2013,11/20/2013,11/25/2013,EH-13945,OFF-BI-10002609,1.192,Standard Class,3,Bank Transfer
1114,12/19/2014,12/19/2014,12/24/2014,RA-19915,OFF-BI-10003364,46.672,Second Class,1,Bank Transfer
1115,12/19/2014,12/19/2014,12/24/2014,RA-19915,FUR-BO-10002206,119.833,Second Class,1,PayPal
1116,12/19/2014,12/19/2014,12/24/2014,RA-19915,TEC-AC-10003610,119.98,Second Class,2,PayPal
1117,7/23/2013,7/23/2013,7/25/2013,DL-13495,OFF-LA-10003766,6.3,Second Class,1,PayPal
1118,9/4/2012,9/4/2012,9/8/2012,CS-12355,OFF-PA-10001970,279.9,Standard Class,4,PayPal
1119,9/4/2012,9/4/2012,9/8/2012,CS-12355,TEC-AC-10002049,619.95,Standard Class,1,PayPal
1120,9/4/2012,9/4/2012,9/8/2012,CS-12355,OFF-PA-10000141,4.36,Standard Class,2,Credit Card
1121,9/4/2012,9/4/2012,9/8/2012,CS-12355,OFF-EN-10004459,15.28,Standard Class,3,PayPal
1122,1/21/2011,1/21/2011,1/27/2011,HL-15040,TEC-PH-10001061,699.93,Standard Class,4,Bank Transfer
1123,1/21/2011,1/21/2011,1/27/2011,HL-15040,OFF-AR-10002375,22.96,Standard Class,2,PayPal
1124,1/21/2011,1/21/2011,1/27/2011,HL-15040,FUR-FU-10003194,38.6,Standard Class,1,PayPal
1125,1/21/2011,1/21/2011,1/27/2011,HL-15040,OFF-AR-10003811,6.63,Standard Class,4,Bank Transfer
1126,1/21/2011,1/21/2011,1/27/2011,HL-15040,OFF-EN-10001539,23.34,Standard Class,5,PayPal
1127,1/21/2011,1/21/2011,1/27/2011,HL-15040,FUR-CH-10002331,1067.94,Standard Class,4,PayPal
1128,3/2/2012,3/2/2012,3/7/2012,PA-19060,OFF-AR-10003156,10.16,Standard Class,1,Bank Transfer
1129,3/2/2012,3/2/2012,3/7/2012,PA-19060,OFF-EN-10001532,101.88,Standard Class,2,Bank Transfer
1130,4/13/2013,4/13/2013,4/17/2013,BD-11605,FUR-TA-10004086,343.92,Standard Class,3,Bank Transfer
1131,4/13/2013,4/13/2013,4/17/2013,BD-11605,OFF-PA-10000100,40.99,Standard Class,2,Bank Transfer
1132,4/13/2013,4/13/2013,4/17/2013,BD-11605,OFF-EN-10002500,63.9,Standard Class,3,Credit Card
1133,12/7/2013,12/7/2013,12/8/2013,GG-14650,OFF-PA-10004100,19.44,First Class,2,Bank Transfer
1134,6/6/2013,6/6/2013,6/10/2013,JS-15940,OFF-ST-10003479,124.608,Standard Class,1,Credit Card
1135,6/6/2013,6/6/2013,6/10/2013,JS-15940,OFF-LA-10000973,7.56,Standard Class,1,PayPal
1136,12/12/2013,12/12/2013,12/12/2013,LR-16915,OFF-ST-10001476,85.224,Same Day,5,PayPal
1137,11/13/2013,11/13/2013,11/16/2013,FH-14275,OFF-EN-10002831,287.52,Second Class,4,Credit Card
1138,11/13/2013,11/13/2013,11/16/2013,FH-14275,OFF-AP-10002350,37.68,Second Class,3,PayPal
1139,11/13/2013,11/13/2013,11/16/2013,FH-14275,OFF-PA-10001763,19.98,Second Class,3,Bank Transfer
1140,11/13/2013,11/13/2013,11/16/2013,FH-14275,OFF-AR-10003394,20.58,Second Class,4,PayPal
1141,11/13/2013,11/13/2013,11/16/2013,FH-14275,OFF-BI-10002072,17.38,Second Class,4,PayPal
1142,9/29/2011,9/29/2011,10/3/2011,AP-10915,FUR-FU-10004188,204.6,Standard Class,2,PayPal
1143,9/29/2011,9/29/2011,10/3/2011,AP-10915,OFF-FA-10001561,8.72,Standard Class,3,Credit Card
1144,9/29/2011,9/29/2011,10/3/2011,AP-10915,OFF-PA-10002105,6.48,Standard Class,1,Bank Transfer
1145,9/29/2011,9/29/2011,10/3/2011,AP-10915,TEC-MA-10004241,686.32,Standard Class,3,Bank Transfer
1146,9/29/2011,9/29/2011,10/3/2011,AP-10915,OFF-ST-10004340,62.18,Standard Class,1,Credit Card
1147,4/4/2012,4/4/2012,4/4/2012,NC-18340,OFF-AP-10003849,644.076,Same Day,5,Bank Transfer
1148,4/4/2012,4/4/2012,4/4/2012,NC-18340,OFF-FA-10000735,5.84,Same Day,4,Bank Transfer
1149,4/4/2012,4/4/2012,4/4/2012,NC-18340,OFF-BI-10003350,12.76,Same Day,1,Credit Card
1150,4/4/2012,4/4/2012,4/4/2012,NC-18340,TEC-PH-10000307,10.95,Same Day,1,Credit Card
1151,4/4/2012,4/4/2012,4/4/2012,NC-18340,TEC-CO-10004202,599.98,Same Day,2,Credit Card
1152,5/8/2012,5/8/2012,5/14/2012,CB-12535,FUR-FU-10001852,8.352,Standard Class,1,PayPal
1153,1/1/2014,1/1/2014,1/7/2014,KL-16555,OFF-AR-10003759,3.64,Standard Class,5,Credit Card
1154,1/1/2014,1/1/2014,1/7/2014,KL-16555,OFF-BI-10003984,159.768,Standard Class,1,Credit Card
1155,12/20/2011,12/20/2011,12/21/2011,PS-19045,OFF-ST-10004337,122.48,First Class,1,Credit Card
1156,12/20/2011,12/20/2011,12/21/2011,PS-19045,FUR-TA-10001932,2244.48,First Class,3,Credit Card
1157,12/20/2011,12/20/2011,12/21/2011,PS-19045,OFF-BI-10003982,62.31,First Class,4,Credit Card
1158,12/20/2011,12/20/2011,12/21/2011,PS-19045,FUR-TA-10000617,455.1,First Class,5,Credit Card
1159,7/3/2013,7/3/2013,7/8/2013,GB-14530,FUR-CH-10002126,195.184,Second Class,5,Bank Transfer
1160,6/30/2014,6/30/2014,7/5/2014,AA-10315,OFF-AP-10000576,362.94,Standard Class,4,Bank Transfer
1161,6/30/2014,6/30/2014,7/5/2014,AA-10315,OFF-BI-10004654,11.54,Standard Class,5,Bank Transfer
1162,9/1/2011,9/1/2011,9/5/2011,LT-16765,OFF-AR-10004042,53.94,Second Class,3,Credit Card
1163,3/3/2011,3/3/2011,3/8/2011,AP-10720,TEC-PH-10004700,9.99,Standard Class,2,PayPal
1164,3/3/2011,3/3/2011,3/8/2011,AP-10720,OFF-BI-10004593,125.76,Standard Class,4,PayPal
1165,3/3/2011,3/3/2011,3/8/2011,AP-10720,OFF-BI-10003429,25.32,Standard Class,5,PayPal
1166,5/4/2011,5/4/2011,5/8/2011,PM-18940,OFF-BI-10001294,46.8,Standard Class,2,Credit Card
1167,11/2/2012,11/2/2012,11/2/2012,KC-16540,TEC-AC-10001552,447.93,Same Day,5,Credit Card
1168,12/9/2014,12/9/2014,12/11/2014,DL-13315,FUR-FU-10004952,109.48,Second Class,4,Bank Transfer
1169,12/9/2014,12/9/2014,12/11/2014,DL-13315,OFF-ST-10004123,272.94,Second Class,3,Bank Transfer
1170,12/9/2014,12/9/2014,12/11/2014,DL-13315,OFF-PA-10003172,19.44,Second Class,1,PayPal
1171,12/9/2014,12/9/2014,12/11/2014,DL-13315,OFF-ST-10002352,31.92,Second Class,1,Bank Transfer
1172,3/10/2011,3/10/2011,3/14/2011,SW-20275,OFF-PA-10002259,22.38,Standard Class,1,Bank Transfer
1173,4/21/2011,4/21/2011,4/25/2011,AA-10375,OFF-BI-10002976,16.52,Standard Class,3,PayPal
1174,10/22/2012,10/22/2012,10/26/2012,LT-17110,OFF-BI-10000301,5.176,Standard Class,3,Credit Card
1175,8/22/2012,8/22/2012,8/25/2012,DP-13105,OFF-BI-10003694,50.112,First Class,4,Bank Transfer
1176,8/30/2013,8/30/2013,9/4/2013,AB-10060,OFF-SU-10000381,27.93,Standard Class,4,PayPal
1177,12/27/2011,12/27/2011,12/30/2011,AT-10435,OFF-LA-10004425,11.56,Second Class,2,PayPal
1178,12/2/2013,12/2/2013,12/6/2013,JE-15745,FUR-CH-10001270,172.5,Standard Class,1,Credit Card
1179,12/2/2013,12/2/2013,12/6/2013,JE-15745,TEC-PH-10003931,179.97,Standard Class,1,PayPal
1180,4/25/2013,4/25/2013,4/28/2013,CA-12055,TEC-AC-10003174,258.696,Second Class,1,Credit Card
1181,6/21/2011,6/21/2011,6/25/2011,DB-13060,TEC-PH-10004539,1322.93,Standard Class,2,Bank Transfer
1182,6/21/2011,6/21/2011,6/25/2011,DB-13060,OFF-AR-10001919,3.76,Standard Class,5,PayPal
1183,1/15/2014,1/15/2014,1/16/2014,RB-19570,OFF-EN-10002504,21.744,First Class,4,Credit Card
1184,1/15/2014,1/15/2014,1/16/2014,RB-19570,TEC-PH-10003655,7.92,First Class,3,Credit Card
1185,11/24/2011,11/24/2011,11/30/2011,HR-14830,OFF-BI-10004656,12.096,Standard Class,2,PayPal
1186,11/24/2011,11/24/2011,11/30/2011,HR-14830,OFF-ST-10002344,485.88,Standard Class,1,Credit Card
1187,11/24/2011,11/24/2011,11/30/2011,HR-14830,OFF-PA-10001800,25.92,Standard Class,5,Credit Card
1188,11/24/2011,11/24/2011,11/30/2011,HR-14830,OFF-ST-10000036,197.58,Standard Class,1,Credit Card
1189,2/27/2014,2/27/2014,3/1/2014,BT-11530,OFF-AP-10004532,81.92,Second Class,3,Credit Card
1190,2/27/2014,2/27/2014,3/1/2014,BT-11530,TEC-PH-10004447,889.536,Second Class,3,Bank Transfer
1191,2/27/2014,2/27/2014,3/1/2014,BT-11530,FUR-CH-10003973,892.224,Second Class,3,Bank Transfer
1192,2/27/2014,2/27/2014,3/1/2014,BT-11530,OFF-PA-10001970,223.92,Second Class,1,PayPal
1193,2/27/2014,2/27/2014,3/1/2014,BT-11530,OFF-PA-10000682,23.12,Second Class,3,Bank Transfer
1194,9/15/2012,9/15/2012,9/15/2012,NG-18355,OFF-PA-10001937,15.552,Same Day,4,Bank Transfer
1195,9/15/2012,9/15/2012,9/15/2012,NG-18355,FUR-FU-10002268,15.712,Same Day,4,PayPal
1196,9/15/2012,9/15/2012,9/15/2012,NG-18355,OFF-ST-10001321,24.672,Same Day,3,Credit Card
1197,9/15/2012,9/15/2012,9/15/2012,NG-18355,FUR-FU-10003394,55.968,Same Day,2,Credit Card
1198,4/9/2013,4/9/2013,4/13/2013,ZC-21910,TEC-AC-10001990,431.928,Standard Class,4,PayPal
1199,4/9/2013,4/9/2013,4/13/2013,ZC-21910,FUR-CH-10004540,95.984,Standard Class,3,PayPal
1200,4/9/2013,4/9/2013,4/13/2013,ZC-21910,OFF-BI-10004995,1088.792,Standard Class,5,PayPal
1201,7/19/2013,7/19/2013,7/25/2013,LS-16945,FUR-CH-10002335,544.008,Standard Class,5,PayPal
1202,7/19/2013,7/19/2013,7/25/2013,LS-16945,OFF-BI-10004967,1.872,Standard Class,5,PayPal
1203,7/19/2013,7/19/2013,7/25/2013,LS-16945,FUR-CH-10002331,854.352,Standard Class,5,Bank Transfer
1204,7/19/2013,7/19/2013,7/25/2013,LS-16945,OFF-ST-10002292,593.568,Standard Class,2,Bank Transfer
1205,7/19/2013,7/19/2013,7/25/2013,LS-16945,OFF-ST-10000689,338.04,Standard Class,2,Bank Transfer
1206,8/2/2014,8/2/2014,8/5/2014,LH-16750,TEC-PH-10002660,271.96,First Class,3,PayPal
1207,7/15/2013,7/15/2013,7/19/2013,SW-20755,OFF-ST-10004634,11.21,Second Class,1,Credit Card
1208,7/15/2013,7/15/2013,7/19/2013,SW-20755,OFF-BI-10002160,9.144,Second Class,3,PayPal
1209,7/15/2013,7/15/2013,7/19/2013,SW-20755,OFF-FA-10002988,14.07,Second Class,2,Bank Transfer
1210,7/15/2013,7/15/2013,7/19/2013,SW-20755,OFF-AR-10004999,41.86,Second Class,1,Bank Transfer
1211,7/15/2013,7/15/2013,7/19/2013,SW-20755,OFF-BI-10001031,8.544,Second Class,3,Bank Transfer
1212,7/15/2013,7/15/2013,7/19/2013,SW-20755,FUR-BO-10004695,579.136,Second Class,3,PayPal
1213,9/10/2014,9/10/2014,9/14/2014,SP-20620,FUR-CH-10004860,141.372,Standard Class,2,Bank Transfer
1214,9/10/2014,9/10/2014,9/14/2014,SP-20620,OFF-BI-10002432,3.036,Standard Class,5,Bank Transfer
1215,9/10/2014,9/10/2014,9/14/2014,SP-20620,OFF-BI-10000069,4.503,Standard Class,1,Bank Transfer
1216,9/10/2014,9/10/2014,9/14/2014,SP-20620,OFF-AR-10003602,4.672,Standard Class,3,Bank Transfer
1217,9/10/2014,9/10/2014,9/14/2014,SP-20620,TEC-AC-10004469,95.88,Standard Class,5,Credit Card
1218,9/10/2014,9/10/2014,9/14/2014,SP-20620,FUR-FU-10001867,17.024,Standard Class,4,PayPal
1219,9/10/2014,9/10/2014,9/14/2014,SP-20620,TEC-AC-10003174,258.696,Standard Class,4,Credit Card
1220,9/10/2014,9/10/2014,9/14/2014,SP-20620,TEC-PH-10002200,1931.958,Standard Class,3,PayPal
1221,7/12/2011,7/12/2011,7/16/2011,BF-11170,OFF-ST-10000107,249.75,Standard Class,4,PayPal
1222,7/12/2011,7/12/2011,7/16/2011,BF-11170,TEC-PH-10000439,255.936,Standard Class,4,Credit Card
1223,12/5/2013,12/5/2013,12/6/2013,BM-11140,FUR-FU-10001602,113.79,First Class,2,PayPal
1224,12/5/2013,12/5/2013,12/6/2013,BM-11140,TEC-AC-10001432,78.15,First Class,4,Bank Transfer
1225,12/5/2013,12/5/2013,12/6/2013,BM-11140,OFF-BI-10004656,1.728,First Class,4,PayPal
1226,12/5/2013,12/5/2013,12/6/2013,BM-11140,OFF-PA-10001685,40.56,First Class,1,Credit Card
1227,12/5/2013,12/5/2013,12/6/2013,BM-11140,OFF-ST-10001418,182.94,First Class,2,Bank Transfer
1228,12/5/2013,12/5/2013,12/6/2013,BM-11140,OFF-ST-10000676,193.86,First Class,3,Bank Transfer
1229,11/7/2014,11/7/2014,11/12/2014,ZC-21910,OFF-EN-10001219,15.28,Standard Class,5,PayPal
1230,11/7/2014,11/7/2014,11/12/2014,ZC-21910,FUR-FU-10001424,8.73,Standard Class,4,Bank Transfer
1231,11/7/2014,11/7/2014,11/12/2014,ZC-21910,OFF-AR-10001022,5.68,Standard Class,4,Bank Transfer
1232,10/31/2012,10/31/2012,11/2/2012,KT-16480,OFF-AR-10000369,2.78,Second Class,4,PayPal
1233,10/31/2012,10/31/2012,11/2/2012,KT-16480,OFF-EN-10003055,79.96,Second Class,5,Credit Card
1234,5/31/2013,5/31/2013,6/2/2013,BG-11695,TEC-CO-10001046,839.988,First Class,3,Credit Card
1235,10/29/2013,10/29/2013,10/29/2013,PG-18820,FUR-FU-10000076,47.952,Same Day,3,Credit Card
1236,10/29/2013,10/29/2013,10/29/2013,PG-18820,OFF-BI-10003719,37.425,Same Day,4,Credit Card
1237,10/29/2013,10/29/2013,10/29/2013,PG-18820,FUR-FU-10003268,63.968,Same Day,2,PayPal
1238,10/29/2013,10/29/2013,10/29/2013,PG-18820,FUR-FU-10003553,165.048,Same Day,4,Credit Card
1239,8/11/2011,8/11/2011,8/15/2011,GM-14680,FUR-FU-10003691,12.35,Standard Class,1,Bank Transfer
1240,8/11/2011,8/11/2011,8/15/2011,GM-14680,OFF-AR-10003903,40.97,Standard Class,3,Credit Card
1241,8/11/2011,8/11/2011,8/15/2011,GM-14680,OFF-FA-10004854,22.96,Standard Class,4,Bank Transfer
1242,8/30/2013,8/30/2013,9/5/2013,MO-17800,TEC-PH-10003442,22,Standard Class,4,Bank Transfer
1243,2/15/2013,2/15/2013,2/22/2013,PG-18820,OFF-BI-10004519,398.352,Standard Class,2,Bank Transfer
1244,2/15/2013,2/15/2013,2/22/2013,PG-18820,OFF-FA-10000304,8.72,Standard Class,5,PayPal
1245,5/15/2014,5/15/2014,5/22/2014,EJ-14155,OFF-EN-10004955,48.69,Standard Class,1,Bank Transfer
1246,12/12/2011,12/12/2011,12/14/2011,NP-18700,FUR-TA-10004619,764.688,Second Class,3,Credit Card
1247,12/12/2011,12/12/2011,12/14/2011,NP-18700,FUR-TA-10003473,3610.848,Second Class,4,Bank Transfer
1248,12/12/2011,12/12/2011,12/14/2011,NP-18700,FUR-BO-10004467,254.9745,Second Class,4,PayPal
1249,12/19/2014,12/19/2014,12/25/2014,DJ-13630,OFF-AR-10002280,38.82,Standard Class,2,PayPal
1250,12/19/2014,12/19/2014,12/25/2014,DJ-13630,FUR-CH-10001708,1141.938,Standard Class,2,Credit Card
1251,12/19/2014,12/19/2014,12/25/2014,DJ-13630,OFF-AP-10000891,1704.56,Standard Class,4,PayPal
1252,12/19/2014,12/19/2014,12/25/2014,DJ-13630,OFF-AR-10000462,3.2,Standard Class,2,Bank Transfer
1253,7/4/2012,7/4/2012,7/9/2012,IM-15070,TEC-PH-10004165,1099.96,Standard Class,1,Bank Transfer
1254,3/11/2014,3/11/2014,3/15/2014,MH-18115,OFF-AR-10003958,5.248,Standard Class,5,Bank Transfer
1255,3/11/2014,3/11/2014,3/15/2014,MH-18115,TEC-PH-10000149,35.91,Standard Class,5,PayPal
1256,3/11/2014,3/11/2014,3/15/2014,MH-18115,FUR-FU-10003724,6.696,Standard Class,4,Credit Card
1257,3/11/2014,3/11/2014,3/15/2014,MH-18115,FUR-FU-10003535,43.872,Standard Class,5,Bank Transfer
1258,12/25/2013,12/25/2013,12/29/2013,RB-19795,OFF-BI-10001575,27.882,Second Class,4,PayPal
1259,12/25/2013,12/25/2013,12/29/2013,RB-19795,OFF-ST-10003716,540.048,Second Class,5,Credit Card
1260,12/25/2013,12/25/2013,12/29/2013,RB-19795,TEC-AC-10004469,255.68,Second Class,5,PayPal
1261,10/24/2014,10/24/2014,10/28/2014,JR-15700,TEC-PH-10004586,863.88,Standard Class,4,Credit Card
1262,10/29/2013,10/29/2013,11/5/2013,SM-20950,OFF-BI-10004236,17.616,Standard Class,5,Credit Card
1263,7/8/2014,7/8/2014,7/10/2014,CS-12355,OFF-BI-10001634,17.472,Second Class,3,PayPal
1264,10/2/2013,10/2/2013,10/3/2013,CC-12220,TEC-PH-10000215,69.9,First Class,2,PayPal
1265,10/2/2013,10/2/2013,10/3/2013,CC-12220,FUR-FU-10003724,41.85,First Class,1,Bank Transfer
1266,9/3/2014,9/3/2014,9/8/2014,PF-19225,OFF-AR-10000422,6.57,Standard Class,2,Credit Card
1267,12/24/2011,12/24/2011,12/29/2011,JC-16105,OFF-ST-10003306,142.86,Standard Class,5,PayPal
1268,12/24/2011,12/24/2011,12/29/2011,JC-16105,FUR-CH-10001146,292.272,Standard Class,1,PayPal
1269,9/24/2014,9/24/2014,9/28/2014,BG-11695,FUR-FU-10000246,29.328,Standard Class,1,Bank Transfer
1270,6/5/2014,6/5/2014,6/9/2014,DC-12850,OFF-PA-10002870,12.48,Standard Class,2,Bank Transfer
1271,4/22/2013,4/22/2013,4/27/2013,SP-20545,OFF-ST-10000563,102.336,Standard Class,1,Bank Transfer
1272,4/22/2013,4/22/2013,4/27/2013,SP-20545,OFF-AP-10004487,48.792,Standard Class,5,PayPal
1273,4/22/2013,4/22/2013,4/27/2013,SP-20545,OFF-BI-10002854,44.848,Standard Class,5,PayPal
1274,5/27/2013,5/27/2013,5/27/2013,MS-17710,OFF-PA-10004621,10.368,Same Day,3,PayPal
1275,5/27/2013,5/27/2013,5/27/2013,MS-17710,FUR-CH-10001973,388.43,Same Day,3,PayPal
1276,5/27/2013,5/27/2013,5/27/2013,MS-17710,OFF-PA-10004040,14.352,Same Day,3,PayPal
1277,5/27/2013,5/27/2013,5/27/2013,MS-17710,TEC-AC-10000580,63.992,Same Day,1,PayPal
1278,5/3/2013,5/3/2013,5/8/2013,BD-11770,OFF-AR-10004022,86.352,Standard Class,4,Bank Transfer
1279,9/8/2011,9/8/2011,9/11/2011,KC-16255,TEC-AC-10004209,32.97,First Class,5,Credit Card
1280,9/8/2011,9/8/2011,9/11/2011,KC-16255,TEC-AC-10000023,83.88,First Class,2,PayPal
1281,9/6/2013,9/6/2013,9/7/2013,TR-21325,TEC-PH-10003505,278.4,First Class,3,Credit Card
1282,4/10/2014,4/10/2014,4/12/2014,SA-20830,OFF-LA-10000121,15.12,First Class,4,PayPal
1283,4/10/2014,4/10/2014,4/12/2014,SA-20830,OFF-BI-10002026,17.43,First Class,5,Bank Transfer
1284,4/10/2014,4/10/2014,4/12/2014,SA-20830,OFF-PA-10000994,251.64,First Class,4,Credit Card
1285,12/6/2012,12/6/2012,12/12/2012,KW-16435,OFF-BI-10002813,2.772,Standard Class,5,PayPal
1286,6/27/2013,6/27/2013,7/4/2013,GM-14500,OFF-ST-10000617,14.9,Standard Class,3,Credit Card
1287,7/4/2012,7/4/2012,7/8/2012,AD-10180,OFF-AR-10004817,15.48,Standard Class,5,Credit Card
1288,11/23/2013,11/23/2013,11/27/2013,TB-21355,FUR-FU-10000397,39.88,Standard Class,2,Credit Card
1289,11/23/2013,11/23/2013,11/27/2013,TB-21355,OFF-BI-10000605,12.192,Standard Class,5,Bank Transfer
1290,11/23/2013,11/23/2013,11/27/2013,TB-21355,OFF-AR-10001860,20.82,Standard Class,5,Bank Transfer
1291,11/11/2013,11/11/2013,11/13/2013,CC-12430,OFF-BI-10004970,13.216,First Class,3,Bank Transfer
1292,11/11/2013,11/11/2013,11/13/2013,CC-12430,OFF-PA-10003172,32.4,First Class,3,Credit Card
1293,8/27/2012,8/27/2012,9/1/2012,PF-19165,OFF-SU-10001218,32.94,Standard Class,5,PayPal
1294,8/27/2012,8/27/2012,9/1/2012,PF-19165,OFF-PA-10002968,114.2,Standard Class,1,Bank Transfer
1295,8/27/2012,8/27/2012,9/1/2012,PF-19165,OFF-LA-10000134,3.08,Standard Class,2,Credit Card
1296,5/25/2012,5/25/2012,5/29/2012,JH-16180,OFF-AP-10004487,845.728,Standard Class,2,Credit Card
1297,12/31/2014,12/31/2014,1/4/2015,EB-13975,OFF-BI-10002103,13.904,Standard Class,1,PayPal
1298,12/31/2014,12/31/2014,1/4/2015,EB-13975,OFF-BI-10004632,20.72,Standard Class,3,Credit Card
1299,12/9/2013,12/9/2013,12/13/2013,QJ-19255,TEC-PH-10003555,114.95,Second Class,2,PayPal
1300,10/4/2012,10/4/2012,10/7/2012,AA-10315,OFF-ST-10001590,26.96,First Class,5,Credit Card
1301,12/24/2013,12/24/2013,12/26/2013,LC-17140,FUR-FU-10003664,572.76,Second Class,2,Credit Card
1302,12/24/2013,12/24/2013,12/26/2013,LC-17140,FUR-FU-10003664,286.38,Second Class,2,Credit Card
1303,9/19/2012,9/19/2012,9/24/2012,TC-21535,FUR-BO-10003433,61.96,Second Class,2,Bank Transfer
1304,7/4/2014,7/4/2014,7/8/2014,CS-12460,FUR-FU-10002554,23.99,Standard Class,1,PayPal
1305,7/4/2014,7/4/2014,7/8/2014,CS-12460,TEC-PH-10001557,287.97,Standard Class,2,PayPal
1306,7/15/2013,7/15/2013,7/17/2013,BM-11785,TEC-PH-10003437,419.944,Second Class,1,Credit Card
1307,6/21/2013,6/21/2013,6/22/2013,RC-19825,OFF-PA-10002986,46.76,First Class,3,Bank Transfer
1308,6/21/2013,6/21/2013,6/22/2013,RC-19825,OFF-BI-10000320,17.712,First Class,4,Bank Transfer
1309,6/21/2013,6/21/2013,6/22/2013,RC-19825,OFF-AP-10003971,21.78,First Class,2,Credit Card
1310,6/21/2013,6/21/2013,6/22/2013,RC-19825,OFF-ST-10001469,161.94,First Class,2,Credit Card
1311,6/21/2013,6/21/2013,6/22/2013,RC-19825,FUR-CH-10003846,161.568,First Class,5,Bank Transfer
1312,12/10/2013,12/10/2013,12/14/2013,FM-14380,OFF-LA-10001404,3.69,Standard Class,3,Credit Card
1313,12/10/2013,12/10/2013,12/14/2013,FM-14380,OFF-LA-10001474,122.12,Standard Class,2,Credit Card
1314,9/25/2013,9/25/2013,10/2/2013,PK-19075,FUR-CH-10003199,155.372,Standard Class,4,Bank Transfer
1315,12/19/2013,12/19/2013,12/24/2013,HG-14965,OFF-PA-10003072,38.88,Standard Class,2,PayPal
1316,12/19/2013,12/19/2013,12/24/2013,HG-14965,FUR-FU-10004960,183.84,Standard Class,2,PayPal
1317,12/19/2013,12/19/2013,12/24/2013,HG-14965,OFF-SU-10003505,579.3,Standard Class,3,PayPal
1318,12/11/2014,12/11/2014,12/15/2014,HA-14920,TEC-AC-10003116,14.2,Standard Class,3,Bank Transfer
1319,7/1/2011,7/1/2011,7/5/2011,LW-16825,TEC-PH-10004586,575.92,Standard Class,2,PayPal
1320,7/1/2011,7/1/2011,7/5/2011,LW-16825,OFF-BI-10000546,5.184,Standard Class,3,PayPal
1321,2/4/2014,2/4/2014,2/9/2014,MC-17575,OFF-BI-10002071,5.229,Standard Class,1,Credit Card
1322,2/4/2014,2/4/2014,2/9/2014,MC-17575,OFF-ST-10001490,285.552,Standard Class,2,PayPal
1323,3/4/2014,3/4/2014,3/9/2014,LP-17095,OFF-AP-10004859,72.8,Standard Class,1,Credit Card
1324,10/10/2014,10/10/2014,10/11/2014,EB-14170,OFF-PA-10002659,10.816,First Class,2,Credit Card
1325,9/28/2011,9/28/2011,10/3/2011,GZ-14545,OFF-ST-10001321,46.26,Standard Class,3,Bank Transfer
1326,5/27/2011,5/27/2011,5/30/2011,LE-16810,OFF-BI-10004139,17.46,First Class,3,Bank Transfer
1327,6/14/2012,6/14/2012,6/18/2012,AD-10180,FUR-FU-10001867,51.072,Standard Class,1,PayPal
1328,3/31/2013,3/31/2013,4/2/2013,CP-12085,OFF-PA-10004156,11.34,First Class,3,PayPal
1329,10/16/2014,10/16/2014,10/19/2014,FG-14260,OFF-AR-10002818,87.92,Second Class,4,PayPal
1330,5/24/2013,5/24/2013,5/28/2013,LD-17005,FUR-FU-10003691,37.05,Standard Class,1,Credit Card
1331,6/3/2014,6/3/2014,6/7/2014,AB-10255,TEC-PH-10000347,2.97,Standard Class,5,Credit Card
1332,6/3/2014,6/3/2014,6/7/2014,AB-10255,OFF-ST-10004507,27.44,Standard Class,2,PayPal
1333,2/17/2011,2/17/2011,2/22/2011,MN-17935,OFF-BI-10002012,1.08,Standard Class,4,Credit Card
1334,2/17/2011,2/17/2011,2/22/2011,MN-17935,OFF-AP-10001303,7.96,Standard Class,1,PayPal
1335,5/6/2011,5/6/2011,5/10/2011,HP-14815,OFF-BI-10003684,140.736,Standard Class,4,Credit Card
1336,5/17/2013,5/17/2013,5/24/2013,JR-15670,OFF-ST-10002574,552.56,Standard Class,5,PayPal
1337,4/3/2014,4/3/2014,4/8/2014,JF-15190,FUR-FU-10003724,25.11,Standard Class,4,Credit Card
1338,4/1/2014,4/1/2014,4/3/2014,CM-12115,FUR-FU-10004018,29.78,Second Class,3,Credit Card
1339,4/1/2014,4/1/2014,4/3/2014,CM-12115,TEC-PH-10002549,677.58,Second Class,3,Bank Transfer
1340,4/1/2014,4/1/2014,4/3/2014,CM-12115,OFF-PA-10004911,75.04,Second Class,1,Credit Card
1341,1/3/2014,1/3/2014,1/5/2014,AS-10045,TEC-MA-10002178,695.7,First Class,5,Bank Transfer
1342,1/3/2014,1/3/2014,1/5/2014,AS-10045,OFF-BI-10003694,15.66,First Class,3,Bank Transfer
1343,1/3/2014,1/3/2014,1/5/2014,AS-10045,OFF-BI-10000474,28.854,First Class,3,Bank Transfer
1344,5/28/2012,5/28/2012,6/1/2012,KB-16315,OFF-AR-10000411,47.82,Standard Class,2,Bank Transfer
1345,5/28/2012,5/28/2012,6/1/2012,KB-16315,OFF-LA-10000262,13.05,Standard Class,4,Bank Transfer
1346,3/17/2011,3/17/2011,3/24/2011,BN-11515,OFF-AP-10001154,93.78,Standard Class,3,Credit Card
1347,3/17/2011,3/17/2011,3/24/2011,BN-11515,OFF-PA-10000466,47.18,Standard Class,5,Credit Card
1348,3/17/2011,3/17/2011,3/24/2011,BN-11515,OFF-AR-10003829,19.68,Standard Class,3,PayPal
1349,3/17/2011,3/17/2011,3/24/2011,BN-11515,OFF-BI-10001758,53.4,Standard Class,1,Credit Card
1350,3/17/2011,3/17/2011,3/24/2011,BN-11515,OFF-BI-10000136,35.88,Standard Class,2,Bank Transfer
1351,10/3/2011,10/3/2011,10/8/2011,BP-11290,FUR-CH-10002880,258.279,Second Class,2,PayPal
1352,3/29/2013,3/29/2013,4/1/2013,AS-10045,OFF-ST-10000649,31.4,First Class,5,PayPal
1353,5/5/2014,5/5/2014,5/10/2014,LW-16990,TEC-PH-10003092,183.96,Standard Class,1,PayPal
1354,5/5/2014,5/5/2014,5/10/2014,LW-16990,OFF-PA-10002250,17.61,Standard Class,5,Bank Transfer
1355,5/5/2014,5/5/2014,5/10/2014,LW-16990,FUR-TA-10003473,300.904,Standard Class,2,Bank Transfer
1356,7/5/2011,7/5/2011,7/5/2011,DC-12850,OFF-ST-10001522,220.776,Same Day,2,Bank Transfer
1357,7/5/2011,7/5/2011,7/5/2011,DC-12850,OFF-ST-10000563,281.424,Same Day,5,Bank Transfer
1358,5/6/2013,5/6/2013,5/8/2013,ND-18370,OFF-PA-10003641,79.14,First Class,5,PayPal
1359,4/27/2014,4/27/2014,4/28/2014,LB-16735,FUR-FU-10000010,1.988,First Class,2,Bank Transfer
1360,9/26/2011,9/26/2011,10/1/2011,KT-16465,FUR-CH-10002961,145.568,Second Class,5,Credit Card
1361,10/20/2014,10/20/2014,10/26/2014,HM-14860,OFF-AR-10002956,123.256,Standard Class,1,Bank Transfer
1362,10/20/2014,10/20/2014,10/26/2014,HM-14860,OFF-PA-10004041,23.68,Standard Class,4,Credit Card
1363,10/20/2014,10/20/2014,10/26/2014,HM-14860,TEC-PH-10001336,309.576,Standard Class,1,Bank Transfer
1364,11/11/2014,11/11/2014,11/12/2014,AB-10600,OFF-BI-10001036,38.388,First Class,5,PayPal
1365,11/11/2014,11/11/2014,11/12/2014,AB-10600,TEC-MA-10003183,95.994,First Class,1,Credit Card
1366,11/11/2014,11/11/2014,11/12/2014,AB-10600,TEC-AC-10001314,239.952,First Class,3,PayPal
1367,11/11/2014,11/11/2014,11/12/2014,AB-10600,TEC-PH-10002563,201.584,First Class,1,PayPal
1368,11/11/2014,11/11/2014,11/12/2014,AB-10600,FUR-CH-10003312,899.136,First Class,3,Bank Transfer
1369,7/9/2014,7/9/2014,7/12/2014,SZ-20035,FUR-FU-10001588,145.9,First Class,4,Bank Transfer
1370,12/24/2012,12/24/2012,12/28/2012,JR-15670,FUR-BO-10002613,590.058,Standard Class,2,PayPal
1371,12/24/2012,12/24/2012,12/28/2012,JR-15670,OFF-AR-10003405,14.04,Standard Class,1,PayPal
1372,3/8/2014,3/8/2014,3/13/2014,MG-17890,TEC-AC-10004510,49.08,Standard Class,5,PayPal
1373,4/1/2011,4/1/2011,4/6/2011,KM-16720,OFF-LA-10002312,29.6,Second Class,1,Bank Transfer
1374,4/1/2011,4/1/2011,4/6/2011,KM-16720,OFF-BI-10000042,17.088,Second Class,4,PayPal
1375,9/14/2012,9/14/2012,9/19/2012,CA-12265,FUR-TA-10003008,912.75,Standard Class,5,Credit Card
1376,8/4/2011,8/4/2011,8/9/2011,VD-21670,OFF-AP-10003590,1089.75,Second Class,3,Credit Card
1377,8/4/2011,8/4/2011,8/9/2011,VD-21670,OFF-PA-10000806,447.84,Second Class,2,Credit Card
1378,8/4/2011,8/4/2011,8/9/2011,VD-21670,OFF-AR-10000896,16.4,Second Class,2,PayPal
1379,8/4/2011,8/4/2011,8/9/2011,VD-21670,TEC-PH-10002310,399.96,Second Class,5,Bank Transfer
1380,8/4/2011,8/4/2011,8/9/2011,VD-21670,OFF-ST-10002289,158.9,Second Class,2,Bank Transfer
1381,8/4/2011,8/4/2011,8/9/2011,VD-21670,OFF-BI-10002852,13.184,Second Class,3,PayPal
1382,9/4/2013,9/4/2013,9/10/2013,JK-16120,FUR-FU-10003394,83.952,Standard Class,1,Credit Card
1383,2/5/2013,2/5/2013,2/5/2013,PP-18955,OFF-ST-10002344,80.98,Same Day,1,PayPal
1384,2/5/2013,2/5/2013,2/5/2013,PP-18955,OFF-PA-10001289,348.84,Same Day,1,Credit Card
1385,2/5/2013,2/5/2013,2/5/2013,PP-18955,OFF-FA-10000053,9.45,Same Day,4,Bank Transfer
1386,2/5/2013,2/5/2013,2/5/2013,PP-18955,FUR-FU-10004091,18.84,Same Day,3,Credit Card
1387,2/5/2013,2/5/2013,2/5/2013,PP-18955,FUR-BO-10004015,239.98,Same Day,2,PayPal
1388,2/5/2013,2/5/2013,2/5/2013,PP-18955,OFF-EN-10003001,167.96,Same Day,1,Credit Card
1389,2/5/2013,2/5/2013,2/5/2013,PP-18955,TEC-PH-10000215,104.85,Same Day,4,PayPal
1390,2/5/2013,2/5/2013,2/5/2013,PP-18955,TEC-PH-10003645,484.83,Same Day,5,Credit Card
1391,2/5/2013,2/5/2013,2/5/2013,PP-18955,OFF-PA-10000357,122.97,Same Day,3,Credit Card
1392,2/5/2013,2/5/2013,2/5/2013,PP-18955,OFF-ST-10004804,154.44,Same Day,3,Bank Transfer
1393,2/5/2013,2/5/2013,2/5/2013,PP-18955,OFF-PA-10003892,342.37,Same Day,5,PayPal
1394,7/4/2014,7/4/2014,7/5/2014,YS-21880,OFF-AR-10003514,9.552,First Class,5,PayPal
1395,10/10/2014,10/10/2014,10/15/2014,CK-12760,FUR-TA-10002958,652.45,Standard Class,2,Credit Card
1396,10/10/2014,10/10/2014,10/15/2014,CK-12760,FUR-TA-10001676,66.645,Standard Class,4,Bank Transfer
1397,11/25/2013,11/25/2013,11/27/2013,NC-18340,OFF-BI-10000822,17.216,First Class,3,Credit Card
1398,11/25/2013,11/25/2013,11/27/2013,NC-18340,OFF-PA-10004971,11.56,First Class,4,PayPal
1399,11/25/2013,11/25/2013,11/27/2013,NC-18340,TEC-AC-10002323,88.4,First Class,1,Bank Transfer
1400,11/25/2013,11/25/2013,11/27/2013,NC-18340,OFF-PA-10004888,6.48,First Class,1,PayPal
1401,11/2/2013,11/2/2013,11/6/2013,KM-16375,TEC-PH-10003988,21.8,Standard Class,4,PayPal
1402,11/2/2013,11/2/2013,11/6/2013,KM-16375,OFF-EN-10002230,251.79,Standard Class,3,Bank Transfer
1403,4/20/2013,4/20/2013,4/26/2013,GM-14455,FUR-TA-10002622,205.176,Standard Class,3,PayPal
1404,4/20/2013,4/20/2013,4/26/2013,GM-14455,OFF-PA-10000418,419.4,Standard Class,4,Bank Transfer
1405,4/6/2011,4/6/2011,4/8/2011,SD-20485,OFF-SU-10004498,10.304,First Class,2,Credit Card
1406,4/6/2011,4/6/2011,4/8/2011,SD-20485,FUR-TA-10001039,154.764,First Class,2,Bank Transfer
1407,4/6/2011,4/6/2011,4/8/2011,SD-20485,TEC-AC-10004659,116.784,First Class,5,Credit Card
1408,9/3/2013,9/3/2013,9/7/2013,KD-16270,OFF-AR-10002240,75.48,Standard Class,2,Bank Transfer
1409,9/3/2013,9/3/2013,9/7/2013,KD-16270,FUR-FU-10001967,39.98,Standard Class,1,Bank Transfer
1410,9/26/2013,9/26/2013,10/1/2013,AB-10105,FUR-TA-10002356,393.165,Standard Class,2,PayPal
1411,11/5/2014,11/5/2014,11/12/2014,SZ-20035,OFF-LA-10003923,23.68,Standard Class,1,Bank Transfer
1412,7/10/2013,7/10/2013,7/14/2013,JD-15895,FUR-CH-10002335,408.006,Standard Class,4,Bank Transfer
1413,7/10/2013,7/10/2013,7/14/2013,JD-15895,FUR-FU-10000723,165.28,Standard Class,4,Bank Transfer
1414,6/30/2011,6/30/2011,7/5/2011,HA-14905,OFF-BI-10002867,334.768,Standard Class,5,PayPal
1415,1/29/2014,1/29/2014,2/1/2014,BT-11305,TEC-AC-10000580,239.97,Second Class,5,Credit Card
1416,1/29/2014,1/29/2014,2/1/2014,BT-11305,FUR-FU-10003976,37.74,Second Class,5,PayPal
1417,9/21/2012,9/21/2012,9/24/2012,SV-20815,TEC-PH-10002922,946.344,First Class,1,PayPal
1418,9/21/2012,9/21/2012,9/24/2012,SV-20815,TEC-AC-10004353,151.2,First Class,2,Credit Card
1419,9/21/2012,9/21/2012,9/24/2012,SV-20815,FUR-FU-10001706,4.928,First Class,2,Credit Card
1420,9/26/2012,9/26/2012,9/30/2012,RW-19540,OFF-PA-10000501,86.272,Standard Class,2,Credit Card
1421,9/26/2012,9/26/2012,9/30/2012,RW-19540,OFF-BI-10000778,72.588,Standard Class,5,Bank Transfer
1422,9/26/2012,9/26/2012,9/30/2012,RW-19540,OFF-AP-10004980,60.672,Standard Class,5,Bank Transfer
1423,9/26/2012,9/26/2012,9/30/2012,RW-19540,OFF-BI-10003984,77.031,Standard Class,3,PayPal
1424,9/26/2012,9/26/2012,9/30/2012,RW-19540,OFF-ST-10000798,119.904,Standard Class,3,Credit Card
1425,9/26/2012,9/26/2012,9/30/2012,RW-19540,TEC-PH-10001750,263.96,Standard Class,5,Credit Card
1426,9/26/2012,9/26/2012,9/30/2012,RW-19540,OFF-ST-10002743,363.648,Standard Class,5,Credit Card
1427,10/31/2012,10/31/2012,11/4/2012,DK-12835,OFF-BI-10002949,9.728,Second Class,5,Bank Transfer
1428,10/31/2012,10/31/2012,11/4/2012,DK-12835,OFF-EN-10002600,14.75,Second Class,5,PayPal
1429,10/31/2012,10/31/2012,11/4/2012,DK-12835,OFF-BI-10003708,29.8,Second Class,5,Bank Transfer
1430,10/31/2012,10/31/2012,11/4/2012,DK-12835,OFF-LA-10003510,427.42,Second Class,1,PayPal
1431,11/27/2014,11/27/2014,12/1/2014,LT-17110,TEC-PH-10003092,220.752,Standard Class,4,Bank Transfer
1432,12/19/2011,12/19/2011,12/21/2011,IM-15070,OFF-BI-10001191,152.76,Second Class,1,Credit Card
1433,12/19/2011,12/19/2011,12/21/2011,IM-15070,OFF-SU-10004115,7.27,Second Class,1,PayPal
1434,12/19/2011,12/19/2011,12/21/2011,IM-15070,FUR-CH-10000513,1819.86,Second Class,2,Bank Transfer
1435,12/27/2013,12/27/2013,12/31/2013,FP-14320,OFF-PA-10003673,33.9,Standard Class,2,Credit Card
1436,6/21/2014,6/21/2014,6/28/2014,ST-20530,OFF-PA-10001639,31.104,Standard Class,4,Bank Transfer
1437,6/21/2014,6/21/2014,6/28/2014,ST-20530,OFF-AR-10003829,5.248,Standard Class,1,PayPal
1438,10/15/2012,10/15/2012,10/15/2012,JE-15745,TEC-AC-10004975,263.88,Same Day,3,PayPal
1439,10/15/2012,10/15/2012,10/15/2012,JE-15745,FUR-CH-10002024,2453.43,Same Day,2,Credit Card
1440,4/13/2014,4/13/2014,4/16/2014,BD-11320,OFF-BI-10004364,29.7,Second Class,2,PayPal
1441,4/13/2014,4/13/2014,4/16/2014,BD-11320,OFF-PA-10001712,39.96,Second Class,3,PayPal
1442,12/20/2014,12/20/2014,12/25/2014,MM-17920,OFF-BI-10001510,36.672,Second Class,5,Credit Card
1443,8/6/2014,8/6/2014,8/9/2014,PW-19030,OFF-PA-10002713,13.76,First Class,4,PayPal
1444,10/1/2012,10/1/2012,10/6/2012,SC-20440,OFF-ST-10002974,139.424,Standard Class,5,PayPal
1445,5/24/2013,5/24/2013,5/29/2013,KL-16645,TEC-PH-10004165,1979.928,Standard Class,2,Bank Transfer
1446,6/14/2014,6/14/2014,6/17/2014,SD-20485,OFF-ST-10004804,164.736,First Class,3,PayPal
1447,6/14/2014,6/14/2014,6/17/2014,SD-20485,FUR-CH-10004289,470.302,First Class,4,Bank Transfer
1448,6/14/2014,6/14/2014,6/17/2014,SD-20485,TEC-PH-10002564,47.984,First Class,5,Bank Transfer
1449,4/23/2011,4/23/2011,4/24/2011,TS-21160,OFF-BI-10004876,2.502,First Class,2,PayPal
1450,5/1/2012,5/1/2012,5/7/2012,JB-15400,TEC-PH-10004348,88.752,Standard Class,5,PayPal
1451,7/19/2012,7/19/2012,7/20/2012,TS-21085,OFF-BI-10004352,2.025,First Class,4,Bank Transfer
1452,11/27/2013,11/27/2013,11/30/2013,MC-17425,OFF-PA-10001685,70.98,First Class,3,PayPal
1453,11/27/2013,11/27/2013,11/30/2013,MC-17425,OFF-BI-10000666,91.68,First Class,1,PayPal
1454,11/27/2013,11/27/2013,11/30/2013,MC-17425,OFF-BI-10004352,33.75,First Class,2,PayPal
1455,11/27/2013,11/27/2013,11/30/2013,MC-17425,TEC-MA-10000010,3040,First Class,4,PayPal
1456,6/13/2014,6/13/2014,6/20/2014,ME-17320,OFF-BI-10000977,91.2,Standard Class,5,Credit Card
1457,6/13/2014,6/13/2014,6/20/2014,ME-17320,FUR-TA-10002530,452.94,Standard Class,5,Bank Transfer
1458,8/17/2012,8/17/2012,8/21/2012,SC-20440,OFF-BI-10002412,52.2,Standard Class,2,Bank Transfer
1459,9/26/2013,9/26/2013,10/2/2013,NH-18610,OFF-LA-10001569,15.936,Standard Class,4,PayPal
1460,5/4/2011,5/4/2011,5/4/2011,AA-10480,FUR-FU-10001473,27.46,Same Day,4,Credit Card
1461,12/1/2012,12/1/2012,12/8/2012,LC-17140,OFF-BI-10001765,55.424,Standard Class,3,Credit Card
1462,3/12/2013,3/12/2013,3/16/2013,MB-18085,FUR-TA-10001095,244.006,Standard Class,5,Bank Transfer
1463,8/27/2013,8/27/2013,8/29/2013,LC-16930,TEC-AC-10004571,159.984,First Class,1,PayPal
1464,8/27/2013,8/27/2013,8/29/2013,LC-16930,FUR-CH-10002126,1024.716,First Class,4,Credit Card
1465,12/17/2013,12/17/2013,12/20/2013,KD-16495,OFF-FA-10001754,3.68,First Class,4,Bank Transfer
1466,8/8/2011,8/8/2011,8/14/2011,MB-17305,FUR-FU-10001602,121.376,Standard Class,3,PayPal
1467,8/8/2011,8/8/2011,8/14/2011,MB-17305,TEC-AC-10001767,95.976,Standard Class,2,PayPal
1468,5/16/2012,5/16/2012,5/16/2012,TH-21550,TEC-AC-10002402,255.968,Same Day,5,Bank Transfer
1469,12/10/2014,12/10/2014,12/14/2014,DK-12835,FUR-CH-10000847,872.94,Standard Class,5,Credit Card
1470,12/10/2014,12/10/2014,12/14/2014,DK-12835,OFF-BI-10003982,41.54,Standard Class,3,Credit Card
1471,12/10/2014,12/10/2014,12/14/2014,DK-12835,OFF-PA-10001293,12.96,Standard Class,2,Credit Card
1472,9/24/2012,9/24/2012,9/27/2012,ON-18715,OFF-AR-10000634,6.848,Second Class,5,Bank Transfer
1473,7/12/2014,7/12/2014,7/16/2014,KN-16390,OFF-LA-10004272,8.67,Standard Class,2,Credit Card
1474,12/1/2012,12/1/2012,12/2/2012,NM-18520,FUR-FU-10004270,6.688,Same Day,1,PayPal
1475,11/20/2013,11/20/2013,11/26/2013,NP-18685,OFF-AR-10003770,17.28,Standard Class,3,Credit Card
1476,11/20/2013,11/20/2013,11/26/2013,NP-18685,OFF-BI-10000320,17.712,Standard Class,4,PayPal
1477,3/20/2014,3/20/2014,3/25/2014,CG-12040,OFF-LA-10003121,28.91,Standard Class,1,PayPal
1478,11/14/2013,11/14/2013,11/18/2013,CS-12505,OFF-SU-10000381,52.136,Standard Class,1,Bank Transfer
1479,11/20/2014,11/20/2014,11/21/2014,KD-16345,TEC-PH-10000376,31.968,First Class,2,PayPal
1480,12/3/2013,12/3/2013,12/9/2013,MK-18160,OFF-PA-10002262,25.92,Standard Class,1,Bank Transfer
1481,12/3/2013,12/3/2013,12/9/2013,MK-18160,OFF-PA-10002464,40.46,Standard Class,5,Credit Card
1482,12/3/2013,12/3/2013,12/9/2013,MK-18160,OFF-ST-10002214,33.87,Standard Class,1,Bank Transfer
1483,8/26/2014,8/26/2014,8/29/2014,DW-13540,OFF-AR-10003560,9.728,Second Class,3,Credit Card
1484,8/26/2014,8/26/2014,8/29/2014,DW-13540,OFF-PA-10000130,3.424,Second Class,4,Bank Transfer
1485,10/15/2013,10/15/2013,10/19/2013,CP-12340,TEC-AC-10000865,177,Standard Class,4,Credit Card
1486,11/27/2011,11/27/2011,12/3/2011,MS-17770,OFF-FA-10003021,3.76,Standard Class,4,PayPal
1487,11/3/2012,11/3/2012,11/7/2012,CM-12655,TEC-PH-10003580,1212.848,Standard Class,5,PayPal
1488,11/3/2012,11/3/2012,11/7/2012,CM-12655,TEC-AC-10001109,89.97,Standard Class,3,Bank Transfer
1489,11/3/2012,11/3/2012,11/7/2012,CM-12655,FUR-FU-10003347,42.6,Standard Class,4,PayPal
1490,11/29/2011,11/29/2011,12/6/2011,Co-12640,OFF-LA-10000452,5.04,Standard Class,4,Credit Card
1491,5/1/2014,5/1/2014,5/6/2014,DL-13495,OFF-EN-10002986,62.96,Second Class,4,PayPal
1492,11/25/2014,11/25/2014,11/29/2014,TS-21370,OFF-PA-10001838,5.88,Standard Class,1,PayPal
1493,11/25/2014,11/25/2014,11/29/2014,TS-21370,FUR-CH-10000785,977.292,Standard Class,3,Bank Transfer
1494,10/31/2014,10/31/2014,11/4/2014,JW-15220,FUR-FU-10002885,9.64,Standard Class,5,Bank Transfer
1495,12/17/2011,12/17/2011,12/19/2011,RF-19840,OFF-AR-10002952,40.05,Second Class,4,Bank Transfer
1496,9/5/2014,9/5/2014,9/9/2014,JD-15790,OFF-AR-10003759,10.192,Standard Class,4,PayPal
1497,9/5/2014,9/5/2014,9/9/2014,JD-15790,OFF-ST-10004950,16.784,Standard Class,5,PayPal
1498,9/5/2014,9/5/2014,9/9/2014,JD-15790,OFF-AR-10001940,13.12,Standard Class,5,PayPal
1499,10/18/2013,10/18/2013,10/21/2013,NK-18490,OFF-BI-10003981,18.16,First Class,4,Bank Transfer
1500,11/13/2014,11/13/2014,11/19/2014,NG-18430,OFF-PA-10002749,16.056,Standard Class,1,Bank Transfer
1501,11/13/2014,11/13/2014,11/19/2014,NG-18430,OFF-PA-10003823,223.056,Standard Class,5,Credit Card
1502,11/13/2014,11/13/2014,11/19/2014,NG-18430,OFF-ST-10003716,540.048,Standard Class,5,Bank Transfer
1503,11/25/2013,11/25/2013,12/2/2013,AT-10435,TEC-PH-10001300,33.52,Standard Class,4,PayPal
1504,11/25/2013,11/25/2013,12/2/2013,AT-10435,FUR-FU-10000010,9.94,Standard Class,2,Bank Transfer
1505,8/1/2012,8/1/2012,8/7/2012,PC-19000,OFF-AR-10001868,6.72,Standard Class,2,Credit Card
1506,8/1/2012,8/1/2012,8/7/2012,PC-19000,FUR-TA-10003715,1004.976,Standard Class,5,Credit Card
1507,12/25/2014,12/25/2014,12/30/2014,AR-10540,OFF-BI-10003708,17.88,Standard Class,2,PayPal
1508,9/18/2013,9/18/2013,9/24/2013,CS-12505,TEC-MA-10004458,396,Standard Class,3,Bank Transfer
1509,12/11/2014,12/11/2014,12/11/2014,LS-16975,OFF-BI-10004965,34.5,Same Day,2,PayPal
1510,9/13/2014,9/13/2014,9/16/2014,JM-15535,FUR-FU-10004270,8.36,First Class,2,Credit Card
1511,6/25/2014,6/25/2014,7/2/2014,NH-18610,OFF-AR-10002135,385.6,Standard Class,2,Bank Transfer
1512,6/25/2014,6/25/2014,7/2/2014,NH-18610,OFF-AR-10003514,35.82,Standard Class,3,Bank Transfer
1513,8/19/2014,8/19/2014,8/23/2014,RA-19915,OFF-ST-10002276,200.064,Standard Class,3,Credit Card
1514,8/19/2014,8/19/2014,8/23/2014,RA-19915,OFF-BI-10001098,21.38,Standard Class,2,Bank Transfer
1515,8/19/2014,8/19/2014,8/23/2014,RA-19915,OFF-BI-10001636,6.744,Standard Class,3,Credit Card
1516,12/12/2014,12/12/2014,12/18/2014,AI-10855,FUR-CH-10002961,63.686,Standard Class,3,Bank Transfer
1517,12/11/2014,12/11/2014,12/15/2014,MC-17845,FUR-TA-10004256,1669.6,Second Class,5,PayPal
1518,2/4/2011,2/4/2011,2/7/2011,TB-21400,OFF-BI-10004593,83.84,Second Class,3,Bank Transfer
1519,2/4/2011,2/4/2011,2/7/2011,TB-21400,OFF-BI-10002827,13.272,Second Class,3,Credit Card
1520,2/12/2014,2/12/2014,2/15/2014,VW-21775,OFF-BI-10001759,21.336,Second Class,2,Credit Card
1521,4/17/2014,4/17/2014,4/22/2014,PL-18925,OFF-AR-10001419,16.52,Standard Class,2,PayPal
1522,12/6/2012,12/6/2012,12/11/2012,GH-14425,FUR-FU-10002253,206.112,Standard Class,1,Bank Transfer
1523,12/6/2012,12/6/2012,12/11/2012,GH-14425,OFF-PA-10002586,19.92,Standard Class,1,Credit Card
1524,12/6/2012,12/6/2012,12/11/2012,GH-14425,OFF-PA-10003039,198.272,Standard Class,3,Bank Transfer
1525,12/6/2012,12/6/2012,12/11/2012,GH-14425,OFF-ST-10004804,247.104,Standard Class,1,PayPal
1526,12/6/2012,12/6/2012,12/11/2012,GH-14425,OFF-AR-10004042,86.304,Standard Class,1,Credit Card
1527,7/23/2013,7/23/2013,7/28/2013,CJ-12010,OFF-AR-10002221,4.16,Standard Class,4,PayPal
1528,7/23/2013,7/23/2013,7/28/2013,CJ-12010,FUR-FU-10002456,11.648,Standard Class,2,Bank Transfer
1529,11/7/2012,11/7/2012,11/10/2012,MC-18130,OFF-FA-10004968,26.18,Second Class,1,PayPal
1530,11/7/2012,11/7/2012,11/10/2012,MC-18130,OFF-PA-10001274,7.3,Second Class,3,PayPal
1531,3/26/2012,3/26/2012,3/31/2012,BV-11245,OFF-PA-10001125,74.352,Standard Class,4,Bank Transfer
1532,9/1/2014,9/1/2014,9/6/2014,JF-15490,OFF-ST-10000344,10.744,Standard Class,1,Bank Transfer
1533,9/1/2014,9/1/2014,9/6/2014,JF-15490,OFF-FA-10000585,8.376,Standard Class,3,Bank Transfer
1534,12/5/2013,12/5/2013,12/9/2013,EB-13840,OFF-ST-10003324,212.88,Standard Class,2,PayPal
1535,2/11/2014,2/11/2014,2/15/2014,MP-18175,FUR-BO-10004015,203.983,Standard Class,1,Credit Card
1536,10/30/2013,10/30/2013,11/3/2013,JM-15655,OFF-ST-10000419,40.74,Standard Class,1,PayPal
1537,10/30/2013,10/30/2013,11/3/2013,JM-15655,OFF-AP-10001626,11.67,Standard Class,3,Bank Transfer
1538,9/16/2014,9/16/2014,9/18/2014,CL-11890,TEC-PH-10000439,39.99,Second Class,4,PayPal
1539,9/16/2014,9/16/2014,9/18/2014,CL-11890,OFF-AR-10003478,16.28,Second Class,3,PayPal
1540,9/16/2014,9/16/2014,9/18/2014,CL-11890,FUR-BO-10002545,782.94,Second Class,3,Credit Card
1541,9/16/2014,9/16/2014,9/18/2014,CL-11890,OFF-BI-10001765,242.48,Second Class,3,Credit Card
1542,3/11/2011,3/11/2011,3/16/2011,CK-12205,FUR-FU-10003981,8.32,Second Class,3,PayPal
1543,3/11/2011,3/11/2011,3/16/2011,CK-12205,OFF-FA-10001561,10.464,Second Class,3,Bank Transfer
1544,2/5/2011,2/5/2011,2/9/2011,DB-13270,OFF-BI-10004230,82.896,Standard Class,3,Bank Transfer
1545,2/5/2011,2/5/2011,2/9/2011,DB-13270,OFF-PA-10000350,34.24,Standard Class,5,PayPal
1546,12/31/2011,12/31/2011,1/4/2012,PC-18745,FUR-BO-10002613,1573.488,Second Class,2,Credit Card
1547,11/23/2012,11/23/2012,11/27/2012,VB-21745,OFF-PA-10000994,335.52,Standard Class,3,Credit Card
1548,11/23/2012,11/23/2012,11/27/2012,VB-21745,OFF-BI-10002867,23.912,Standard Class,1,Credit Card
1549,11/23/2012,11/23/2012,11/27/2012,VB-21745,OFF-ST-10001291,27.056,Standard Class,4,PayPal
1550,7/6/2011,7/6/2011,7/8/2011,EP-13915,TEC-CO-10001046,559.992,First Class,2,Bank Transfer
1551,11/14/2014,11/14/2014,11/19/2014,ME-17320,OFF-AP-10004868,9.324,Second Class,4,Credit Card
1552,6/18/2013,6/18/2013,6/23/2013,IG-15085,OFF-PA-10000806,111.96,Standard Class,5,Credit Card
1553,5/3/2011,5/3/2011,5/5/2011,JS-15940,OFF-LA-10002195,21.56,First Class,5,PayPal
1554,10/17/2014,10/17/2014,10/22/2014,BO-11425,OFF-BI-10003719,124.75,Standard Class,3,Credit Card
1555,2/6/2012,2/6/2012,2/13/2012,VW-21775,OFF-AR-10001315,5.28,Standard Class,5,Bank Transfer
1556,9/5/2014,9/5/2014,9/9/2014,AB-10150,TEC-AC-10000171,91.96,Standard Class,3,Credit Card
1557,5/10/2013,5/10/2013,5/16/2013,JW-16075,OFF-EN-10003134,9.344,Standard Class,1,Credit Card
1558,5/10/2013,5/10/2013,5/16/2013,JW-16075,OFF-AR-10001955,79.36,Standard Class,3,PayPal
1559,3/16/2012,3/16/2012,3/18/2012,JE-15475,FUR-TA-10001039,171.96,Second Class,2,Credit Card
1560,4/10/2013,4/10/2013,4/14/2013,EB-13750,OFF-BI-10003712,35.352,Standard Class,1,Bank Transfer
1561,4/4/2011,4/4/2011,4/9/2011,PK-18910,OFF-LA-10001641,18.9,Standard Class,3,Bank Transfer
1562,9/6/2014,9/6/2014,9/7/2014,CS-12400,OFF-AR-10003732,2.78,First Class,3,Credit Card
1563,7/1/2014,7/1/2014,7/1/2014,SG-20470,FUR-TA-10000577,1044.63,Same Day,2,PayPal
1564,11/9/2012,11/9/2012,11/9/2012,CM-12190,OFF-PA-10004000,11.352,Same Day,1,Credit Card
1565,3/4/2011,3/4/2011,3/4/2011,CL-12565,OFF-ST-10001370,354.9,Same Day,2,Bank Transfer
1566,3/19/2012,3/19/2012,3/25/2012,JO-15550,TEC-PH-10004539,453.576,Standard Class,3,Credit Card
1567,11/29/2012,11/29/2012,11/30/2012,AW-10840,TEC-AC-10003038,21.48,First Class,2,Bank Transfer
1568,11/29/2012,11/29/2012,11/30/2012,AW-10840,OFF-BI-10000088,8.784,First Class,1,Credit Card
1569,6/12/2014,6/12/2014,6/12/2014,DV-13465,OFF-PA-10000357,122.97,Same Day,3,PayPal
1570,11/27/2014,11/27/2014,12/1/2014,AH-10075,OFF-AR-10003504,12.84,Standard Class,3,Bank Transfer
1571,11/23/2011,11/23/2011,11/25/2011,SC-20095,FUR-CH-10000863,603.92,First Class,5,Credit Card
1572,11/23/2011,11/23/2011,11/25/2011,SC-20095,OFF-EN-10003160,21.84,First Class,4,Credit Card
1573,11/23/2011,11/23/2011,11/25/2011,SC-20095,TEC-AC-10003280,29.99,First Class,3,Credit Card
1574,11/23/2011,11/23/2011,11/25/2011,SC-20095,FUR-CH-10000595,381.44,First Class,3,Credit Card
1575,12/15/2011,12/15/2011,12/18/2011,MC-18100,TEC-PH-10000169,40.68,First Class,2,PayPal
1576,12/15/2011,12/15/2011,12/18/2011,MC-18100,FUR-CH-10004675,763.28,First Class,2,Credit Card
1577,4/23/2013,4/23/2013,4/28/2013,TT-21460,OFF-ST-10002406,23.952,Standard Class,1,PayPal
1578,5/24/2013,5/24/2013,5/28/2013,AP-10720,OFF-PA-10001526,4.98,Standard Class,1,Credit Card
1579,2/27/2013,2/27/2013,3/2/2013,DL-12865,OFF-AP-10004336,170.88,First Class,4,PayPal
1580,8/9/2012,8/9/2012,8/12/2012,NP-18325,TEC-PH-10003012,307.98,First Class,4,Credit Card
1581,8/9/2012,8/9/2012,8/12/2012,NP-18325,FUR-TA-10002607,382.806,First Class,2,PayPal
1582,8/9/2012,8/9/2012,8/12/2012,NP-18325,OFF-ST-10000642,41.96,First Class,3,Credit Card
1583,8/9/2012,8/9/2012,8/12/2012,NP-18325,OFF-BI-10000545,1217.568,First Class,5,Credit Card
1584,8/9/2012,8/9/2012,8/12/2012,NP-18325,FUR-FU-10002157,47.04,First Class,3,Credit Card
1585,8/9/2012,8/9/2012,8/12/2012,NP-18325,FUR-FU-10001706,6.16,First Class,1,PayPal
1586,8/9/2012,8/9/2012,8/12/2012,NP-18325,TEC-PH-10000984,979.95,First Class,2,PayPal
1587,8/9/2012,8/9/2012,8/12/2012,NP-18325,OFF-PA-10001357,143.7,First Class,1,Credit Card
1588,8/9/2012,8/9/2012,8/12/2012,NP-18325,OFF-FA-10000992,10.65,First Class,2,PayPal
1589,8/9/2012,8/9/2012,8/12/2012,NP-18325,TEC-AC-10002600,247.8,First Class,1,Credit Card
1590,5/13/2013,5/13/2013,5/17/2013,VG-21805,OFF-AR-10001662,10.96,Standard Class,4,PayPal
1591,4/16/2013,4/16/2013,4/20/2013,MY-18295,OFF-AR-10001221,33.488,Standard Class,4,Bank Transfer
1592,4/16/2013,4/16/2013,4/20/2013,MY-18295,OFF-FA-10002988,8.04,Standard Class,1,PayPal
1593,6/23/2012,6/23/2012,6/25/2012,RD-19480,TEC-PH-10004830,201.568,Second Class,1,PayPal
1594,10/19/2011,10/19/2011,10/19/2011,JF-15490,OFF-PA-10004519,13.44,Same Day,2,Credit Card
1595,3/24/2012,3/24/2012,3/27/2012,DP-13390,FUR-BO-10000362,359.058,First Class,5,Bank Transfer
1596,5/9/2014,5/9/2014,5/13/2014,MD-17350,FUR-CH-10004540,47.992,Standard Class,5,Bank Transfer
1597,10/17/2014,10/17/2014,10/19/2014,MY-17380,FUR-FU-10001290,547.3,First Class,3,Credit Card
1598,11/20/2014,11/20/2014,11/22/2014,AB-10150,OFF-PA-10000308,16.896,Second Class,3,PayPal
1599,11/20/2014,11/20/2014,11/22/2014,AB-10150,OFF-SU-10001165,6.672,Second Class,4,Credit Card
1600,11/20/2014,11/20/2014,11/22/2014,AB-10150,OFF-AR-10003373,99.136,Second Class,4,PayPal
1601,11/20/2014,11/20/2014,11/22/2014,AB-10150,FUR-FU-10001967,15.992,Second Class,2,PayPal
1602,5/9/2013,5/9/2013,5/14/2013,GB-14530,FUR-FU-10001488,211.96,Second Class,1,Bank Transfer
1603,12/12/2013,12/12/2013,12/18/2013,CA-12775,OFF-AR-10003251,6.672,Standard Class,1,Bank Transfer
1604,12/1/2014,12/1/2014,12/5/2014,ME-17725,OFF-AR-10001044,155.94,Standard Class,3,Bank Transfer
1605,4/20/2013,4/20/2013,4/25/2013,JO-15280,TEC-PH-10004700,39.96,Second Class,3,PayPal
1606,4/20/2013,4/20/2013,4/25/2013,JO-15280,OFF-AR-10000823,5.46,Second Class,5,PayPal
1607,4/20/2013,4/20/2013,4/25/2013,JO-15280,OFF-AR-10004456,73.2,Second Class,4,Bank Transfer
1608,4/20/2013,4/20/2013,4/25/2013,JO-15280,OFF-BI-10000050,5.84,Second Class,5,Credit Card
1609,4/20/2013,4/20/2013,4/25/2013,JO-15280,OFF-PA-10002377,22.72,Second Class,5,Bank Transfer
1610,4/20/2013,4/20/2013,4/25/2013,JO-15280,OFF-BI-10000591,9.336,Second Class,3,PayPal
1611,5/26/2011,5/26/2011,5/30/2011,ML-17395,FUR-BO-10000362,290.666,Standard Class,2,Bank Transfer
1612,5/26/2011,5/26/2011,5/30/2011,ML-17395,TEC-PH-10000441,201.584,Standard Class,4,PayPal
1613,5/26/2011,5/26/2011,5/30/2011,ML-17395,TEC-PH-10002726,83.984,Standard Class,3,PayPal
1614,12/22/2014,12/22/2014,12/26/2014,YS-21880,OFF-ST-10003306,1000.02,Standard Class,4,Bank Transfer
1615,3/16/2013,3/16/2013,3/20/2013,PL-18925,TEC-AC-10004855,83.976,Standard Class,4,Credit Card
1616,8/10/2012,8/10/2012,8/16/2012,JK-16120,OFF-LA-10002787,3.75,Standard Class,3,Bank Transfer
1617,8/10/2012,8/10/2012,8/16/2012,JK-16120,OFF-LA-10002043,41.4,Standard Class,5,PayPal
1618,8/10/2012,8/10/2012,8/16/2012,JK-16120,OFF-AR-10001915,29.79,Standard Class,3,PayPal
1619,9/11/2013,9/11/2013,9/15/2013,PN-18775,OFF-ST-10000352,59.48,Second Class,4,Bank Transfer
1620,9/11/2013,9/11/2013,9/15/2013,PN-18775,OFF-PA-10000575,6.69,Second Class,4,PayPal
1621,7/9/2014,7/9/2014,7/16/2014,JC-15385,FUR-FU-10002937,198.46,Standard Class,5,Credit Card
1622,7/9/2014,7/9/2014,7/16/2014,JC-15385,OFF-LA-10003930,786.48,Standard Class,1,Credit Card
1623,7/9/2014,7/9/2014,7/16/2014,JC-15385,OFF-BI-10001107,23.168,Standard Class,2,PayPal
1624,7/9/2014,7/9/2014,7/16/2014,JC-15385,TEC-AC-10003063,50,Standard Class,4,Bank Transfer
1625,12/19/2012,12/19/2012,12/24/2012,JG-15160,TEC-PH-10002922,675.96,Standard Class,3,Bank Transfer
1626,12/19/2012,12/19/2012,12/24/2012,JG-15160,TEC-AC-10002049,1265.85,Standard Class,2,Credit Card
1627,11/16/2012,11/16/2012,11/22/2012,PO-19180,OFF-AP-10002457,523.25,Standard Class,5,Bank Transfer
1628,9/24/2012,9/24/2012,9/30/2012,MC-17275,FUR-CH-10001270,517.5,Standard Class,1,Bank Transfer
1629,6/22/2014,6/22/2014,6/26/2014,AS-10240,FUR-FU-10004415,17.92,Second Class,5,Credit Card
1630,6/22/2014,6/22/2014,6/26/2014,AS-10240,OFF-BI-10001510,41.256,Second Class,1,PayPal
1631,5/9/2013,5/9/2013,5/9/2013,CL-12565,OFF-ST-10002011,1006.056,Same Day,1,Credit Card
1632,5/9/2013,5/9/2013,5/9/2013,CL-12565,OFF-PA-10002986,10.688,Same Day,5,Bank Transfer
1633,5/9/2013,5/9/2013,5/9/2013,CL-12565,OFF-PA-10004451,10.368,Same Day,2,Bank Transfer
1634,5/9/2013,5/9/2013,5/9/2013,CL-12565,OFF-ST-10000649,25.12,Same Day,3,Bank Transfer
1635,5/9/2013,5/9/2013,5/9/2013,CL-12565,TEC-AC-10001465,58.112,Same Day,2,PayPal
1636,11/26/2011,11/26/2011,12/2/2011,NW-18400,OFF-PA-10001166,15.552,Standard Class,5,Credit Card
1637,11/26/2011,11/26/2011,12/2/2011,NW-18400,OFF-ST-10001097,669.08,Standard Class,5,PayPal
1638,11/26/2011,11/26/2011,12/2/2011,NW-18400,TEC-PH-10000038,438.336,Standard Class,2,Bank Transfer
1639,5/27/2013,5/27/2013,6/2/2013,TB-21280,OFF-PA-10002689,19.44,Standard Class,1,PayPal
1640,5/27/2013,5/27/2013,6/2/2013,TB-21280,OFF-BI-10004728,9.64,Standard Class,1,PayPal
1641,5/27/2013,5/27/2013,6/2/2013,TB-21280,OFF-PA-10004675,12.7,Standard Class,2,PayPal
1642,5/27/2013,5/27/2013,6/2/2013,TB-21280,FUR-FU-10000629,41.37,Standard Class,3,Bank Transfer
1643,11/29/2011,11/29/2011,12/4/2011,BS-11380,OFF-FA-10003112,12.624,Standard Class,3,Credit Card
1644,3/19/2012,3/19/2012,3/20/2012,FH-14365,OFF-ST-10000142,1247.64,First Class,2,Credit Card
1645,3/19/2012,3/19/2012,3/20/2012,FH-14365,TEC-CO-10001766,3149.93,First Class,4,Bank Transfer
1646,3/19/2012,3/19/2012,3/20/2012,FH-14365,OFF-PA-10004359,209.7,First Class,5,Credit Card
1647,11/1/2012,11/1/2012,11/3/2012,VM-21685,TEC-AC-10002323,35.36,First Class,4,Credit Card
1648,11/1/2012,11/1/2012,11/3/2012,VM-21685,OFF-FA-10001135,3.168,First Class,3,Credit Card
1649,9/26/2012,9/26/2012,9/29/2012,SF-20200,OFF-BI-10004224,121.104,Second Class,5,Credit Card
1650,9/26/2012,9/26/2012,9/29/2012,SF-20200,TEC-PH-10003357,45.894,Second Class,3,Bank Transfer
1651,8/29/2011,8/29/2011,8/29/2011,HH-15010,OFF-PA-10004475,109.92,Same Day,5,PayPal
1652,8/29/2011,8/29/2011,8/29/2011,HH-15010,OFF-PA-10003001,13.36,Same Day,5,Credit Card
1653,11/19/2014,11/19/2014,11/22/2014,CD-12280,OFF-ST-10003442,169.68,First Class,4,Bank Transfer
1654,11/19/2014,11/19/2014,11/22/2014,CD-12280,TEC-AC-10003832,132.52,First Class,4,Bank Transfer
1655,11/19/2014,11/19/2014,11/22/2014,CD-12280,OFF-FA-10000611,2.96,First Class,2,Credit Card
1656,11/19/2014,11/19/2014,11/22/2014,CD-12280,OFF-BI-10001116,8.448,First Class,3,PayPal
1657,11/19/2014,11/19/2014,11/22/2014,CD-12280,OFF-ST-10000563,95.94,First Class,2,PayPal
1658,5/12/2011,5/12/2011,5/15/2011,HL-15040,FUR-FU-10000010,34.79,First Class,1,Bank Transfer
1659,1/21/2014,1/21/2014,1/27/2014,TH-21100,TEC-PH-10004922,160.776,Standard Class,2,Credit Card
1660,10/31/2014,10/31/2014,11/7/2014,MM-18055,OFF-BI-10004330,88.752,Standard Class,4,Bank Transfer
1661,10/31/2014,10/31/2014,11/7/2014,MM-18055,OFF-BI-10002072,13.904,Standard Class,2,Bank Transfer
1662,5/1/2014,5/1/2014,5/7/2014,QJ-19255,TEC-PH-10002549,677.58,Standard Class,5,PayPal
1663,5/1/2014,5/1/2014,5/7/2014,QJ-19255,OFF-BI-10002353,13.896,Standard Class,4,Credit Card
1664,11/25/2013,11/25/2013,11/27/2013,NS-18505,OFF-ST-10001325,41.92,Second Class,2,Credit Card
1665,11/25/2013,11/25/2013,11/27/2013,NS-18505,TEC-AC-10002049,297.576,Second Class,2,Bank Transfer
1666,11/25/2013,11/25/2013,11/27/2013,NS-18505,OFF-FA-10002676,4.344,Second Class,4,Credit Card
1667,11/25/2013,11/25/2013,11/27/2013,NS-18505,TEC-AC-10003023,94.992,Second Class,3,Credit Card
1668,11/25/2013,11/25/2013,11/27/2013,NS-18505,OFF-PA-10000167,74.352,Second Class,1,Credit Card
1669,11/25/2013,11/25/2013,11/27/2013,NS-18505,OFF-AR-10003405,14.04,Second Class,5,PayPal
1670,1/10/2012,1/10/2012,1/15/2012,MM-17920,FUR-TA-10001889,1018.104,Standard Class,4,PayPal
1671,10/20/2014,10/20/2014,10/27/2014,RD-19480,TEC-PH-10002185,16.68,Standard Class,3,Credit Card
1672,3/23/2013,3/23/2013,3/26/2013,RB-19645,TEC-AC-10001013,58.58,First Class,2,Credit Card
1673,7/4/2014,7/4/2014,7/8/2014,RD-19585,TEC-PH-10002726,167.968,Standard Class,4,PayPal
1674,12/11/2012,12/11/2012,12/12/2012,SW-20455,OFF-LA-10003930,196.62,First Class,4,Bank Transfer
1675,9/17/2012,9/17/2012,9/21/2012,SF-20965,FUR-FU-10003535,21.936,Standard Class,3,Credit Card
1676,9/17/2012,9/17/2012,9/21/2012,SF-20965,OFF-BI-10000088,6.588,Standard Class,4,PayPal
1677,5/19/2013,5/19/2013,5/25/2013,EB-13930,OFF-ST-10000604,104.28,Standard Class,5,Bank Transfer
1678,5/19/2013,5/19/2013,5/25/2013,EB-13930,OFF-PA-10004040,17.94,Standard Class,4,PayPal
1679,9/7/2011,9/7/2011,9/13/2011,SB-20290,OFF-ST-10002344,64.784,Standard Class,4,Bank Transfer
1680,9/7/2011,9/7/2011,9/13/2011,SB-20290,TEC-PH-10003589,32.382,Standard Class,2,Credit Card
1681,9/7/2011,9/7/2011,9/13/2011,SB-20290,FUR-FU-10000758,42.368,Standard Class,5,Credit Card
1682,9/7/2011,9/7/2011,9/13/2011,SB-20290,TEC-MA-10004679,399.54,Standard Class,2,Bank Transfer
1683,9/30/2013,9/30/2013,10/2/2013,PS-18760,OFF-PA-10000176,18.97,Second Class,2,Bank Transfer
1684,11/8/2013,11/8/2013,11/13/2013,CB-12535,FUR-FU-10002597,14.82,Standard Class,3,Bank Transfer
1685,4/25/2014,4/25/2014,4/28/2014,DK-12835,OFF-AP-10002495,99.28,First Class,3,Bank Transfer
1686,4/25/2014,4/25/2014,4/28/2014,DK-12835,OFF-BI-10002813,1.188,First Class,2,Credit Card
1687,4/25/2014,4/25/2014,4/28/2014,DK-12835,OFF-BI-10002414,7.518,First Class,2,PayPal
1688,12/11/2014,12/11/2014,12/13/2014,AW-10840,OFF-PA-10000788,10.368,First Class,2,Credit Card
1689,12/11/2014,12/11/2014,12/13/2014,AW-10840,FUR-FU-10004306,310.88,First Class,3,Credit Card
1690,8/16/2011,8/16/2011,8/20/2011,TS-21610,FUR-TA-10001539,853.092,Standard Class,3,PayPal
1691,12/10/2014,12/10/2014,12/16/2014,HF-14995,OFF-PA-10000575,33.45,Standard Class,5,Bank Transfer
1692,12/10/2014,12/10/2014,12/16/2014,HF-14995,OFF-BI-10004182,10.4,Standard Class,3,Bank Transfer
1693,3/15/2013,3/15/2013,3/20/2013,HZ-14950,FUR-FU-10004020,21.88,Standard Class,2,Bank Transfer
1694,6/27/2013,6/27/2013,6/30/2013,AB-10255,TEC-AC-10003133,13.616,Second Class,5,Bank Transfer
1695,9/25/2012,9/25/2012,9/28/2012,PO-19195,TEC-AC-10002006,63.96,Second Class,2,Credit Card
1696,9/25/2012,9/25/2012,9/28/2012,PO-19195,OFF-BI-10003314,14.46,Second Class,3,Credit Card
1697,9/25/2012,9/25/2012,9/28/2012,PO-19195,TEC-PH-10002726,104.98,Second Class,2,PayPal
1698,12/27/2012,12/27/2012,12/31/2012,AG-10900,OFF-AP-10000240,106.96,Standard Class,5,PayPal
1699,12/27/2012,12/27/2012,12/31/2012,AG-10900,OFF-LA-10002381,21.56,Standard Class,2,Bank Transfer
1700,6/3/2011,6/3/2011,6/7/2011,SC-20725,FUR-TA-10004086,515.88,Second Class,3,Bank Transfer
1701,7/13/2012,7/13/2012,7/15/2012,ND-18370,OFF-BI-10000320,11.808,Second Class,3,PayPal
1702,7/13/2012,7/13/2012,7/15/2012,ND-18370,FUR-CH-10000595,1931.04,Second Class,5,Credit Card
1703,7/13/2012,7/13/2012,7/15/2012,ND-18370,OFF-PA-10000349,9.96,Second Class,1,PayPal
1704,2/3/2011,2/3/2011,2/7/2011,CD-12790,OFF-FA-10001843,12.35,Standard Class,4,Credit Card
1705,3/9/2013,3/9/2013,3/9/2013,PG-18820,OFF-BI-10003676,9.702,Same Day,3,Credit Card
1706,11/22/2012,11/22/2012,11/26/2012,IM-15070,OFF-BI-10003638,11.61,Standard Class,4,PayPal
1707,10/31/2014,10/31/2014,11/6/2014,JK-15205,OFF-LA-10003077,43.86,Standard Class,3,PayPal
1708,10/31/2014,10/31/2014,11/6/2014,JK-15205,TEC-PH-10003505,148.48,Standard Class,5,PayPal
1709,10/31/2014,10/31/2014,11/6/2014,JK-15205,OFF-PA-10003424,7.42,Standard Class,4,Bank Transfer
1710,10/31/2014,10/31/2014,11/6/2014,JK-15205,FUR-CH-10003061,71.992,Standard Class,2,Bank Transfer
1711,10/31/2014,10/31/2014,11/6/2014,JK-15205,OFF-AR-10003514,19.9,Standard Class,4,Credit Card
1712,10/31/2014,10/31/2014,11/6/2014,JK-15205,OFF-AP-10002684,1702.12,Standard Class,1,PayPal
1713,1/30/2012,1/30/2012,2/4/2012,JP-15520,OFF-PA-10004405,14.304,Standard Class,1,Bank Transfer
1714,9/9/2014,9/9/2014,9/14/2014,MM-18055,FUR-TA-10004289,765.625,Second Class,3,Bank Transfer
1715,10/8/2014,10/8/2014,10/14/2014,DC-13285,FUR-BO-10003965,307.666,Standard Class,5,PayPal
1716,5/1/2013,5/1/2013,5/5/2013,JL-15835,OFF-BI-10003314,7.712,Standard Class,3,Credit Card
1717,5/20/2013,5/20/2013,5/25/2013,BN-11515,OFF-AP-10001563,242.9,Standard Class,5,Credit Card
1718,5/20/2013,5/20/2013,5/25/2013,BN-11515,OFF-ST-10004123,454.9,Standard Class,5,Bank Transfer
1719,5/20/2013,5/20/2013,5/25/2013,BN-11515,FUR-FU-10002088,35.92,Standard Class,3,PayPal
1720,5/20/2013,5/20/2013,5/25/2013,BN-11515,FUR-FU-10000010,39.76,Standard Class,3,PayPal
1721,5/20/2013,5/20/2013,5/25/2013,BN-11515,OFF-BI-10002824,47.744,Standard Class,2,Credit Card
1722,12/20/2012,12/20/2012,12/25/2012,KD-16345,TEC-PH-10001061,159.984,Standard Class,2,Bank Transfer
1723,12/20/2012,12/20/2012,12/25/2012,KD-16345,TEC-AC-10000736,255.968,Standard Class,5,Bank Transfer
1724,12/20/2012,12/20/2012,12/25/2012,KD-16345,FUR-BO-10003966,359.058,Standard Class,3,PayPal
1725,12/19/2012,12/19/2012,12/20/2012,JK-15370,OFF-AP-10000828,434.352,First Class,1,Credit Card
1726,12/19/2012,12/19/2012,12/20/2012,JK-15370,OFF-AP-10002906,3.552,First Class,4,Credit Card
1727,12/19/2012,12/19/2012,12/20/2012,JK-15370,OFF-AP-10003860,88.832,First Class,2,PayPal
1728,4/30/2014,4/30/2014,5/5/2014,FM-14215,FUR-TA-10001307,1048.35,Second Class,2,PayPal
1729,2/7/2013,2/7/2013,2/7/2013,CA-12265,TEC-AC-10003063,100,Same Day,4,Bank Transfer
1730,2/7/2013,2/7/2013,2/7/2013,CA-12265,OFF-LA-10001045,7.83,Same Day,3,PayPal
1731,9/28/2011,9/28/2011,10/3/2011,KD-16495,OFF-PA-10001457,96.256,Standard Class,2,Credit Card
1732,9/28/2011,9/28/2011,10/3/2011,KD-16495,OFF-PA-10001804,10.688,Standard Class,5,PayPal
1733,7/11/2013,7/11/2013,7/15/2013,LH-17155,OFF-ST-10000689,338.04,Standard Class,5,PayPal
1734,7/11/2013,7/11/2013,7/15/2013,LH-17155,OFF-AR-10002135,154.24,Standard Class,3,PayPal
1735,7/30/2014,7/30/2014,8/2/2014,AG-10675,OFF-AP-10002082,34.848,Second Class,5,PayPal
1736,7/30/2014,7/30/2014,8/2/2014,AG-10675,TEC-PH-10003442,22,Second Class,2,PayPal
1737,7/30/2014,7/30/2014,8/2/2014,AG-10675,OFF-AR-10002833,4.368,Second Class,5,Credit Card
1738,9/3/2012,9/3/2012,9/9/2012,DB-13120,OFF-ST-10001325,31.44,Standard Class,3,PayPal
1739,9/3/2012,9/3/2012,9/9/2012,DB-13120,TEC-AC-10003038,17.9,Standard Class,3,PayPal
1740,9/3/2012,9/3/2012,9/9/2012,DB-13120,TEC-AC-10003590,129.45,Standard Class,2,Credit Card
1741,8/9/2011,8/9/2011,8/16/2011,ED-13885,OFF-LA-10000262,20.88,Standard Class,2,PayPal
1742,10/31/2014,10/31/2014,11/4/2014,MC-18100,OFF-PA-10004355,20.736,Standard Class,5,PayPal
1743,10/31/2014,10/31/2014,11/4/2014,MC-18100,FUR-FU-10004415,7.168,Standard Class,3,Bank Transfer
1744,10/31/2014,10/31/2014,11/4/2014,MC-18100,OFF-ST-10002486,11.168,Standard Class,1,Credit Card
1745,10/31/2014,10/31/2014,11/4/2014,MC-18100,TEC-AC-10001142,442.4,Standard Class,2,Bank Transfer
1746,6/6/2011,6/6/2011,6/9/2011,BM-11785,OFF-AR-10002656,13.36,First Class,5,PayPal
1747,8/14/2013,8/14/2013,8/18/2013,EM-14065,OFF-BI-10000138,11.232,Second Class,2,Credit Card
1748,8/14/2013,8/14/2013,8/18/2013,EM-14065,OFF-PA-10004947,10.272,Second Class,2,Credit Card
1749,4/25/2011,4/25/2011,4/29/2011,DA-13450,OFF-PA-10003543,10.368,Standard Class,5,PayPal
1750,4/25/2011,4/25/2011,4/29/2011,DA-13450,OFF-AR-10002221,6.24,Standard Class,1,Credit Card
1751,11/22/2012,11/22/2012,11/27/2012,MO-17800,FUR-TA-10004607,206.962,Standard Class,3,Credit Card
1752,10/15/2014,10/15/2014,10/18/2014,JW-15955,FUR-FU-10001918,9.46,First Class,4,Bank Transfer
1753,12/3/2014,12/3/2014,12/6/2014,VW-21775,OFF-ST-10004340,559.62,First Class,5,Bank Transfer
1754,12/3/2014,12/3/2014,12/6/2014,VW-21775,OFF-PA-10004475,109.92,First Class,4,Bank Transfer
1755,12/3/2014,12/3/2014,12/6/2014,VW-21775,OFF-PA-10003893,8.56,First Class,5,Bank Transfer
1756,12/8/2012,12/8/2012,12/11/2012,TT-21460,OFF-PA-10000100,360.712,Second Class,5,Bank Transfer
1757,12/8/2012,12/8/2012,12/11/2012,TT-21460,TEC-PH-10001817,1718.4,Second Class,2,Bank Transfer
1758,7/13/2012,7/13/2012,7/15/2012,SL-20155,OFF-BI-10001765,41.568,First Class,5,PayPal
1759,5/11/2011,5/11/2011,5/17/2011,RM-19375,TEC-AC-10001013,46.864,Standard Class,3,PayPal
1760,1/6/2011,1/6/2011,1/13/2011,MB-18085,OFF-AR-10003478,19.536,Standard Class,3,Credit Card
1761,9/5/2012,9/5/2012,9/9/2012,AG-10900,FUR-BO-10000330,411.332,Standard Class,1,Bank Transfer
1762,9/5/2012,9/5/2012,9/9/2012,AG-10900,OFF-BI-10001900,28.752,Standard Class,3,PayPal
1763,9/5/2012,9/5/2012,9/9/2012,AG-10900,FUR-BO-10003159,293.199,Standard Class,3,Bank Transfer
1764,8/5/2013,8/5/2013,8/9/2013,ML-17755,OFF-SU-10002573,35.06,Standard Class,1,Credit Card
1765,8/5/2013,8/5/2013,8/9/2013,ML-17755,OFF-LA-10004484,4.13,Standard Class,2,Credit Card
1766,8/5/2013,8/5/2013,8/9/2013,ML-17755,FUR-FU-10001591,109.8,Standard Class,5,PayPal
1767,8/5/2013,8/5/2013,8/9/2013,ML-17755,OFF-LA-10002034,9.82,Standard Class,2,Bank Transfer
1768,3/22/2011,3/22/2011,3/26/2011,CC-12685,OFF-BI-10004410,7.644,Standard Class,1,Bank Transfer
1769,3/22/2011,3/22/2011,3/26/2011,CC-12685,OFF-BI-10002735,51.465,Standard Class,1,Credit Card
1770,3/3/2014,3/3/2014,3/9/2014,SC-20770,OFF-SU-10001935,6.976,Standard Class,2,Credit Card
1771,3/3/2014,3/3/2014,3/9/2014,SC-20770,OFF-BI-10003291,12.222,Standard Class,4,Credit Card
1772,11/28/2013,11/28/2013,11/30/2013,GG-14650,OFF-ST-10004337,97.984,Second Class,4,PayPal
1773,11/28/2013,11/28/2013,11/30/2013,GG-14650,TEC-AC-10001266,62.4,Second Class,1,Credit Card
1774,4/28/2011,4/28/2011,5/3/2011,MY-18295,OFF-BI-10001628,20.86,Standard Class,1,Bank Transfer
1775,4/28/2011,4/28/2011,5/3/2011,MY-18295,OFF-ST-10000877,497.61,Standard Class,2,PayPal
1776,4/28/2011,4/28/2011,5/3/2011,MY-18295,OFF-AR-10004752,5.34,Standard Class,3,PayPal
1777,4/28/2011,4/28/2011,5/3/2011,MY-18295,OFF-LA-10000452,3.15,Standard Class,3,Credit Card
1778,11/24/2012,11/24/2012,11/28/2012,DP-13000,OFF-PA-10000675,368.91,Standard Class,5,PayPal
1779,11/24/2012,11/24/2012,11/28/2012,DP-13000,OFF-AR-10003045,14.7,Standard Class,2,Credit Card
1780,11/12/2013,11/12/2013,11/17/2013,BD-11770,TEC-AC-10003447,59.97,Standard Class,5,Bank Transfer
1781,11/12/2013,11/12/2013,11/17/2013,BD-11770,OFF-ST-10002276,83.36,Standard Class,3,Credit Card
1782,7/9/2012,7/9/2012,7/13/2012,CB-12535,OFF-PA-10001609,6.58,Standard Class,1,PayPal
1783,7/9/2012,7/9/2012,7/13/2012,CB-12535,OFF-BI-10001597,122.94,Standard Class,1,Bank Transfer
1784,9/23/2014,9/23/2014,9/27/2014,JE-15610,OFF-PA-10004475,219.84,Standard Class,1,Credit Card
1785,9/23/2014,9/23/2014,9/27/2014,JE-15610,TEC-AC-10004510,98.16,Standard Class,1,Bank Transfer
1786,9/23/2014,9/23/2014,9/27/2014,JE-15610,OFF-BI-10002976,33.04,Standard Class,4,Credit Card
1787,9/23/2014,9/23/2014,9/27/2014,JE-15610,TEC-PH-10001615,86.97,Standard Class,1,PayPal
1788,2/15/2012,2/15/2012,2/19/2012,RP-19855,TEC-PH-10001819,134.97,Standard Class,2,Bank Transfer
1789,2/15/2012,2/15/2012,2/19/2012,RP-19855,TEC-PH-10000560,699.98,Standard Class,1,PayPal
1790,2/15/2012,2/15/2012,2/19/2012,RP-19855,TEC-AC-10004568,139.95,Standard Class,3,Credit Card
1791,9/30/2011,9/30/2011,10/4/2011,RA-19915,OFF-PA-10004092,48.94,Standard Class,2,Credit Card
1792,12/1/2011,12/1/2011,12/3/2011,RP-19390,FUR-CH-10001854,2807.84,First Class,1,Credit Card
1793,12/1/2011,12/1/2011,12/3/2011,RP-19390,OFF-AR-10000475,46.64,First Class,3,Bank Transfer
1794,12/8/2011,12/8/2011,12/13/2011,TB-21175,OFF-ST-10000777,60.416,Standard Class,2,PayPal
1795,9/6/2013,9/6/2013,9/11/2013,BE-11455,OFF-AR-10004022,107.94,Standard Class,3,PayPal
1796,8/28/2014,8/28/2014,8/31/2014,MR-17545,OFF-ST-10002352,63.84,First Class,3,PayPal
1797,8/28/2014,8/28/2014,8/31/2014,MR-17545,TEC-PH-10000455,347.97,First Class,5,PayPal
1798,8/28/2014,8/28/2014,8/31/2014,MR-17545,OFF-BI-10003910,37.008,First Class,3,Bank Transfer
1799,7/8/2013,7/8/2013,7/12/2013,RM-19375,FUR-FU-10003039,215.65,Standard Class,2,Credit Card
1800,8/9/2013,8/9/2013,8/11/2013,JF-15565,OFF-FA-10000585,11.168,Second Class,2,Credit Card
1801,8/9/2013,8/9/2013,8/11/2013,JF-15565,OFF-PA-10001994,53.952,Second Class,1,Credit Card
1802,11/14/2013,11/14/2013,11/20/2013,AS-10135,FUR-FU-10004270,4.18,Standard Class,5,Bank Transfer
1803,9/23/2014,9/23/2014,9/27/2014,JA-15970,OFF-BI-10002498,5.607,Second Class,1,Bank Transfer
1804,9/23/2014,9/23/2014,9/27/2014,JA-15970,OFF-SU-10002881,4663.736,Second Class,3,PayPal
1805,9/23/2014,9/23/2014,9/27/2014,JA-15970,TEC-AC-10002926,79.984,Second Class,2,Credit Card
1806,12/26/2013,12/26/2013,12/29/2013,GK-14620,TEC-PH-10002200,2575.944,First Class,3,PayPal
1807,12/26/2013,12/26/2013,12/29/2013,GK-14620,OFF-PA-10002005,45.36,First Class,1,PayPal
1808,12/26/2013,12/26/2013,12/29/2013,GK-14620,TEC-AC-10001465,254.24,First Class,4,Bank Transfer
1809,2/11/2013,2/11/2013,2/13/2013,PB-19210,TEC-PH-10004897,69.93,First Class,4,Bank Transfer
1810,10/24/2013,10/24/2013,10/30/2013,HK-14890,FUR-FU-10001196,16.156,Standard Class,3,Credit Card
1811,10/24/2013,10/24/2013,10/30/2013,HK-14890,OFF-PA-10000595,54.816,Standard Class,4,Bank Transfer
1812,6/9/2011,6/9/2011,6/11/2011,FO-14305,FUR-TA-10004534,1441.3,Second Class,4,PayPal
1813,11/21/2014,11/21/2014,11/27/2014,BT-11680,FUR-FU-10001861,77.6,Standard Class,4,Bank Transfer
1814,11/21/2014,11/21/2014,11/27/2014,BT-11680,FUR-FU-10000206,4.656,Standard Class,3,Bank Transfer
1815,9/14/2012,9/14/2012,9/18/2012,SP-20620,FUR-TA-10002607,170.136,Standard Class,3,Credit Card
1816,6/4/2012,6/4/2012,6/4/2012,LL-16840,OFF-LA-10000443,7.38,Same Day,2,Credit Card
1817,6/4/2012,6/4/2012,6/4/2012,LL-16840,OFF-AR-10004685,9.26,Same Day,4,PayPal
1818,12/13/2012,12/13/2012,12/15/2012,MC-17575,OFF-LA-10001771,9.96,Second Class,3,Credit Card
1819,5/25/2011,5/25/2011,5/29/2011,JL-15235,OFF-AP-10001394,75.6,Standard Class,3,PayPal
1820,5/25/2011,5/25/2011,5/29/2011,JL-15235,FUR-FU-10002553,29.32,Standard Class,2,Bank Transfer
1821,2/16/2013,2/16/2013,2/20/2013,EA-14035,OFF-AP-10004233,92.064,Standard Class,4,PayPal
1822,2/16/2013,2/16/2013,2/20/2013,EA-14035,OFF-FA-10000304,6.976,Standard Class,5,PayPal
1823,2/16/2013,2/16/2013,2/20/2013,EA-14035,FUR-CH-10004754,62.958,Standard Class,5,Credit Card
1824,2/16/2013,2/16/2013,2/20/2013,EA-14035,OFF-PA-10000809,5.184,Standard Class,3,PayPal
1825,12/23/2013,12/23/2013,12/29/2013,SA-20830,OFF-BI-10003694,31.32,Standard Class,5,Credit Card
1826,12/23/2013,12/23/2013,12/29/2013,SA-20830,FUR-FU-10001935,11.84,Standard Class,3,Credit Card
1827,12/23/2013,12/23/2013,12/29/2013,SA-20830,FUR-FU-10002878,22.784,Standard Class,1,PayPal
1828,2/8/2013,2/8/2013,2/11/2013,CH-12070,TEC-PH-10002624,1127.976,Second Class,2,PayPal
1829,7/13/2012,7/13/2012,7/15/2012,ND-18460,OFF-PA-10000019,38.88,Second Class,4,Bank Transfer
1830,5/18/2011,5/18/2011,5/24/2011,BS-11755,TEC-PH-10002885,779.796,Standard Class,3,PayPal
1831,10/22/2014,10/22/2014,10/22/2014,SL-20155,TEC-PH-10000895,1439.92,Same Day,2,Credit Card
1832,10/22/2014,10/22/2014,10/22/2014,SL-20155,FUR-TA-10002356,262.11,Same Day,2,PayPal
1833,11/5/2012,11/5/2012,11/9/2012,GB-14530,FUR-CH-10001270,207,Standard Class,5,PayPal
1834,8/2/2014,8/2/2014,8/8/2014,AS-10045,TEC-MA-10000488,1439.982,Standard Class,3,PayPal
1835,8/2/2014,8/2/2014,8/8/2014,AS-10045,OFF-PA-10003729,36.288,Standard Class,1,PayPal
1836,6/21/2011,6/21/2011,6/24/2011,RM-19375,OFF-AR-10003056,21.4,First Class,5,Bank Transfer
1837,2/20/2014,2/20/2014,2/22/2014,NH-18610,OFF-AP-10002518,1245.86,Second Class,3,Bank Transfer
1838,8/1/2011,8/1/2011,8/5/2011,BF-10975,OFF-LA-10000240,17.544,Standard Class,1,PayPal
1839,8/1/2011,8/1/2011,8/5/2011,BF-10975,FUR-FU-10000629,44.128,Standard Class,4,Bank Transfer
1840,8/1/2011,8/1/2011,8/5/2011,BF-10975,OFF-AP-10001005,62.92,Standard Class,1,Credit Card
1841,8/1/2011,8/1/2011,8/5/2011,BF-10975,OFF-PA-10002377,78.304,Standard Class,2,Bank Transfer
1842,7/19/2013,7/19/2013,7/24/2013,KH-16330,FUR-CH-10000988,140.81,Standard Class,1,PayPal
1843,2/9/2012,2/9/2012,2/11/2012,FA-14230,OFF-LA-10001074,40.096,Second Class,1,PayPal
1844,2/9/2012,2/9/2012,2/11/2012,FA-14230,FUR-FU-10001986,40.784,Second Class,2,Credit Card
1845,7/30/2014,7/30/2014,8/3/2014,GW-14605,TEC-AC-10003027,90.57,Standard Class,5,PayPal
1846,1/13/2014,1/13/2014,1/18/2014,DA-13450,OFF-PA-10001804,40.08,Second Class,4,PayPal
1847,1/13/2014,1/13/2014,1/18/2014,DA-13450,FUR-FU-10004973,37.68,Second Class,2,Credit Card
1848,9/11/2014,9/11/2014,9/11/2014,FH-14275,FUR-CH-10002602,362.352,Same Day,1,Credit Card
1849,9/11/2014,9/11/2014,9/11/2014,FH-14275,OFF-BI-10004140,7.184,Same Day,4,Bank Transfer
1850,7/20/2012,7/20/2012,7/25/2012,RK-19300,OFF-ST-10000464,34.76,Second Class,2,PayPal
1851,7/20/2012,7/20/2012,7/25/2012,RK-19300,TEC-AC-10002253,831.2,Second Class,1,Credit Card
1852,7/20/2012,7/20/2012,7/25/2012,RK-19300,OFF-PA-10000528,26.4,Second Class,2,Credit Card
1853,7/20/2012,7/20/2012,7/25/2012,RK-19300,OFF-EN-10000483,106.75,Second Class,1,Credit Card
1854,7/20/2012,7/20/2012,7/25/2012,RK-19300,OFF-PA-10003129,97.82,Second Class,2,Credit Card
1855,7/20/2012,7/20/2012,7/25/2012,RK-19300,OFF-ST-10003442,141.4,Second Class,1,Credit Card
1856,6/13/2011,6/13/2011,6/17/2011,FM-14215,OFF-AR-10003631,14.52,Standard Class,5,Bank Transfer
1857,5/13/2014,5/13/2014,5/16/2014,AC-10420,OFF-ST-10000563,127.92,Second Class,2,Credit Card
1858,5/13/2014,5/13/2014,5/16/2014,AC-10420,OFF-BI-10002133,34.24,Second Class,4,PayPal
1859,9/3/2012,9/3/2012,9/5/2012,JB-15400,OFF-AP-10002311,137.62,First Class,1,Credit Card
1860,9/3/2012,9/3/2012,9/5/2012,JB-15400,TEC-PH-10004959,100.49,First Class,5,Credit Card
1861,3/27/2014,3/27/2014,3/28/2014,GM-14440,FUR-BO-10001918,257.568,First Class,1,Credit Card
1862,3/27/2014,3/27/2014,3/28/2014,GM-14440,TEC-PH-10004896,119.96,First Class,3,PayPal
1863,11/12/2011,11/12/2011,11/12/2011,RF-19840,OFF-ST-10001328,49.632,Same Day,4,Credit Card
1864,10/14/2013,10/14/2013,10/18/2013,NC-18625,FUR-TA-10004575,727.45,Standard Class,3,PayPal
1865,10/14/2013,10/14/2013,10/18/2013,NC-18625,FUR-FU-10001617,24.96,Standard Class,4,Bank Transfer
1866,11/13/2014,11/13/2014,11/13/2014,NG-18355,TEC-PH-10002824,370.782,Same Day,2,PayPal
1867,4/16/2014,4/16/2014,4/19/2014,AH-10075,FUR-FU-10004460,196.45,First Class,4,PayPal
1868,6/25/2012,6/25/2012,7/1/2012,CH-12070,OFF-PA-10003309,31.104,Standard Class,2,Credit Card
1869,6/25/2012,6/25/2012,7/1/2012,CH-12070,OFF-ST-10002554,78.256,Standard Class,4,PayPal
1870,8/27/2013,8/27/2013,8/30/2013,CC-12145,OFF-PA-10000019,6.48,Second Class,3,Bank Transfer
1871,7/21/2011,7/21/2011,7/25/2011,ME-18010,OFF-AR-10002067,99.2,Standard Class,3,Bank Transfer
1872,7/21/2011,7/21/2011,7/25/2011,ME-18010,FUR-CH-10001215,801.568,Standard Class,1,PayPal
1873,7/21/2011,7/21/2011,7/25/2011,ME-18010,FUR-TA-10004175,272.848,Standard Class,5,Credit Card
1874,11/22/2014,11/22/2014,11/26/2014,BP-11230,FUR-TA-10004767,70.98,Standard Class,3,PayPal
1875,6/4/2011,6/4/2011,6/9/2011,MP-17470,OFF-PA-10001685,16.224,Standard Class,5,PayPal
1876,3/11/2013,3/11/2013,3/17/2013,CJ-12010,FUR-BO-10003272,176.784,Standard Class,4,PayPal
1877,3/26/2014,3/26/2014,3/30/2014,JC-15775,TEC-PH-10000984,470.376,Standard Class,1,PayPal
1878,12/30/2014,12/30/2014,1/3/2015,JG-15160,FUR-CH-10002880,393.568,Standard Class,1,Credit Card
1879,12/30/2014,12/30/2014,1/3/2015,JG-15160,TEC-PH-10002563,302.376,Standard Class,5,Credit Card
1880,3/29/2014,3/29/2014,4/3/2014,CK-12760,OFF-BI-10001191,68.742,Standard Class,4,Bank Transfer
1881,3/5/2012,3/5/2012,3/5/2012,LF-17185,OFF-EN-10002621,29.34,Same Day,2,Credit Card
1882,3/5/2012,3/5/2012,3/5/2012,LF-17185,FUR-CH-10001146,383.607,Same Day,4,Bank Transfer
1883,3/5/2012,3/5/2012,3/5/2012,LF-17185,OFF-ST-10000689,563.4,Same Day,5,PayPal
1884,11/14/2013,11/14/2013,11/18/2013,CC-12430,OFF-PA-10001289,217.056,Standard Class,1,Credit Card
1885,1/20/2014,1/20/2014,1/24/2014,DL-12865,OFF-LA-10003714,6,Second Class,2,PayPal
1886,4/23/2013,4/23/2013,4/27/2013,PG-18895,FUR-FU-10001889,31.56,Second Class,2,Bank Transfer
1887,5/13/2011,5/13/2011,5/15/2011,EH-14005,OFF-FA-10002815,7.104,First Class,1,PayPal
1888,5/13/2011,5/13/2011,5/15/2011,EH-14005,OFF-BI-10004519,398.352,First Class,3,Credit Card
1889,10/21/2011,10/21/2011,10/22/2011,TB-21520,OFF-AP-10004708,121.792,First Class,5,PayPal
1890,10/21/2011,10/21/2011,10/22/2011,TB-21520,FUR-TA-10000617,409.59,First Class,5,Credit Card
1891,3/14/2011,3/14/2011,3/18/2011,DK-13225,OFF-PA-10001204,10.56,Standard Class,2,PayPal
1892,3/14/2011,3/14/2011,3/18/2011,DK-13225,OFF-AR-10003723,3.38,Standard Class,1,Bank Transfer
1893,12/23/2014,12/23/2014,12/25/2014,JP-15520,OFF-EN-10002621,7.824,Second Class,1,Bank Transfer
1894,11/25/2013,11/25/2013,11/30/2013,CD-11980,OFF-PA-10000241,24.784,Standard Class,1,Bank Transfer
1895,12/3/2014,12/3/2014,12/6/2014,AS-10090,OFF-AR-10001446,34.65,First Class,2,Credit Card
1896,12/31/2012,12/31/2012,1/4/2013,JO-15280,OFF-BI-10004632,487.984,Standard Class,5,PayPal
1897,10/4/2014,10/4/2014,10/7/2014,AC-10450,OFF-BI-10001359,1793.98,First Class,3,Credit Card
1898,8/29/2011,8/29/2011,9/2/2011,RA-19945,OFF-EN-10001749,29.808,Second Class,5,Credit Card
1899,8/29/2011,8/29/2011,9/2/2011,RA-19945,OFF-BI-10004390,505.176,Second Class,2,Credit Card
1900,8/29/2011,8/29/2011,9/2/2011,RA-19945,FUR-TA-10001857,174.0585,Second Class,1,Bank Transfer
1901,6/30/2013,6/30/2013,7/4/2013,Co-12640,OFF-ST-10000563,191.88,Second Class,1,Bank Transfer
1902,8/21/2013,8/21/2013,8/24/2013,DW-13480,TEC-PH-10004924,14.78,First Class,1,PayPal
1903,10/22/2014,10/22/2014,10/23/2014,DK-12835,OFF-PA-10003953,5.184,First Class,5,Bank Transfer
1904,10/22/2014,10/22/2014,10/23/2014,DK-12835,FUR-CH-10000155,478.48,First Class,2,Bank Transfer
1905,10/22/2014,10/22/2014,10/23/2014,DK-12835,TEC-AC-10003116,28.4,First Class,5,Credit Card
1906,10/22/2014,10/22/2014,10/25/2014,MD-17860,OFF-ST-10002743,909.12,First Class,2,Bank Transfer
1907,5/18/2013,5/18/2013,5/22/2013,RP-19855,OFF-BI-10001757,2.952,Standard Class,1,PayPal
1908,5/18/2013,5/18/2013,5/22/2013,RP-19855,OFF-BI-10000069,27.018,Standard Class,4,Bank Transfer
1909,2/3/2012,2/3/2012,2/4/2012,RW-19540,FUR-FU-10004093,136.92,First Class,2,PayPal
1910,12/19/2014,12/19/2014,12/24/2014,DB-13660,FUR-FU-10001037,18.96,Standard Class,3,Credit Card
1911,11/16/2013,11/16/2013,11/23/2013,SC-20770,TEC-AC-10003832,99.39,Standard Class,4,Bank Transfer
1912,7/4/2014,7/4/2014,7/7/2014,FH-14275,OFF-PA-10001878,273.896,Second Class,5,Bank Transfer
1913,7/4/2014,7/4/2014,7/7/2014,FH-14275,TEC-MA-10003674,597.132,Second Class,1,Bank Transfer
1914,1/16/2011,1/16/2011,1/18/2011,EH-13990,TEC-AC-10003628,149.95,First Class,1,PayPal
1915,5/1/2014,5/1/2014,5/6/2014,AS-10630,OFF-LA-10003190,4.608,Standard Class,1,PayPal
1916,5/1/2014,5/1/2014,5/6/2014,AS-10630,OFF-AR-10002280,15.528,Standard Class,4,Bank Transfer
1917,5/1/2014,5/1/2014,5/6/2014,AS-10630,OFF-LA-10001569,11.952,Standard Class,1,Bank Transfer
1918,11/8/2012,11/8/2012,11/14/2012,HA-14905,OFF-AR-10001573,11.65,Standard Class,5,Bank Transfer
1919,10/30/2012,10/30/2012,11/1/2012,CH-12070,TEC-PH-10001809,299.9,Second Class,3,Bank Transfer
1920,8/18/2014,8/18/2014,8/20/2014,EH-13765,OFF-BI-10003091,895.92,First Class,2,PayPal
1921,8/18/2014,8/18/2014,8/20/2014,EH-13765,FUR-CH-10003981,462.564,First Class,4,Bank Transfer
1922,10/3/2012,10/3/2012,10/9/2012,MZ-17515,OFF-ST-10002562,15.008,Standard Class,3,Bank Transfer
1923,7/9/2013,7/9/2013,7/11/2013,SC-20230,TEC-PH-10004345,863.64,Second Class,2,Credit Card
1924,7/9/2013,7/9/2013,7/11/2013,SC-20230,OFF-AR-10000588,47.616,Second Class,4,Bank Transfer
1925,12/6/2014,12/6/2014,12/8/2014,NP-18325,OFF-PA-10003039,92.94,Second Class,4,Credit Card
1926,3/10/2014,3/10/2014,3/14/2014,LW-16990,TEC-AC-10001908,199.98,Standard Class,5,Bank Transfer
1927,6/10/2013,6/10/2013,6/16/2013,GM-14680,TEC-PH-10001198,177.48,Standard Class,1,Credit Card
1928,11/29/2014,11/29/2014,12/2/2014,RH-19495,OFF-PA-10004071,88.768,First Class,5,PayPal
1929,3/17/2014,3/17/2014,3/19/2014,VM-21685,OFF-PA-10001972,6.48,Second Class,3,PayPal
1930,3/17/2014,3/17/2014,3/19/2014,VM-21685,OFF-ST-10004180,46.51,Second Class,1,Bank Transfer
1931,3/17/2014,3/17/2014,3/19/2014,VM-21685,TEC-PH-10004165,659.976,Second Class,5,Credit Card
1932,11/28/2013,11/28/2013,11/30/2013,CC-12670,TEC-PH-10002483,271.992,Second Class,2,PayPal
1933,8/7/2014,8/7/2014,8/11/2014,SV-20365,FUR-BO-10000468,145.74,Second Class,1,PayPal
1934,8/7/2014,8/7/2014,8/11/2014,SV-20365,FUR-FU-10001706,15.4,Second Class,5,PayPal
1935,11/28/2014,11/28/2014,12/4/2014,LW-16990,OFF-PA-10003129,244.55,Standard Class,4,PayPal
1936,11/28/2014,11/28/2014,12/4/2014,LW-16990,TEC-AC-10001284,166.16,Standard Class,4,PayPal
1937,5/25/2012,5/25/2012,5/27/2012,NP-18685,FUR-FU-10002268,14.73,Second Class,2,Bank Transfer
1938,7/9/2013,7/9/2013,7/13/2013,JE-15715,OFF-BI-10002082,19.968,Standard Class,4,PayPal
1939,7/9/2013,7/9/2013,7/13/2013,JE-15715,OFF-ST-10001505,33.488,Standard Class,5,PayPal
1940,7/9/2013,7/9/2013,7/13/2013,JE-15715,OFF-BI-10001634,8.736,Standard Class,5,PayPal
1941,7/9/2013,7/9/2013,7/13/2013,JE-15715,FUR-CH-10004287,662.88,Standard Class,3,PayPal
1942,8/30/2014,8/30/2014,9/2/2014,CP-12085,OFF-LA-10004544,47.36,First Class,1,Bank Transfer
1943,8/30/2014,8/30/2014,9/2/2014,CP-12085,OFF-ST-10004507,27.44,First Class,3,PayPal
1944,8/30/2014,8/30/2014,9/2/2014,CP-12085,OFF-BI-10002012,3.24,First Class,2,PayPal
1945,6/21/2013,6/21/2013,6/27/2013,EA-14035,TEC-AC-10001109,95.968,Standard Class,1,PayPal
1946,6/21/2013,6/21/2013,6/27/2013,EA-14035,OFF-PA-10000809,10.368,Standard Class,1,Credit Card
1947,9/3/2014,9/3/2014,9/7/2014,AC-10615,OFF-AR-10000658,23.1,Standard Class,3,Credit Card
1948,9/3/2014,9/3/2014,9/7/2014,AC-10615,FUR-FU-10001196,11.54,Standard Class,4,Bank Transfer
1949,9/3/2014,9/3/2014,9/7/2014,AC-10615,FUR-TA-10001889,254.526,Standard Class,5,PayPal
1950,9/3/2014,9/3/2014,9/7/2014,AC-10615,OFF-AP-10000358,12.98,Standard Class,4,Credit Card
1951,9/3/2014,9/3/2014,9/7/2014,AC-10615,OFF-BI-10004970,26.432,Standard Class,2,Bank Transfer
1952,9/3/2014,9/3/2014,9/7/2014,AC-10615,TEC-PH-10003885,197.97,Standard Class,2,Credit Card
1953,9/3/2014,9/3/2014,9/7/2014,AC-10615,OFF-LA-10001641,18.9,Standard Class,3,Bank Transfer
1954,9/3/2014,9/3/2014,9/7/2014,AC-10615,FUR-CH-10003379,1282.41,Standard Class,5,PayPal
1955,9/3/2014,9/3/2014,9/7/2014,AC-10615,OFF-AR-10004582,4.92,Standard Class,2,Credit Card
1956,9/3/2014,9/3/2014,9/7/2014,AC-10615,TEC-AC-10002842,238,Standard Class,2,Bank Transfer
1957,9/3/2014,9/3/2014,9/7/2014,AC-10615,TEC-AC-10000109,167.97,Standard Class,5,PayPal
1958,9/3/2014,9/3/2014,9/7/2014,AC-10615,OFF-PA-10003893,17.12,Standard Class,4,PayPal
1959,9/11/2014,9/11/2014,9/16/2014,RW-19690,OFF-BI-10003669,16.2,Second Class,5,Credit Card
1960,9/11/2014,9/11/2014,9/16/2014,RW-19690,OFF-AP-10004785,33.99,Second Class,2,Bank Transfer
1961,9/11/2014,9/11/2014,9/16/2014,RW-19690,TEC-AC-10003023,296.85,Second Class,1,Credit Card
1962,9/11/2014,9/11/2014,9/16/2014,RW-19690,TEC-AC-10002217,112.8,Second Class,2,PayPal
1963,9/11/2014,9/11/2014,9/16/2014,RW-19690,OFF-BI-10002954,13.71,Second Class,1,PayPal
1964,9/11/2014,9/11/2014,9/16/2014,RW-19690,OFF-PA-10002586,24.9,Second Class,4,Credit Card
1965,9/11/2014,9/11/2014,9/16/2014,RW-19690,OFF-ST-10000025,286.29,Second Class,4,Credit Card
1966,9/11/2014,9/11/2014,9/16/2014,RW-19690,OFF-AP-10003281,24.18,Second Class,5,Bank Transfer
1967,12/22/2014,12/22/2014,12/29/2014,DB-13210,TEC-PH-10002103,281.97,Standard Class,1,Credit Card
1968,12/22/2014,12/22/2014,12/29/2014,DB-13210,OFF-SU-10000898,69.5,Standard Class,5,Bank Transfer
1969,12/22/2014,12/22/2014,12/29/2014,DB-13210,OFF-PA-10001144,166.44,Standard Class,1,Bank Transfer
1970,9/24/2014,9/24/2014,9/30/2014,BD-11320,TEC-AC-10004659,291.96,Standard Class,4,PayPal
1971,5/7/2014,5/7/2014,5/12/2014,ML-17755,OFF-AR-10004752,6.408,Standard Class,5,PayPal
1972,5/7/2014,5/7/2014,5/12/2014,ML-17755,TEC-AC-10004659,408.744,Standard Class,5,PayPal
1973,12/14/2011,12/14/2011,12/19/2011,JD-16015,OFF-BI-10001249,5.104,Standard Class,1,Credit Card
1974,12/14/2011,12/14/2011,12/19/2011,JD-16015,OFF-FA-10003059,2.896,Standard Class,2,Bank Transfer
1975,12/14/2011,12/14/2011,12/19/2011,JD-16015,TEC-AC-10002718,35.016,Standard Class,3,Credit Card
1976,10/18/2011,10/18/2011,10/20/2011,AS-10225,OFF-ST-10001522,275.97,Second Class,1,PayPal
1977,10/18/2011,10/18/2011,10/20/2011,AS-10225,TEC-PH-10002352,1394.95,Second Class,4,PayPal
1978,10/18/2011,10/18/2011,10/20/2011,AS-10225,FUR-CH-10003774,545.88,Second Class,5,Bank Transfer
1979,5/8/2012,5/8/2012,5/12/2012,AA-10375,OFF-AR-10000127,5.248,Standard Class,4,Bank Transfer
1980,4/15/2013,4/15/2013,4/15/2013,KT-16465,FUR-CH-10004086,933.536,Same Day,3,PayPal
1981,4/15/2013,4/15/2013,4/15/2013,KT-16465,OFF-ST-10001228,42.976,Same Day,2,Credit Card
1982,12/14/2012,12/14/2012,12/16/2012,MM-18280,OFF-BI-10004187,3.76,Second Class,3,Credit Card
1983,12/3/2011,12/3/2011,12/9/2011,NG-18430,TEC-PH-10003811,479.96,Standard Class,5,Credit Card
1984,11/25/2011,11/25/2011,11/27/2011,LW-16825,OFF-AP-10000240,320.88,Second Class,2,Credit Card
1985,11/25/2011,11/25/2011,11/27/2011,LW-16825,FUR-FU-10001940,23.88,Second Class,1,PayPal
1986,11/25/2011,11/25/2011,11/27/2011,LW-16825,OFF-PA-10000575,26.76,Second Class,2,Credit Card
1987,7/26/2013,7/26/2013,7/28/2013,CB-12415,TEC-CO-10001449,1439.976,First Class,2,Credit Card
1988,11/9/2012,11/9/2012,11/13/2012,AS-10090,OFF-BI-10002393,17.22,Standard Class,5,Bank Transfer
1989,11/9/2012,11/9/2012,11/13/2012,AS-10090,FUR-TA-10002855,1024.38,Standard Class,4,PayPal
1990,11/9/2012,11/9/2012,11/13/2012,AS-10090,OFF-EN-10000781,26.22,Standard Class,2,PayPal
1991,11/9/2012,11/9/2012,11/13/2012,AS-10090,OFF-PA-10002160,17.34,Standard Class,1,Credit Card
1992,2/25/2014,2/25/2014,3/1/2014,CB-12415,OFF-BI-10004970,4.956,Standard Class,2,PayPal
1993,6/26/2014,6/26/2014,7/3/2014,ML-17755,OFF-LA-10003923,71.04,Standard Class,2,Credit Card
1994,6/26/2014,6/26/2014,7/3/2014,ML-17755,OFF-AR-10002257,5.344,Standard Class,2,Bank Transfer
1995,6/26/2014,6/26/2014,7/3/2014,ML-17755,OFF-FA-10004395,11.304,Standard Class,3,Bank Transfer
1996,12/3/2014,12/3/2014,12/5/2014,JS-16030,OFF-AP-10002534,294.62,Second Class,4,PayPal
1997,12/3/2014,12/3/2014,12/5/2014,JS-16030,FUR-FU-10004020,8.752,Second Class,5,Bank Transfer
1998,2/7/2011,2/7/2011,2/10/2011,ND-18460,OFF-LA-10002787,15,First Class,2,Credit Card
1999,2/7/2011,2/7/2011,2/10/2011,ND-18460,TEC-PH-10003645,161.61,First Class,2,Bank Transfer
2000,2/7/2011,2/7/2011,2/10/2011,ND-18460,TEC-PH-10001615,144.95,First Class,5,Bank Transfer
2001,4/12/2014,4/12/2014,4/19/2014,LW-17215,TEC-AC-10001767,199.95,Standard Class,3,Bank Transfer
2002,4/12/2014,4/12/2014,4/19/2014,LW-17215,OFF-AR-10001221,41.86,Standard Class,1,PayPal
2003,12/26/2014,12/26/2014,12/29/2014,JW-15955,OFF-ST-10000563,95.94,Second Class,5,PayPal
2004,12/26/2014,12/26/2014,12/29/2014,JW-15955,FUR-CH-10001146,304.45,Second Class,1,Credit Card
2005,4/12/2014,4/12/2014,4/19/2014,SC-20050,OFF-BI-10004738,11.364,Standard Class,2,Credit Card
2006,12/31/2011,12/31/2011,1/4/2012,RW-19630,OFF-AR-10000034,29.68,Standard Class,5,Credit Card
2007,12/31/2011,12/31/2011,1/4/2012,RW-19630,TEC-AC-10000290,47.53,Standard Class,3,Credit Card
2008,8/4/2014,8/4/2014,8/5/2014,CM-12190,FUR-BO-10003034,183.372,First Class,5,Bank Transfer
2009,11/15/2011,11/15/2011,11/21/2011,JF-15190,OFF-AR-10001315,4.224,Standard Class,3,Credit Card
2010,11/15/2011,11/15/2011,11/21/2011,JF-15190,OFF-AP-10002118,333.056,Standard Class,2,Bank Transfer
2011,11/15/2011,11/15/2011,11/21/2011,JF-15190,OFF-PA-10002137,24.896,Standard Class,5,Bank Transfer
2012,12/11/2012,12/11/2012,12/11/2012,SC-20800,TEC-AC-10001606,159.984,Same Day,4,Bank Transfer
2013,12/11/2012,12/11/2012,12/11/2012,SC-20800,OFF-ST-10000943,46.344,Same Day,2,Credit Card
2014,9/19/2013,9/19/2013,9/24/2013,AM-10705,FUR-CH-10001854,350.98,Standard Class,2,Credit Card
2015,9/19/2013,9/19/2013,9/24/2013,AM-10705,OFF-PA-10000533,13.08,Standard Class,4,Bank Transfer
2016,9/19/2013,9/19/2013,9/24/2013,AM-10705,OFF-ST-10003716,900.08,Standard Class,4,Credit Card
2017,3/19/2012,3/19/2012,3/23/2012,BK-11260,OFF-BI-10000088,17.568,Standard Class,3,Bank Transfer
2018,3/19/2012,3/19/2012,3/23/2012,BK-11260,OFF-LA-10000240,14.62,Standard Class,5,PayPal
2019,3/19/2012,3/19/2012,3/23/2012,BK-11260,OFF-SU-10001165,33.36,Standard Class,1,Bank Transfer
2020,3/19/2012,3/19/2012,3/23/2012,BK-11260,OFF-PA-10002749,40.14,Standard Class,5,Credit Card
2021,9/20/2013,9/20/2013,9/22/2013,RH-19510,OFF-ST-10001490,1606.23,First Class,4,PayPal
2022,9/20/2013,9/20/2013,9/22/2013,RH-19510,OFF-PA-10002377,17.04,First Class,4,Credit Card
2023,9/20/2013,9/20/2013,9/22/2013,RH-19510,OFF-BI-10004826,49.53,First Class,5,Bank Transfer
2024,9/20/2013,9/20/2013,9/22/2013,RH-19510,FUR-CH-10004675,872.32,First Class,1,Bank Transfer
2025,8/21/2014,8/21/2014,8/23/2014,GM-14500,OFF-BI-10002867,239.12,Second Class,4,Credit Card
2026,3/13/2012,3/13/2012,3/15/2012,MC-17275,FUR-BO-10004409,141.96,First Class,1,Credit Card
2027,9/9/2013,9/9/2013,9/11/2013,VM-21685,OFF-BI-10002225,33.024,Second Class,4,PayPal
2028,9/9/2013,9/9/2013,9/11/2013,VM-21685,OFF-BI-10001989,67.136,Second Class,1,Credit Card
2029,11/26/2012,11/26/2012,11/30/2012,GP-14740,OFF-BI-10000343,14.73,Standard Class,5,Bank Transfer
2030,11/26/2012,11/26/2012,11/30/2012,GP-14740,OFF-ST-10001172,104.9,Standard Class,4,Bank Transfer
2031,11/26/2012,11/26/2012,11/30/2012,GP-14740,OFF-BI-10003707,61.04,Standard Class,4,Bank Transfer
2032,11/26/2012,11/26/2012,11/30/2012,GP-14740,OFF-PA-10001274,10.95,Standard Class,2,Credit Card
2033,12/10/2013,12/10/2013,12/14/2013,GB-14530,OFF-PA-10002250,9.392,Standard Class,2,Credit Card
2034,12/10/2013,12/10/2013,12/14/2013,GB-14530,OFF-AR-10000475,9.328,Standard Class,3,PayPal
2035,9/26/2014,9/26/2014,9/30/2014,CT-11995,OFF-BI-10002976,8.26,Standard Class,3,Credit Card
2036,9/26/2014,9/26/2014,9/30/2014,CT-11995,FUR-CH-10003061,269.97,Standard Class,4,PayPal
2037,1/23/2012,1/23/2012,1/27/2012,CW-11905,OFF-PA-10002893,29.04,Standard Class,1,Bank Transfer
2038,1/23/2012,1/23/2012,1/27/2012,CW-11905,OFF-LA-10003077,14.62,Standard Class,2,PayPal
2039,6/18/2012,6/18/2012,6/23/2012,SN-20560,OFF-PA-10001661,11.952,Standard Class,1,PayPal
2040,6/18/2012,6/18/2012,6/23/2012,SN-20560,OFF-BI-10004656,4.536,Standard Class,3,Bank Transfer
2041,6/18/2012,6/18/2012,6/23/2012,SN-20560,OFF-BI-10003707,9.156,Standard Class,4,Bank Transfer
2042,6/18/2012,6/18/2012,6/23/2012,SN-20560,FUR-FU-10004973,75.36,Standard Class,3,Bank Transfer
2043,10/2/2012,10/2/2012,10/8/2012,EB-13705,OFF-BI-10004817,57.504,Standard Class,1,Bank Transfer
2044,11/19/2014,11/19/2014,11/24/2014,JW-15220,OFF-AR-10001860,38.864,Standard Class,1,Bank Transfer
2045,8/17/2011,8/17/2011,8/23/2011,KB-16585,OFF-PA-10001639,15.552,Standard Class,3,PayPal
2046,7/18/2013,7/18/2013,7/22/2013,MC-17590,OFF-AP-10004487,162.64,Standard Class,4,PayPal
2047,7/18/2013,7/18/2013,7/22/2013,MC-17590,TEC-PH-10001760,597,Standard Class,3,Credit Card
2048,7/18/2013,7/18/2013,7/22/2013,MC-17590,OFF-PA-10004071,55.48,Standard Class,4,PayPal
2049,7/11/2012,7/11/2012,7/13/2012,CK-12595,FUR-FU-10004848,289.8,First Class,5,Bank Transfer
2050,7/11/2012,7/11/2012,7/13/2012,CK-12595,OFF-BI-10004022,2.502,First Class,3,PayPal
2051,7/11/2012,7/11/2012,7/13/2012,CK-12595,OFF-BI-10003669,6.48,First Class,1,Bank Transfer
2052,7/11/2012,7/11/2012,7/13/2012,CK-12595,FUR-CH-10003833,341.488,First Class,5,PayPal
2053,7/11/2012,7/11/2012,7/13/2012,CK-12595,OFF-AR-10003732,11.12,First Class,4,Bank Transfer
2054,7/11/2012,7/11/2012,7/13/2012,CK-12595,FUR-FU-10003142,25.344,First Class,3,PayPal
2055,12/2/2013,12/2/2013,12/8/2013,RD-19480,FUR-FU-10001196,17.31,Standard Class,2,Bank Transfer
2056,12/23/2014,12/23/2014,12/26/2014,TP-21130,TEC-AC-10001114,199.95,First Class,1,Bank Transfer
2057,12/23/2014,12/23/2014,12/26/2014,TP-21130,FUR-CH-10002335,1586.69,First Class,2,Bank Transfer
2058,12/23/2014,12/23/2014,12/26/2014,TP-21130,TEC-AC-10000844,84.99,First Class,5,Bank Transfer
2059,12/23/2014,12/23/2014,12/26/2014,TP-21130,FUR-TA-10004534,411.8,First Class,3,Credit Card
2060,10/31/2011,10/31/2011,11/4/2011,GG-14650,OFF-FA-10002975,11.34,Standard Class,3,PayPal
2061,10/31/2011,10/31/2011,11/4/2011,GG-14650,OFF-ST-10003996,80.3,Standard Class,4,Bank Transfer
2062,10/31/2011,10/31/2011,11/4/2011,GG-14650,OFF-BI-10002571,15.968,Standard Class,3,PayPal
2063,10/31/2011,10/31/2011,11/4/2011,GG-14650,OFF-PA-10000477,64.74,Standard Class,4,PayPal
2064,10/31/2011,10/31/2011,11/4/2011,GG-14650,OFF-BI-10004209,19.296,Standard Class,2,Bank Transfer
2065,10/31/2011,10/31/2011,11/4/2011,GG-14650,OFF-ST-10001963,405.64,Standard Class,5,Bank Transfer
2066,10/31/2011,10/31/2011,11/4/2011,GG-14650,FUR-CH-10003833,146.352,Standard Class,5,PayPal
2067,10/31/2011,10/31/2011,11/4/2011,GG-14650,TEC-AC-10004568,251.91,Standard Class,1,Credit Card
2068,10/31/2011,10/31/2011,11/4/2011,GG-14650,OFF-AR-10001419,12.39,Standard Class,2,Credit Card
2069,4/13/2012,4/13/2012,4/19/2012,ZC-21910,TEC-AC-10002800,199.96,Standard Class,2,Bank Transfer
2070,4/13/2012,4/13/2012,4/19/2012,ZC-21910,FUR-TA-10003954,710.832,Standard Class,1,Credit Card
2071,7/22/2013,7/22/2013,7/24/2013,CC-12610,OFF-BI-10000301,1.941,Second Class,3,PayPal
2072,11/21/2014,11/21/2014,11/26/2014,KA-16525,FUR-CH-10003956,283.92,Standard Class,5,Credit Card
2073,11/27/2013,11/27/2013,12/3/2013,TC-20980,OFF-BI-10002954,7.312,Standard Class,4,PayPal
2074,11/8/2014,11/8/2014,11/13/2014,DB-13270,TEC-AC-10003289,59.97,Second Class,3,PayPal
2075,11/8/2014,11/8/2014,11/13/2014,DB-13270,TEC-PH-10002468,761.544,Second Class,3,PayPal
2076,12/1/2011,12/1/2011,12/5/2011,TR-21325,FUR-FU-10001861,58.2,Standard Class,5,PayPal
2077,9/13/2014,9/13/2014,9/16/2014,BF-11080,OFF-PA-10004082,39.9,First Class,5,Bank Transfer
2078,9/13/2014,9/13/2014,9/16/2014,BF-11080,OFF-AP-10000358,90.86,First Class,3,Credit Card
2079,9/13/2014,9/13/2014,9/16/2014,BF-11080,OFF-PA-10004243,94.85,First Class,5,Credit Card
2080,12/24/2012,12/24/2012,12/29/2012,MS-17365,OFF-PA-10001295,106.232,Standard Class,3,Bank Transfer
2081,12/24/2012,12/24/2012,12/29/2012,MS-17365,TEC-PH-10002170,111.984,Standard Class,5,Bank Transfer
2082,12/24/2012,12/24/2012,12/29/2012,MS-17365,FUR-FU-10002885,7.712,Standard Class,3,Credit Card
2083,2/24/2014,2/24/2014,3/2/2014,CK-12595,OFF-PA-10002870,37.44,Standard Class,3,PayPal
2084,11/23/2011,11/23/2011,11/29/2011,ED-13885,OFF-LA-10003923,23.68,Standard Class,2,PayPal
2085,6/24/2013,6/24/2013,6/29/2013,IM-15070,OFF-LA-10003510,122.12,Standard Class,4,PayPal
2086,6/24/2013,6/24/2013,6/29/2013,IM-15070,OFF-LA-10000248,18.45,Standard Class,1,PayPal
2087,6/24/2013,6/24/2013,6/29/2013,IM-15070,OFF-ST-10000060,324.9,Standard Class,1,PayPal
2088,6/24/2013,6/24/2013,6/29/2013,IM-15070,OFF-PA-10003129,146.73,Standard Class,4,Bank Transfer
2089,6/24/2013,6/24/2013,6/29/2013,IM-15070,OFF-FA-10004076,3.96,Standard Class,2,Bank Transfer
2090,10/26/2012,10/26/2012,10/30/2012,MY-17380,OFF-LA-10004008,5.76,Standard Class,1,Credit Card
2091,7/16/2014,7/16/2014,7/20/2014,MM-17260,OFF-BI-10004094,26.55,Standard Class,5,Credit Card
2092,7/16/2014,7/16/2014,7/20/2014,MM-17260,FUR-TA-10004607,310.443,Standard Class,1,Credit Card
2093,11/17/2011,11/17/2011,11/21/2011,MP-17470,FUR-CH-10004289,479.9,Standard Class,5,Credit Card
2094,4/13/2012,4/13/2012,4/15/2012,AW-10840,OFF-SU-10004498,12.88,Second Class,4,Credit Card
2095,11/25/2012,11/25/2012,11/29/2012,SF-20065,OFF-AR-10001177,13.12,Standard Class,3,Credit Card
2096,5/16/2013,5/16/2013,5/21/2013,SN-20710,OFF-BI-10001718,511.84,Standard Class,1,PayPal
2097,5/16/2013,5/16/2013,5/21/2013,SN-20710,OFF-AR-10004602,91.96,Standard Class,4,Bank Transfer
2098,5/16/2013,5/16/2013,5/21/2013,SN-20710,OFF-AR-10003856,8.34,Standard Class,5,Bank Transfer
2099,9/8/2014,9/8/2014,9/13/2014,RD-19900,OFF-ST-10000649,37.68,Standard Class,3,PayPal
2100,9/8/2014,9/8/2014,9/13/2014,RD-19900,TEC-AC-10002926,279.944,Standard Class,4,Credit Card
2101,3/10/2011,3/10/2011,3/17/2011,KT-16480,OFF-ST-10000078,636.408,Standard Class,2,Bank Transfer
2102,3/10/2011,3/10/2011,3/17/2011,KT-16480,OFF-AR-10001044,83.168,Standard Class,5,PayPal
2103,7/18/2011,7/18/2011,7/18/2011,AH-10120,FUR-CH-10002372,259.136,Same Day,3,Credit Card
2104,3/25/2014,3/25/2014,3/29/2014,BM-11650,OFF-PA-10000357,221.92,Second Class,5,Credit Card
2105,3/25/2014,3/25/2014,3/29/2014,BM-11650,TEC-AC-10001266,26,Second Class,1,PayPal
2106,9/30/2011,9/30/2011,10/5/2011,BW-11200,OFF-PA-10004888,15.552,Standard Class,2,Bank Transfer
2107,9/26/2011,9/26/2011,9/26/2011,HG-14965,OFF-BI-10003460,0.876,Same Day,1,Credit Card
2108,10/31/2012,10/31/2012,10/31/2012,SG-20080,OFF-PA-10000157,19.98,Same Day,1,PayPal
2109,10/31/2012,10/31/2012,10/31/2012,SG-20080,OFF-BI-10004519,398.352,Same Day,5,PayPal
2110,10/31/2012,10/31/2012,10/31/2012,SG-20080,OFF-AR-10004272,5.04,Same Day,3,PayPal
2111,10/31/2012,10/31/2012,10/31/2012,SG-20080,OFF-FA-10000585,17.45,Same Day,4,PayPal
2112,10/31/2012,10/31/2012,10/31/2012,SG-20080,FUR-CH-10004218,323.136,Same Day,5,Credit Card
2113,10/31/2012,10/31/2012,10/31/2012,SG-20080,OFF-SU-10004231,29.7,Same Day,1,PayPal
2114,10/31/2012,10/31/2012,10/31/2012,SG-20080,TEC-PH-10001578,1295.84,Same Day,2,Credit Card
2115,10/31/2012,10/31/2012,10/31/2012,SG-20080,OFF-ST-10003638,46.84,Same Day,1,Credit Card
2116,10/31/2012,10/31/2012,10/31/2012,SG-20080,FUR-BO-10002213,425.833,Same Day,4,Bank Transfer
2117,10/12/2012,10/12/2012,10/17/2012,RK-19300,FUR-TA-10001307,209.67,Second Class,5,Bank Transfer
2118,9/20/2013,9/20/2013,9/24/2013,SW-20245,OFF-PA-10002222,159.88,Standard Class,1,Bank Transfer
2119,4/14/2014,4/14/2014,4/16/2014,RW-19630,OFF-PA-10002479,5.28,First Class,3,Credit Card
2120,4/14/2014,4/14/2014,4/16/2014,RW-19630,OFF-BI-10003091,895.92,First Class,1,Credit Card
2121,1/8/2014,1/8/2014,1/14/2014,TS-21085,OFF-BI-10000145,2.808,Standard Class,4,PayPal
2122,11/10/2014,11/10/2014,11/12/2014,JB-15400,FUR-CH-10003061,215.976,First Class,4,Credit Card
2123,9/23/2014,9/23/2014,9/25/2014,EH-14005,FUR-BO-10001972,241.96,Second Class,4,PayPal
2124,9/23/2014,9/23/2014,9/25/2014,EH-14005,OFF-LA-10000134,27.72,Second Class,2,PayPal
2125,12/2/2014,12/2/2014,12/6/2014,EH-14005,OFF-EN-10003040,104.68,Standard Class,1,Bank Transfer
2126,12/2/2014,12/2/2014,12/6/2014,EH-14005,TEC-PH-10000923,62.958,Standard Class,4,Credit Card
2127,6/23/2011,6/23/2011,6/28/2011,BS-11665,TEC-AC-10000158,86.376,Standard Class,2,Credit Card
2128,10/4/2012,10/4/2012,10/9/2012,JK-16120,FUR-FU-10003623,64.944,Standard Class,1,Bank Transfer
2129,10/4/2012,10/4/2012,10/9/2012,JK-16120,OFF-PA-10001293,20.736,Standard Class,5,Bank Transfer
2130,5/20/2011,5/20/2011,5/22/2011,RF-19345,OFF-AP-10000124,33.28,Second Class,5,Bank Transfer
2131,5/20/2011,5/20/2011,5/22/2011,RF-19345,OFF-AR-10004511,38.52,Second Class,2,Credit Card
2132,5/20/2011,5/20/2011,5/22/2011,RF-19345,FUR-FU-10000076,139.86,Second Class,4,PayPal
2133,11/20/2012,11/20/2012,11/26/2012,DL-12865,OFF-PA-10003883,19.65,Standard Class,5,Credit Card
2134,11/30/2012,11/30/2012,12/4/2012,WB-21850,OFF-BI-10003656,152.991,Standard Class,4,PayPal
2135,11/30/2012,11/30/2012,12/4/2012,WB-21850,OFF-FA-10000053,10.584,Standard Class,5,Credit Card
2136,11/30/2012,11/30/2012,12/4/2012,WB-21850,TEC-PH-10002807,94.92,Standard Class,5,Bank Transfer
2137,12/31/2012,12/31/2012,1/5/2013,TB-21625,FUR-FU-10002364,14.76,Standard Class,5,Credit Card
2138,12/31/2012,12/31/2012,1/5/2013,TB-21625,OFF-BI-10002954,3.656,Standard Class,3,Credit Card
2139,11/17/2014,11/17/2014,11/17/2014,CB-12415,OFF-PA-10004092,146.82,Same Day,4,Credit Card
2140,6/6/2011,6/6/2011,6/11/2011,GT-14635,OFF-BI-10003982,149.544,Standard Class,2,Bank Transfer
2141,6/6/2011,6/6/2011,6/11/2011,GT-14635,OFF-SU-10001664,17.14,Standard Class,1,PayPal
2142,6/6/2011,6/6/2011,6/11/2011,GT-14635,FUR-TA-10003238,991.764,Standard Class,4,PayPal
2143,9/2/2013,9/2/2013,9/6/2013,DK-13225,OFF-PA-10004675,30.48,Standard Class,5,Credit Card
2144,9/2/2013,9/2/2013,9/6/2013,DK-13225,TEC-PH-10002293,23.988,Standard Class,2,Bank Transfer
2145,9/2/2013,9/2/2013,9/6/2013,DK-13225,OFF-FA-10002780,16.688,Standard Class,4,PayPal
2146,6/26/2013,6/26/2013,6/30/2013,TS-21160,FUR-CH-10002965,422.058,Standard Class,2,Credit Card
2147,6/26/2013,6/26/2013,6/30/2013,TS-21160,OFF-BI-10004781,38.088,Standard Class,4,Credit Card
2148,6/26/2013,6/26/2013,6/30/2013,TS-21160,OFF-ST-10001713,254.352,Standard Class,1,Credit Card
2149,12/12/2011,12/12/2011,12/17/2011,WB-21850,FUR-FU-10003975,43.31,Standard Class,3,Bank Transfer
2150,4/1/2014,4/1/2014,4/6/2014,DO-13435,TEC-PH-10001536,84.95,Standard Class,2,Bank Transfer
2151,11/20/2014,11/20/2014,11/27/2014,AF-10870,FUR-CH-10001973,233.058,Standard Class,4,PayPal
2152,11/24/2011,11/24/2011,11/29/2011,RB-19435,TEC-AC-10001772,111.79,Second Class,2,Credit Card
2153,11/22/2012,11/22/2012,11/26/2012,AR-10540,OFF-PA-10002586,14.94,Standard Class,3,PayPal
2154,7/15/2013,7/15/2013,7/19/2013,DR-12880,OFF-BI-10004094,14.16,Standard Class,4,Credit Card
2155,5/1/2013,5/1/2013,5/6/2013,BF-11170,FUR-FU-10004973,22.608,Standard Class,4,PayPal
2156,7/26/2013,7/26/2013,7/28/2013,LB-16735,OFF-FA-10000624,21.48,Second Class,3,Bank Transfer
2157,6/22/2011,6/22/2011,6/24/2011,DV-13465,OFF-ST-10001097,501.81,First Class,3,PayPal
2158,6/22/2011,6/22/2011,6/24/2011,DV-13465,OFF-ST-10001469,161.94,First Class,2,Credit Card
2159,10/22/2014,10/22/2014,10/27/2014,NK-18490,OFF-AR-10004956,17.856,Standard Class,5,Bank Transfer
2160,9/4/2013,9/4/2013,9/10/2013,CS-11950,OFF-BI-10004236,8.808,Standard Class,2,PayPal
2161,5/15/2013,5/15/2013,5/15/2013,LH-17155,FUR-FU-10002937,79.384,Same Day,5,PayPal
2162,1/7/2013,1/7/2013,1/12/2013,DW-13480,OFF-AR-10003696,34.58,Standard Class,5,PayPal
2163,3/14/2014,3/14/2014,3/20/2014,KF-16285,OFF-PA-10004359,314.55,Standard Class,2,Credit Card
2164,10/14/2013,10/14/2013,10/20/2013,HA-14920,TEC-AC-10002402,191.976,Standard Class,5,PayPal
2165,10/14/2013,10/14/2013,10/20/2013,HA-14920,OFF-PA-10000551,8.288,Standard Class,4,PayPal
2166,10/14/2013,10/14/2013,10/20/2013,HA-14920,FUR-FU-10003394,139.92,Standard Class,3,Credit Card
2167,10/14/2013,10/14/2013,10/20/2013,HA-14920,OFF-AR-10002067,15.872,Standard Class,4,Credit Card
2168,10/14/2013,10/14/2013,10/20/2013,HA-14920,OFF-BI-10004140,6.286,Standard Class,3,Credit Card
2169,1/28/2014,1/28/2014,1/31/2014,JH-15820,OFF-AR-10004078,14.016,Second Class,5,Bank Transfer
2170,1/28/2014,1/28/2014,1/31/2014,JH-15820,TEC-AC-10000927,71.976,Second Class,5,Credit Card
2171,1/28/2014,1/28/2014,1/31/2014,JH-15820,TEC-PH-10003931,107.982,Second Class,3,PayPal
2172,11/20/2014,11/20/2014,11/26/2014,LC-16930,FUR-CH-10004675,305.312,Standard Class,4,Bank Transfer
2173,8/1/2011,8/1/2011,8/3/2011,IL-15100,OFF-BI-10004506,19.752,First Class,5,PayPal
2174,7/31/2013,7/31/2013,8/5/2013,LS-16975,OFF-BI-10002353,9.264,Standard Class,3,Credit Card
2175,7/30/2012,7/30/2012,8/3/2012,CC-12610,OFF-ST-10000943,61.792,Second Class,5,Bank Transfer
2176,10/16/2013,10/16/2013,10/22/2013,PB-18805,OFF-PA-10000740,45.68,Standard Class,1,Credit Card
2177,10/16/2013,10/16/2013,10/22/2013,PB-18805,OFF-PA-10003001,60.12,Standard Class,5,Credit Card
2178,10/16/2013,10/16/2013,10/22/2013,PB-18805,OFF-BI-10001628,41.72,Standard Class,2,PayPal
2179,10/16/2013,10/16/2013,10/22/2013,PB-18805,OFF-PA-10001509,71.6,Standard Class,5,PayPal
2180,5/8/2013,5/8/2013,5/12/2013,CJ-12010,OFF-BI-10000309,85.232,Standard Class,3,Credit Card
2181,5/8/2013,5/8/2013,5/12/2013,CJ-12010,OFF-LA-10003923,44.4,Standard Class,1,Bank Transfer
2182,5/8/2013,5/8/2013,5/12/2013,CJ-12010,FUR-CH-10002084,442.764,Standard Class,4,Credit Card
2183,5/8/2013,5/8/2013,5/12/2013,CJ-12010,TEC-MA-10000488,3999.95,Standard Class,4,Credit Card
2184,5/8/2013,5/8/2013,5/12/2013,CJ-12010,TEC-AC-10001767,199.95,Standard Class,4,Credit Card
2185,5/8/2013,5/8/2013,5/12/2013,CJ-12010,FUR-FU-10001940,63.68,Standard Class,2,Bank Transfer
2186,8/2/2014,8/2/2014,8/5/2014,HK-14890,OFF-BI-10002735,54.896,Second Class,5,Bank Transfer
2187,7/15/2013,7/15/2013,7/15/2013,RH-19600,TEC-AC-10002345,29,Same Day,2,Credit Card
2188,8/11/2014,8/11/2014,8/16/2014,IL-15100,OFF-EN-10003134,70.08,Standard Class,1,Bank Transfer
2189,8/11/2014,8/11/2014,8/16/2014,IL-15100,FUR-FU-10003708,121.3,Standard Class,5,Credit Card
2190,8/11/2014,8/11/2014,8/16/2014,IL-15100,TEC-PH-10003645,1454.49,Standard Class,4,Credit Card
2191,6/26/2013,6/26/2013,6/30/2013,AS-10240,OFF-AP-10000692,60.81,Standard Class,3,Credit Card
2192,12/11/2013,12/11/2013,12/18/2013,AP-10915,OFF-BI-10001718,153.552,Standard Class,3,Bank Transfer
2193,12/11/2013,12/11/2013,12/18/2013,AP-10915,OFF-AP-10002082,65.34,Standard Class,4,PayPal
2194,12/11/2013,12/11/2013,12/18/2013,AP-10915,OFF-PA-10001125,123.92,Standard Class,1,Bank Transfer
2195,12/11/2013,12/11/2013,12/18/2013,AP-10915,OFF-AP-10000252,35.1,Standard Class,2,Credit Card
2196,12/11/2013,12/11/2013,12/18/2013,AP-10915,TEC-AC-10003038,44.75,Standard Class,2,PayPal
2197,12/2/2013,12/2/2013,12/7/2013,AG-10390,OFF-AR-10000940,4.704,Standard Class,1,PayPal
2198,11/28/2011,11/28/2011,12/4/2011,BF-11080,OFF-AR-10001954,14.67,Standard Class,1,PayPal
2199,3/28/2012,3/28/2012,4/2/2012,CK-12205,OFF-PA-10003177,15.552,Standard Class,5,Bank Transfer
2200,3/28/2012,3/28/2012,4/2/2012,CK-12205,OFF-PA-10000533,5.232,Standard Class,3,PayPal
2201,6/1/2011,6/1/2011,6/6/2011,LT-17110,FUR-FU-10001935,22.2,Standard Class,1,Credit Card
2202,6/1/2011,6/1/2011,6/6/2011,LT-17110,TEC-PH-10002563,881.93,Standard Class,1,Bank Transfer
2203,9/6/2012,9/6/2012,9/12/2012,BT-11305,OFF-BI-10002160,6.096,Standard Class,1,Credit Card
2204,9/6/2012,9/6/2012,9/12/2012,BT-11305,FUR-FU-10004748,191.82,Standard Class,1,Bank Transfer
2205,6/29/2012,6/29/2012,7/5/2012,SC-20725,FUR-FU-10001473,20.104,Standard Class,5,Bank Transfer
2206,9/11/2013,9/11/2013,9/13/2013,CG-12040,OFF-AR-10000538,67.56,Second Class,1,Credit Card
2207,7/14/2011,7/14/2011,7/20/2011,AW-10930,OFF-BI-10001098,29.932,Standard Class,4,Bank Transfer
2208,7/14/2011,7/14/2011,7/20/2011,AW-10930,TEC-PH-10001552,38.272,Standard Class,2,Bank Transfer
2209,8/22/2012,8/22/2012,8/26/2012,RB-19705,OFF-AR-10000390,16.52,Standard Class,5,Credit Card
2210,11/14/2011,11/14/2011,11/16/2011,ML-17410,TEC-PH-10001079,832.93,Second Class,5,PayPal
2211,11/14/2011,11/14/2011,11/16/2011,ML-17410,OFF-BI-10003460,43.8,Second Class,2,PayPal
2212,11/28/2013,11/28/2013,12/1/2013,VB-21745,OFF-AP-10003842,167.292,First Class,2,PayPal
2213,11/22/2014,11/22/2014,11/26/2014,SW-20275,FUR-FU-10003535,27.42,Standard Class,1,Bank Transfer
2214,10/2/2014,10/2/2014,10/3/2014,NS-18505,OFF-BI-10002012,1.44,First Class,5,Credit Card
2215,10/2/2014,10/2/2014,10/3/2014,NS-18505,OFF-BI-10001922,61.776,First Class,5,PayPal
2216,10/2/2014,10/2/2014,10/3/2014,NS-18505,OFF-AP-10000576,241.96,First Class,3,PayPal
2217,10/2/2014,10/2/2014,10/3/2014,NS-18505,FUR-CH-10000553,108.608,First Class,1,PayPal
2218,9/20/2011,9/20/2011,9/25/2011,DB-13555,OFF-AR-10003469,2.816,Standard Class,4,PayPal
2219,7/29/2014,7/29/2014,8/2/2014,MH-17620,OFF-BI-10000145,9.984,Standard Class,5,Bank Transfer
2220,7/29/2014,7/29/2014,8/2/2014,MH-17620,OFF-ST-10001580,14.98,Standard Class,5,Bank Transfer
2221,7/29/2014,7/29/2014,8/2/2014,MH-17620,TEC-PH-10001817,1145.6,Standard Class,5,Credit Card
2222,12/6/2012,12/6/2012,12/6/2012,DK-13375,TEC-PH-10001578,485.94,Same Day,4,PayPal
2223,12/6/2012,12/6/2012,12/6/2012,DK-13375,OFF-AR-10004078,37.376,Same Day,3,Credit Card
2224,12/6/2012,12/6/2012,12/6/2012,DK-13375,FUR-CH-10004860,70.686,Same Day,3,PayPal
2225,8/1/2014,8/1/2014,8/6/2014,EA-14035,OFF-PA-10003790,54.816,Standard Class,1,Credit Card
2226,3/20/2013,3/20/2013,3/22/2013,BT-11440,FUR-BO-10002202,72.294,Second Class,5,PayPal
2227,7/30/2014,7/30/2014,8/4/2014,LA-16780,OFF-FA-10003059,2.896,Standard Class,2,PayPal
2228,7/30/2014,7/30/2014,8/4/2014,LA-16780,TEC-PH-10002496,124.792,Standard Class,5,Bank Transfer
2229,10/2/2013,10/2/2013,10/6/2013,GM-14680,FUR-TA-10003238,330.588,Standard Class,2,PayPal
2230,3/31/2011,3/31/2011,4/5/2011,AA-10315,OFF-BI-10004390,673.568,Standard Class,3,PayPal
2231,3/31/2011,3/31/2011,4/5/2011,AA-10315,OFF-AP-10002765,52.98,Standard Class,5,PayPal
2232,6/27/2014,6/27/2014,7/2/2014,DB-13405,FUR-FU-10000293,526.45,Standard Class,5,Bank Transfer
2233,7/10/2014,7/10/2014,7/15/2014,JH-15820,OFF-ST-10003692,228.92,Standard Class,3,Credit Card
2234,12/14/2012,12/14/2012,12/16/2012,DJ-13630,TEC-PH-10001051,319.968,Second Class,3,Credit Card
2235,12/6/2014,12/6/2014,12/11/2014,QJ-19255,TEC-AC-10001013,205.03,Standard Class,3,Credit Card
2236,9/15/2012,9/15/2012,9/17/2012,CT-11995,OFF-ST-10000025,190.86,Second Class,3,PayPal
2237,9/15/2012,9/15/2012,9/17/2012,CT-11995,OFF-AR-10000817,24.32,Second Class,4,Bank Transfer
2238,7/16/2013,7/16/2013,7/22/2013,RH-19510,OFF-SU-10000952,44.4,Standard Class,5,PayPal
2239,4/21/2014,4/21/2014,4/27/2014,SJ-20125,FUR-FU-10004597,44.4,Standard Class,4,Bank Transfer
2240,11/16/2013,11/16/2013,11/18/2013,TG-21310,OFF-BI-10003527,1016.792,Second Class,3,Credit Card
2241,11/16/2013,11/16/2013,11/18/2013,TG-21310,OFF-BI-10002982,38.136,Second Class,3,PayPal
2242,11/27/2013,11/27/2013,12/2/2013,CT-11995,TEC-PH-10004165,494.982,Standard Class,1,Credit Card
2243,11/22/2014,11/22/2014,11/26/2014,BF-11005,OFF-ST-10003442,56.56,Standard Class,1,Credit Card
2244,11/22/2014,11/22/2014,11/26/2014,BF-11005,OFF-AR-10003856,5.56,Standard Class,3,PayPal
2245,11/22/2014,11/22/2014,11/26/2014,BF-11005,OFF-FA-10004248,9.02,Standard Class,1,PayPal
2246,11/22/2014,11/22/2014,11/26/2014,BF-11005,OFF-AP-10001492,8.62,Standard Class,5,Credit Card
2247,11/22/2014,11/22/2014,11/26/2014,BF-11005,TEC-PH-10004165,659.976,Standard Class,5,Credit Card
2248,2/15/2012,2/15/2012,2/18/2012,JM-16195,OFF-PA-10004285,13.36,Second Class,1,Credit Card
2249,2/15/2012,2/15/2012,2/18/2012,JM-16195,OFF-BI-10001628,41.72,Second Class,5,Credit Card
2250,2/15/2012,2/15/2012,2/18/2012,JM-16195,OFF-BI-10000546,11.52,Second Class,2,PayPal
2251,2/15/2012,2/15/2012,2/18/2012,JM-16195,OFF-AP-10001391,541.44,Second Class,4,Credit Card
2252,2/15/2012,2/15/2012,2/18/2012,JM-16195,OFF-PA-10000477,19.44,Second Class,4,Bank Transfer
2253,4/16/2013,4/16/2013,4/18/2013,JK-16120,OFF-PA-10004327,143.7,Second Class,1,Bank Transfer
2254,9/28/2012,9/28/2012,10/1/2012,HG-14965,OFF-AP-10000696,43.26,First Class,1,Bank Transfer
2255,9/28/2012,9/28/2012,10/1/2012,HG-14965,OFF-AP-10002082,43.56,First Class,4,Bank Transfer
2256,9/18/2013,9/18/2013,9/23/2013,LA-16780,TEC-PH-10001944,437.85,Standard Class,4,Credit Card
2257,9/18/2013,9/18/2013,9/23/2013,LA-16780,FUR-FU-10004952,109.48,Standard Class,5,PayPal
2258,6/17/2014,6/17/2014,6/20/2014,TS-21610,FUR-CH-10000015,1212.96,First Class,4,Bank Transfer
2259,6/17/2014,6/17/2014,6/20/2014,TS-21610,OFF-PA-10001776,18.54,First Class,3,PayPal
2260,11/8/2012,11/8/2012,11/10/2012,MZ-17335,OFF-FA-10002280,5,Second Class,3,Credit Card
2261,11/8/2012,11/8/2012,11/10/2012,MZ-17335,TEC-AC-10002049,371.97,Second Class,3,Bank Transfer
2262,12/18/2012,12/18/2012,12/18/2012,MW-18220,TEC-AC-10002253,166.24,Same Day,3,Credit Card
2263,2/7/2014,2/7/2014,2/10/2014,MV-17485,FUR-BO-10004015,359.97,First Class,5,PayPal
2264,11/15/2013,11/15/2013,11/17/2013,AA-10375,TEC-AC-10004145,499.98,Second Class,3,Bank Transfer
2265,11/15/2013,11/15/2013,11/17/2013,AA-10375,OFF-PA-10002479,5.28,Second Class,5,Credit Card
2266,11/15/2013,11/15/2013,11/17/2013,AA-10375,OFF-BI-10004970,8.26,Second Class,2,Bank Transfer
2267,10/13/2014,10/13/2014,10/13/2014,SM-20320,OFF-PA-10003919,7.968,Same Day,1,PayPal
2268,9/18/2014,9/18/2014,9/18/2014,TP-21415,OFF-PA-10002001,12.96,Same Day,3,Bank Transfer
2269,12/21/2014,12/21/2014,12/27/2014,DK-13225,OFF-PA-10002787,6.48,Standard Class,4,Credit Card
2270,12/21/2014,12/21/2014,12/27/2014,DK-13225,OFF-BI-10003291,6.984,Standard Class,2,PayPal
2271,12/3/2014,12/3/2014,12/8/2014,MK-17905,OFF-AR-10004344,47.96,Standard Class,5,Bank Transfer
2272,9/21/2012,9/21/2012,9/27/2012,CS-12130,OFF-ST-10003123,199.74,Standard Class,2,Bank Transfer
2273,3/6/2012,3/6/2012,3/11/2012,JL-15850,FUR-FU-10000308,435.26,Standard Class,4,Credit Card
2274,3/6/2012,3/6/2012,3/11/2012,JL-15850,TEC-CO-10003763,1119.984,Standard Class,2,Bank Transfer
2275,10/3/2011,10/3/2011,10/8/2011,AR-10405,FUR-TA-10001866,143.432,Second Class,1,Credit Card
2276,10/3/2011,10/3/2011,10/8/2011,AR-10405,FUR-CH-10002774,122.352,Second Class,3,Bank Transfer
2277,6/27/2011,6/27/2011,7/1/2011,LM-17065,OFF-ST-10004337,306.2,Standard Class,1,PayPal
2278,6/27/2011,6/27/2011,7/1/2011,LM-17065,FUR-TA-10001039,85.98,Standard Class,1,PayPal
2279,6/27/2011,6/27/2011,7/1/2011,LM-17065,TEC-AC-10000109,223.96,Standard Class,1,Credit Card
2280,10/31/2014,10/31/2014,11/3/2014,JK-15625,FUR-CH-10003833,97.568,First Class,4,Credit Card
2281,10/31/2014,10/31/2014,11/3/2014,JK-15625,FUR-CH-10004289,614.272,First Class,4,Credit Card
2282,10/31/2014,10/31/2014,11/3/2014,JK-15625,FUR-BO-10004467,199.98,First Class,3,Credit Card
2283,9/4/2013,9/4/2013,9/6/2013,FM-14215,OFF-PA-10002713,48.16,First Class,1,Credit Card
2284,3/5/2012,3/5/2012,3/9/2012,SF-20200,TEC-PH-10001552,23.92,Standard Class,2,PayPal
2285,3/5/2012,3/5/2012,3/9/2012,SF-20200,OFF-AP-10002222,60.69,Standard Class,5,PayPal
2286,5/6/2013,5/6/2013,5/9/2013,PJ-18835,OFF-PA-10003971,14.352,First Class,4,Credit Card
2287,11/18/2014,11/18/2014,11/24/2014,CS-12355,OFF-AP-10004036,35.04,Standard Class,5,Credit Card
2288,6/2/2014,6/2/2014,6/6/2014,BB-10990,OFF-AP-10002287,17.48,Second Class,2,Credit Card
2289,6/11/2014,6/11/2014,6/14/2014,BW-11200,OFF-AR-10002375,16.4,First Class,4,Credit Card
2290,1/9/2014,1/9/2014,1/12/2014,RS-19420,FUR-TA-10001950,892.98,First Class,1,PayPal
2291,4/20/2012,4/20/2012,4/25/2012,TS-21160,TEC-PH-10001557,287.97,Standard Class,4,PayPal
2292,4/20/2012,4/20/2012,4/25/2012,TS-21160,FUR-FU-10002937,595.38,Standard Class,2,PayPal
2293,4/20/2012,4/20/2012,4/25/2012,TS-21160,OFF-PA-10001166,12.96,Standard Class,5,Credit Card
2294,11/1/2012,11/1/2012,11/6/2012,QJ-19255,TEC-PH-10000347,4.95,Standard Class,4,Credit Card
2295,12/24/2014,12/24/2014,12/28/2014,FM-14215,FUR-FU-10003708,181.95,Standard Class,1,PayPal
2296,11/1/2012,11/1/2012,11/5/2012,VD-21670,OFF-PA-10002659,13.52,Standard Class,2,Credit Card
2297,11/1/2012,11/1/2012,11/5/2012,VD-21670,FUR-FU-10000965,259.7,Standard Class,4,PayPal
2298,11/1/2012,11/1/2012,11/5/2012,VD-21670,TEC-PH-10001527,42.95,Standard Class,3,Bank Transfer
2299,11/1/2012,11/1/2012,11/5/2012,VD-21670,TEC-AC-10001838,1399.93,Standard Class,3,Bank Transfer
2300,11/1/2012,11/1/2012,11/5/2012,VD-21670,TEC-PH-10002597,503.96,Standard Class,1,Bank Transfer
2301,11/14/2011,11/14/2011,11/18/2011,JL-15505,OFF-BI-10000756,12.72,Standard Class,2,Credit Card
2302,11/14/2011,11/14/2011,11/18/2011,JL-15505,OFF-BI-10000546,11.52,Standard Class,3,Bank Transfer
2303,1/17/2013,1/17/2013,1/21/2013,DL-13495,TEC-AC-10001142,316,Standard Class,2,Credit Card
2304,9/18/2014,9/18/2014,9/23/2014,MO-17800,FUR-CH-10000785,723.92,Second Class,1,Credit Card
2305,9/18/2014,9/18/2014,9/23/2014,MO-17800,OFF-PA-10000474,106.32,Second Class,2,Credit Card
2306,12/24/2013,12/24/2013,12/25/2013,BP-11185,FUR-BO-10003441,141.372,First Class,4,Bank Transfer
2307,8/6/2012,8/6/2012,8/8/2012,MS-17980,OFF-PA-10004156,27.216,First Class,1,Bank Transfer
2308,11/6/2014,11/6/2014,11/10/2014,SV-20935,TEC-AC-10001432,390.75,Standard Class,3,Bank Transfer
2309,6/12/2014,6/12/2014,6/13/2014,BC-11125,FUR-CH-10001394,280.792,First Class,5,Bank Transfer
2310,6/12/2014,6/12/2014,6/13/2014,BC-11125,OFF-ST-10002370,68.448,First Class,2,Bank Transfer
2311,6/12/2014,6/12/2014,6/13/2014,BC-11125,OFF-AR-10002956,88.04,First Class,2,Credit Card
2312,6/12/2014,6/12/2014,6/13/2014,BC-11125,OFF-AR-10001955,15.872,First Class,5,PayPal
2313,6/12/2014,6/12/2014,6/13/2014,BC-11125,OFF-ST-10001809,215.592,First Class,4,PayPal
2314,7/21/2014,7/21/2014,7/26/2014,EM-13825,OFF-LA-10004093,14.62,Standard Class,5,Bank Transfer
2315,7/21/2014,7/21/2014,7/26/2014,EM-13825,OFF-AP-10002118,416.32,Standard Class,4,Bank Transfer
2316,7/21/2014,7/21/2014,7/26/2014,EM-13825,OFF-BI-10000404,43,Standard Class,2,Credit Card
2317,7/21/2014,7/21/2014,7/26/2014,EM-13825,FUR-CH-10003833,182.94,Standard Class,2,PayPal
2318,7/21/2014,7/21/2014,7/26/2014,EM-13825,OFF-BI-10002072,60.83,Standard Class,1,Credit Card
2319,7/21/2014,7/21/2014,7/26/2014,EM-13825,TEC-AC-10003095,389.97,Standard Class,1,Bank Transfer
2320,12/23/2012,12/23/2012,12/26/2012,BD-11500,OFF-AP-10001563,194.32,First Class,4,Bank Transfer
2321,3/21/2014,3/21/2014,3/25/2014,HW-14935,TEC-AC-10000358,265.93,Standard Class,1,Bank Transfer
2322,12/31/2012,12/31/2012,1/3/2013,KC-16255,OFF-BI-10004492,94.74,Second Class,2,PayPal
2323,12/31/2012,12/31/2012,1/3/2013,KC-16255,OFF-BI-10001072,60.64,Second Class,5,Bank Transfer
2324,12/31/2012,12/31/2012,1/3/2013,KC-16255,OFF-BI-10003707,76.3,Second Class,4,PayPal
2325,12/31/2012,12/31/2012,1/3/2013,KC-16255,OFF-BI-10000977,364.8,Second Class,4,Credit Card
2326,9/15/2012,9/15/2012,9/19/2012,BM-11575,OFF-BI-10002082,79.872,Second Class,1,Bank Transfer
2327,9/15/2012,9/15/2012,9/19/2012,BM-11575,FUR-BO-10004709,46.384,Second Class,2,Credit Card
2328,9/15/2012,9/15/2012,9/19/2012,BM-11575,OFF-PA-10002365,12.96,Second Class,3,Bank Transfer
2329,9/24/2014,9/24/2014,9/27/2014,KN-16705,OFF-EN-10004147,14.352,First Class,2,PayPal
2330,12/25/2012,12/25/2012,12/29/2012,JD-16150,FUR-FU-10001468,547.136,Standard Class,2,Credit Card
2331,9/25/2013,9/25/2013,9/27/2013,LA-16780,OFF-ST-10000642,41.96,Second Class,2,PayPal
2332,9/25/2013,9/25/2013,9/27/2013,LA-16780,OFF-PA-10000380,41.7,Second Class,2,PayPal
2333,3/22/2014,3/22/2014,3/26/2014,RW-19690,OFF-PA-10004071,277.4,Standard Class,1,Credit Card
2334,3/22/2014,3/22/2014,3/26/2014,RW-19690,OFF-PA-10004971,5.78,Standard Class,1,Credit Card
2335,9/30/2011,9/30/2011,10/4/2011,KW-16570,OFF-AP-10000696,69.216,Standard Class,2,Bank Transfer
2336,12/11/2014,12/11/2014,12/11/2014,CC-12220,OFF-EN-10004030,10.86,Same Day,5,PayPal
2337,12/11/2014,12/11/2014,12/11/2014,CC-12220,OFF-AP-10000026,426.79,Same Day,2,Bank Transfer
2338,8/23/2011,8/23/2011,8/23/2011,RH-19495,OFF-PA-10003936,25.92,Same Day,2,Credit Card
2339,8/23/2011,8/23/2011,8/23/2011,RH-19495,OFF-PA-10004530,45.92,Same Day,4,PayPal
2340,8/19/2011,8/19/2011,8/24/2011,JK-15625,OFF-AR-10004930,10.72,Standard Class,4,Bank Transfer
2341,11/11/2013,11/11/2013,11/16/2013,DC-13285,OFF-AR-10004999,41.86,Standard Class,5,PayPal
2342,12/31/2011,12/31/2011,1/3/2012,GM-14455,FUR-FU-10002501,63.2,First Class,5,PayPal
2343,12/31/2011,12/31/2011,1/3/2012,GM-14455,TEC-AC-10000358,113.97,First Class,5,PayPal
2344,7/26/2011,7/26/2011,7/30/2011,CL-11890,OFF-ST-10004804,123.552,Second Class,4,Credit Card
2345,2/22/2013,2/22/2013,2/28/2013,PV-18985,OFF-AP-10001205,490.32,Standard Class,2,Credit Card
2346,3/14/2013,3/14/2013,3/19/2013,LT-17110,OFF-PA-10000659,70.08,Standard Class,3,Credit Card
2347,3/14/2013,3/14/2013,3/19/2013,LT-17110,OFF-BI-10004141,1.272,Standard Class,3,Bank Transfer
2348,3/14/2013,3/14/2013,3/19/2013,LT-17110,FUR-TA-10004619,557.585,Standard Class,4,PayPal
2349,12/3/2014,12/3/2014,12/4/2014,AM-10360,OFF-BI-10004187,9.024,Same Day,4,Bank Transfer
2350,12/3/2014,12/3/2014,12/4/2014,AM-10360,OFF-BI-10000632,69.456,Same Day,2,Credit Card
2351,12/3/2014,12/3/2014,12/4/2014,AM-10360,OFF-PA-10003724,10.86,Same Day,5,Bank Transfer
2352,12/3/2014,12/3/2014,12/4/2014,AM-10360,OFF-AP-10002765,79.47,Same Day,4,PayPal
2353,12/3/2014,12/3/2014,12/4/2014,AM-10360,OFF-AR-10001868,10.08,Same Day,3,PayPal
2354,8/31/2012,8/31/2012,9/2/2012,SC-20260,FUR-BO-10002545,1552.831,First Class,5,Bank Transfer
2355,8/31/2012,8/31/2012,9/2/2012,SC-20260,OFF-BI-10002735,137.24,First Class,4,PayPal
2356,8/31/2012,8/31/2012,9/2/2012,SC-20260,TEC-AC-10004864,36.51,First Class,2,PayPal
2357,8/31/2012,8/31/2012,9/2/2012,SC-20260,TEC-MA-10000597,239.976,First Class,3,PayPal
2358,3/17/2011,3/17/2011,3/21/2011,CP-12340,FUR-TA-10003473,1579.746,Standard Class,2,PayPal
2359,3/17/2011,3/17/2011,3/21/2011,CP-12340,FUR-TA-10001950,1071.576,Standard Class,4,Bank Transfer
2360,3/17/2011,3/17/2011,3/21/2011,CP-12340,FUR-TA-10004175,613.908,Standard Class,3,Bank Transfer
2361,3/17/2011,3/17/2011,3/21/2011,CP-12340,OFF-PA-10002960,34.86,Standard Class,3,PayPal
2362,3/17/2011,3/17/2011,3/21/2011,CP-12340,OFF-PA-10000919,155.04,Standard Class,2,Bank Transfer
2363,4/17/2014,4/17/2014,4/21/2014,RF-19840,OFF-BI-10001553,13.71,Standard Class,1,Bank Transfer
2364,3/14/2013,3/14/2013,3/19/2013,AB-10060,FUR-FU-10004864,127.88,Standard Class,5,Bank Transfer
2365,3/14/2013,3/14/2013,3/19/2013,AB-10060,OFF-AP-10004540,160.32,Standard Class,1,Bank Transfer
2366,3/14/2013,3/14/2013,3/19/2013,AB-10060,OFF-BI-10004965,46,Standard Class,4,Bank Transfer
2367,11/24/2011,11/24/2011,11/26/2011,EH-13990,FUR-CH-10001714,120.712,Second Class,5,Bank Transfer
2368,2/11/2014,2/11/2014,2/14/2014,MN-17935,OFF-PA-10002464,23.12,First Class,4,PayPal
2369,9/24/2013,9/24/2013,9/28/2013,KL-16555,FUR-FU-10002298,532.704,Standard Class,3,Credit Card
2370,9/24/2013,9/24/2013,9/28/2013,KL-16555,OFF-AR-10000315,4.912,Standard Class,1,Credit Card
2371,7/8/2014,7/8/2014,7/10/2014,MP-17965,TEC-AC-10004353,252,Second Class,1,Credit Card
2372,7/8/2013,7/8/2013,7/12/2013,BF-11020,FUR-FU-10004973,60.288,Second Class,5,PayPal
2373,7/8/2013,7/8/2013,7/12/2013,BF-11020,OFF-FA-10000936,2.632,Second Class,1,Bank Transfer
2374,7/8/2013,7/8/2013,7/12/2013,BF-11020,OFF-PA-10001609,23.688,Second Class,3,PayPal
2375,7/8/2013,7/8/2013,7/12/2013,BF-11020,FUR-CH-10000785,253.372,Second Class,5,PayPal
2376,1/25/2014,1/25/2014,1/31/2014,TP-21130,OFF-FA-10000053,5.67,Standard Class,1,PayPal
2377,8/19/2011,8/19/2011,8/21/2011,MS-17770,OFF-BI-10001718,76.776,Second Class,1,Bank Transfer
2378,8/19/2011,8/19/2011,8/21/2011,MS-17770,OFF-SU-10004768,9.184,Second Class,2,Credit Card
2379,12/6/2012,12/6/2012,12/11/2012,KM-16375,OFF-PA-10003883,32.75,Standard Class,3,Bank Transfer
2380,5/7/2013,5/7/2013,5/11/2013,BE-11455,OFF-FA-10004248,7.216,Standard Class,1,Credit Card
2381,5/7/2013,5/7/2013,5/11/2013,BE-11455,OFF-PA-10002581,49.568,Standard Class,4,PayPal
2382,5/7/2013,5/7/2013,5/11/2013,BE-11455,FUR-FU-10004848,54.712,Standard Class,1,PayPal
2383,3/26/2014,3/26/2014,3/27/2014,CV-12295,OFF-AP-10002403,176.04,First Class,5,Credit Card
2384,3/26/2014,3/26/2014,3/27/2014,CV-12295,OFF-AR-10003087,16.02,First Class,5,Bank Transfer
2385,3/26/2014,3/26/2014,3/27/2014,CV-12295,OFF-BI-10002026,185.92,First Class,5,Credit Card
2386,3/26/2014,3/26/2014,3/27/2014,CV-12295,TEC-PH-10000141,211.168,First Class,1,Credit Card
2387,3/26/2014,3/26/2014,3/27/2014,CV-12295,TEC-CO-10000971,479.984,First Class,2,Bank Transfer
2388,12/12/2012,12/12/2012,12/15/2012,DK-13375,OFF-FA-10001229,7.86,First Class,4,Credit Card
2389,12/12/2012,12/12/2012,12/15/2012,DK-13375,OFF-BI-10002437,24.448,First Class,3,Credit Card
2390,12/6/2012,12/6/2012,12/10/2012,SG-20605,OFF-PA-10004255,6.48,Standard Class,1,Bank Transfer
2391,12/6/2012,12/6/2012,12/10/2012,SG-20605,OFF-PA-10001184,41.86,Standard Class,5,Bank Transfer
2392,12/6/2012,12/6/2012,12/10/2012,SG-20605,TEC-AC-10002637,1619.91,Standard Class,1,Bank Transfer
2393,12/6/2012,12/6/2012,12/10/2012,SG-20605,FUR-FU-10002878,113.92,Standard Class,1,Credit Card
2394,3/18/2013,3/18/2013,3/24/2013,CS-12355,OFF-AR-10000588,39.68,Standard Class,3,Credit Card
2395,11/14/2012,11/14/2012,11/19/2012,PJ-18835,TEC-AC-10002217,37.6,Standard Class,2,PayPal
2396,11/14/2012,11/14/2012,11/19/2012,PJ-18835,TEC-AC-10001267,59.9,Standard Class,1,Bank Transfer
2397,11/14/2012,11/14/2012,11/19/2012,PJ-18835,OFF-PA-10004041,37,Standard Class,5,PayPal
2398,8/15/2014,8/15/2014,8/17/2014,NP-18700,OFF-LA-10001613,5.76,Second Class,1,Bank Transfer
2399,8/15/2014,8/15/2014,8/17/2014,NP-18700,OFF-AR-10000246,16.68,Second Class,2,PayPal
2400,9/10/2014,9/10/2014,9/16/2014,SB-20290,OFF-ST-10001809,628.81,Standard Class,2,Credit Card
2401,9/10/2014,9/10/2014,9/16/2014,SB-20290,OFF-ST-10002214,56.45,Standard Class,3,Bank Transfer
2402,4/2/2014,4/2/2014,4/5/2014,AS-10090,OFF-ST-10000649,94.2,Second Class,4,Bank Transfer
2403,4/2/2014,4/2/2014,4/5/2014,AS-10090,OFF-EN-10001990,28.4,Second Class,1,PayPal
2404,9/28/2013,9/28/2013,10/4/2013,HM-14860,FUR-BO-10000780,956.6648,Standard Class,5,Bank Transfer
2405,10/8/2014,10/8/2014,10/12/2014,MG-18145,TEC-AC-10002049,1115.91,Standard Class,3,PayPal
2406,10/8/2014,10/8/2014,10/12/2014,MG-18145,TEC-PH-10003555,128.744,Standard Class,1,Bank Transfer
2407,10/8/2014,10/8/2014,10/12/2014,MG-18145,TEC-PH-10000702,79.92,Standard Class,1,Credit Card
2408,1/21/2014,1/21/2014,1/26/2014,TM-21010,OFF-AR-10003631,24.2,Standard Class,1,PayPal
2409,1/21/2014,1/21/2014,1/26/2014,TM-21010,TEC-PH-10003072,359.976,Standard Class,1,Credit Card
2410,3/24/2014,3/24/2014,3/26/2014,BE-11335,FUR-FU-10000758,211.84,First Class,1,Bank Transfer
2411,8/1/2011,8/1/2011,8/6/2011,AS-10630,OFF-FA-10000992,5.68,Standard Class,5,Credit Card
2412,6/7/2012,6/7/2012,6/9/2012,EM-13810,OFF-BI-10004187,7.52,Second Class,3,Credit Card
2413,11/12/2011,11/12/2011,11/16/2011,JA-15970,OFF-PA-10001947,11.96,Standard Class,2,Bank Transfer
2414,11/12/2011,11/12/2011,11/16/2011,JA-15970,FUR-TA-10002356,629.064,Standard Class,5,Bank Transfer
2415,12/30/2013,12/30/2013,1/3/2014,TB-21595,FUR-CH-10001714,754.45,Standard Class,3,Bank Transfer
2416,7/6/2012,7/6/2012,7/11/2012,PP-18955,FUR-BO-10002824,301.96,Standard Class,2,Bank Transfer
2417,10/13/2014,10/13/2014,10/19/2014,ML-18040,TEC-AC-10002842,595,Standard Class,5,Bank Transfer
2418,10/13/2014,10/13/2014,10/19/2014,ML-18040,OFF-BI-10002082,79.872,Standard Class,5,PayPal
2419,5/22/2013,5/22/2013,5/29/2013,LC-16930,TEC-MA-10000112,2396.4,Standard Class,2,Credit Card
2420,11/10/2014,11/10/2014,11/15/2014,MC-17590,OFF-ST-10002289,63.56,Standard Class,4,PayPal
2421,11/10/2014,11/10/2014,11/15/2014,MC-17590,TEC-AC-10004171,99.99,Standard Class,3,PayPal
2422,4/19/2013,4/19/2013,4/24/2013,CR-12580,OFF-ST-10003656,230.376,Standard Class,5,Bank Transfer
2423,4/19/2013,4/19/2013,4/24/2013,CR-12580,OFF-PA-10001560,9.664,Standard Class,4,Credit Card
2424,12/26/2014,12/26/2014,12/31/2014,SV-20935,TEC-AC-10002473,158.928,Standard Class,5,PayPal
2425,12/26/2014,12/26/2014,12/31/2014,SV-20935,OFF-BI-10000632,13.023,Standard Class,4,Credit Card
2426,12/26/2014,12/26/2014,12/31/2014,SV-20935,FUR-TA-10002645,273.06,Standard Class,3,Credit Card
2427,12/26/2014,12/26/2014,12/31/2014,SV-20935,OFF-FA-10002975,39.312,Standard Class,1,PayPal
2428,6/12/2013,6/12/2013,6/18/2013,MZ-17515,OFF-BI-10003784,1.344,Standard Class,3,PayPal
2429,6/12/2013,6/12/2013,6/18/2013,MZ-17515,OFF-BI-10001617,8.272,Standard Class,3,Credit Card
2430,6/12/2013,6/12/2013,6/18/2013,MZ-17515,FUR-FU-10004415,12.544,Standard Class,4,Bank Transfer
2431,5/14/2014,5/14/2014,5/21/2014,RB-19795,OFF-LA-10000240,58.48,Standard Class,2,Bank Transfer
2432,12/29/2014,12/29/2014,1/3/2015,HM-14860,FUR-FU-10001935,7.4,Standard Class,1,PayPal
2433,3/25/2011,3/25/2011,4/1/2011,AZ-10750,FUR-CH-10002439,366.786,Standard Class,5,PayPal
2434,5/29/2014,5/29/2014,6/2/2014,JH-15910,TEC-PH-10001536,54.368,Standard Class,2,Bank Transfer
2435,11/14/2012,11/14/2012,11/17/2012,PJ-18835,OFF-EN-10001532,33.96,First Class,4,Bank Transfer
2436,11/14/2012,11/14/2012,11/17/2012,PJ-18835,OFF-AP-10003057,826.11,First Class,3,Credit Card
2437,7/4/2014,7/4/2014,7/11/2014,CA-12265,FUR-FU-10003708,545.85,Standard Class,3,Bank Transfer
2438,11/18/2011,11/18/2011,11/20/2011,PW-19240,FUR-TA-10000849,145.98,Second Class,2,Credit Card
2439,11/18/2011,11/18/2011,11/20/2011,PW-19240,OFF-PA-10002259,35.808,Second Class,5,Bank Transfer
2440,7/18/2014,7/18/2014,7/23/2014,SW-20455,FUR-FU-10002597,7.904,Standard Class,3,PayPal
2441,5/23/2013,5/23/2013,5/28/2013,AF-10870,TEC-PH-10004614,345,Standard Class,4,PayPal
2442,5/23/2013,5/23/2013,5/28/2013,AF-10870,FUR-TA-10003748,174.286,Standard Class,4,PayPal
2443,5/23/2013,5/23/2013,5/28/2013,AF-10870,OFF-AP-10003217,662.84,Standard Class,1,Bank Transfer
2444,5/23/2013,5/23/2013,5/28/2013,AF-10870,TEC-AC-10002399,95.1,Standard Class,1,Bank Transfer
2445,5/23/2013,5/23/2013,5/28/2013,AF-10870,OFF-EN-10002973,26.88,Standard Class,1,Credit Card
2446,5/23/2013,5/23/2013,5/28/2013,AF-10870,TEC-PH-10001336,257.98,Standard Class,5,PayPal
2447,9/25/2012,9/25/2012,10/1/2012,AM-10705,OFF-EN-10000461,17.48,Standard Class,5,PayPal
2448,11/1/2013,11/1/2013,11/7/2013,BD-11320,FUR-CH-10000988,492.835,Standard Class,1,Credit Card
2449,9/14/2012,9/14/2012,9/17/2012,CM-12385,OFF-ST-10001809,269.49,Second Class,2,Bank Transfer
2450,11/6/2013,11/6/2013,11/11/2013,CS-12400,OFF-BI-10003963,29.12,Standard Class,2,PayPal
2451,3/18/2014,3/18/2014,3/23/2014,DB-13405,OFF-LA-10000081,18.75,Second Class,5,Credit Card
2452,3/18/2014,3/18/2014,3/23/2014,DB-13405,TEC-PH-10000149,119.7,Second Class,2,Bank Transfer
2453,3/18/2014,3/18/2014,3/23/2014,DB-13405,OFF-BI-10000605,9.144,Second Class,2,Credit Card
2454,3/18/2014,3/18/2014,3/23/2014,DB-13405,TEC-AC-10002399,57.06,Second Class,2,Credit Card
2455,3/18/2014,3/18/2014,3/23/2014,DB-13405,TEC-AC-10003038,71.6,Second Class,1,Credit Card
2456,3/18/2014,3/18/2014,3/23/2014,DB-13405,OFF-ST-10000344,107.44,Second Class,3,Bank Transfer
2457,3/18/2014,3/18/2014,3/23/2014,DB-13405,OFF-LA-10004093,7.31,Second Class,2,Bank Transfer
2458,3/18/2014,3/18/2014,3/23/2014,DB-13405,OFF-AR-10001683,59.1,Second Class,3,Bank Transfer
2459,3/18/2014,3/18/2014,3/23/2014,DB-13405,OFF-ST-10003455,46.53,Second Class,1,Bank Transfer
2460,8/16/2014,8/16/2014,8/22/2014,JG-15160,OFF-AP-10002578,97.84,Standard Class,5,Bank Transfer
2461,7/11/2012,7/11/2012,7/13/2012,SC-20380,OFF-PA-10001763,29.97,Second Class,2,Bank Transfer
2462,7/11/2012,7/11/2012,7/13/2012,SC-20380,OFF-BI-10001597,98.352,Second Class,2,Credit Card
2463,12/4/2014,12/4/2014,12/10/2014,CS-12460,OFF-BI-10001524,83.92,Standard Class,4,Bank Transfer
2464,12/4/2014,12/4/2014,12/10/2014,CS-12460,OFF-BI-10001553,14.624,Standard Class,2,Bank Transfer
2465,12/4/2014,12/4/2014,12/10/2014,CS-12460,TEC-PH-10000576,136.99,Standard Class,3,Bank Transfer
2466,12/4/2014,12/4/2014,12/10/2014,CS-12460,OFF-LA-10001317,3.15,Standard Class,5,Credit Card
2467,5/5/2014,5/5/2014,5/9/2014,MK-18160,OFF-PA-10000726,9.11,Standard Class,4,Bank Transfer
2468,5/5/2014,5/5/2014,5/9/2014,MK-18160,OFF-ST-10003306,571.44,Standard Class,2,PayPal
2469,5/5/2014,5/5/2014,5/9/2014,MK-18160,OFF-PA-10004983,32.4,Standard Class,5,PayPal
2470,5/5/2014,5/5/2014,5/9/2014,MK-18160,OFF-ST-10001291,16.91,Standard Class,3,Credit Card
2471,1/22/2013,1/22/2013,1/28/2013,CM-11935,FUR-FU-10002107,14.272,Standard Class,3,Credit Card
2472,1/22/2013,1/22/2013,1/28/2013,CM-11935,FUR-BO-10002213,451.136,Standard Class,1,Credit Card
2473,1/22/2013,1/22/2013,1/28/2013,CM-11935,OFF-AP-10000692,64.864,Standard Class,1,Bank Transfer
2474,11/4/2013,11/4/2013,11/7/2013,PF-19225,FUR-CH-10001190,217.584,First Class,1,Credit Card
2475,11/4/2013,11/4/2013,11/7/2013,PF-19225,TEC-AC-10000682,82.95,First Class,1,Credit Card
2476,11/4/2013,11/4/2013,11/7/2013,PF-19225,OFF-LA-10004545,87.71,First Class,4,PayPal
2477,11/4/2013,11/4/2013,11/7/2013,PF-19225,OFF-AP-10003057,1101.48,First Class,3,Credit Card
2478,9/5/2014,9/5/2014,9/9/2014,GM-14695,FUR-TA-10000198,1322.352,Second Class,2,PayPal
2479,9/13/2011,9/13/2011,9/19/2011,DC-12850,OFF-AR-10002833,5.46,Standard Class,2,Bank Transfer
2480,6/20/2014,6/20/2014,6/26/2014,FO-14305,OFF-SU-10002557,11.184,Standard Class,4,Bank Transfer
2481,6/20/2014,6/20/2014,6/26/2014,FO-14305,OFF-ST-10003656,153.584,Standard Class,1,PayPal
2482,12/25/2014,12/25/2014,1/1/2015,AH-10210,OFF-ST-10001097,1003.62,Standard Class,3,PayPal
2483,8/29/2014,8/29/2014,9/4/2014,KN-16705,TEC-PH-10000912,35.168,Standard Class,2,Credit Card
2484,8/29/2014,8/29/2014,9/4/2014,KN-16705,FUR-TA-10000617,1137.75,Standard Class,2,Credit Card
2485,8/29/2014,8/29/2014,9/4/2014,KN-16705,OFF-BI-10001658,99.68,Standard Class,3,Bank Transfer
2486,8/29/2014,8/29/2014,9/4/2014,KN-16705,OFF-AR-10003856,5.56,Standard Class,1,PayPal
2487,1/2/2012,1/2/2012,1/4/2012,CB-12535,OFF-ST-10001837,85.52,Second Class,2,PayPal
2488,1/2/2012,1/2/2012,1/4/2012,CB-12535,OFF-AR-10001473,9.84,Second Class,2,Bank Transfer
2489,1/2/2012,1/2/2012,1/4/2012,CB-12535,OFF-PA-10004285,20.04,Second Class,1,PayPal
2490,10/9/2012,10/9/2012,10/13/2012,TB-21250,TEC-PH-10001835,631.96,Second Class,3,Credit Card
2491,10/9/2012,10/9/2012,10/13/2012,TB-21250,OFF-PA-10002245,23.92,Second Class,3,Credit Card
2492,12/13/2011,12/13/2011,12/15/2011,KD-16345,OFF-PA-10001457,90.24,Second Class,3,Credit Card
2493,11/19/2011,11/19/2011,11/23/2011,JM-15865,TEC-PH-10002885,4548.81,Standard Class,1,PayPal
2494,9/11/2013,9/11/2013,9/15/2013,KT-16480,FUR-TA-10004086,300.93,Second Class,5,PayPal
2495,9/11/2013,9/11/2013,9/15/2013,KT-16480,TEC-PH-10000895,719.96,Second Class,3,PayPal
2496,6/16/2011,6/16/2011,6/22/2011,SC-20575,FUR-CH-10000225,647.84,Standard Class,1,PayPal
2497,9/26/2012,9/26/2012,10/1/2012,BS-11800,OFF-ST-10002370,64.17,Standard Class,4,Credit Card
2498,9/26/2012,9/26/2012,10/1/2012,BS-11800,OFF-EN-10000056,124.46,Standard Class,3,Credit Card
2499,5/20/2013,5/20/2013,5/25/2013,BT-11395,OFF-BI-10004817,9.584,Standard Class,2,Bank Transfer
2500,6/23/2014,6/23/2014,6/24/2014,DC-12850,OFF-EN-10004483,37.608,First Class,2,Credit Card
2501,6/18/2014,6/18/2014,6/21/2014,LS-17200,OFF-PA-10001892,12.224,First Class,2,Credit Card
2502,6/18/2014,6/18/2014,6/21/2014,LS-17200,OFF-BI-10000546,2.304,First Class,4,PayPal
2503,6/18/2014,6/18/2014,6/21/2014,LS-17200,OFF-BI-10001294,9.36,First Class,2,PayPal
2504,11/15/2013,11/15/2013,11/20/2013,RR-19315,OFF-LA-10000248,7.38,Standard Class,5,PayPal
2505,7/25/2011,7/25/2011,7/27/2011,KL-16645,OFF-ST-10001228,53.72,Second Class,4,PayPal
2506,7/25/2011,7/25/2011,7/27/2011,KL-16645,OFF-SU-10000151,8187.65,Second Class,3,Credit Card
2507,7/25/2011,7/25/2011,7/27/2011,KL-16645,FUR-FU-10004351,77.92,Second Class,5,PayPal
2508,7/2/2012,7/2/2012,7/2/2012,RB-19435,OFF-AP-10001293,32.784,Same Day,2,Bank Transfer
2509,3/3/2014,3/3/2014,3/9/2014,MY-17380,TEC-PH-10000675,196.776,Standard Class,1,Bank Transfer
2510,3/3/2014,3/3/2014,3/9/2014,MY-17380,TEC-AC-10000580,479.94,Standard Class,4,Bank Transfer
2511,11/19/2013,11/19/2013,11/24/2013,AW-10930,OFF-ST-10003470,1117.92,Standard Class,2,PayPal
2512,4/18/2012,4/18/2012,4/19/2012,KW-16570,TEC-AC-10003116,106.5,First Class,1,Bank Transfer
2513,12/3/2014,12/3/2014,12/7/2014,DB-12910,OFF-BI-10002429,45.66,Standard Class,4,Credit Card
2514,11/12/2013,11/12/2013,11/18/2013,BB-11545,TEC-AC-10003280,95.968,Standard Class,2,Credit Card
2515,11/12/2013,11/12/2013,11/18/2013,BB-11545,FUR-CH-10004540,47.992,Standard Class,5,Bank Transfer
2516,9/5/2011,9/5/2011,9/10/2011,NP-18700,OFF-ST-10000585,264.32,Standard Class,2,PayPal
2517,11/15/2011,11/15/2011,11/22/2011,PB-19105,OFF-EN-10003001,604.656,Standard Class,4,PayPal
2518,5/3/2014,5/3/2014,5/8/2014,DW-13585,FUR-FU-10003975,129.93,Standard Class,2,Bank Transfer
2519,10/16/2013,10/16/2013,10/22/2013,CD-12790,OFF-LA-10004559,20.16,Standard Class,2,Bank Transfer
2520,10/16/2013,10/16/2013,10/22/2013,CD-12790,OFF-LA-10003223,29.46,Standard Class,5,PayPal
2521,10/16/2013,10/16/2013,10/22/2013,CD-12790,OFF-AP-10002651,868.59,Standard Class,3,Bank Transfer
2522,10/16/2013,10/16/2013,10/22/2013,CD-12790,OFF-PA-10003177,12.96,Standard Class,5,Credit Card
2523,10/16/2013,10/16/2013,10/22/2013,CD-12790,TEC-PH-10003442,5.5,Standard Class,3,Credit Card
2524,10/16/2013,10/16/2013,10/22/2013,CD-12790,OFF-BI-10000977,121.6,Standard Class,5,Credit Card
2525,4/6/2012,4/6/2012,4/10/2012,TT-21220,OFF-AR-10004078,42.048,Standard Class,1,PayPal
2526,4/6/2012,4/6/2012,4/10/2012,TT-21220,TEC-AC-10002550,25.488,Standard Class,5,Bank Transfer
2527,4/6/2012,4/6/2012,4/10/2012,TT-21220,OFF-BI-10004965,6.9,Standard Class,2,Credit Card
2528,4/6/2012,4/6/2012,4/10/2012,TT-21220,OFF-BI-10004209,9.648,Standard Class,3,PayPal
2529,4/6/2012,4/6/2012,4/10/2012,TT-21220,OFF-PA-10001526,7.968,Standard Class,3,PayPal
2530,10/24/2011,10/24/2011,10/29/2011,DB-12910,OFF-PA-10000788,10.368,Standard Class,5,PayPal
2531,8/17/2011,8/17/2011,8/21/2011,DJ-13510,OFF-PA-10000595,114.2,Standard Class,1,Bank Transfer
2532,8/17/2011,8/17/2011,8/21/2011,DJ-13510,OFF-BI-10000829,17.96,Standard Class,1,Bank Transfer
2533,8/17/2011,8/17/2011,8/21/2011,DJ-13510,OFF-FA-10002676,12.67,Standard Class,3,Bank Transfer
2534,8/17/2011,8/17/2011,8/21/2011,DJ-13510,TEC-AC-10000844,339.96,Standard Class,2,Credit Card
2535,8/16/2014,8/16/2014,8/19/2014,DL-13495,OFF-ST-10004459,1801.632,Second Class,2,Bank Transfer
2536,9/6/2012,9/6/2012,9/8/2012,LO-17170,TEC-AC-10003499,46.32,First Class,2,Credit Card
2537,1/27/2012,1/27/2012,1/29/2012,SV-20365,FUR-CH-10000513,181.986,Second Class,4,Credit Card
2538,1/27/2012,1/27/2012,1/29/2012,SV-20365,TEC-PH-10000895,431.976,Second Class,4,PayPal
2539,1/27/2012,1/27/2012,1/29/2012,SV-20365,TEC-PH-10002555,155.37,Second Class,5,Bank Transfer
2540,7/16/2012,7/16/2012,7/16/2012,EM-13810,FUR-CH-10003312,1348.704,Same Day,4,PayPal
2541,7/16/2012,7/16/2012,7/16/2012,EM-13810,FUR-CH-10004086,700.152,Same Day,5,PayPal
2542,5/1/2013,5/1/2013,5/5/2013,KD-16615,FUR-FU-10002759,111.888,Standard Class,5,Credit Card
2543,9/26/2011,9/26/2011,10/1/2011,NB-18580,OFF-AP-10002191,143.952,Second Class,3,PayPal
2544,9/9/2013,9/9/2013,9/15/2013,AP-10720,FUR-BO-10003450,173.94,Standard Class,2,PayPal
2545,9/9/2013,9/9/2013,9/15/2013,AP-10720,OFF-LA-10000248,14.76,Standard Class,5,Bank Transfer
2546,4/17/2014,4/17/2014,4/21/2014,JE-15745,OFF-ST-10004804,205.92,Standard Class,5,Credit Card
2547,4/17/2014,4/17/2014,4/21/2014,JE-15745,FUR-BO-10001337,102.833,Standard Class,4,Bank Transfer
2548,8/16/2012,8/16/2012,8/22/2012,JM-15865,OFF-AR-10002255,2.304,Standard Class,3,Bank Transfer
2549,8/16/2012,8/16/2012,8/22/2012,JM-15865,TEC-PH-10002624,1879.96,Standard Class,2,Credit Card
2550,8/16/2012,8/16/2012,8/22/2012,JM-15865,OFF-PA-10001878,313.024,Standard Class,4,Bank Transfer
2551,8/16/2012,8/16/2012,8/22/2012,JM-15865,OFF-LA-10000452,5.04,Standard Class,2,PayPal
2552,11/20/2014,11/20/2014,11/24/2014,AB-10105,FUR-FU-10004665,821.88,Standard Class,5,Credit Card
2553,11/20/2014,11/20/2014,11/24/2014,AB-10105,OFF-BI-10000088,21.96,Standard Class,5,PayPal
2554,9/15/2013,9/15/2013,9/19/2013,PN-18775,OFF-PA-10000029,25.92,Standard Class,2,Bank Transfer
2555,8/16/2013,8/16/2013,8/21/2013,JC-15775,TEC-PH-10000369,705.544,Standard Class,1,PayPal
2556,9/26/2012,9/26/2012,9/30/2012,PF-19165,TEC-AC-10001590,50,Standard Class,4,Bank Transfer
2557,10/9/2013,10/9/2013,10/15/2013,BW-11110,FUR-FU-10004909,51.712,Standard Class,5,Bank Transfer
2558,3/24/2012,3/24/2012,3/30/2012,BP-11185,OFF-AP-10002287,6.992,Standard Class,1,Bank Transfer
2559,5/31/2012,5/31/2012,6/4/2012,TM-21010,FUR-BO-10004357,1406.86,Standard Class,3,PayPal
2560,5/31/2012,5/31/2012,6/4/2012,TM-21010,OFF-LA-10003766,15.75,Standard Class,3,Credit Card
2561,5/31/2012,5/31/2012,6/4/2012,TM-21010,OFF-ST-10000046,323.1,Standard Class,1,PayPal
2562,12/25/2012,12/25/2012,12/31/2012,MB-17305,OFF-LA-10003190,9.216,Standard Class,2,Bank Transfer
2563,12/25/2012,12/25/2012,12/31/2012,MB-17305,OFF-PA-10002787,10.368,Standard Class,3,Bank Transfer
2564,3/17/2012,3/17/2012,3/22/2012,HR-14830,TEC-AC-10000387,15.02,Second Class,3,PayPal
2565,3/17/2012,3/17/2012,3/22/2012,HR-14830,OFF-ST-10001291,33.82,Second Class,4,Credit Card
2566,12/22/2014,12/22/2014,12/25/2014,BD-11635,TEC-AC-10003116,71,First Class,1,PayPal
2567,11/2/2014,11/2/2014,11/4/2014,SF-20200,OFF-BI-10001308,25.12,Second Class,3,PayPal
2568,11/2/2014,11/2/2014,11/4/2014,SF-20200,FUR-TA-10003954,2665.62,Second Class,4,Credit Card
2569,9/8/2014,9/8/2014,9/12/2014,SP-20620,OFF-ST-10003282,478.08,Standard Class,5,Credit Card
2570,12/28/2014,12/28/2014,12/28/2014,DR-12880,TEC-PH-10000576,164.388,Same Day,4,Bank Transfer
2571,12/28/2014,12/28/2014,12/28/2014,DR-12880,OFF-AR-10004441,13.248,Same Day,3,Bank Transfer
2572,7/17/2014,7/17/2014,7/22/2014,VM-21685,OFF-AR-10003759,2.912,Standard Class,5,PayPal
2573,8/13/2013,8/13/2013,8/16/2013,CM-12235,TEC-AC-10004145,1399.944,Second Class,2,Credit Card
2574,7/10/2014,7/10/2014,7/15/2014,SM-20320,FUR-FU-10000293,526.45,Standard Class,4,Credit Card
2575,11/22/2011,11/22/2011,11/27/2011,RA-19885,OFF-EN-10004955,16.23,Standard Class,1,PayPal
2576,11/22/2011,11/22/2011,11/27/2011,RA-19885,OFF-BI-10001071,319.9,Standard Class,4,Credit Card
2577,11/22/2011,11/22/2011,11/27/2011,RA-19885,OFF-EN-10001990,11.36,Standard Class,4,Bank Transfer
2578,11/22/2011,11/22/2011,11/27/2011,RA-19885,OFF-AP-10002734,675.12,Standard Class,4,Bank Transfer
2579,1/27/2011,1/27/2011,2/1/2011,SD-20485,FUR-FU-10004587,62.82,Standard Class,1,Bank Transfer
2580,1/27/2011,1/27/2011,2/1/2011,SD-20485,OFF-ST-10004337,489.92,Standard Class,2,Credit Card
2581,1/27/2011,1/27/2011,2/1/2011,SD-20485,OFF-PA-10003072,19.44,Standard Class,2,Bank Transfer
2582,1/27/2011,1/27/2011,2/1/2011,SD-20485,OFF-PA-10000380,16.68,Standard Class,5,PayPal
2583,1/27/2011,1/27/2011,2/1/2011,SD-20485,TEC-PH-10004833,155.35,Standard Class,4,Credit Card
2584,1/27/2011,1/27/2011,2/1/2011,SD-20485,FUR-FU-10001847,12.42,Standard Class,4,Bank Transfer
2585,1/27/2011,1/27/2011,2/1/2011,SD-20485,TEC-PH-10002103,187.98,Standard Class,3,Bank Transfer
2586,11/3/2012,11/3/2012,11/10/2012,CS-12250,OFF-EN-10001137,6.608,Standard Class,2,Bank Transfer
2587,7/1/2014,7/1/2014,7/7/2014,RA-19285,OFF-ST-10001476,248.57,Standard Class,1,PayPal
2588,7/1/2014,7/1/2014,7/7/2014,RA-19285,FUR-FU-10002045,22.23,Standard Class,2,PayPal
2589,5/6/2013,5/6/2013,5/10/2013,BF-11005,OFF-ST-10001505,5.98,Standard Class,2,Bank Transfer
2590,5/6/2013,5/6/2013,5/10/2013,BF-11005,TEC-PH-10001433,246.168,Standard Class,5,Bank Transfer
2591,9/9/2013,9/9/2013,9/15/2013,SE-20110,FUR-FU-10004671,14.136,Standard Class,3,Credit Card
2592,9/9/2013,9/9/2013,9/15/2013,SE-20110,FUR-TA-10003569,601.47,Standard Class,1,Credit Card
2593,11/25/2014,11/25/2014,11/27/2014,RS-19765,TEC-PH-10002807,79.1,Second Class,2,PayPal
2594,11/25/2014,11/25/2014,11/27/2014,RS-19765,OFF-BI-10001597,327.84,Second Class,5,Credit Card
2595,5/14/2014,5/14/2014,5/18/2014,BM-11650,OFF-EN-10003296,180.96,Standard Class,5,Credit Card
2596,5/14/2014,5/14/2014,5/18/2014,BM-11650,OFF-BI-10004632,914.97,Standard Class,1,PayPal
2597,5/14/2014,5/14/2014,5/18/2014,BM-11650,TEC-PH-10002310,587.97,Standard Class,4,Bank Transfer
2598,5/14/2014,5/14/2014,5/18/2014,BM-11650,OFF-ST-10000078,530.34,Standard Class,3,PayPal
2599,5/14/2014,5/14/2014,5/18/2014,BM-11650,OFF-PA-10001752,14.94,Standard Class,5,Bank Transfer
2600,4/24/2014,4/24/2014,4/30/2014,SK-19990,OFF-AP-10000026,121.94,Standard Class,4,Bank Transfer
2601,4/24/2014,4/24/2014,4/30/2014,SK-19990,OFF-SU-10002573,122.71,Standard Class,4,PayPal
2602,6/5/2013,6/5/2013,6/5/2013,EN-13780,OFF-PA-10000349,14.94,Same Day,2,PayPal
2603,6/5/2013,6/5/2013,6/5/2013,EN-13780,TEC-MA-10003356,1349.85,Same Day,3,Credit Card
2604,6/5/2013,6/5/2013,6/5/2013,EN-13780,FUR-BO-10000362,136.784,Same Day,4,Credit Card
2605,6/5/2013,6/5/2013,6/5/2013,EN-13780,FUR-FU-10003878,61.12,Same Day,5,Credit Card
2606,12/16/2011,12/16/2011,12/21/2011,KN-16450,OFF-BI-10000591,1.167,Standard Class,5,Bank Transfer
2607,3/5/2013,3/5/2013,3/11/2013,MG-17890,OFF-AR-10003727,16.99,Standard Class,2,PayPal
2608,11/25/2011,11/25/2011,11/30/2011,MC-17590,TEC-AC-10001635,24.672,Standard Class,1,PayPal
2609,11/25/2011,11/25/2011,11/30/2011,MC-17590,OFF-LA-10001317,2.52,Standard Class,2,Credit Card
2610,11/25/2011,11/25/2011,11/30/2011,MC-17590,FUR-TA-10000577,1218.735,Standard Class,1,Bank Transfer
2611,11/25/2011,11/25/2011,11/30/2011,MC-17590,OFF-LA-10000248,5.904,Standard Class,5,Credit Card
2612,11/25/2011,11/25/2011,11/30/2011,MC-17590,OFF-PA-10000955,15.696,Standard Class,2,Bank Transfer
2613,11/25/2011,11/25/2011,11/30/2011,MC-17590,FUR-FU-10000221,6.096,Standard Class,5,Bank Transfer
2614,4/29/2013,4/29/2013,5/6/2013,BO-11350,FUR-CH-10002304,41.568,Standard Class,2,Bank Transfer
2615,4/26/2011,4/26/2011,5/3/2011,AG-10300,FUR-CH-10004886,230.28,Standard Class,1,PayPal
2616,4/26/2011,4/26/2011,5/3/2011,AG-10300,OFF-BI-10001525,18.288,Standard Class,2,Bank Transfer
2617,4/2/2014,4/2/2014,4/6/2014,MS-17365,OFF-LA-10003663,5.78,Standard Class,4,Credit Card
2618,4/2/2014,4/2/2014,4/6/2014,MS-17365,OFF-BI-10001294,121.68,Standard Class,4,Bank Transfer
2619,12/23/2014,12/23/2014,12/27/2014,JM-15655,OFF-AR-10000369,4.17,Standard Class,3,Bank Transfer
2620,12/23/2014,12/23/2014,12/27/2014,JM-15655,TEC-PH-10001300,67.04,Standard Class,2,PayPal
2621,12/23/2014,12/23/2014,12/27/2014,JM-15655,OFF-ST-10000876,37.32,Standard Class,2,Credit Card
2622,12/23/2014,12/23/2014,12/27/2014,JM-15655,OFF-LA-10001404,18.45,Standard Class,1,Bank Transfer
2623,12/3/2011,12/3/2011,12/6/2011,MC-17635,OFF-PA-10001972,25.92,Second Class,4,PayPal
2624,10/23/2014,10/23/2014,10/25/2014,TA-21385,TEC-CO-10004722,11199.968,First Class,1,Credit Card
2625,10/23/2014,10/23/2014,10/25/2014,TA-21385,TEC-PH-10001494,2399.6,First Class,2,Bank Transfer
2626,10/23/2014,10/23/2014,10/25/2014,TA-21385,OFF-EN-10002500,63.9,First Class,5,Bank Transfer
2627,10/23/2014,10/23/2014,10/25/2014,TA-21385,TEC-PH-10003800,52.99,First Class,4,Credit Card
2628,11/14/2014,11/14/2014,11/16/2014,SB-20290,TEC-AC-10002399,60.864,First Class,4,Credit Card
2629,11/14/2014,11/14/2014,11/16/2014,SB-20290,TEC-MA-10002210,652.995,First Class,1,Credit Card
2630,11/14/2014,11/14/2014,11/16/2014,SB-20290,OFF-BI-10003196,11.22,First Class,2,PayPal
2631,9/10/2012,9/10/2012,9/15/2012,AB-10150,OFF-PA-10000477,14.94,Standard Class,5,Bank Transfer
2632,5/16/2014,5/16/2014,5/21/2014,JF-15295,FUR-FU-10000076,39.96,Standard Class,5,Credit Card
2633,5/16/2014,5/16/2014,5/21/2014,JF-15295,FUR-CH-10002017,42.624,Standard Class,2,Credit Card
2634,5/16/2014,5/16/2014,5/21/2014,JF-15295,FUR-CH-10004287,220.96,Standard Class,1,PayPal
2635,7/5/2012,7/5/2012,7/10/2012,BF-10975,FUR-FU-10003829,4.928,Second Class,3,Bank Transfer
2636,7/5/2012,7/5/2012,7/10/2012,BF-10975,OFF-BI-10004728,7.23,Second Class,1,PayPal
2637,8/15/2012,8/15/2012,8/19/2012,TT-21265,OFF-ST-10000046,323.1,Standard Class,3,PayPal
2638,6/13/2014,6/13/2014,6/19/2014,SB-20170,OFF-PA-10000697,19.04,Standard Class,5,Bank Transfer
2639,6/13/2014,6/13/2014,6/19/2014,SB-20170,OFF-BI-10000848,13.128,Standard Class,3,PayPal
2640,6/13/2014,6/13/2014,6/19/2014,SB-20170,OFF-AR-10004691,64.14,Standard Class,2,Credit Card
2641,6/13/2014,6/13/2014,6/19/2014,SB-20170,FUR-CH-10000595,858.24,Standard Class,3,Credit Card
2642,2/20/2012,2/20/2012,2/25/2012,LM-17065,TEC-AC-10000927,29.99,Standard Class,5,Bank Transfer
2643,12/30/2013,12/30/2013,12/31/2013,KA-16525,OFF-PA-10001289,186.048,First Class,5,PayPal
2644,4/18/2013,4/18/2013,4/22/2013,BF-11170,TEC-PH-10003092,36.792,Second Class,5,PayPal
2645,4/18/2013,4/18/2013,4/22/2013,BF-11170,FUR-FU-10000206,18.624,Second Class,4,Credit Card
2646,9/7/2011,9/7/2011,9/12/2011,TB-21400,FUR-FU-10004270,57.69,Second Class,3,PayPal
2647,9/7/2011,9/7/2011,9/12/2011,TB-21400,OFF-BI-10000948,42.81,Second Class,5,PayPal
2648,9/7/2011,9/7/2011,9/12/2011,TB-21400,OFF-PA-10000223,12.96,Second Class,2,Bank Transfer
2649,9/7/2011,9/7/2011,9/12/2011,TB-21400,FUR-FU-10004665,821.88,Second Class,1,PayPal
2650,9/7/2011,9/7/2011,9/12/2011,TB-21400,TEC-PH-10000215,104.85,Second Class,2,Credit Card
2651,9/27/2013,9/27/2013,10/2/2013,SH-19975,FUR-BO-10004467,424.9575,Standard Class,3,Credit Card
2652,9/18/2014,9/18/2014,9/22/2014,AS-10225,OFF-BI-10000829,10.776,Second Class,1,Credit Card
2653,9/18/2014,9/18/2014,9/22/2014,AS-10225,OFF-BI-10003712,11.784,Second Class,3,Credit Card
2654,9/18/2014,9/18/2014,9/22/2014,AS-10225,OFF-PA-10000062,164.88,Second Class,5,Credit Card
2655,9/18/2014,9/18/2014,9/22/2014,AS-10225,FUR-BO-10003404,1292.94,Second Class,1,Credit Card
2656,9/18/2014,9/18/2014,9/22/2014,AS-10225,OFF-BI-10004233,25.584,Second Class,1,PayPal
2657,9/18/2014,9/18/2014,9/22/2014,AS-10225,OFF-ST-10001272,261.74,Second Class,3,Bank Transfer
2658,9/18/2014,9/18/2014,9/22/2014,AS-10225,OFF-LA-10001175,14.4,Second Class,2,Bank Transfer
2659,8/17/2013,8/17/2013,8/21/2013,PK-19075,OFF-EN-10004030,10.86,Standard Class,4,Credit Card
2660,12/24/2012,12/24/2012,12/28/2012,HR-14830,FUR-CH-10004287,883.84,Standard Class,2,PayPal
2661,11/29/2014,11/29/2014,12/3/2014,DG-13300,TEC-PH-10002834,1979.89,Standard Class,3,Credit Card
2662,11/29/2014,11/29/2014,12/3/2014,DG-13300,OFF-EN-10003055,79.96,Standard Class,3,PayPal
2663,4/15/2014,4/15/2014,4/16/2014,CL-12700,OFF-BI-10003460,8.76,First Class,3,Bank Transfer
2664,5/2/2013,5/2/2013,5/5/2013,HF-14995,OFF-LA-10001569,3.984,First Class,5,Bank Transfer
2665,5/2/2013,5/2/2013,5/5/2013,HF-14995,FUR-TA-10004534,370.62,First Class,4,Credit Card
2666,5/2/2013,5/2/2013,5/5/2013,HF-14995,OFF-BI-10002954,2.742,First Class,5,Credit Card
2667,10/2/2013,10/2/2013,10/2/2013,HG-15025,TEC-AC-10003832,79.512,Same Day,3,Bank Transfer
2668,10/2/2013,10/2/2013,10/2/2013,HG-15025,OFF-PA-10000474,28.352,Same Day,3,PayPal
2669,8/25/2012,8/25/2012,8/30/2012,NL-18310,FUR-CH-10002774,40.784,Standard Class,2,Credit Card
2670,8/25/2012,8/25/2012,8/30/2012,NL-18310,OFF-AP-10002765,105.96,Standard Class,1,PayPal
2671,9/9/2011,9/9/2011,9/12/2011,RR-19525,OFF-PA-10001144,166.44,Second Class,4,PayPal
2672,9/9/2011,9/9/2011,9/12/2011,RR-19525,FUR-CH-10003761,785.88,Second Class,5,PayPal
2673,9/9/2011,9/9/2011,9/12/2011,RR-19525,OFF-PA-10004665,26.2,Second Class,5,Bank Transfer
2674,9/9/2011,9/9/2011,9/12/2011,RR-19525,OFF-ST-10000078,1325.85,Second Class,4,Bank Transfer
2675,12/4/2014,12/4/2014,12/4/2014,TC-21295,OFF-PA-10000357,166.44,Same Day,1,PayPal
2676,11/28/2014,11/28/2014,12/3/2014,DB-13615,OFF-AR-10000422,8.76,Standard Class,5,PayPal
2677,11/28/2014,11/28/2014,12/3/2014,DB-13615,OFF-AP-10001205,43.584,Standard Class,5,Credit Card
2678,6/21/2011,6/21/2011,6/21/2011,SV-20785,OFF-BI-10001116,11.088,Same Day,3,Credit Card
2679,6/21/2011,6/21/2011,6/21/2011,SV-20785,OFF-BI-10002931,25.164,Same Day,3,Bank Transfer
2680,1/22/2014,1/22/2014,1/28/2014,MH-18115,OFF-BI-10000546,14.4,Standard Class,4,Credit Card
2681,1/22/2014,1/22/2014,1/28/2014,MH-18115,TEC-AC-10002049,619.95,Standard Class,1,PayPal
2682,1/22/2014,1/22/2014,1/28/2014,MH-18115,OFF-BI-10001196,89.52,Standard Class,2,PayPal
2683,1/22/2014,1/22/2014,1/28/2014,MH-18115,TEC-MA-10002981,350.973,Standard Class,2,Credit Card
2684,1/22/2014,1/22/2014,1/28/2014,MH-18115,TEC-PH-10003601,164.99,Standard Class,3,Credit Card
2685,6/30/2014,6/30/2014,7/7/2014,CT-11995,OFF-BI-10000632,312.552,Standard Class,3,PayPal
2686,9/7/2013,9/7/2013,9/12/2013,KB-16315,OFF-EN-10003055,95.952,Standard Class,2,Credit Card
2687,9/7/2013,9/7/2013,9/12/2013,KB-16315,OFF-BI-10001031,3.204,Standard Class,3,Credit Card
2688,8/5/2013,8/5/2013,8/6/2013,RA-19285,OFF-BI-10002003,3.98,First Class,5,PayPal
2689,11/12/2012,11/12/2012,11/14/2012,YC-21895,OFF-PA-10003016,15.7,First Class,1,PayPal
2690,6/30/2011,6/30/2011,7/2/2011,RA-19915,OFF-AR-10004582,5.248,First Class,4,Credit Card
2691,12/5/2014,12/5/2014,12/9/2014,CM-12160,OFF-BI-10004364,5.346,Standard Class,1,PayPal
2692,8/29/2013,8/29/2013,9/3/2013,CS-12130,OFF-PA-10002246,15.48,Standard Class,4,Bank Transfer
2693,8/29/2013,8/29/2013,9/3/2013,CS-12130,TEC-PH-10002890,108.576,Standard Class,5,Credit Card
2694,1/22/2013,1/22/2013,1/28/2013,AJ-10795,FUR-FU-10001475,109.9,Standard Class,4,PayPal
2695,10/15/2011,10/15/2011,10/20/2011,DL-12865,FUR-FU-10004270,15.384,Standard Class,5,PayPal
2696,2/7/2013,2/7/2013,2/9/2013,BE-11410,OFF-PA-10003465,30.352,First Class,3,PayPal
2697,3/18/2011,3/18/2011,3/23/2011,SM-20320,TEC-MA-10003626,821.3,Standard Class,1,Credit Card
2698,3/18/2011,3/18/2011,3/23/2011,SM-20320,TEC-MA-10002412,22638.48,Standard Class,4,Bank Transfer
2699,3/18/2011,3/18/2011,3/23/2011,SM-20320,OFF-PA-10001804,21.376,Standard Class,4,Bank Transfer
2700,3/18/2011,3/18/2011,3/23/2011,SM-20320,OFF-AR-10003183,8.016,Standard Class,1,Bank Transfer
2701,3/18/2011,3/18/2011,3/23/2011,SM-20320,FUR-FU-10004270,30.768,Standard Class,4,Credit Card
2702,3/18/2011,3/18/2011,3/23/2011,SM-20320,OFF-FA-10003112,18.936,Standard Class,2,Credit Card
2703,3/18/2011,3/18/2011,3/23/2011,SM-20320,FUR-FU-10001986,122.352,Standard Class,3,Bank Transfer
2704,5/24/2011,5/24/2011,5/30/2011,RP-19390,OFF-PA-10002319,116.28,Standard Class,2,PayPal
2705,7/12/2014,7/12/2014,7/14/2014,JD-16015,TEC-AC-10002323,132.6,Second Class,1,Bank Transfer
2706,6/17/2014,6/17/2014,6/22/2014,AB-10255,OFF-SU-10001165,16.68,Standard Class,2,Bank Transfer
2707,6/17/2014,6/17/2014,6/22/2014,AB-10255,OFF-PA-10001246,19.44,Standard Class,1,Bank Transfer
2708,6/17/2014,6/17/2014,6/22/2014,AB-10255,OFF-PA-10001815,192.16,Standard Class,2,PayPal
2709,1/30/2012,1/30/2012,2/6/2012,CC-12145,FUR-FU-10001876,227.36,Standard Class,3,Credit Card
2710,1/30/2012,1/30/2012,2/6/2012,CC-12145,TEC-MA-10000488,1919.976,Standard Class,1,PayPal
2711,12/11/2012,12/11/2012,12/15/2012,GH-14425,OFF-BI-10001098,12.828,Standard Class,1,Credit Card
2712,10/10/2014,10/10/2014,10/12/2014,CP-12085,FUR-FU-10003577,45.888,First Class,2,PayPal
2713,7/30/2014,7/30/2014,8/2/2014,GM-14440,OFF-AR-10002656,60.12,Second Class,1,Bank Transfer
2714,4/25/2011,4/25/2011,4/29/2011,LC-16885,TEC-PH-10004531,302.376,Standard Class,3,PayPal
2715,12/1/2012,12/1/2012,12/6/2012,BT-11305,OFF-AR-10003251,13.9,Standard Class,5,Credit Card
2716,12/4/2011,12/4/2011,12/8/2011,CP-12085,TEC-PH-10000673,129.98,Standard Class,4,PayPal
2717,8/27/2014,8/27/2014,9/2/2014,SC-20680,TEC-AC-10000158,71.98,Standard Class,2,Bank Transfer
2718,9/7/2011,9/7/2011,9/13/2011,DK-13375,TEC-PH-10002075,377.97,Standard Class,2,PayPal
2719,12/22/2014,12/22/2014,12/28/2014,SE-20110,OFF-ST-10004340,124.36,Standard Class,3,Bank Transfer
2720,12/6/2011,12/6/2011,12/8/2011,LF-17185,FUR-FU-10002759,23.976,Second Class,2,Credit Card
2721,11/4/2011,11/4/2011,11/8/2011,ON-18715,OFF-FA-10000585,8.376,Second Class,4,Credit Card
2722,11/4/2011,11/4/2011,11/8/2011,ON-18715,OFF-AP-10004859,58.24,Second Class,2,Bank Transfer
2723,4/15/2013,4/15/2013,4/20/2013,TB-21400,OFF-ST-10001558,81.2,Second Class,4,Credit Card
2724,10/4/2011,10/4/2011,10/8/2011,DF-13135,OFF-LA-10004689,14.45,Standard Class,4,PayPal
2725,10/4/2011,10/4/2011,10/8/2011,DF-13135,OFF-BI-10002867,95.648,Standard Class,1,Bank Transfer
2726,11/8/2014,11/8/2014,11/14/2014,EP-13915,TEC-PH-10003811,359.97,Standard Class,1,Bank Transfer
2727,11/8/2014,11/8/2014,11/14/2014,EP-13915,FUR-TA-10000849,350.352,Standard Class,2,PayPal
2728,12/23/2014,12/23/2014,12/25/2014,SK-19990,OFF-BI-10000848,1.641,First Class,1,Bank Transfer
2729,12/23/2014,12/23/2014,12/25/2014,SK-19990,TEC-PH-10003072,629.958,First Class,1,Bank Transfer
2730,2/14/2014,2/14/2014,2/20/2014,FH-14350,OFF-AR-10001547,6.63,Standard Class,1,Bank Transfer
2731,2/14/2014,2/14/2014,2/20/2014,FH-14350,TEC-AC-10001838,799.96,Standard Class,4,PayPal
2732,2/14/2014,2/14/2014,2/20/2014,FH-14350,FUR-FU-10004017,107.53,Standard Class,2,Credit Card
2733,7/2/2011,7/2/2011,7/6/2011,EH-13945,TEC-PH-10002923,73.98,Standard Class,2,PayPal
2734,7/2/2011,7/2/2011,7/6/2011,EH-13945,OFF-AR-10000716,5.58,Standard Class,5,Credit Card
2735,2/21/2012,2/21/2012,2/23/2012,JE-15715,OFF-PA-10000249,49.12,Second Class,2,Credit Card
2736,11/13/2012,11/13/2012,11/19/2012,KL-16645,TEC-PH-10003691,377.97,Standard Class,5,Credit Card
2737,11/13/2012,11/13/2012,11/19/2012,KL-16645,OFF-PA-10001560,42.28,Standard Class,4,Credit Card
2738,11/13/2012,11/13/2012,11/19/2012,KL-16645,FUR-BO-10004467,299.97,Standard Class,2,Credit Card
2739,11/13/2012,11/13/2012,11/19/2012,KL-16645,TEC-PH-10001819,89.98,Standard Class,4,Bank Transfer
2740,4/17/2014,4/17/2014,4/19/2014,EB-13750,OFF-SU-10000157,477.24,First Class,3,Bank Transfer
2741,4/17/2014,4/17/2014,4/19/2014,EB-13750,TEC-AC-10004227,25.98,First Class,4,PayPal
2742,2/25/2013,2/25/2013,2/27/2013,BD-11725,OFF-EN-10003134,46.72,Second Class,2,Credit Card
2743,11/4/2011,11/4/2011,11/8/2011,MS-17530,FUR-FU-10004671,35.34,Standard Class,2,PayPal
2744,6/20/2012,6/20/2012,6/25/2012,SC-20770,FUR-FU-10002253,257.64,Second Class,1,PayPal
2745,6/20/2012,6/20/2012,6/25/2012,SC-20770,TEC-PH-10002726,125.976,Second Class,5,PayPal
2746,8/8/2014,8/8/2014,8/12/2014,FM-14380,TEC-AC-10004571,79.992,Second Class,2,PayPal
2747,5/12/2011,5/12/2011,5/17/2011,KT-16480,FUR-TA-10002228,700.056,Standard Class,3,PayPal
2748,11/22/2012,11/22/2012,11/26/2012,AP-10720,TEC-AC-10004127,27.168,Standard Class,5,PayPal
2749,12/4/2012,12/4/2012,12/8/2012,RH-19555,OFF-BI-10001553,8.226,Standard Class,2,Bank Transfer
2750,6/8/2011,6/8/2011,6/14/2011,CS-11950,FUR-CH-10002758,585.552,Standard Class,2,Credit Card
2751,8/8/2011,8/8/2011,8/11/2011,TM-21010,OFF-ST-10000532,423.28,Second Class,5,Credit Card
2752,5/26/2011,5/26/2011,5/30/2011,HF-14995,FUR-CH-10000988,225.296,Standard Class,1,Bank Transfer
2753,4/17/2012,4/17/2012,4/21/2012,GA-14515,OFF-AR-10003251,5.56,Standard Class,1,Credit Card
2754,4/17/2012,4/17/2012,4/21/2012,GA-14515,TEC-AC-10003174,323.37,Standard Class,5,PayPal
2755,4/17/2012,4/17/2012,4/21/2012,GA-14515,TEC-PH-10002310,783.96,Standard Class,4,Credit Card
2756,4/17/2012,4/17/2012,4/21/2012,GA-14515,OFF-AP-10002651,1447.65,Standard Class,2,PayPal
2757,4/17/2012,4/17/2012,4/21/2012,GA-14515,OFF-PA-10001184,11.96,Standard Class,4,PayPal
2758,6/12/2013,6/12/2013,6/14/2013,ES-14020,TEC-AC-10002402,239.97,Second Class,1,Bank Transfer
2759,3/12/2013,3/12/2013,3/16/2013,JP-16135,FUR-FU-10004270,76.92,Standard Class,5,Credit Card
2760,3/12/2013,3/12/2013,3/16/2013,JP-16135,OFF-ST-10001526,481.32,Standard Class,2,Bank Transfer
2761,5/26/2011,5/26/2011,5/29/2011,Dp-13240,OFF-PA-10002893,48.4,First Class,5,Bank Transfer
2762,10/13/2014,10/13/2014,10/15/2014,NK-18490,TEC-AC-10003709,0.99,First Class,2,Bank Transfer
2763,10/13/2014,10/13/2014,10/15/2014,NK-18490,OFF-BI-10001191,101.84,First Class,2,Bank Transfer
2764,6/23/2014,6/23/2014,6/29/2014,PL-18925,OFF-BI-10003166,10.332,Standard Class,1,PayPal
2765,6/23/2014,6/23/2014,6/29/2014,PL-18925,OFF-BI-10003982,31.155,Standard Class,3,Credit Card
2766,6/23/2014,6/23/2014,6/29/2014,PL-18925,OFF-ST-10004835,8.928,Standard Class,1,PayPal
2767,1/16/2014,1/16/2014,1/19/2014,RW-19690,OFF-AP-10000159,34.384,First Class,1,Bank Transfer
2768,1/16/2014,1/16/2014,1/19/2014,RW-19690,OFF-AP-10002945,1924.16,First Class,4,PayPal
2769,4/2/2012,4/2/2012,4/7/2012,MO-17950,OFF-AP-10001242,32.192,Standard Class,1,PayPal
2770,4/2/2012,4/2/2012,4/7/2012,MO-17950,TEC-AC-10003038,50.12,Standard Class,3,PayPal
2771,4/2/2012,4/2/2012,4/7/2012,MO-17950,TEC-AC-10003289,47.976,Standard Class,3,Bank Transfer
2772,9/4/2013,9/4/2013,9/11/2013,JJ-15445,OFF-ST-10000918,54.5,Standard Class,5,Bank Transfer
2773,12/11/2014,12/11/2014,12/13/2014,BT-11680,FUR-FU-10001940,19.104,First Class,5,Bank Transfer
2774,11/23/2013,11/23/2013,11/27/2013,RD-19585,OFF-BI-10002852,49.44,Standard Class,1,PayPal
2775,11/12/2014,11/12/2014,11/19/2014,ML-17755,OFF-PA-10004451,10.368,Standard Class,1,Bank Transfer
2776,10/22/2013,10/22/2013,10/26/2013,JE-15745,OFF-ST-10004804,154.44,Standard Class,5,Bank Transfer
2777,12/21/2012,12/21/2012,12/25/2012,ER-13855,OFF-AP-10003971,60.984,Standard Class,1,Credit Card
2778,7/17/2012,7/17/2012,7/19/2012,JM-15535,FUR-BO-10003159,195.466,Second Class,1,PayPal
2779,5/1/2014,5/1/2014,5/6/2014,SS-20140,FUR-FU-10001935,23.68,Standard Class,5,PayPal
2780,5/1/2014,5/1/2014,5/6/2014,SS-20140,TEC-AC-10003433,2.376,Standard Class,2,Credit Card
2781,5/7/2014,5/7/2014,5/9/2014,TC-21295,OFF-LA-10004544,59.2,First Class,3,Credit Card
2782,11/21/2014,11/21/2014,11/28/2014,HG-15025,OFF-AR-10001026,22,Standard Class,1,Bank Transfer
2783,11/12/2013,11/12/2013,11/17/2013,LD-17005,TEC-PH-10001336,257.98,Standard Class,2,PayPal
2784,11/6/2013,11/6/2013,11/11/2013,AS-10285,TEC-PH-10003187,23.988,Standard Class,5,PayPal
2785,10/10/2013,10/10/2013,10/16/2013,MP-17965,TEC-PH-10004897,23.976,Standard Class,5,PayPal
2786,9/21/2012,9/21/2012,9/23/2012,CD-12790,FUR-CH-10004997,601.536,First Class,2,PayPal
2787,9/21/2012,9/21/2012,9/23/2012,CD-12790,OFF-FA-10002763,7.9,First Class,2,Credit Card
2788,12/2/2011,12/2/2011,12/6/2011,MD-17860,FUR-FU-10001588,58.36,Standard Class,3,Credit Card
2789,12/2/2011,12/2/2011,12/6/2011,MD-17860,OFF-AR-10000940,16.464,Standard Class,5,Bank Transfer
2790,12/2/2011,12/2/2011,12/6/2011,MD-17860,FUR-FU-10002759,39.96,Standard Class,4,Bank Transfer
2791,9/21/2011,9/21/2011,9/22/2011,BM-11650,OFF-AP-10000358,25.96,First Class,2,Credit Card
2792,9/21/2011,9/21/2011,9/22/2011,BM-11650,OFF-AP-10003281,36.27,First Class,2,PayPal
2793,9/21/2011,9/21/2011,9/22/2011,BM-11650,OFF-PA-10000029,6.48,First Class,2,Bank Transfer
2794,4/12/2011,4/12/2011,4/17/2011,KN-16450,TEC-PH-10001557,1075.088,Standard Class,2,Credit Card
2795,4/12/2011,4/12/2011,4/17/2011,KN-16450,TEC-PH-10000576,438.368,Standard Class,5,Credit Card
2796,4/12/2011,4/12/2011,4/17/2011,KN-16450,OFF-BI-10002764,18.088,Standard Class,5,Bank Transfer
2797,4/12/2011,4/12/2011,4/17/2011,KN-16450,FUR-BO-10001337,308.499,Standard Class,1,PayPal
2798,10/21/2014,10/21/2014,10/28/2014,IG-15085,OFF-AR-10002257,13.36,Standard Class,1,Credit Card
2799,10/21/2014,10/21/2014,10/28/2014,IG-15085,OFF-PA-10001019,39.96,Standard Class,2,Bank Transfer
2800,10/21/2014,10/21/2014,10/28/2014,IG-15085,OFF-BI-10003364,145.85,Standard Class,5,PayPal
2801,10/26/2013,10/26/2013,10/29/2013,JS-15595,TEC-PH-10000984,783.96,First Class,1,Bank Transfer
2802,11/1/2012,11/1/2012,11/4/2012,GA-14725,OFF-AR-10001683,7.88,First Class,5,Bank Transfer
2803,11/4/2014,11/4/2014,11/9/2014,DL-13330,FUR-FU-10000629,41.37,Standard Class,2,Bank Transfer
2804,5/12/2012,5/12/2012,5/16/2012,CS-12505,OFF-PA-10003893,12.84,Standard Class,2,PayPal
2805,5/12/2012,5/12/2012,5/16/2012,CS-12505,OFF-PA-10004239,25.68,Standard Class,4,Bank Transfer
2806,9/7/2012,9/7/2012,9/11/2012,CC-12145,FUR-CH-10000553,47.516,Standard Class,3,PayPal
2807,7/25/2012,7/25/2012,7/27/2012,MH-18025,OFF-FA-10004395,9.42,Second Class,2,Bank Transfer
2808,7/25/2012,7/25/2012,7/27/2012,MH-18025,OFF-PA-10004782,12.96,Second Class,1,Credit Card
2809,7/25/2012,7/25/2012,7/27/2012,MH-18025,FUR-BO-10002213,704.9,Second Class,1,PayPal
2810,7/25/2012,7/25/2012,7/27/2012,MH-18025,FUR-CH-10001854,561.568,Second Class,4,PayPal
2811,11/16/2012,11/16/2012,11/18/2012,MP-18175,OFF-PA-10000157,179.82,Second Class,5,Credit Card
2812,11/16/2012,11/16/2012,11/18/2012,MP-18175,FUR-FU-10001185,185.58,Second Class,3,Bank Transfer
2813,11/16/2012,11/16/2012,11/18/2012,MP-18175,FUR-TA-10001520,214.11,Second Class,5,Credit Card
2814,11/16/2012,11/16/2012,11/18/2012,MP-18175,TEC-AC-10004145,999.96,Second Class,2,Bank Transfer
2815,11/16/2012,11/16/2012,11/18/2012,MP-18175,FUR-TA-10000688,653.55,Second Class,4,PayPal
2816,9/1/2012,9/1/2012,9/8/2012,DR-12940,OFF-BI-10001510,114.6,Standard Class,3,Credit Card
2817,9/1/2012,9/1/2012,9/8/2012,DR-12940,FUR-CH-10003817,60.74,Standard Class,1,PayPal
2818,9/1/2012,9/1/2012,9/8/2012,DR-12940,FUR-FU-10000308,124.36,Standard Class,1,Credit Card
2819,9/1/2012,9/1/2012,9/8/2012,DR-12940,OFF-ST-10003208,1088.76,Standard Class,2,PayPal
2820,5/6/2013,5/6/2013,5/9/2013,DM-13015,OFF-BI-10003784,6.72,First Class,1,PayPal
2821,5/6/2013,5/6/2013,5/9/2013,DM-13015,FUR-TA-10003748,298.776,First Class,3,Bank Transfer
2822,1/1/2014,1/1/2014,1/6/2014,BD-11620,TEC-PH-10002563,302.376,Standard Class,1,Credit Card
2823,9/19/2014,9/19/2014,9/21/2014,DC-12850,OFF-AR-10000122,8.928,First Class,3,Credit Card
2824,9/19/2014,9/19/2014,9/21/2014,DC-12850,OFF-ST-10000352,47.584,First Class,2,Credit Card
2825,9/25/2011,9/25/2011,9/30/2011,MT-18070,OFF-PA-10003270,33.792,Standard Class,2,Credit Card
2826,9/25/2011,9/25/2011,9/30/2011,MT-18070,FUR-BO-10003272,300.5328,Standard Class,2,Credit Card
2827,9/25/2011,9/25/2011,9/30/2011,MT-18070,OFF-BI-10002982,2.724,Standard Class,3,Credit Card
2828,9/25/2011,9/25/2011,9/30/2011,MT-18070,OFF-EN-10001509,3.264,Standard Class,2,PayPal
2829,4/24/2013,4/24/2013,4/27/2013,MJ-17740,OFF-PA-10002421,108.336,First Class,5,Credit Card
2830,4/24/2013,4/24/2013,4/27/2013,MJ-17740,OFF-ST-10000760,55.92,First Class,3,Bank Transfer
2831,4/24/2013,4/24/2013,4/27/2013,MJ-17740,OFF-PA-10002923,78.304,First Class,5,Credit Card
2832,11/1/2011,11/1/2011,11/5/2011,ND-18370,OFF-ST-10001128,443.92,Standard Class,5,Credit Card
2833,11/1/2011,11/1/2011,11/5/2011,ND-18370,TEC-PH-10000673,155.976,Standard Class,4,Credit Card
2834,1/27/2014,1/27/2014,2/1/2014,CA-11965,OFF-AR-10001547,15.47,Second Class,2,Credit Card
2835,1/27/2014,1/27/2014,2/1/2014,CA-11965,OFF-BI-10001890,7.16,Second Class,3,Bank Transfer
2836,11/12/2014,11/12/2014,11/17/2014,GA-14725,OFF-AP-10003971,10.89,Standard Class,3,Credit Card
2837,11/12/2014,11/12/2014,11/17/2014,GA-14725,OFF-PA-10000520,19.44,Standard Class,2,Bank Transfer
2838,11/12/2014,11/12/2014,11/17/2014,GA-14725,OFF-BI-10000977,121.6,Standard Class,4,Credit Card
2839,6/10/2013,6/10/2013,6/13/2013,TC-21295,TEC-MA-10002178,695.7,First Class,5,Credit Card
2840,9/3/2012,9/3/2012,9/8/2012,JB-15400,OFF-ST-10001526,120.33,Second Class,2,PayPal
2841,3/14/2011,3/14/2011,3/19/2011,CK-12325,FUR-CH-10003379,1139.92,Standard Class,3,PayPal
2842,9/1/2014,9/1/2014,9/5/2014,RL-19615,OFF-PA-10000100,229.544,Second Class,3,PayPal
2843,3/24/2014,3/24/2014,3/28/2014,AC-10660,OFF-ST-10001809,143.728,Standard Class,2,PayPal
2844,5/19/2014,5/19/2014,5/23/2014,BH-11710,TEC-AC-10000387,36.048,Standard Class,3,Credit Card
2845,12/28/2013,12/28/2013,1/1/2014,BG-11695,FUR-CH-10004853,845.488,Standard Class,1,PayPal
2846,11/18/2014,11/18/2014,11/21/2014,XP-21865,OFF-AR-10001958,50.94,First Class,3,PayPal
2847,9/11/2014,9/11/2014,9/16/2014,SN-20560,OFF-BI-10003527,762.594,Standard Class,3,PayPal
2848,4/9/2014,4/9/2014,4/16/2014,DM-13345,FUR-FU-10003832,56.28,Standard Class,1,PayPal
2849,4/9/2014,4/9/2014,4/16/2014,DM-13345,OFF-BI-10001359,2690.97,Standard Class,5,PayPal
2850,11/29/2013,11/29/2013,12/4/2013,AJ-10780,OFF-BI-10002976,7.434,Standard Class,3,Credit Card
2851,6/3/2013,6/3/2013,6/6/2013,KC-16255,OFF-ST-10000736,64.784,First Class,1,PayPal
2852,12/18/2014,12/18/2014,12/23/2014,VF-21715,OFF-PA-10001745,28.16,Standard Class,2,Credit Card
2853,3/20/2013,3/20/2013,3/22/2013,SV-20935,FUR-FU-10000409,14.98,Second Class,1,Bank Transfer
2854,3/20/2013,3/20/2013,3/22/2013,SV-20935,FUR-FU-10000221,20.32,Second Class,5,Bank Transfer
2855,8/21/2014,8/21/2014,8/21/2014,EM-13810,OFF-ST-10000344,40.29,Same Day,3,PayPal
2856,7/26/2014,7/26/2014,8/1/2014,RB-19360,OFF-LA-10003663,20.23,Standard Class,5,PayPal
2857,8/27/2013,8/27/2013,8/30/2013,DJ-13510,FUR-CH-10001215,1603.136,First Class,1,PayPal
2858,8/16/2013,8/16/2013,8/18/2013,CC-12370,FUR-CH-10000988,225.296,Second Class,3,Bank Transfer
2859,5/20/2014,5/20/2014,5/24/2014,SC-20380,TEC-AC-10003441,67.8,Standard Class,3,Credit Card
2860,5/20/2014,5/20/2014,5/24/2014,SC-20380,TEC-PH-10004389,377.97,Standard Class,4,Bank Transfer
2861,5/20/2014,5/20/2014,5/24/2014,SC-20380,FUR-BO-10004695,1628.82,Standard Class,4,Bank Transfer
2862,5/20/2014,5/20/2014,5/24/2014,SC-20380,OFF-PA-10000100,286.93,Standard Class,2,Credit Card
2863,8/13/2014,8/13/2014,8/18/2014,RH-19495,OFF-PA-10000223,20.736,Standard Class,2,Credit Card
2864,8/14/2014,8/14/2014,8/14/2014,JK-15370,OFF-ST-10001325,31.44,Same Day,1,Credit Card
2865,8/14/2014,8/14/2014,8/14/2014,JK-15370,OFF-AP-10004249,83.79,Same Day,4,Bank Transfer
2866,8/14/2014,8/14/2014,8/14/2014,JK-15370,OFF-AR-10000588,59.52,Same Day,1,Bank Transfer
2867,8/14/2014,8/14/2014,8/14/2014,JK-15370,OFF-SU-10000946,31.92,Same Day,2,Credit Card
2868,11/11/2013,11/11/2013,11/13/2013,AF-10885,OFF-SU-10001225,14.72,Second Class,3,Credit Card
2869,11/11/2013,11/11/2013,11/13/2013,AF-10885,OFF-ST-10001558,38.976,Second Class,3,Credit Card
2870,6/13/2014,6/13/2014,6/20/2014,LC-16885,FUR-FU-10001546,17.088,Standard Class,4,Credit Card
2871,3/22/2011,3/22/2011,3/26/2011,BF-11275,OFF-PA-10002581,74.352,Standard Class,3,Credit Card
2872,3/22/2011,3/22/2011,3/26/2011,BF-11275,FUR-CH-10001482,314.352,Standard Class,2,PayPal
2873,6/16/2014,6/16/2014,6/21/2014,SC-20800,OFF-AR-10002399,4.26,Standard Class,4,Credit Card
2874,11/17/2014,11/17/2014,11/23/2014,SW-20275,OFF-ST-10001963,811.28,Standard Class,5,Credit Card
2875,12/30/2014,12/30/2014,1/1/2015,MC-17845,OFF-FA-10002988,6.03,First Class,5,Bank Transfer
2876,1/21/2013,1/21/2013,1/23/2013,TD-20995,FUR-CH-10004289,153.568,Second Class,4,Credit Card
2877,1/21/2013,1/21/2013,1/23/2013,TD-20995,FUR-CH-10000785,1013.488,Second Class,1,PayPal
2878,1/15/2013,1/15/2013,1/19/2013,Dp-13240,OFF-EN-10003040,52.34,Standard Class,5,Credit Card
2879,1/15/2013,1/15/2013,1/19/2013,Dp-13240,OFF-AR-10001573,4.66,Standard Class,5,PayPal
2880,1/15/2013,1/15/2013,1/19/2013,Dp-13240,TEC-AC-10000844,254.97,Standard Class,1,Bank Transfer
2881,9/20/2013,9/20/2013,9/24/2013,SD-20485,OFF-BI-10000756,25.44,Second Class,5,Bank Transfer
2882,9/20/2013,9/20/2013,9/24/2013,SD-20485,OFF-SU-10000381,27.93,Second Class,1,Credit Card
2883,2/22/2011,2/22/2011,2/26/2011,TM-21010,OFF-BI-10004094,8.85,Standard Class,5,Bank Transfer
2884,11/12/2013,11/12/2013,11/17/2013,BK-11260,FUR-FU-10001852,6.96,Second Class,2,PayPal
2885,1/30/2013,1/30/2013,2/3/2013,JF-15490,OFF-BI-10000014,17.456,Standard Class,1,Credit Card
2886,10/19/2013,10/19/2013,10/23/2013,EP-13915,FUR-CH-10003396,307.92,Standard Class,4,Bank Transfer
2887,12/19/2014,12/19/2014,12/20/2014,EP-13915,OFF-AR-10003811,6.63,First Class,4,Credit Card
2888,12/19/2014,12/19/2014,12/20/2014,EP-13915,OFF-PA-10003172,12.96,First Class,5,Credit Card
2889,12/19/2014,12/19/2014,12/20/2014,EP-13915,OFF-PA-10000289,32.4,First Class,3,Bank Transfer
2890,11/3/2014,11/3/2014,11/7/2014,KH-16630,OFF-PA-10000791,23.85,Standard Class,4,Credit Card
2891,4/29/2011,4/29/2011,5/1/2011,HG-14845,FUR-CH-10002304,51.96,Second Class,4,Bank Transfer
2892,4/29/2011,4/29/2011,5/1/2011,HG-14845,OFF-BI-10000136,17.94,Second Class,4,PayPal
2893,10/24/2014,10/24/2014,10/30/2014,JC-16105,OFF-PA-10003739,11.56,Standard Class,1,Bank Transfer
2894,10/24/2014,10/24/2014,10/30/2014,JC-16105,OFF-PA-10002479,26.4,Standard Class,4,Credit Card
2895,10/24/2014,10/24/2014,10/30/2014,JC-16105,FUR-FU-10000771,69.08,Standard Class,1,Bank Transfer
2896,10/24/2014,10/24/2014,10/30/2014,JC-16105,TEC-PH-10001552,35.88,Standard Class,5,Bank Transfer
2897,3/30/2011,3/30/2011,4/3/2011,KM-16720,OFF-AR-10001915,49.65,Standard Class,5,Bank Transfer
2898,1/4/2013,1/4/2013,1/9/2013,EB-13975,TEC-CO-10000971,959.968,Standard Class,4,PayPal
2899,4/26/2012,4/26/2012,4/30/2012,PW-19240,FUR-CH-10004086,408.422,Standard Class,5,Credit Card
2900,9/12/2012,9/12/2012,9/17/2012,PG-18895,TEC-CO-10000971,479.984,Standard Class,1,Credit Card
2901,9/12/2012,9/12/2012,9/17/2012,PG-18895,OFF-LA-10001317,12.6,Standard Class,1,PayPal
2902,9/12/2014,9/12/2014,9/16/2014,DB-12910,OFF-PA-10003656,184.66,Standard Class,3,Bank Transfer
2903,6/13/2013,6/13/2013,6/18/2013,CR-12730,OFF-PA-10002160,23.12,Standard Class,5,PayPal
2904,6/28/2013,6/28/2013,7/2/2013,KH-16330,OFF-PA-10000575,37.464,Standard Class,2,Credit Card
2905,6/28/2013,6/28/2013,7/2/2013,KH-16330,FUR-CH-10003981,539.658,Standard Class,3,Bank Transfer
2906,9/26/2011,9/26/2011,9/30/2011,CS-12400,OFF-ST-10002615,310.12,Standard Class,5,Bank Transfer
2907,11/4/2014,11/4/2014,11/10/2014,DL-12925,OFF-PA-10000327,8.56,Standard Class,1,Credit Card
2908,11/4/2014,11/4/2014,11/10/2014,DL-12925,OFF-ST-10001325,52.4,Standard Class,2,Credit Card
2909,11/4/2014,11/4/2014,11/10/2014,DL-12925,OFF-LA-10001771,14.94,Standard Class,1,PayPal
2910,2/20/2014,2/20/2014,2/24/2014,ME-17725,OFF-FA-10004968,11.22,Standard Class,4,Bank Transfer
2911,11/5/2012,11/5/2012,11/9/2012,VD-21670,OFF-AP-10000576,387.136,Standard Class,4,PayPal
2912,6/16/2011,6/16/2011,6/21/2011,CK-12205,OFF-EN-10003286,41.4,Standard Class,4,Bank Transfer
2913,6/16/2011,6/16/2011,6/21/2011,CK-12205,OFF-AR-10003772,35,Standard Class,5,PayPal
2914,6/16/2011,6/16/2011,6/21/2011,CK-12205,OFF-BI-10002852,39.552,Standard Class,2,Credit Card
2915,10/12/2012,10/12/2012,10/17/2012,DL-12925,TEC-PH-10002890,135.72,Second Class,5,Bank Transfer
2916,10/12/2012,10/12/2012,10/17/2012,DL-12925,OFF-BI-10001308,12.56,Second Class,4,Bank Transfer
2917,10/12/2012,10/12/2012,10/17/2012,DL-12925,TEC-PH-10001750,263.96,Second Class,1,Credit Card
2918,8/28/2014,8/28/2014,8/31/2014,SE-20110,OFF-AR-10003338,5.952,First Class,2,Bank Transfer
2919,11/24/2013,11/24/2013,11/24/2013,LS-17200,OFF-FA-10002763,15.8,Same Day,1,PayPal
2920,11/24/2013,11/24/2013,11/24/2013,LS-17200,FUR-FU-10002088,14.368,Same Day,3,Credit Card
2921,11/24/2013,11/24/2013,11/24/2013,LS-17200,FUR-FU-10003976,70.448,Same Day,2,PayPal
2922,1/31/2014,1/31/2014,1/31/2014,MM-17920,OFF-ST-10001511,129.3,Same Day,5,Credit Card
2923,11/30/2012,11/30/2012,12/3/2012,DB-13270,OFF-BI-10000301,3.882,Second Class,2,Credit Card
2924,6/28/2011,6/28/2011,7/4/2011,RW-19630,OFF-FA-10003495,6.08,Standard Class,2,PayPal
2925,9/2/2011,9/2/2011,9/5/2011,JM-16195,OFF-AP-10001303,19.9,First Class,1,Bank Transfer
2926,9/2/2011,9/2/2011,9/5/2011,JM-16195,FUR-FU-10002116,70.71,First Class,2,Bank Transfer
2927,7/11/2014,7/11/2014,7/15/2014,BP-11155,FUR-FU-10000771,18.84,Second Class,4,Bank Transfer
2928,6/5/2014,6/5/2014,6/11/2014,CT-11995,OFF-AR-10002255,8.64,Standard Class,2,Bank Transfer
2929,10/20/2014,10/20/2014,10/27/2014,TH-21550,OFF-BI-10004995,1633.188,Standard Class,5,PayPal
2930,11/19/2014,11/19/2014,11/25/2014,ME-17320,FUR-FU-10002597,19.76,Standard Class,5,Bank Transfer
2931,8/8/2012,8/8/2012,8/8/2012,TT-21220,OFF-BI-10004970,6.608,Same Day,3,Bank Transfer
2932,8/8/2012,8/8/2012,8/8/2012,TT-21220,OFF-BI-10002557,7.28,Same Day,3,Credit Card
2933,8/8/2012,8/8/2012,8/8/2012,TT-21220,FUR-CH-10000785,144.784,Same Day,1,PayPal
2934,12/7/2013,12/7/2013,12/13/2013,GT-14710,TEC-PH-10002310,156.792,Standard Class,3,Bank Transfer
2935,12/7/2013,12/7/2013,12/13/2013,GT-14710,TEC-PH-10002834,431.976,Standard Class,1,Bank Transfer
2936,12/7/2013,12/7/2013,12/13/2013,GT-14710,OFF-EN-10000927,35.89,Standard Class,3,Credit Card
2937,12/7/2013,12/7/2013,12/13/2013,GT-14710,OFF-BI-10001636,47.208,Standard Class,2,PayPal
2938,12/7/2013,12/7/2013,12/13/2013,GT-14710,OFF-PA-10001736,248.08,Standard Class,2,PayPal
2939,12/7/2013,12/7/2013,12/13/2013,GT-14710,OFF-PA-10000482,189.7,Standard Class,2,PayPal
2940,12/7/2013,12/7/2013,12/13/2013,GT-14710,OFF-BI-10001658,59.808,Standard Class,2,PayPal
2941,3/26/2014,3/26/2014,4/1/2014,JD-16150,FUR-CH-10000422,90.99,Standard Class,3,PayPal
2942,3/26/2014,3/26/2014,4/1/2014,JD-16150,FUR-CH-10004675,1526.56,Standard Class,1,Bank Transfer
2943,3/26/2014,3/26/2014,4/1/2014,JD-16150,FUR-CH-10002880,368.97,Standard Class,4,PayPal
2944,11/20/2014,11/20/2014,11/25/2014,MC-18100,OFF-ST-10000675,305.01,Standard Class,2,PayPal
2945,11/20/2014,11/20/2014,11/25/2014,MC-18100,FUR-FU-10002685,18.7,Standard Class,3,Bank Transfer
2946,11/5/2013,11/5/2013,11/6/2013,LH-17020,FUR-FU-10004020,38.29,First Class,1,PayPal
2947,12/15/2014,12/15/2014,12/19/2014,MP-18175,FUR-FU-10004963,26.25,Standard Class,5,PayPal
2948,12/15/2014,12/15/2014,12/19/2014,MP-18175,OFF-BI-10000174,64.96,Standard Class,5,PayPal
2949,12/15/2014,12/15/2014,12/19/2014,MP-18175,OFF-EN-10000461,43.7,Standard Class,2,PayPal
2950,11/13/2014,11/13/2014,11/13/2014,EM-14140,TEC-AC-10001266,41.6,Same Day,5,Bank Transfer
2951,11/13/2014,11/13/2014,11/13/2014,EM-14140,OFF-PA-10002160,23.12,Same Day,1,Credit Card
2952,11/13/2014,11/13/2014,11/13/2014,EM-14140,FUR-CH-10004875,113.888,Same Day,3,PayPal
2953,11/13/2014,11/13/2014,11/13/2014,EM-14140,FUR-FU-10000305,113.568,Same Day,2,PayPal
2954,11/13/2014,11/13/2014,11/13/2014,EM-14140,TEC-PH-10000347,7.92,Same Day,3,Credit Card
2955,11/13/2014,11/13/2014,11/13/2014,EM-14140,TEC-PH-10001459,671.984,Same Day,3,Bank Transfer
2956,8/19/2013,8/19/2013,8/25/2013,GG-14650,TEC-PH-10000439,39.99,Standard Class,1,PayPal
2957,6/28/2014,6/28/2014,7/5/2014,MA-17995,FUR-CH-10002647,191.646,Standard Class,5,Bank Transfer
2958,5/5/2014,5/5/2014,5/10/2014,SH-20395,OFF-BI-10003910,2.313,Standard Class,4,Bank Transfer
2959,12/24/2012,12/24/2012,12/29/2012,KT-16465,OFF-BI-10001097,19.936,Standard Class,4,PayPal
2960,12/24/2012,12/24/2012,12/29/2012,KT-16465,OFF-FA-10004854,45.92,Standard Class,1,Credit Card
2961,4/27/2014,4/27/2014,5/2/2014,PO-19180,OFF-PA-10003673,20.34,Standard Class,3,Bank Transfer
2962,4/27/2014,4/27/2014,5/2/2014,PO-19180,OFF-LA-10002034,39.28,Standard Class,1,PayPal
2963,12/17/2014,12/17/2014,12/22/2014,AY-10555,FUR-CH-10002774,81.568,Second Class,3,Bank Transfer
2964,12/17/2014,12/17/2014,12/22/2014,AY-10555,FUR-CH-10003817,97.184,Second Class,4,Bank Transfer
2965,12/17/2014,12/17/2014,12/22/2014,AY-10555,OFF-BI-10002949,24.32,Second Class,4,Bank Transfer
2966,12/17/2014,12/17/2014,12/22/2014,AY-10555,FUR-FU-10002445,18.96,Second Class,5,Bank Transfer
2967,12/27/2011,12/27/2011,12/31/2011,Co-12640,FUR-FU-10001473,32.952,Standard Class,1,PayPal
2968,12/27/2011,12/27/2011,12/31/2011,Co-12640,OFF-ST-10002562,30.016,Standard Class,5,Credit Card
2969,11/7/2014,11/7/2014,11/10/2014,JF-15565,OFF-AP-10002118,499.584,Second Class,2,Bank Transfer
2970,11/7/2014,11/7/2014,11/10/2014,JF-15565,OFF-PA-10001800,31.104,Second Class,4,PayPal
2971,11/7/2014,11/7/2014,11/10/2014,JF-15565,OFF-BI-10002827,13.272,Second Class,5,Bank Transfer
2972,11/7/2014,11/7/2014,11/10/2014,JF-15565,FUR-FU-10004671,28.272,Second Class,3,PayPal
2973,11/7/2014,11/7/2014,11/10/2014,JF-15565,OFF-ST-10000736,259.136,Second Class,2,Bank Transfer
2974,12/17/2014,12/17/2014,12/21/2014,AR-10510,OFF-BI-10004656,10.8,Standard Class,4,Credit Card
2975,5/7/2012,5/7/2012,5/12/2012,AG-10675,FUR-TA-10001095,244.006,Standard Class,5,Credit Card
2976,5/7/2012,5/7/2012,5/12/2012,AG-10675,OFF-PA-10000213,15.936,Standard Class,5,Bank Transfer
2977,12/5/2014,12/5/2014,12/5/2014,DV-13045,FUR-CH-10001797,188.552,Same Day,3,Bank Transfer
2978,10/4/2014,10/4/2014,10/9/2014,HL-15040,OFF-ST-10002214,22.58,Second Class,4,Bank Transfer
2979,1/14/2011,1/14/2011,1/17/2011,ND-18370,FUR-CH-10000422,545.94,Second Class,3,Bank Transfer
2980,6/12/2012,6/12/2012,6/17/2012,GB-14575,OFF-PA-10003848,20.736,Standard Class,4,PayPal
2981,6/12/2012,6/12/2012,6/17/2012,GB-14575,FUR-FU-10003623,43.296,Standard Class,1,Credit Card
2982,7/12/2011,7/12/2011,7/18/2011,CL-12565,FUR-CH-10001797,123.136,Standard Class,4,PayPal
2983,7/12/2011,7/12/2011,7/18/2011,CL-12565,OFF-BI-10003094,11.264,Standard Class,5,Bank Transfer
2984,12/6/2011,12/6/2011,12/11/2011,RC-19960,OFF-ST-10002205,53.424,Second Class,3,PayPal
2985,12/6/2011,12/6/2011,12/11/2011,RC-19960,FUR-TA-10003238,275.49,Second Class,2,Bank Transfer
2986,5/26/2013,5/26/2013,5/31/2013,JB-16045,FUR-FU-10000755,24.96,Standard Class,3,Credit Card
2987,5/26/2013,5/26/2013,5/31/2013,JB-16045,OFF-PA-10002893,19.36,Standard Class,2,Bank Transfer
2988,5/26/2013,5/26/2013,5/31/2013,JB-16045,OFF-ST-10000689,1267.65,Standard Class,4,Credit Card
2989,2/21/2013,2/21/2013,2/26/2013,MC-17635,TEC-AC-10004227,12.99,Second Class,5,Credit Card
2990,2/21/2013,2/21/2013,2/26/2013,MC-17635,OFF-BI-10000174,18.56,Second Class,2,PayPal
2991,2/21/2013,2/21/2013,2/26/2013,MC-17635,OFF-ST-10001809,449.15,Second Class,5,PayPal
2992,2/21/2013,2/21/2013,2/26/2013,MC-17635,OFF-BI-10002309,31.248,Second Class,5,PayPal
2993,10/3/2013,10/3/2013,10/7/2013,TT-21265,OFF-AP-10004532,61.44,Standard Class,4,Bank Transfer
2994,3/12/2014,3/12/2014,3/18/2014,MJ-17740,OFF-BI-10003091,895.92,Standard Class,4,Credit Card
2995,9/10/2013,9/10/2013,9/14/2013,AT-10735,OFF-BI-10004654,55.36,Second Class,3,PayPal
2996,7/14/2011,7/14/2011,7/21/2011,PB-19150,OFF-ST-10000760,55.92,Standard Class,2,Bank Transfer
2997,6/21/2011,6/21/2011,6/25/2011,NW-18400,OFF-EN-10001539,24.896,Standard Class,2,Bank Transfer
2998,6/21/2011,6/21/2011,6/25/2011,NW-18400,FUR-FU-10000550,3.984,Standard Class,5,PayPal
2999,6/21/2011,6/21/2011,6/25/2011,NW-18400,TEC-AC-10003628,95.968,Standard Class,1,Credit Card
3000,6/21/2011,6/21/2011,6/25/2011,NW-18400,TEC-MA-10004521,206.991,Standard Class,2,Credit Card
3001,6/21/2011,6/21/2011,6/25/2011,NW-18400,OFF-AP-10003860,44.416,Standard Class,1,PayPal
3002,6/21/2011,6/21/2011,6/25/2011,NW-18400,OFF-BI-10000069,9.006,Standard Class,3,PayPal
3003,7/5/2012,7/5/2012,7/10/2012,VP-21730,OFF-BI-10003655,19,Standard Class,4,Bank Transfer
3004,12/17/2014,12/17/2014,12/24/2014,RD-19810,OFF-BI-10001628,33.376,Standard Class,5,Credit Card
3005,9/9/2013,9/9/2013,9/11/2013,MG-17875,OFF-AP-10003779,207.48,First Class,4,Bank Transfer
3006,5/17/2011,5/17/2011,5/21/2011,PA-19060,OFF-BI-10000666,91.68,Standard Class,2,PayPal
3007,10/14/2014,10/14/2014,10/16/2014,CR-12730,OFF-AP-10000828,904.9,First Class,5,Credit Card
3008,10/24/2011,10/24/2011,10/29/2011,AA-10375,OFF-BI-10002706,34.272,Standard Class,3,PayPal
3009,12/6/2013,12/6/2013,12/7/2013,JG-15160,FUR-FU-10004748,191.82,First Class,3,Credit Card
3010,7/26/2013,7/26/2013,7/30/2013,RR-19525,OFF-AP-10000026,243.88,Standard Class,2,Credit Card
3011,4/18/2014,4/18/2014,4/24/2014,SR-20425,OFF-BI-10000773,12.03,Standard Class,2,Bank Transfer
3012,4/18/2014,4/18/2014,4/24/2014,SR-20425,TEC-MA-10000822,2549.985,Standard Class,5,Bank Transfer
3013,4/18/2014,4/18/2014,4/24/2014,SR-20425,OFF-BI-10001543,21.594,Standard Class,5,Bank Transfer
3014,4/18/2014,4/18/2014,4/24/2014,SR-20425,OFF-BI-10003355,8.964,Standard Class,2,PayPal
3015,4/18/2014,4/18/2014,4/24/2014,SR-20425,OFF-PA-10002005,20.736,Standard Class,5,Credit Card
3016,9/17/2012,9/17/2012,9/21/2012,LS-16975,FUR-TA-10004154,344.22,Standard Class,5,Credit Card
3017,8/24/2013,8/24/2013,8/31/2013,MH-18115,OFF-ST-10002743,727.296,Standard Class,5,Bank Transfer
3018,8/24/2013,8/24/2013,8/31/2013,MH-18115,FUR-FU-10004973,22.608,Standard Class,2,PayPal
3019,8/24/2013,8/24/2013,8/31/2013,MH-18115,TEC-AC-10002842,666.4,Standard Class,2,Bank Transfer
3020,11/8/2012,11/8/2012,11/14/2012,SC-20095,OFF-FA-10002701,5.04,Standard Class,4,PayPal
3021,11/8/2012,11/8/2012,11/14/2012,SC-20095,OFF-PA-10001125,92.94,Standard Class,4,Credit Card
3022,11/8/2012,11/8/2012,11/14/2012,SC-20095,FUR-FU-10004090,66.69,Standard Class,3,Bank Transfer
3023,11/8/2012,11/8/2012,11/14/2012,SC-20095,OFF-BI-10001510,91.68,Standard Class,5,Credit Card
3024,11/18/2014,11/18/2014,11/24/2014,JB-16000,FUR-BO-10002202,327.7328,Standard Class,1,Bank Transfer
3025,11/8/2012,11/8/2012,11/13/2012,AC-10450,OFF-BI-10001922,52.272,Standard Class,4,PayPal
3026,11/8/2012,11/8/2012,11/13/2012,AC-10450,OFF-PA-10001667,17.94,Standard Class,3,PayPal
3027,4/23/2014,4/23/2014,4/27/2014,MO-17800,FUR-FU-10001488,254.352,Standard Class,1,Credit Card
3028,8/24/2011,8/24/2011,8/24/2011,RB-19645,OFF-BI-10002799,8.288,Same Day,1,Bank Transfer
3029,12/18/2014,12/18/2014,12/22/2014,AI-10855,FUR-CH-10003846,504.9,Standard Class,4,Credit Card
3030,3/25/2013,3/25/2013,3/29/2013,DR-12880,TEC-PH-10003691,403.168,Standard Class,5,Credit Card
3031,9/21/2012,9/21/2012,9/27/2012,DM-12955,FUR-BO-10000468,194.32,Standard Class,5,Credit Card
3032,9/21/2012,9/21/2012,9/27/2012,DM-12955,OFF-AR-10001044,25.99,Standard Class,2,Bank Transfer
3033,11/22/2013,11/22/2013,11/27/2013,JH-16180,FUR-CH-10003833,195.136,Standard Class,1,PayPal
3034,9/17/2014,9/17/2014,9/22/2014,AB-10060,OFF-PA-10004355,20.736,Standard Class,4,PayPal
3035,6/11/2012,6/11/2012,6/16/2012,BD-11605,TEC-AC-10003038,53.7,Standard Class,4,Bank Transfer
3036,6/11/2012,6/11/2012,6/16/2012,BD-11605,OFF-BI-10002799,36.26,Standard Class,3,Bank Transfer
3037,6/11/2012,6/11/2012,6/16/2012,BD-11605,OFF-AR-10003582,56.3,Standard Class,2,PayPal
3038,6/11/2012,6/11/2012,6/16/2012,BD-11605,OFF-PA-10004451,32.4,Standard Class,3,PayPal
3039,6/11/2012,6/11/2012,6/16/2012,BD-11605,FUR-FU-10004666,29.16,Standard Class,4,Bank Transfer
3040,10/4/2014,10/4/2014,10/9/2014,AS-10045,FUR-TA-10001520,171.288,Standard Class,2,Bank Transfer
3041,5/6/2013,5/6/2013,5/10/2013,ZD-21925,FUR-FU-10004270,16.72,Standard Class,4,Credit Card
3042,9/12/2014,9/12/2014,9/13/2014,KF-16285,OFF-PA-10003172,12.96,Same Day,5,Credit Card
3043,9/12/2014,9/12/2014,9/13/2014,KF-16285,OFF-EN-10002312,22.18,Same Day,1,Credit Card
3044,9/12/2014,9/12/2014,9/13/2014,KF-16285,FUR-CH-10002320,2054.272,Same Day,5,Credit Card
3045,4/30/2012,4/30/2012,5/2/2012,BP-11230,TEC-PH-10001530,1022.97,Second Class,4,PayPal
3046,11/7/2014,11/7/2014,11/11/2014,CC-12430,OFF-AR-10001216,13.9,Second Class,5,Credit Card
3047,11/7/2014,11/7/2014,11/11/2014,CC-12430,OFF-PA-10003127,26.38,Second Class,2,Credit Card
3048,9/30/2011,9/30/2011,10/4/2011,DB-13615,OFF-BI-10003910,43.176,Standard Class,2,Bank Transfer
3049,4/3/2014,4/3/2014,4/5/2014,TC-21475,FUR-TA-10004534,411.8,First Class,2,PayPal
3050,4/3/2014,4/3/2014,4/5/2014,TC-21475,TEC-AC-10000892,360,First Class,2,PayPal
3051,10/7/2014,10/7/2014,10/12/2014,NZ-18565,FUR-FU-10003247,41.96,Standard Class,4,Credit Card
3052,10/7/2014,10/7/2014,10/12/2014,NZ-18565,OFF-AP-10004336,227.84,Standard Class,5,PayPal
3053,10/7/2014,10/7/2014,10/12/2014,NZ-18565,OFF-PA-10001295,37.94,Standard Class,3,Bank Transfer
3054,4/10/2013,4/10/2013,4/15/2013,SW-20350,TEC-PH-10002555,517.9,Second Class,1,Credit Card
3055,4/10/2013,4/10/2013,4/15/2013,SW-20350,OFF-BI-10000831,5.28,Second Class,4,Bank Transfer
3056,8/28/2012,8/28/2012,9/1/2012,TS-21370,TEC-CO-10001046,2799.96,Standard Class,2,Credit Card
3057,10/20/2014,10/20/2014,10/25/2014,HH-15010,OFF-EN-10002973,8.96,Second Class,5,PayPal
3058,10/20/2014,10/20/2014,10/25/2014,HH-15010,OFF-LA-10001641,31.5,Second Class,4,PayPal
3059,10/20/2014,10/20/2014,10/25/2014,HH-15010,FUR-FU-10003878,30.56,Second Class,1,PayPal
3060,10/20/2014,10/20/2014,10/25/2014,HH-15010,FUR-TA-10003837,24.368,Second Class,1,Bank Transfer
3061,11/8/2013,11/8/2013,11/13/2013,DM-13345,TEC-AC-10002800,119.976,Standard Class,4,Bank Transfer
3062,3/4/2014,3/4/2014,3/8/2014,RE-19450,OFF-PA-10001307,26.88,Standard Class,4,Bank Transfer
3063,11/27/2012,11/27/2012,11/29/2012,JD-16150,TEC-PH-10002350,83.97,First Class,2,Bank Transfer
3064,11/27/2012,11/27/2012,11/29/2012,JD-16150,TEC-AC-10000397,104.97,First Class,4,Credit Card
3065,3/14/2014,3/14/2014,3/19/2014,BF-11215,OFF-ST-10000615,90.8,Second Class,3,Credit Card
3066,3/14/2014,3/14/2014,3/19/2014,BF-11215,TEC-PH-10004531,140.736,Second Class,3,Credit Card
3067,3/14/2014,3/14/2014,3/19/2014,BF-11215,TEC-AC-10004001,214.95,Second Class,5,Bank Transfer
3068,3/14/2014,3/14/2014,3/19/2014,BF-11215,OFF-PA-10001534,45.36,Second Class,4,PayPal
3069,3/14/2014,3/14/2014,3/19/2014,BF-11215,OFF-PA-10001815,288.24,Second Class,1,Bank Transfer
3070,12/1/2014,12/1/2014,12/1/2014,ML-17755,OFF-AP-10003779,663.936,Same Day,3,Bank Transfer
3071,11/17/2011,11/17/2011,11/22/2011,YC-21895,OFF-ST-10002011,2934.33,Standard Class,5,PayPal
3072,11/17/2011,11/17/2011,11/22/2011,YC-21895,FUR-FU-10002379,124.41,Standard Class,4,Credit Card
3073,11/17/2011,11/17/2011,11/22/2011,YC-21895,OFF-AR-10003752,57.75,Standard Class,4,PayPal
3074,1/3/2013,1/3/2013,1/5/2013,LR-16915,OFF-ST-10003692,114.46,First Class,2,Credit Card
3075,10/3/2012,10/3/2012,10/8/2012,BS-11755,FUR-BO-10004409,120.666,Standard Class,5,PayPal
3076,7/20/2011,7/20/2011,7/24/2011,KM-16375,OFF-ST-10003306,342.864,Standard Class,1,PayPal
3077,7/20/2011,7/20/2011,7/24/2011,KM-16375,FUR-FU-10003724,16.74,Standard Class,5,PayPal
3078,7/20/2011,7/20/2011,7/24/2011,KM-16375,FUR-CH-10002024,981.372,Standard Class,5,Credit Card
3079,5/21/2011,5/21/2011,5/25/2011,BT-11530,OFF-AR-10003514,31.84,Standard Class,1,Bank Transfer
3080,9/5/2014,9/5/2014,9/6/2014,KB-16405,OFF-PA-10001800,12.96,First Class,4,Bank Transfer
3081,9/5/2014,9/5/2014,9/6/2014,KB-16405,TEC-PH-10003589,43.176,First Class,4,PayPal
3082,5/28/2014,5/28/2014,6/3/2014,DW-13480,OFF-BI-10003364,58.34,Standard Class,2,Credit Card
3083,5/28/2014,5/28/2014,6/3/2014,DW-13480,TEC-PH-10002834,539.97,Standard Class,4,Credit Card
3084,1/29/2011,1/29/2011,2/4/2011,JC-15340,OFF-BI-10000343,3.928,Standard Class,3,Bank Transfer
3085,2/10/2014,2/10/2014,2/15/2014,TP-21415,OFF-BI-10004584,252.784,Standard Class,1,PayPal
3086,2/10/2014,2/10/2014,2/15/2014,TP-21415,TEC-AC-10002402,127.984,Standard Class,5,Credit Card
3087,2/10/2014,2/10/2014,2/15/2014,TP-21415,FUR-FU-10000550,3.984,Standard Class,4,Bank Transfer
3088,2/10/2014,2/10/2014,2/15/2014,TP-21415,OFF-AP-10000055,12.992,Standard Class,1,Bank Transfer
3089,4/1/2014,4/1/2014,4/3/2014,DB-12910,FUR-FU-10001591,61,Second Class,4,Bank Transfer
3090,4/1/2014,4/1/2014,4/3/2014,DB-12910,TEC-PH-10000526,671.93,Second Class,3,Credit Card
3091,3/4/2013,3/4/2013,3/9/2013,BH-11710,OFF-BI-10001071,447.86,Standard Class,2,PayPal
3092,3/4/2013,3/4/2013,3/9/2013,BH-11710,TEC-PH-10001557,479.95,Standard Class,2,PayPal
3093,3/4/2013,3/4/2013,3/9/2013,BH-11710,OFF-PA-10001977,166.44,Standard Class,1,Credit Card
3094,8/23/2012,8/23/2012,8/23/2012,TD-20995,OFF-SU-10004231,31.68,Same Day,4,Credit Card
3095,8/23/2012,8/23/2012,8/23/2012,TD-20995,OFF-PA-10000809,10.368,Same Day,5,Bank Transfer
3096,8/23/2012,8/23/2012,8/23/2012,TD-20995,OFF-FA-10003021,12.032,Same Day,5,Credit Card
3097,8/23/2012,8/23/2012,8/23/2012,TD-20995,OFF-AP-10000696,5.768,Same Day,2,Credit Card
3098,4/28/2014,4/28/2014,5/2/2014,CV-12805,OFF-LA-10001158,33.12,Standard Class,4,PayPal
3099,4/28/2014,4/28/2014,5/2/2014,CV-12805,FUR-BO-10002268,220.2656,Standard Class,2,Credit Card
3100,4/15/2014,4/15/2014,4/20/2014,CS-12355,OFF-BI-10000829,10.776,Standard Class,5,PayPal
3101,4/15/2014,4/15/2014,4/20/2014,CS-12355,FUR-BO-10003441,242.352,Standard Class,1,PayPal
3102,12/23/2014,12/23/2014,12/28/2014,JG-15310,OFF-SU-10003505,695.16,Second Class,1,Credit Card
3103,12/23/2014,12/23/2014,12/28/2014,JG-15310,FUR-BO-10003660,220.98,Second Class,5,Credit Card
3104,12/9/2013,12/9/2013,12/13/2013,JP-16135,OFF-BI-10001267,12.957,Standard Class,3,Credit Card
3105,3/24/2014,3/24/2014,3/30/2014,EC-14050,OFF-PA-10002741,25.68,Standard Class,4,Credit Card
3106,7/26/2013,7/26/2013,7/30/2013,KH-16630,OFF-LA-10004345,15.712,Standard Class,2,Bank Transfer
3107,7/11/2014,7/11/2014,7/15/2014,FG-14260,OFF-ST-10004340,298.464,Standard Class,5,PayPal
3108,7/18/2013,7/18/2013,7/23/2013,AA-10480,OFF-PA-10001471,21.93,Standard Class,4,Credit Card
3109,7/18/2013,7/18/2013,7/23/2013,AA-10480,OFF-ST-10002344,242.94,Standard Class,2,PayPal
3110,7/18/2013,7/18/2013,7/23/2013,AA-10480,OFF-PA-10001892,7.64,Standard Class,3,Credit Card
3111,7/18/2013,7/18/2013,7/23/2013,AA-10480,OFF-PA-10001934,51.84,Standard Class,1,Bank Transfer
3112,7/18/2013,7/18/2013,7/23/2013,AA-10480,OFF-ST-10000078,265.17,Standard Class,3,Bank Transfer
3113,8/24/2013,8/24/2013,8/31/2013,MS-17770,TEC-MA-10001972,837.6,Standard Class,2,Bank Transfer
3114,8/24/2013,8/24/2013,8/31/2013,MS-17770,OFF-EN-10002504,135.9,Standard Class,4,PayPal
3115,8/24/2013,8/24/2013,8/31/2013,MS-17770,OFF-PA-10002160,34.68,Standard Class,1,Credit Card
3116,8/24/2013,8/24/2013,8/31/2013,MS-17770,FUR-CH-10001973,532.704,Standard Class,3,Bank Transfer
3117,8/24/2013,8/24/2013,8/31/2013,MS-17770,OFF-AP-10001492,43.1,Standard Class,3,Credit Card
3118,8/24/2013,8/24/2013,8/31/2013,MS-17770,OFF-SU-10002189,15.88,Standard Class,4,PayPal
3119,6/11/2012,6/11/2012,6/12/2012,JE-15610,FUR-CH-10003312,1123.92,First Class,2,Credit Card
3120,6/11/2012,6/11/2012,6/12/2012,JE-15610,TEC-PH-10002496,249.584,First Class,1,PayPal
3121,6/11/2012,6/11/2012,6/12/2012,JE-15610,FUR-FU-10003464,48.672,First Class,3,Credit Card
3122,6/11/2012,6/11/2012,6/12/2012,JE-15610,OFF-AR-10000380,60.768,First Class,4,Bank Transfer
3123,6/11/2012,6/11/2012,6/12/2012,JE-15610,OFF-BI-10004593,78.6,First Class,2,PayPal
3124,6/11/2012,6/11/2012,6/12/2012,JE-15610,OFF-BI-10001308,3.768,First Class,3,PayPal
3125,6/11/2012,6/11/2012,6/12/2012,JE-15610,OFF-ST-10001780,1036.624,First Class,3,PayPal
3126,6/11/2012,6/11/2012,6/12/2012,JE-15610,OFF-ST-10003816,563.808,First Class,1,PayPal
3127,9/9/2014,9/9/2014,9/13/2014,EB-14110,TEC-PH-10002200,258.528,Standard Class,5,PayPal
3128,10/3/2014,10/3/2014,10/7/2014,BP-11155,OFF-PA-10004438,49.12,Standard Class,5,PayPal
3129,12/16/2011,12/16/2011,12/17/2011,CC-12100,FUR-FU-10004090,44.46,First Class,1,Credit Card
3130,12/16/2011,12/16/2011,12/17/2011,CC-12100,FUR-CH-10002602,241.568,First Class,3,Bank Transfer
3131,12/16/2011,12/16/2011,12/17/2011,CC-12100,TEC-AC-10001142,395,First Class,4,PayPal
3132,12/16/2011,12/16/2011,12/17/2011,CC-12100,TEC-PH-10004977,627.168,First Class,5,Bank Transfer
3133,8/24/2011,8/24/2011,8/26/2011,JP-15460,FUR-FU-10004586,13.28,First Class,5,PayPal
3134,8/24/2011,8/24/2011,8/26/2011,JP-15460,OFF-BI-10001116,12.672,First Class,4,Bank Transfer
3135,11/13/2014,11/13/2014,11/19/2014,LS-16975,OFF-BI-10000666,30.56,Standard Class,3,PayPal
3136,11/13/2014,11/13/2014,11/19/2014,LS-16975,OFF-ST-10002583,77.952,Standard Class,3,Credit Card
3137,11/13/2014,11/13/2014,11/19/2014,LS-16975,TEC-PH-10004908,67.992,Standard Class,2,Bank Transfer
3138,11/13/2014,11/13/2014,11/19/2014,LS-16975,OFF-EN-10001219,12.224,Standard Class,1,PayPal
3139,11/13/2014,11/13/2014,11/19/2014,LS-16975,TEC-AC-10004568,44.784,Standard Class,4,Bank Transfer
3140,11/13/2014,11/13/2014,11/19/2014,LS-16975,FUR-FU-10001756,22.848,Standard Class,3,Credit Card
3141,4/25/2012,4/25/2012,4/28/2012,JL-15850,OFF-AP-10002311,206.43,First Class,3,PayPal
3142,12/12/2011,12/12/2011,12/12/2011,CY-12745,OFF-BI-10003650,210.392,Same Day,1,Credit Card
3143,9/26/2014,9/26/2014,9/28/2014,RB-19360,TEC-AC-10003628,119.96,Second Class,1,Credit Card
3144,9/26/2014,9/26/2014,9/28/2014,RB-19360,OFF-AR-10001547,10.608,Second Class,2,PayPal
3145,9/6/2013,9/6/2013,9/12/2013,AR-10825,FUR-CH-10002647,347.802,Standard Class,1,PayPal
3146,2/12/2014,2/12/2014,2/14/2014,CS-11845,FUR-CH-10004495,963.136,Second Class,3,Bank Transfer
3147,2/12/2014,2/12/2014,2/14/2014,CS-11845,TEC-PH-10002923,88.776,Second Class,2,Credit Card
3148,6/30/2011,6/30/2011,7/3/2011,AR-10825,OFF-AR-10001374,32.4,Second Class,5,Bank Transfer
3149,6/8/2013,6/8/2013,6/11/2013,RD-19810,OFF-PA-10003441,32.4,First Class,5,Credit Card
3150,12/20/2011,12/20/2011,12/25/2011,KH-16510,OFF-LA-10002043,31.05,Standard Class,2,Bank Transfer
3151,12/15/2012,12/15/2012,12/18/2012,NF-18385,TEC-AC-10002049,2025.36,First Class,2,PayPal
3152,12/15/2012,12/15/2012,12/18/2012,NF-18385,TEC-MA-10000418,1799.994,First Class,3,Credit Card
3153,12/15/2012,12/15/2012,12/18/2012,NF-18385,TEC-PH-10004908,101.988,First Class,3,Credit Card
3154,12/15/2012,12/15/2012,12/18/2012,NF-18385,FUR-FU-10004091,262.864,First Class,5,Bank Transfer
3155,7/21/2014,7/21/2014,7/25/2014,SM-20950,OFF-BI-10004600,735.98,Standard Class,4,Bank Transfer
3156,8/3/2011,8/3/2011,8/5/2011,GH-14410,OFF-PA-10001289,93.024,Second Class,2,Bank Transfer
3157,8/24/2012,8/24/2012,8/28/2012,EM-13810,FUR-TA-10001539,284.364,Standard Class,3,Bank Transfer
3158,8/24/2012,8/24/2012,8/28/2012,EM-13810,TEC-AC-10001266,26,Standard Class,4,PayPal
3159,3/27/2013,3/27/2013,3/28/2013,DB-13210,OFF-ST-10001291,67.64,First Class,1,PayPal
3160,3/27/2013,3/27/2013,3/28/2013,DB-13210,TEC-AC-10001314,119.976,First Class,5,Credit Card
3161,9/12/2011,9/12/2011,9/16/2011,PT-19090,OFF-BI-10004040,5.18,Second Class,3,Bank Transfer
3162,9/21/2011,9/21/2011,9/25/2011,HF-14995,OFF-EN-10001539,15.56,Standard Class,4,Bank Transfer
3163,9/21/2011,9/21/2011,9/25/2011,HF-14995,OFF-EN-10004483,78.35,Standard Class,5,PayPal
3164,9/21/2011,9/21/2011,9/25/2011,HF-14995,OFF-AR-10001615,59.52,Standard Class,3,PayPal
3165,9/21/2011,9/21/2011,9/25/2011,HF-14995,OFF-PA-10000327,38.52,Standard Class,5,Bank Transfer
3166,9/21/2011,9/21/2011,9/25/2011,HF-14995,TEC-PH-10001299,239.984,Standard Class,4,Credit Card
3167,9/21/2011,9/21/2011,9/25/2011,HF-14995,OFF-PA-10002246,19.35,Standard Class,3,Credit Card
3168,10/30/2013,10/30/2013,11/1/2013,KW-16435,FUR-FU-10002671,67,First Class,4,Bank Transfer
3169,5/29/2013,5/29/2013,6/4/2013,KC-16675,FUR-CH-10003833,390.272,Standard Class,1,PayPal
3170,5/29/2013,5/29/2013,6/4/2013,KC-16675,OFF-PA-10001667,62.192,Standard Class,2,Credit Card
3171,12/22/2014,12/22/2014,12/27/2014,PK-19075,OFF-BI-10002003,23.88,Second Class,3,Credit Card
3172,3/22/2013,3/22/2013,3/29/2013,KT-16465,OFF-BI-10004465,3.168,Standard Class,3,Bank Transfer
3173,3/22/2013,3/22/2013,3/29/2013,KT-16465,FUR-CH-10000665,528.43,Standard Class,4,PayPal
3174,3/22/2013,3/22/2013,3/29/2013,KT-16465,OFF-AR-10004956,13.392,Standard Class,5,PayPal
3175,11/12/2014,11/12/2014,11/19/2014,EP-13915,OFF-AR-10004260,181.86,Standard Class,5,Bank Transfer
3176,9/24/2014,9/24/2014,9/30/2014,AP-10915,FUR-BO-10001811,180.588,Standard Class,4,Bank Transfer
3177,9/24/2014,9/24/2014,9/30/2014,AP-10915,TEC-AC-10003280,47.984,Standard Class,1,PayPal
3178,9/11/2014,9/11/2014,9/11/2014,SH-20395,OFF-PA-10004911,18.76,Same Day,4,Bank Transfer
3179,12/6/2014,12/6/2014,12/12/2014,SM-20950,FUR-FU-10001487,20.94,Standard Class,4,Credit Card
3180,12/6/2014,12/6/2014,12/12/2014,SM-20950,FUR-FU-10000521,58.68,Standard Class,4,Bank Transfer
3181,12/6/2014,12/6/2014,12/12/2014,SM-20950,OFF-AP-10001271,254.9,Standard Class,5,PayPal
3182,11/10/2014,11/10/2014,11/13/2014,BM-11650,OFF-BI-10004728,9.64,Second Class,3,PayPal
3183,11/10/2014,11/10/2014,11/13/2014,BM-11650,TEC-AC-10004666,826.62,Second Class,1,Credit Card
3184,11/10/2014,11/10/2014,11/13/2014,BM-11650,OFF-ST-10003208,1633.14,Second Class,2,PayPal
3185,11/10/2014,11/10/2014,11/13/2014,BM-11650,OFF-ST-10003208,544.38,Second Class,4,Bank Transfer
3186,11/7/2011,11/7/2011,11/9/2011,TC-20980,OFF-BI-10000632,26.046,First Class,5,PayPal
3187,11/7/2011,11/7/2011,11/9/2011,TC-20980,OFF-EN-10004773,74.352,First Class,1,PayPal
3188,3/13/2014,3/13/2014,3/18/2014,KB-16585,TEC-PH-10004700,69.93,Standard Class,4,PayPal
3189,10/21/2014,10/21/2014,10/23/2014,JE-16165,OFF-LA-10003714,3.75,Second Class,1,PayPal
3190,10/21/2014,10/21/2014,10/23/2014,JE-16165,OFF-BI-10001787,20.928,Second Class,5,PayPal
3191,12/27/2012,12/27/2012,1/1/2013,DR-12940,OFF-ST-10002957,12.672,Standard Class,5,Bank Transfer
3192,10/3/2014,10/3/2014,10/9/2014,RW-19630,TEC-PH-10002115,65.99,Standard Class,5,PayPal
3193,6/5/2014,6/5/2014,6/9/2014,ML-18040,OFF-BI-10002557,6.37,Standard Class,3,Bank Transfer
3194,9/1/2011,9/1/2011,9/4/2011,JL-15130,OFF-BI-10002949,3.648,First Class,2,Bank Transfer
3195,9/1/2011,9/1/2011,9/4/2011,JL-15130,OFF-PA-10004100,31.104,First Class,5,Bank Transfer
3196,8/9/2013,8/9/2013,8/14/2013,CM-12655,OFF-FA-10001883,23.34,Standard Class,3,Credit Card
3197,7/23/2014,7/23/2014,7/29/2014,FH-14365,TEC-PH-10000702,29.97,Standard Class,4,Bank Transfer
3198,7/10/2012,7/10/2012,7/10/2012,EH-13945,OFF-BI-10003196,3.366,Same Day,2,Credit Card
3199,12/1/2011,12/1/2011,12/7/2011,TB-21280,TEC-PH-10001644,95.968,Standard Class,1,Bank Transfer
3200,12/19/2014,12/19/2014,12/23/2014,AH-10030,OFF-AR-10003183,18.704,Standard Class,5,Bank Transfer
3201,5/18/2011,5/18/2011,5/20/2011,TT-21070,FUR-FU-10000308,149.232,Second Class,2,PayPal
3202,5/18/2011,5/18/2011,5/20/2011,TT-21070,OFF-PA-10001526,15.936,Second Class,5,Bank Transfer
3203,11/10/2011,11/10/2011,11/16/2011,RD-19900,TEC-PH-10002103,601.536,Standard Class,1,PayPal
3204,11/10/2011,11/10/2011,11/16/2011,RD-19900,TEC-AC-10004209,10.99,Standard Class,4,Bank Transfer
3205,11/10/2011,11/10/2011,11/16/2011,RD-19900,FUR-FU-10000397,39.88,Standard Class,4,PayPal
3206,11/10/2011,11/10/2011,11/16/2011,RD-19900,OFF-PA-10002137,62.24,Standard Class,2,Bank Transfer
3207,11/10/2011,11/10/2011,11/16/2011,RD-19900,FUR-FU-10001867,53.2,Standard Class,3,PayPal
3208,11/10/2011,11/10/2011,11/16/2011,RD-19900,OFF-LA-10000407,39.84,Standard Class,5,PayPal
3209,1/9/2013,1/9/2013,1/15/2013,LA-16780,TEC-AC-10000420,349.95,Standard Class,5,Credit Card
3210,1/9/2013,1/9/2013,1/15/2013,LA-16780,TEC-PH-10002726,377.928,Standard Class,4,Bank Transfer
3211,9/23/2014,9/23/2014,9/28/2014,SH-19975,OFF-EN-10001415,13.392,Standard Class,2,Credit Card
3212,9/23/2014,9/23/2014,9/28/2014,SH-19975,OFF-BI-10000773,11.228,Standard Class,5,Bank Transfer
3213,12/23/2011,12/23/2011,12/28/2011,SF-20200,OFF-AP-10002350,207.24,Standard Class,4,PayPal
3214,5/27/2013,5/27/2013,6/2/2013,TH-21235,OFF-AR-10001919,1.504,Standard Class,4,PayPal
3215,5/27/2013,5/27/2013,6/2/2013,TH-21235,OFF-AP-10002082,34.848,Standard Class,1,PayPal
3216,7/9/2014,7/9/2014,7/11/2014,VG-21790,OFF-LA-10002762,75.18,First Class,4,Bank Transfer
3217,5/13/2011,5/13/2011,5/17/2011,NP-18325,TEC-AC-10002800,149.97,Standard Class,1,Credit Card
3218,11/11/2014,11/11/2014,11/17/2014,FH-14275,OFF-BI-10003925,931.176,Standard Class,5,PayPal
3219,11/11/2014,11/11/2014,11/17/2014,FH-14275,TEC-PH-10002200,430.88,Standard Class,4,PayPal
3220,10/2/2012,10/2/2012,10/8/2012,JP-15460,OFF-PA-10001295,94.85,Standard Class,4,Bank Transfer
3221,10/2/2012,10/2/2012,10/8/2012,JP-15460,OFF-EN-10002500,51.12,Standard Class,2,PayPal
3222,10/2/2012,10/2/2012,10/8/2012,JP-15460,TEC-AC-10000892,90,Standard Class,2,Bank Transfer
3223,10/2/2011,10/2/2011,10/5/2011,ES-14080,OFF-PA-10001838,9.408,First Class,3,PayPal
3224,10/2/2011,10/2/2011,10/5/2011,ES-14080,OFF-FA-10000735,4.672,First Class,5,Credit Card
3225,10/2/2011,10/2/2011,10/5/2011,ES-14080,TEC-PH-10001760,318.4,First Class,1,Credit Card
3226,10/2/2011,10/2/2011,10/5/2011,ES-14080,OFF-EN-10004846,12.768,First Class,1,Credit Card
3227,10/2/2011,10/2/2011,10/5/2011,ES-14080,OFF-SU-10003567,15.36,First Class,1,PayPal
3228,10/2/2011,10/2/2011,10/5/2011,ES-14080,TEC-PH-10001557,230.376,First Class,4,Credit Card
3229,10/2/2011,10/2/2011,10/5/2011,ES-14080,TEC-AC-10003038,7.16,First Class,3,PayPal
3230,8/11/2011,8/11/2011,8/16/2011,KL-16645,OFF-ST-10004459,375.34,Standard Class,1,PayPal
3231,9/2/2014,9/2/2014,9/6/2014,BN-11515,FUR-FU-10004960,114.9,Second Class,1,Credit Card
3232,4/17/2014,4/17/2014,4/23/2014,ND-18370,OFF-BI-10000632,26.046,Standard Class,4,Bank Transfer
3233,4/17/2014,4/17/2014,4/23/2014,ND-18370,OFF-BI-10001107,2.896,Standard Class,5,Credit Card
3234,4/17/2014,4/17/2014,4/23/2014,ND-18370,OFF-ST-10002301,32.544,Standard Class,2,PayPal
3235,4/25/2013,4/25/2013,4/28/2013,JL-15130,OFF-BI-10003355,3.984,First Class,4,PayPal
3236,1/15/2013,1/15/2013,1/15/2013,RC-19825,FUR-TA-10002903,181.797,Same Day,1,Credit Card
3237,5/3/2013,5/3/2013,5/3/2013,CC-12475,OFF-ST-10001580,44.94,Same Day,1,Bank Transfer
3238,5/3/2013,5/3/2013,5/3/2013,CC-12475,OFF-BI-10000315,45.576,Same Day,5,Bank Transfer
3239,11/21/2013,11/21/2013,11/28/2013,DW-13195,FUR-CH-10003774,318.43,Standard Class,2,Credit Card
3240,11/21/2013,11/21/2013,11/28/2013,DW-13195,TEC-PH-10003095,122.92,Standard Class,4,PayPal
3241,11/21/2013,11/21/2013,11/28/2013,DW-13195,FUR-FU-10000023,7.068,Standard Class,4,PayPal
3242,2/1/2013,2/1/2013,2/3/2013,CK-12760,OFF-ST-10002214,56.45,First Class,4,PayPal
3243,4/1/2014,4/1/2014,4/6/2014,EG-13900,OFF-BI-10002799,13.468,Second Class,2,PayPal
3244,12/2/2014,12/2/2014,12/6/2014,SJ-20215,TEC-PH-10004912,219.8,Standard Class,1,Bank Transfer
3245,12/2/2014,12/2/2014,12/6/2014,SJ-20215,FUR-CH-10002602,317.058,Standard Class,1,Credit Card
3246,12/11/2014,12/11/2014,12/13/2014,BP-11185,TEC-AC-10004510,49.08,Second Class,2,PayPal
3247,12/11/2014,12/11/2014,12/13/2014,BP-11185,OFF-ST-10000060,324.9,Second Class,4,Credit Card
3248,12/11/2014,12/11/2014,12/13/2014,BP-11185,OFF-AR-10000799,18.24,Second Class,4,PayPal
3249,9/18/2013,9/18/2013,9/22/2013,SJ-20125,FUR-CH-10004875,113.888,Standard Class,5,Credit Card
3250,9/18/2013,9/18/2013,9/22/2013,SJ-20125,TEC-PH-10002085,105.584,Standard Class,3,PayPal
3251,12/24/2013,12/24/2013,12/30/2013,MC-17590,OFF-FA-10000992,24.85,Standard Class,3,Credit Card
3252,4/18/2014,4/18/2014,4/20/2014,BG-11740,FUR-FU-10001473,60.312,First Class,2,PayPal
3253,10/28/2014,10/28/2014,10/31/2014,MA-17560,OFF-AR-10003045,7.056,Second Class,1,PayPal
3254,10/28/2014,10/28/2014,10/31/2014,MA-17560,TEC-PH-10001536,27.184,Second Class,1,Bank Transfer
3255,7/9/2013,7/9/2013,7/15/2013,CC-12220,TEC-PH-10001580,107.984,Standard Class,4,Bank Transfer
3256,7/9/2013,7/9/2013,7/15/2013,CC-12220,OFF-BI-10004209,19.296,Standard Class,5,Credit Card
3257,8/9/2012,8/9/2012,8/14/2012,RA-19885,OFF-LA-10001613,4.608,Standard Class,3,Credit Card
3258,12/10/2013,12/10/2013,12/15/2013,DK-12835,FUR-TA-10001676,79.974,Second Class,3,Bank Transfer
3259,12/10/2013,12/10/2013,12/15/2013,DK-12835,OFF-BI-10003712,2.946,Second Class,3,Bank Transfer
3260,11/14/2013,11/14/2013,11/18/2013,LB-16795,OFF-BI-10000285,3.136,Standard Class,5,Bank Transfer
3261,11/14/2011,11/14/2011,11/15/2011,CM-11815,OFF-PA-10004609,20.736,First Class,3,Credit Card
3262,11/17/2011,11/17/2011,11/19/2011,TS-21205,TEC-AC-10001314,99.98,First Class,4,PayPal
3263,11/17/2011,11/17/2011,11/19/2011,TS-21205,OFF-PA-10003395,733.95,First Class,2,PayPal
3264,11/17/2011,11/17/2011,11/19/2011,TS-21205,OFF-AP-10001242,241.44,First Class,2,Credit Card
3265,3/5/2013,3/5/2013,3/9/2013,RF-19345,OFF-LA-10001641,10.08,Second Class,5,Bank Transfer
3266,10/11/2011,10/11/2011,10/15/2011,JF-15565,OFF-ST-10003816,281.904,Standard Class,1,Bank Transfer
3267,10/11/2011,10/11/2011,10/15/2011,JF-15565,OFF-EN-10002230,201.432,Standard Class,4,Bank Transfer
3268,5/22/2011,5/22/2011,5/29/2011,EH-14185,TEC-PH-10002660,135.98,Standard Class,2,PayPal
3269,5/22/2011,5/22/2011,5/29/2011,EH-14185,TEC-PH-10003171,44.95,Standard Class,1,Credit Card
3270,7/15/2011,7/15/2011,7/19/2011,VW-21775,TEC-AC-10003709,2.97,Standard Class,2,Credit Card
3271,7/15/2011,7/15/2011,7/19/2011,VW-21775,OFF-FA-10000304,6.54,Standard Class,4,Credit Card
3272,12/27/2012,12/27/2012,12/29/2012,KN-16450,TEC-AC-10003709,7.92,Second Class,1,Bank Transfer
3273,2/9/2012,2/9/2012,2/16/2012,SJ-20215,FUR-CH-10002774,203.92,Standard Class,4,Credit Card
3274,5/9/2014,5/9/2014,5/13/2014,PS-19045,TEC-CO-10001046,3359.952,Standard Class,2,PayPal
3275,11/3/2014,11/3/2014,11/7/2014,KM-16225,OFF-FA-10003495,18.24,Standard Class,5,Credit Card
3276,11/3/2014,11/3/2014,11/7/2014,KM-16225,OFF-AR-10004685,27.78,Standard Class,2,Bank Transfer
3277,4/5/2011,4/5/2011,4/9/2011,GM-14695,OFF-AR-10004757,22.96,Second Class,3,Bank Transfer
3278,4/5/2011,4/5/2011,4/9/2011,GM-14695,TEC-PH-10001615,28.99,Second Class,2,PayPal
3279,4/5/2011,4/5/2011,4/9/2011,GM-14695,OFF-PA-10003349,12.96,Second Class,5,Bank Transfer
3280,4/5/2011,4/5/2011,4/9/2011,GM-14695,OFF-AR-10000127,22.96,Second Class,1,Credit Card
3281,4/5/2011,4/5/2011,4/9/2011,GM-14695,OFF-SU-10002881,4164.05,Second Class,4,Credit Card
3282,9/17/2011,9/17/2011,9/24/2011,KT-16465,TEC-AC-10001109,47.984,Standard Class,1,PayPal
3283,9/17/2011,9/17/2011,9/24/2011,KT-16465,OFF-PA-10000682,4.624,Standard Class,3,PayPal
3284,9/30/2011,9/30/2011,10/6/2011,MH-17785,FUR-FU-10000221,15.24,Standard Class,2,Bank Transfer
3285,9/12/2011,9/12/2011,9/17/2011,AF-10885,OFF-BI-10002429,63.924,Standard Class,5,PayPal
3286,2/21/2014,2/21/2014,2/26/2014,JP-16135,OFF-AR-10002375,6.56,Standard Class,3,PayPal
3287,2/21/2014,2/21/2014,2/26/2014,JP-16135,OFF-AP-10000595,13.11,Standard Class,2,PayPal
3288,12/13/2012,12/13/2012,12/15/2012,RD-19585,TEC-PH-10001530,494.376,First Class,2,Bank Transfer
3289,12/13/2012,12/13/2012,12/15/2012,RD-19585,OFF-BI-10000050,29.2,First Class,4,Credit Card
3290,12/13/2012,12/13/2012,12/15/2012,RD-19585,TEC-AC-10001552,248.85,First Class,5,Bank Transfer
3291,12/13/2012,12/13/2012,12/15/2012,RD-19585,TEC-AC-10003399,36.24,First Class,4,Credit Card
3292,10/31/2013,10/31/2013,11/5/2013,JF-15295,OFF-AR-10004078,11.68,Standard Class,1,Bank Transfer
3293,12/26/2011,12/26/2011,12/30/2011,CK-12595,OFF-SU-10002189,11.91,Standard Class,2,Credit Card
3294,12/26/2011,12/26/2011,12/30/2011,CK-12595,FUR-FU-10001852,3.48,Standard Class,2,PayPal
3295,8/15/2011,8/15/2011,8/18/2011,KH-16510,OFF-BI-10003638,30.96,First Class,4,Credit Card
3296,10/2/2014,10/2/2014,10/4/2014,CM-12655,TEC-MA-10002428,1704.89,First Class,2,Credit Card
3297,5/23/2012,5/23/2012,5/30/2012,EB-13870,OFF-BI-10001036,19.194,Standard Class,4,Bank Transfer
3298,5/23/2012,5/23/2012,5/30/2012,EB-13870,OFF-AP-10004708,121.792,Standard Class,2,Bank Transfer
3299,11/17/2014,11/17/2014,11/17/2014,MW-18235,TEC-MA-10000488,1919.976,Same Day,5,PayPal
3300,11/18/2011,11/18/2011,11/22/2011,CS-11950,OFF-BI-10003656,50.997,Standard Class,1,Bank Transfer
3301,11/18/2011,11/18/2011,11/22/2011,CS-11950,OFF-ST-10003656,76.792,Standard Class,5,Bank Transfer
3302,11/18/2011,11/18/2011,11/22/2011,CS-11950,TEC-PH-10001128,539.964,Standard Class,4,PayPal
3303,11/18/2011,11/18/2011,11/22/2011,CS-11950,FUR-FU-10001473,60.312,Standard Class,4,Bank Transfer
3304,11/18/2011,11/18/2011,11/22/2011,CS-11950,OFF-BI-10004656,1.944,Standard Class,4,Credit Card
3305,12/30/2011,12/30/2011,1/1/2012,SP-20620,OFF-EN-10004955,12.984,Second Class,2,Credit Card
3306,12/30/2011,12/30/2011,1/1/2012,SP-20620,TEC-PH-10002468,217.584,Second Class,4,Bank Transfer
3307,12/30/2011,12/30/2011,1/1/2012,SP-20620,TEC-PH-10000576,328.776,Second Class,4,PayPal
3308,12/30/2011,12/30/2011,1/1/2012,SP-20620,OFF-BI-10002160,2.286,Second Class,5,Credit Card
3309,12/30/2011,12/30/2011,1/1/2012,SP-20620,TEC-AC-10003628,47.984,Second Class,4,Credit Card
3310,11/5/2012,11/5/2012,11/11/2012,GT-14635,OFF-BI-10001116,25.344,Standard Class,4,Credit Card
3311,9/18/2013,9/18/2013,9/23/2013,LW-17215,OFF-BI-10002026,232.4,Standard Class,4,Bank Transfer
3312,3/21/2013,3/21/2013,3/26/2013,AH-10030,FUR-FU-10003691,86.45,Second Class,1,Credit Card
3313,9/27/2011,9/27/2011,10/1/2011,TH-21100,FUR-CH-10002602,603.92,Standard Class,5,PayPal
3314,9/27/2011,9/27/2011,10/1/2011,TH-21100,OFF-PA-10000675,81.98,Standard Class,1,Bank Transfer
3315,12/25/2014,12/25/2014,12/29/2014,HG-15025,FUR-CH-10002602,271.764,Standard Class,3,Bank Transfer
3316,12/25/2014,12/25/2014,12/29/2014,HG-15025,OFF-BI-10001900,14.376,Standard Class,3,Credit Card
3317,11/11/2014,11/11/2014,11/16/2014,EB-13750,FUR-FU-10001468,341.96,Second Class,2,Credit Card
3318,9/11/2012,9/11/2012,9/15/2012,SC-20725,OFF-AR-10004648,181.35,Standard Class,2,Credit Card
3319,9/11/2012,9/11/2012,9/15/2012,SC-20725,OFF-LA-10003190,8.64,Standard Class,3,Bank Transfer
3320,12/20/2011,12/20/2011,12/25/2011,TS-21505,OFF-AP-10004868,43.512,Standard Class,3,PayPal
3321,12/20/2011,12/20/2011,12/25/2011,TS-21505,FUR-CH-10004287,662.88,Standard Class,1,Credit Card
3322,12/20/2011,12/20/2011,12/25/2011,TS-21505,OFF-PA-10002689,25.92,Standard Class,5,PayPal
3323,7/23/2012,7/23/2012,7/27/2012,TH-21550,OFF-AP-10002892,68.94,Standard Class,2,PayPal
3324,7/23/2012,7/23/2012,7/27/2012,TH-21550,FUR-FU-10002253,128.82,Standard Class,1,Bank Transfer
3325,11/11/2011,11/11/2011,11/15/2011,KD-16270,OFF-BI-10001359,896.99,Standard Class,4,Bank Transfer
3326,11/11/2011,11/11/2011,11/15/2011,KD-16270,OFF-BI-10001267,1.234,Standard Class,3,Bank Transfer
3327,11/11/2011,11/11/2011,11/15/2011,KD-16270,OFF-AR-10003582,67.56,Standard Class,3,Credit Card
3328,11/11/2011,11/11/2011,11/15/2011,KD-16270,OFF-PA-10003724,21.72,Standard Class,4,Bank Transfer
3329,11/11/2011,11/11/2011,11/15/2011,KD-16270,OFF-PA-10001033,262.336,Standard Class,4,Credit Card
3330,11/11/2011,11/11/2011,11/15/2011,KD-16270,TEC-PH-10003505,148.48,Standard Class,4,Bank Transfer
3331,11/11/2011,11/11/2011,11/15/2011,KD-16270,TEC-PH-10004959,241.176,Standard Class,3,Bank Transfer
3332,12/15/2014,12/15/2014,12/21/2014,GM-14455,TEC-AC-10000474,227.976,Standard Class,3,PayPal
3333,12/15/2014,12/15/2014,12/21/2014,GM-14455,TEC-PH-10003095,52.68,Standard Class,5,Bank Transfer
3334,12/15/2014,12/15/2014,12/21/2014,GM-14455,FUR-FU-10002963,2.032,Standard Class,3,PayPal
3335,8/22/2014,8/22/2014,8/23/2014,PR-18880,OFF-AR-10000203,17.12,First Class,4,Bank Transfer
3336,8/22/2014,8/22/2014,8/23/2014,PR-18880,TEC-PH-10004667,431.968,First Class,1,Credit Card
3337,8/22/2014,8/22/2014,8/23/2014,PR-18880,FUR-FU-10000193,129.92,First Class,3,Bank Transfer
3338,8/22/2014,8/22/2014,8/23/2014,PR-18880,FUR-TA-10001539,568.728,First Class,3,PayPal
3339,8/22/2014,8/22/2014,8/23/2014,PR-18880,OFF-BI-10000962,117.144,First Class,4,Bank Transfer
3340,8/22/2014,8/22/2014,8/23/2014,PR-18880,OFF-AP-10002867,203.52,First Class,5,PayPal
3341,8/22/2014,8/22/2014,8/23/2014,PR-18880,OFF-LA-10001158,51.75,First Class,3,Credit Card
3342,8/28/2013,8/28/2013,9/2/2013,TB-21055,OFF-PA-10000675,122.97,Second Class,4,PayPal
3343,8/28/2013,8/28/2013,9/2/2013,TB-21055,FUR-TA-10001307,244.615,Second Class,1,Bank Transfer
3344,8/28/2013,8/28/2013,9/2/2013,TB-21055,TEC-PH-10000011,59.97,Second Class,4,Credit Card
3345,8/28/2013,8/28/2013,9/2/2013,TB-21055,OFF-PA-10002666,81.54,Second Class,5,PayPal
3346,8/28/2013,8/28/2013,9/2/2013,TB-21055,OFF-FA-10000735,11.68,Second Class,2,Bank Transfer
3347,8/28/2013,8/28/2013,9/2/2013,TB-21055,OFF-BI-10000174,29,Second Class,1,Credit Card
3348,8/13/2012,8/13/2012,8/20/2012,ON-18715,OFF-AR-10003156,50.8,Standard Class,5,Credit Card
3349,11/6/2014,11/6/2014,11/8/2014,AH-10195,OFF-BI-10000474,16.03,First Class,1,Bank Transfer
3350,8/18/2013,8/18/2013,8/22/2013,NM-18520,OFF-BI-10003712,15.712,Standard Class,2,PayPal
3351,12/27/2013,12/27/2013,1/1/2014,AR-10510,TEC-AC-10003280,89.97,Standard Class,2,PayPal
3352,9/23/2011,9/23/2011,9/28/2011,BM-11650,FUR-BO-10002916,435.999,Standard Class,1,Credit Card
3353,9/23/2011,9/23/2011,9/28/2011,BM-11650,TEC-PH-10002726,83.984,Standard Class,5,Bank Transfer
3354,7/19/2011,7/19/2011,7/24/2011,CA-12310,TEC-PH-10000895,359.98,Standard Class,5,Credit Card
3355,7/19/2011,7/19/2011,7/24/2011,CA-12310,FUR-TA-10004152,70.56,Standard Class,2,PayPal
3356,7/19/2011,7/19/2011,7/24/2011,CA-12310,OFF-BI-10003694,20.88,Standard Class,5,Bank Transfer
3357,7/19/2011,7/19/2011,7/24/2011,CA-12310,OFF-BI-10002160,3.81,Standard Class,2,Credit Card
3358,9/8/2014,9/8/2014,9/14/2014,NF-18595,OFF-PA-10001685,73.008,Standard Class,1,Bank Transfer
3359,5/7/2013,5/7/2013,5/11/2013,AF-10870,OFF-BI-10000773,3.208,Standard Class,3,PayPal
3360,5/7/2013,5/7/2013,5/11/2013,AF-10870,TEC-AC-10004510,26.176,Standard Class,4,Credit Card
3361,6/4/2012,6/4/2012,6/8/2012,TC-21535,OFF-PA-10004569,30.44,Second Class,4,PayPal
3362,6/4/2012,6/4/2012,6/8/2012,TC-21535,FUR-FU-10000672,35.28,Second Class,1,Credit Card
3363,12/13/2012,12/13/2012,12/20/2012,Dp-13240,OFF-PA-10004451,19.44,Standard Class,5,PayPal
3364,12/13/2012,12/13/2012,12/20/2012,Dp-13240,OFF-BI-10004738,37.88,Standard Class,1,Bank Transfer
3365,7/17/2013,7/17/2013,7/19/2013,MC-17425,FUR-FU-10001940,9.552,Second Class,2,PayPal
3366,2/1/2011,2/1/2011,2/3/2011,LC-17050,FUR-BO-10003966,290.666,First Class,1,Bank Transfer
3367,7/9/2011,7/9/2011,7/15/2011,BM-11650,OFF-PA-10003072,10.368,Standard Class,3,Bank Transfer
3368,7/9/2011,7/9/2011,7/15/2011,BM-11650,OFF-PA-10002245,14.352,Standard Class,5,Credit Card
3369,11/21/2012,11/21/2012,11/25/2012,NW-18400,FUR-BO-10002598,141.96,Standard Class,5,PayPal
3370,11/21/2012,11/21/2012,11/25/2012,NW-18400,OFF-BI-10002225,66.048,Standard Class,2,Bank Transfer
3371,3/26/2013,3/26/2013,3/26/2013,TB-21280,TEC-AC-10003832,1287.45,Same Day,3,Bank Transfer
3372,9/24/2014,9/24/2014,10/1/2014,BS-11755,OFF-BI-10000822,25.824,Standard Class,4,Credit Card
3373,9/24/2014,9/24/2014,10/1/2014,BS-11755,OFF-AP-10001242,160.96,Standard Class,5,Credit Card
3374,12/4/2012,12/4/2012,12/10/2012,SO-20335,FUR-FU-10002445,28.44,Standard Class,1,Bank Transfer
3375,12/4/2012,12/4/2012,12/10/2012,SO-20335,FUR-CH-10002372,364.41,Standard Class,2,PayPal
3376,12/4/2012,12/4/2012,12/10/2012,SO-20335,TEC-PH-10000376,39.96,Standard Class,5,Bank Transfer
3377,12/4/2012,12/4/2012,12/10/2012,SO-20335,FUR-CH-10002965,361.764,Standard Class,1,Credit Card
3378,11/2/2013,11/2/2013,11/5/2013,CS-12490,OFF-ST-10004950,111.672,First Class,4,Bank Transfer
3379,3/18/2014,3/18/2014,3/22/2014,PO-19180,OFF-BI-10003166,13.776,Standard Class,3,PayPal
3380,3/18/2014,3/18/2014,3/22/2014,PO-19180,OFF-PA-10004610,10.272,Standard Class,5,PayPal
3381,11/24/2014,11/24/2014,11/25/2014,TD-20995,FUR-FU-10000320,24.048,First Class,2,Bank Transfer
3382,8/28/2014,8/28/2014,8/31/2014,SP-20620,OFF-EN-10004030,2.896,First Class,4,Credit Card
3383,12/4/2012,12/4/2012,12/9/2012,MS-17365,OFF-EN-10004147,17.94,Second Class,2,Bank Transfer
3384,12/4/2012,12/4/2012,12/9/2012,MS-17365,FUR-CH-10003535,384.174,Second Class,3,Credit Card
3385,12/4/2012,12/4/2012,12/9/2012,MS-17365,TEC-PH-10004586,1799.75,Second Class,3,Credit Card
3386,10/8/2014,10/8/2014,10/12/2014,Dp-13240,OFF-ST-10003208,580.672,Standard Class,1,PayPal
3387,10/8/2014,10/8/2014,10/12/2014,Dp-13240,OFF-FA-10003112,18.936,Standard Class,3,PayPal
3388,10/8/2014,10/8/2014,10/12/2014,Dp-13240,TEC-PH-10004447,222.384,Standard Class,2,Bank Transfer
3389,10/8/2014,10/8/2014,10/12/2014,Dp-13240,OFF-BI-10002854,50.454,Standard Class,1,Credit Card
3390,10/8/2014,10/8/2014,10/12/2014,Dp-13240,FUR-TA-10001039,154.764,Standard Class,1,Credit Card
3391,3/26/2014,3/26/2014,3/31/2014,DB-13660,OFF-PA-10004239,6.848,Second Class,4,PayPal
3392,8/9/2011,8/9/2011,8/13/2011,MG-17650,TEC-PH-10001530,1091.168,Standard Class,5,Bank Transfer
3393,8/9/2011,8/9/2011,8/13/2011,MG-17650,TEC-PH-10000038,219.168,Standard Class,4,PayPal
3394,11/22/2011,11/22/2011,11/25/2011,EH-14185,OFF-BI-10001765,6.928,First Class,1,Bank Transfer
3395,6/11/2014,6/11/2014,6/11/2014,CL-11890,OFF-PA-10000380,40.032,Same Day,4,Bank Transfer
3396,7/2/2014,7/2/2014,7/9/2014,KF-16285,OFF-ST-10001128,443.92,Standard Class,3,Bank Transfer
3397,7/2/2014,7/2/2014,7/9/2014,KF-16285,OFF-BI-10003656,169.99,Standard Class,5,Credit Card
3398,7/2/2014,7/2/2014,7/9/2014,KF-16285,OFF-PA-10003441,25.92,Standard Class,4,PayPal
3399,11/21/2011,11/21/2011,11/26/2011,DH-13075,TEC-PH-10002923,36.99,Standard Class,5,Bank Transfer
3400,11/21/2011,11/21/2011,11/26/2011,DH-13075,OFF-PA-10004359,629.1,Standard Class,4,Credit Card
3401,11/21/2011,11/21/2011,11/26/2011,DH-13075,OFF-ST-10001511,193.95,Standard Class,3,Credit Card
3402,11/21/2011,11/21/2011,11/26/2011,DH-13075,OFF-AR-10002833,5.46,Standard Class,5,Credit Card
3403,5/4/2012,5/4/2012,5/5/2012,LA-16780,FUR-FU-10001940,22.288,First Class,4,Bank Transfer
3404,5/30/2014,5/30/2014,6/6/2014,HZ-14950,FUR-FU-10003919,65.424,Standard Class,1,Bank Transfer
3405,10/17/2012,10/17/2012,10/17/2012,CM-12190,OFF-ST-10003479,77.88,Same Day,2,PayPal
3406,4/23/2011,4/23/2011,4/27/2011,LB-16795,FUR-CH-10002965,281.372,Standard Class,3,Credit Card
3407,4/23/2011,4/23/2011,4/27/2011,LB-16795,FUR-CH-10002965,281.372,Standard Class,4,Credit Card
3408,4/23/2011,4/23/2011,4/27/2011,LB-16795,OFF-BI-10000145,7.488,Standard Class,3,Credit Card
3409,4/23/2011,4/23/2011,4/27/2011,LB-16795,FUR-FU-10002191,22.336,Standard Class,4,PayPal
3410,5/1/2014,5/1/2014,5/7/2014,JF-15490,OFF-PA-10004451,10.368,Standard Class,5,PayPal
3411,9/21/2013,9/21/2013,9/25/2013,GM-14695,OFF-PA-10001471,65.79,Standard Class,1,Credit Card
3412,9/21/2013,9/21/2013,9/25/2013,GM-14695,OFF-BI-10003656,271.984,Standard Class,4,Bank Transfer
3413,9/21/2013,9/21/2013,9/25/2013,GM-14695,OFF-AR-10000940,11.76,Standard Class,5,Credit Card
3414,9/21/2013,9/21/2013,9/25/2013,GM-14695,OFF-PA-10002319,77.52,Standard Class,3,Bank Transfer
3415,9/21/2013,9/21/2013,9/25/2013,GM-14695,OFF-BI-10000977,48.64,Standard Class,4,PayPal
3416,9/3/2013,9/3/2013,9/3/2013,SS-20590,OFF-FA-10002676,1.81,Same Day,1,Credit Card
3417,9/3/2013,9/3/2013,9/3/2013,SS-20590,OFF-BI-10004970,8.26,Same Day,4,PayPal
3418,4/27/2012,4/27/2012,5/2/2012,TC-21475,OFF-AP-10003971,43.56,Standard Class,2,PayPal
3419,4/27/2012,4/27/2012,5/2/2012,TC-21475,OFF-SU-10001574,5.84,Standard Class,5,PayPal
3420,9/6/2012,9/6/2012,9/13/2012,CC-12430,FUR-CH-10000665,271.764,Standard Class,5,PayPal
3421,5/29/2013,5/29/2013,6/4/2013,CL-12565,OFF-AP-10000891,262.24,Standard Class,4,Bank Transfer
3422,5/29/2013,5/29/2013,6/4/2013,CL-12565,OFF-PA-10003790,182.72,Standard Class,5,PayPal
3423,5/29/2013,5/29/2013,6/4/2013,CL-12565,TEC-AC-10002217,131.6,Standard Class,5,PayPal
3424,5/29/2013,5/29/2013,6/4/2013,CL-12565,OFF-BI-10002215,22.72,Standard Class,4,Bank Transfer
3425,5/29/2013,5/29/2013,6/4/2013,CL-12565,TEC-MA-10001972,558.4,Standard Class,5,Bank Transfer
3426,9/24/2012,9/24/2012,9/28/2012,DE-13255,OFF-BI-10001525,15.24,Standard Class,2,Bank Transfer
3427,9/24/2012,9/24/2012,9/28/2012,DE-13255,FUR-CH-10000988,1408.1,Standard Class,1,Credit Card
3428,7/4/2014,7/4/2014,7/7/2014,SZ-20035,OFF-PA-10000174,32.896,Second Class,1,PayPal
3429,7/4/2014,7/4/2014,7/7/2014,SZ-20035,FUR-TA-10002041,215.148,Second Class,4,Bank Transfer
3430,7/4/2014,7/4/2014,7/7/2014,SZ-20035,OFF-PA-10002246,30.96,Second Class,1,Bank Transfer
3431,12/9/2014,12/9/2014,12/10/2014,LF-17185,OFF-ST-10003327,29.79,First Class,1,Credit Card
3432,12/9/2014,12/9/2014,12/10/2014,LF-17185,FUR-FU-10002703,128.9,First Class,4,Credit Card
3433,12/9/2014,12/9/2014,12/10/2014,LF-17185,OFF-PA-10003651,60.12,First Class,4,Credit Card
3434,12/6/2014,12/6/2014,12/10/2014,AB-10165,OFF-BI-10001617,24.816,Standard Class,4,Bank Transfer
3435,12/6/2014,12/6/2014,12/10/2014,AB-10165,OFF-BI-10000145,14.976,Standard Class,5,PayPal
3436,9/27/2012,9/27/2012,9/29/2012,NM-18520,OFF-BI-10001670,15.08,First Class,2,Credit Card
3437,9/27/2012,9/27/2012,9/29/2012,NM-18520,FUR-FU-10003849,24.288,First Class,3,PayPal
3438,10/31/2014,10/31/2014,10/31/2014,RA-19945,FUR-FU-10003849,16.192,Same Day,1,Bank Transfer
3439,10/31/2014,10/31/2014,10/31/2014,RA-19945,FUR-TA-10002041,251.006,Same Day,4,PayPal
3440,10/31/2014,10/31/2014,10/31/2014,RA-19945,OFF-ST-10002214,54.192,Same Day,3,Credit Card
3441,11/29/2012,11/29/2012,11/30/2012,PO-19195,OFF-BI-10001078,4.304,Same Day,1,PayPal
3442,3/11/2011,3/11/2011,3/14/2011,KA-16525,OFF-PA-10002137,108.92,Second Class,3,PayPal
3443,11/20/2014,11/20/2014,11/24/2014,JD-16150,OFF-EN-10001415,16.74,Standard Class,1,Credit Card
3444,11/20/2014,11/20/2014,11/24/2014,JD-16150,OFF-AP-10003849,2504.74,Standard Class,3,PayPal
3445,7/30/2013,7/30/2013,8/3/2013,JO-15145,OFF-ST-10001713,84.784,Standard Class,5,Credit Card
3446,6/12/2012,6/12/2012,6/17/2012,LE-16810,OFF-ST-10001505,29.9,Standard Class,3,PayPal
3447,8/7/2013,8/7/2013,8/8/2013,AH-10690,OFF-PA-10000474,70.88,First Class,5,Credit Card
3448,6/12/2014,6/12/2014,6/16/2014,KN-16705,OFF-AR-10001919,3.76,Standard Class,1,PayPal
3449,10/8/2013,10/8/2013,10/14/2013,TB-21250,OFF-BI-10004001,27.264,Standard Class,5,Bank Transfer
3450,9/8/2011,9/8/2011,9/14/2011,DP-13390,OFF-AP-10004785,56.65,Standard Class,1,PayPal
3451,9/8/2011,9/8/2011,9/14/2011,DP-13390,OFF-ST-10002406,14.97,Standard Class,3,Bank Transfer
3452,9/8/2011,9/8/2011,9/14/2011,DP-13390,OFF-FA-10002988,4.02,Standard Class,4,Credit Card
3453,3/16/2011,3/16/2011,3/21/2011,KN-16705,TEC-PH-10002415,471.92,Second Class,3,Bank Transfer
3454,2/29/2012,2/29/2012,3/2/2012,ST-20530,OFF-BI-10004236,58.72,Second Class,4,PayPal
3455,7/9/2012,7/9/2012,7/14/2012,EB-13870,OFF-AR-10000657,5.16,Standard Class,2,PayPal
3456,2/20/2013,2/20/2013,2/27/2013,AH-10210,OFF-PA-10004996,16.496,Standard Class,4,Credit Card
3457,9/17/2014,9/17/2014,9/19/2014,AS-10090,TEC-AC-10001109,71.976,First Class,2,PayPal
3458,9/17/2014,9/17/2014,9/19/2014,AS-10090,FUR-FU-10003832,22.512,First Class,2,Credit Card
3459,9/17/2014,9/17/2014,9/19/2014,AS-10090,OFF-BI-10002393,3.444,First Class,5,PayPal
3460,9/17/2014,9/17/2014,9/19/2014,AS-10090,OFF-BI-10001359,538.194,First Class,5,Bank Transfer
3461,9/17/2014,9/17/2014,9/19/2014,AS-10090,TEC-AC-10003628,47.984,First Class,4,Credit Card
3462,11/6/2014,11/6/2014,11/11/2014,EM-13825,TEC-PH-10003012,492.768,Second Class,1,PayPal
3463,2/20/2012,2/20/2012,2/23/2012,KA-16525,OFF-AR-10003903,286.79,Second Class,3,Bank Transfer
3464,11/26/2013,11/26/2013,12/1/2013,HJ-14875,OFF-PA-10004675,5.08,Standard Class,1,Bank Transfer
3465,12/4/2014,12/4/2014,12/6/2014,ND-18370,TEC-AC-10001990,47.992,Second Class,3,Bank Transfer
3466,9/10/2012,9/10/2012,9/14/2012,EH-13765,OFF-AP-10003842,61.96,Standard Class,4,Bank Transfer
3467,9/10/2012,9/10/2012,9/14/2012,EH-13765,FUR-BO-10004695,361.96,Standard Class,1,Bank Transfer
3468,9/10/2012,9/10/2012,9/14/2012,EH-13765,OFF-PA-10003039,278.82,Standard Class,3,Bank Transfer
3469,12/15/2013,12/15/2013,12/20/2013,MC-17845,FUR-FU-10002045,133.38,Standard Class,5,PayPal
3470,4/6/2012,4/6/2012,4/10/2012,MH-17455,OFF-PA-10001019,47.952,Standard Class,2,PayPal
3471,12/2/2013,12/2/2013,12/6/2013,CL-11890,FUR-FU-10003724,16.74,Standard Class,4,Bank Transfer
3472,11/13/2014,11/13/2014,11/18/2014,SF-20965,OFF-PA-10003673,10.848,Standard Class,1,Credit Card
3473,11/13/2014,11/13/2014,11/18/2014,SF-20965,TEC-AC-10003614,18.544,Standard Class,2,PayPal
3474,3/4/2014,3/4/2014,3/11/2014,EP-13915,FUR-CH-10000785,180.98,Standard Class,1,Credit Card
3475,3/4/2014,3/4/2014,3/11/2014,EP-13915,TEC-AC-10002926,99.98,Standard Class,2,Credit Card
3476,11/28/2013,11/28/2013,12/1/2013,RW-19630,TEC-AC-10004633,34.95,First Class,1,Bank Transfer
3477,11/28/2013,11/28/2013,12/1/2013,RW-19630,OFF-BI-10000977,152,First Class,1,Bank Transfer
3478,8/31/2011,8/31/2011,9/5/2011,SJ-20500,TEC-AC-10001635,92.52,Standard Class,2,Credit Card
3479,12/9/2013,12/9/2013,12/15/2013,SP-20620,OFF-AR-10003056,8.56,Standard Class,2,PayPal
3480,12/9/2013,12/9/2013,12/15/2013,SP-20620,OFF-PA-10003363,45.36,Standard Class,5,Bank Transfer
3481,12/9/2013,12/9/2013,12/15/2013,SP-20620,FUR-TA-10003954,1421.664,Standard Class,5,Credit Card
3482,4/7/2011,4/7/2011,4/10/2011,PJ-19015,FUR-FU-10004415,8.96,First Class,3,Bank Transfer
3483,8/27/2011,8/27/2011,8/29/2011,CC-12610,TEC-PH-10000455,579.95,First Class,1,Credit Card
3484,8/27/2011,8/27/2011,8/29/2011,CC-12610,FUR-FU-10002456,29.12,First Class,2,PayPal
3485,8/27/2011,8/27/2011,8/29/2011,CC-12610,FUR-TA-10003569,1202.94,First Class,3,Bank Transfer
3486,10/22/2013,10/22/2013,10/27/2013,MY-18295,OFF-BI-10002813,7.92,Standard Class,1,Credit Card
3487,12/1/2013,12/1/2013,12/1/2013,DB-13210,TEC-PH-10002890,36.192,Same Day,4,PayPal
3488,9/6/2014,9/6/2014,9/12/2014,MG-17875,OFF-ST-10001522,147.184,Standard Class,2,PayPal
3489,7/2/2012,7/2/2012,7/6/2012,RH-19600,FUR-CH-10004086,408.422,Standard Class,4,Bank Transfer
3490,7/2/2012,7/2/2012,7/6/2012,RH-19600,FUR-CH-10003774,382.116,Standard Class,2,Bank Transfer
3491,7/2/2012,7/2/2012,7/6/2012,RH-19600,OFF-ST-10004507,68.6,Standard Class,5,Bank Transfer
3492,7/2/2012,7/2/2012,7/6/2012,RH-19600,OFF-ST-10003208,435.504,Standard Class,5,Credit Card
3493,7/2/2012,7/2/2012,7/6/2012,RH-19600,OFF-PA-10000659,11.168,Standard Class,5,PayPal
3494,9/25/2014,9/25/2014,9/29/2014,KB-16240,TEC-AC-10002305,72,Standard Class,1,Bank Transfer
3495,9/25/2014,9/25/2014,9/29/2014,KB-16240,TEC-AC-10000990,655.9,Standard Class,4,PayPal
3496,9/25/2014,9/25/2014,9/29/2014,KB-16240,FUR-CH-10000665,603.92,Standard Class,3,Bank Transfer
3497,8/9/2013,8/9/2013,8/16/2013,CA-12055,FUR-TA-10001932,513.024,Standard Class,2,Bank Transfer
3498,8/9/2013,8/9/2013,8/16/2013,CA-12055,OFF-AP-10004487,487.92,Standard Class,4,Credit Card
3499,8/9/2013,8/9/2013,8/16/2013,CA-12055,OFF-BI-10002160,15.24,Standard Class,3,Bank Transfer
3500,9/30/2013,9/30/2013,10/4/2013,JK-15730,TEC-AC-10000420,209.97,Standard Class,3,PayPal
3501,9/30/2013,9/30/2013,10/4/2013,JK-15730,OFF-BI-10001989,62.94,Standard Class,3,Bank Transfer
3502,9/30/2013,9/30/2013,10/4/2013,JK-15730,OFF-AR-10001149,25.92,Standard Class,3,PayPal
3503,4/11/2014,4/11/2014,4/11/2014,RD-19930,OFF-PA-10004101,10.368,Same Day,1,Credit Card
3504,4/11/2014,4/11/2014,4/11/2014,RD-19930,TEC-AC-10001714,95.736,Same Day,4,Credit Card
3505,12/19/2013,12/19/2013,12/21/2013,JK-16120,OFF-ST-10003716,900.08,Second Class,5,Bank Transfer
3506,6/20/2011,6/20/2011,6/24/2011,SC-20020,TEC-PH-10000369,201.584,Standard Class,5,Credit Card
3507,6/20/2011,6/20/2011,6/24/2011,SC-20020,OFF-BI-10000756,3.392,Standard Class,5,Credit Card
3508,6/20/2011,6/20/2011,6/24/2011,SC-20020,FUR-BO-10001608,193.0656,Standard Class,3,PayPal
3509,6/20/2011,6/20/2011,6/24/2011,SC-20020,OFF-PA-10001166,15.552,Standard Class,1,Bank Transfer
3510,6/20/2011,6/20/2011,6/24/2011,SC-20020,OFF-PA-10000587,11.648,Standard Class,2,Bank Transfer
3511,6/20/2011,6/20/2011,6/24/2011,SC-20020,TEC-MA-10001972,418.8,Standard Class,3,Bank Transfer
3512,6/20/2011,6/20/2011,6/24/2011,SC-20020,OFF-ST-10004123,509.488,Standard Class,2,PayPal
3513,9/5/2014,9/5/2014,9/7/2014,HW-14935,FUR-BO-10000112,825.174,First Class,2,Bank Transfer
3514,9/5/2014,9/5/2014,9/7/2014,HW-14935,OFF-PA-10004041,17.76,First Class,4,Credit Card
3515,9/5/2014,9/5/2014,9/7/2014,HW-14935,OFF-AR-10001149,6.912,First Class,2,Credit Card
3516,12/21/2013,12/21/2013,12/25/2013,SC-20800,TEC-AC-10002323,66.3,Standard Class,3,PayPal
3517,8/10/2013,8/10/2013,8/13/2013,HA-14920,OFF-PA-10000130,30.816,First Class,2,Credit Card
3518,8/10/2013,8/10/2013,8/13/2013,HA-14920,TEC-PH-10002350,44.784,First Class,1,Bank Transfer
3519,8/10/2013,8/10/2013,8/13/2013,HA-14920,OFF-AP-10002518,569.536,First Class,3,Credit Card
3520,6/22/2012,6/22/2012,6/25/2012,MG-17875,FUR-TA-10002645,796.425,First Class,2,Bank Transfer
3521,4/10/2012,4/10/2012,4/15/2012,DM-12955,OFF-BI-10000773,12.832,Standard Class,2,PayPal
3522,11/22/2013,11/22/2013,11/26/2013,DM-13345,OFF-PA-10003845,40.46,Second Class,3,Credit Card
3523,11/22/2013,11/22/2013,11/26/2013,DM-13345,TEC-PH-10001580,404.94,Second Class,5,Credit Card
3524,9/6/2013,9/6/2013,9/11/2013,ML-17395,TEC-AC-10002345,116,Standard Class,5,PayPal
3525,11/25/2013,11/25/2013,11/29/2013,GA-14515,TEC-PH-10004120,657.552,Standard Class,3,PayPal
3526,12/11/2014,12/11/2014,12/16/2014,SU-20665,TEC-AC-10001838,599.97,Second Class,3,Credit Card
3527,12/11/2014,12/11/2014,12/16/2014,SU-20665,TEC-PH-10000148,38.97,Second Class,1,PayPal
3528,12/11/2014,12/11/2014,12/16/2014,SU-20665,OFF-BI-10003476,45.84,Second Class,4,PayPal
3529,6/25/2013,6/25/2013,6/30/2013,BD-11320,TEC-PH-10004833,38.24,Standard Class,4,Credit Card
3530,9/17/2012,9/17/2012,9/23/2012,DB-13405,TEC-AC-10001465,87.168,Standard Class,2,Credit Card
3531,5/20/2013,5/20/2013,5/24/2013,RP-19855,OFF-AR-10003056,21.4,Standard Class,1,Bank Transfer
3532,5/29/2013,5/29/2013,5/29/2013,EH-13765,OFF-SU-10001218,54.9,Same Day,4,Credit Card
3533,4/18/2011,4/18/2011,4/23/2011,JL-15835,TEC-MA-10002859,287.968,Standard Class,1,PayPal
3534,4/18/2011,4/18/2011,4/23/2011,JL-15835,OFF-AR-10002375,13.12,Standard Class,5,PayPal
3535,4/18/2011,4/18/2011,4/23/2011,JL-15835,OFF-AR-10000657,10.75,Standard Class,5,Bank Transfer
3536,4/18/2011,4/18/2011,4/23/2011,JL-15835,OFF-FA-10000134,11.62,Standard Class,3,Credit Card
3537,6/18/2013,6/18/2013,6/21/2013,FM-14380,OFF-ST-10000419,40.74,Second Class,2,Credit Card
3538,5/9/2011,5/9/2011,5/9/2011,SB-20290,OFF-ST-10000107,83.25,Same Day,1,Credit Card
3539,5/9/2011,5/9/2011,5/9/2011,SB-20290,OFF-LA-10001641,9.45,Same Day,5,Bank Transfer
3540,5/9/2011,5/9/2011,5/9/2011,SB-20290,OFF-LA-10003121,20.65,Same Day,5,Bank Transfer
3541,5/9/2011,5/9/2011,5/9/2011,SB-20290,OFF-PA-10002689,45.36,Same Day,4,PayPal
3542,9/19/2013,9/19/2013,9/21/2013,SV-20365,FUR-FU-10002107,5.352,First Class,2,Credit Card
3543,9/19/2013,9/19/2013,9/21/2013,SV-20365,FUR-CH-10002647,99.372,First Class,4,Bank Transfer
3544,9/19/2013,9/19/2013,9/21/2013,SV-20365,OFF-AR-10002257,2.672,First Class,5,PayPal
3545,12/24/2014,12/24/2014,12/26/2014,MM-17920,OFF-PA-10004519,28.672,Second Class,2,Bank Transfer
3546,12/24/2014,12/24/2014,12/26/2014,MM-17920,OFF-AP-10001947,29.312,Second Class,1,Credit Card
3547,10/31/2014,10/31/2014,11/2/2014,RD-19810,OFF-ST-10004963,105.98,First Class,1,Bank Transfer
3548,10/31/2014,10/31/2014,11/2/2014,RD-19810,OFF-SU-10002573,35.06,First Class,4,Bank Transfer
3549,10/31/2014,10/31/2014,11/2/2014,RD-19810,FUR-CH-10000553,33.94,First Class,5,Credit Card
3550,10/31/2014,10/31/2014,11/2/2014,RD-19810,OFF-LA-10001982,30,First Class,2,PayPal
3551,3/30/2013,3/30/2013,4/3/2013,ME-17320,OFF-PA-10001295,45.528,Second Class,2,PayPal
3552,3/30/2013,3/30/2013,4/3/2013,ME-17320,FUR-CH-10002965,844.116,Second Class,2,Credit Card
3553,3/30/2013,3/30/2013,4/3/2013,ME-17320,TEC-PH-10001254,812.736,Second Class,1,Bank Transfer
3554,11/24/2014,11/24/2014,11/27/2014,FH-14275,OFF-BI-10001658,7.476,Second Class,4,Credit Card
3555,3/23/2011,3/23/2011,3/26/2011,PO-18865,OFF-ST-10000585,330.4,Second Class,4,Bank Transfer
3556,3/23/2011,3/23/2011,3/26/2011,PO-18865,TEC-PH-10003484,604.752,Second Class,5,Bank Transfer
3557,12/2/2014,12/2/2014,12/6/2014,CC-12550,OFF-PA-10004735,45.36,Standard Class,4,Bank Transfer
3558,12/2/2014,12/2/2014,12/6/2014,CC-12550,OFF-BI-10003429,10.128,Standard Class,2,Bank Transfer
3559,11/8/2014,11/8/2014,11/13/2014,TS-21505,OFF-BI-10002982,21.792,Standard Class,2,Credit Card
3560,11/8/2014,11/8/2014,11/13/2014,TS-21505,TEC-AC-10004975,439.8,Standard Class,1,Bank Transfer
3561,9/5/2014,9/5/2014,9/10/2014,MD-17350,OFF-AR-10002335,8.256,Second Class,1,PayPal
3562,9/5/2014,9/5/2014,9/10/2014,MD-17350,OFF-BI-10004001,25.56,Second Class,4,Bank Transfer
3563,9/5/2014,9/5/2014,9/10/2014,MD-17350,OFF-BI-10001634,4.368,Second Class,2,PayPal
3564,9/5/2014,9/5/2014,9/10/2014,MD-17350,OFF-PA-10000007,11.52,Second Class,5,Credit Card
3565,7/4/2013,7/4/2013,7/7/2013,GT-14755,OFF-PA-10000552,12.96,First Class,1,Bank Transfer
3566,7/4/2013,7/4/2013,7/7/2013,GT-14755,OFF-FA-10001135,3.96,First Class,3,Credit Card
3567,9/8/2014,9/8/2014,9/15/2014,RD-19660,OFF-BI-10003650,1577.94,Standard Class,1,Bank Transfer
3568,9/10/2013,9/10/2013,9/15/2013,DB-12910,FUR-FU-10003832,15.008,Second Class,5,PayPal
3569,7/4/2014,7/4/2014,7/4/2014,JK-15640,TEC-AC-10003628,59.98,Same Day,3,Bank Transfer
3570,7/4/2014,7/4/2014,7/4/2014,JK-15640,TEC-MA-10001148,2395.2,Same Day,4,PayPal
3571,7/4/2014,7/4/2014,7/4/2014,JK-15640,TEC-AC-10002049,1687.8,Same Day,4,Bank Transfer
3572,7/4/2014,7/4/2014,7/4/2014,JK-15640,TEC-PH-10000702,7.992,Same Day,4,Credit Card
3573,6/30/2014,6/30/2014,7/5/2014,FC-14335,OFF-PA-10003953,5.184,Standard Class,4,Bank Transfer
3574,8/8/2014,8/8/2014,8/13/2014,JW-15955,OFF-AR-10003602,11.68,Standard Class,5,Credit Card
3575,8/8/2014,8/8/2014,8/13/2014,JW-15955,OFF-AR-10004062,104.8,Standard Class,5,PayPal
3576,3/19/2012,3/19/2012,3/24/2012,DC-12850,OFF-PA-10001560,14.496,Standard Class,3,Bank Transfer
3577,6/8/2013,6/8/2013,6/12/2013,FM-14290,OFF-BI-10003305,4.784,Standard Class,4,Bank Transfer
3578,6/8/2013,6/8/2013,6/12/2013,FM-14290,OFF-PA-10004000,4.73,Standard Class,2,Credit Card
3579,7/26/2013,7/26/2013,7/30/2013,MT-17815,OFF-ST-10000321,7.89,Standard Class,2,Credit Card
3580,7/26/2013,7/26/2013,7/30/2013,MT-17815,OFF-PA-10004665,65.5,Standard Class,1,PayPal
3581,7/26/2013,7/26/2013,7/30/2013,MT-17815,FUR-TA-10004915,2430.08,Standard Class,1,PayPal
3582,10/2/2014,10/2/2014,10/8/2014,DK-13090,OFF-PA-10000994,104.85,Standard Class,5,PayPal
3583,12/10/2012,12/10/2012,12/16/2012,KD-16495,OFF-AR-10001149,3.9,Standard Class,4,Bank Transfer
3584,12/10/2012,12/10/2012,12/16/2012,KD-16495,FUR-TA-10003569,801.96,Standard Class,3,Bank Transfer
3585,12/10/2012,12/10/2012,12/16/2012,KD-16495,FUR-CH-10004289,191.96,Standard Class,2,PayPal
3586,12/10/2012,12/10/2012,12/16/2012,KD-16495,OFF-LA-10001045,2.61,Standard Class,4,Bank Transfer
3587,9/4/2014,9/4/2014,9/9/2014,AG-10300,OFF-AR-10002053,5.96,Standard Class,3,Bank Transfer
3588,9/25/2014,9/25/2014,9/29/2014,MH-18115,TEC-PH-10002885,1169.694,Standard Class,2,PayPal
3589,12/20/2014,12/20/2014,12/22/2014,AC-10450,OFF-SU-10002881,1665.62,First Class,3,Credit Card
3590,11/25/2014,11/25/2014,12/1/2014,FM-14290,OFF-BI-10000546,2.88,Standard Class,4,Bank Transfer
3591,11/25/2014,11/25/2014,12/1/2014,FM-14290,OFF-ST-10001526,1443.96,Standard Class,3,Bank Transfer
3592,12/13/2011,12/13/2011,12/15/2011,RA-19285,OFF-SU-10001574,2.92,Second Class,1,Bank Transfer
3593,12/6/2013,12/6/2013,12/8/2013,JG-15160,OFF-ST-10002615,465.18,Second Class,2,Credit Card
3594,9/12/2013,9/12/2013,9/18/2013,NZ-18565,OFF-BI-10001658,22.428,Standard Class,3,Bank Transfer
3595,9/12/2013,9/12/2013,9/18/2013,NZ-18565,OFF-ST-10002562,37.52,Standard Class,5,PayPal
3596,12/10/2014,12/10/2014,12/16/2014,KM-16225,OFF-AR-10004757,2.624,Standard Class,2,PayPal
3597,9/9/2011,9/9/2011,9/14/2011,LC-17140,OFF-PA-10000788,15.552,Second Class,4,Bank Transfer
3598,9/9/2011,9/9/2011,9/14/2011,LC-17140,TEC-AC-10002134,64.704,Second Class,1,Credit Card
3599,9/9/2011,9/9/2011,9/14/2011,LC-17140,FUR-FU-10002456,17.472,Second Class,3,Credit Card
3600,9/9/2011,9/9/2011,9/14/2011,LC-17140,TEC-PH-10002549,135.516,Second Class,4,Credit Card
3601,6/27/2014,6/27/2014,7/1/2014,NP-18700,TEC-AC-10001990,431.928,Standard Class,2,PayPal
3602,11/17/2011,11/17/2011,11/24/2011,RB-19330,OFF-PA-10002137,12.448,Standard Class,2,PayPal
3603,11/17/2011,11/17/2011,11/24/2011,RB-19330,FUR-CH-10004997,657.93,Standard Class,3,PayPal
3604,8/22/2014,8/22/2014,8/28/2014,TH-21550,OFF-PA-10000357,277.4,Standard Class,1,Credit Card
3605,8/22/2014,8/22/2014,8/28/2014,TH-21550,FUR-FU-10003976,25.16,Standard Class,4,Credit Card
3606,8/22/2014,8/22/2014,8/28/2014,TH-21550,FUR-FU-10004960,91.92,Standard Class,3,Bank Transfer
3607,3/13/2013,3/13/2013,3/17/2013,CK-12595,OFF-EN-10001099,29.34,Second Class,2,PayPal
3608,9/23/2011,9/23/2011,9/28/2011,ST-20530,OFF-BI-10002026,139.44,Second Class,4,Bank Transfer
3609,4/28/2011,4/28/2011,5/3/2011,GB-14530,OFF-LA-10001613,6.912,Standard Class,1,PayPal
3610,4/28/2011,4/28/2011,5/3/2011,GB-14530,OFF-ST-10002214,27.096,Standard Class,2,Bank Transfer
3611,4/28/2011,4/28/2011,5/3/2011,GB-14530,OFF-ST-10001128,177.568,Standard Class,2,Credit Card
3612,11/30/2013,11/30/2013,12/2/2013,NC-18535,TEC-AC-10004864,58.416,Second Class,2,PayPal
3613,12/3/2012,12/3/2012,12/8/2012,AB-10255,OFF-PA-10000174,16.448,Standard Class,5,PayPal
3614,12/3/2012,12/3/2012,12/8/2012,AB-10255,TEC-AC-10000171,36.784,Standard Class,1,PayPal
3615,11/20/2014,11/20/2014,11/22/2014,SC-20770,FUR-TA-10002622,718.116,First Class,1,PayPal
3616,11/20/2014,11/20/2014,11/22/2014,SC-20770,OFF-AR-10001915,31.776,First Class,5,PayPal
3617,9/6/2013,9/6/2013,9/10/2013,JC-15340,OFF-BI-10004410,9.555,Standard Class,2,Credit Card
3618,9/5/2014,9/5/2014,9/9/2014,RA-19285,OFF-BI-10004632,487.984,Standard Class,2,Credit Card
3619,9/5/2014,9/5/2014,9/9/2014,RA-19285,TEC-PH-10002185,5.56,Standard Class,2,PayPal
3620,9/5/2014,9/5/2014,9/9/2014,RA-19285,OFF-ST-10002974,217.85,Standard Class,5,PayPal
3621,9/23/2013,9/23/2013,9/30/2013,SH-19975,OFF-AR-10003727,40.776,Standard Class,2,Bank Transfer
3622,9/23/2013,9/23/2013,9/30/2013,SH-19975,TEC-PH-10004071,63.936,Standard Class,3,Credit Card
3623,9/14/2011,9/14/2011,9/19/2011,JC-15775,FUR-FU-10002878,142.4,Standard Class,5,Bank Transfer
3624,9/14/2011,9/14/2011,9/19/2011,JC-15775,OFF-BI-10001890,7.16,Standard Class,3,PayPal
3625,5/20/2014,5/20/2014,5/22/2014,BC-11125,FUR-CH-10002647,681.408,Second Class,4,Bank Transfer
3626,5/20/2014,5/20/2014,5/22/2014,BC-11125,OFF-AR-10001315,3.52,Second Class,2,Credit Card
3627,5/20/2014,5/20/2014,5/22/2014,BC-11125,OFF-AR-10000122,5.58,Second Class,2,PayPal
3628,5/20/2014,5/20/2014,5/22/2014,BC-11125,TEC-AC-10001465,36.32,Second Class,1,Credit Card
3629,8/9/2011,8/9/2011,8/13/2011,JH-15985,OFF-BI-10004600,2060.744,Standard Class,2,Credit Card
3630,11/27/2014,11/27/2014,12/1/2014,CC-12610,OFF-AP-10002082,52.272,Standard Class,1,Credit Card
3631,11/27/2014,11/27/2014,12/1/2014,CC-12610,OFF-AP-10004708,213.136,Standard Class,3,Credit Card
3632,5/4/2014,5/4/2014,5/9/2014,DB-12970,OFF-ST-10000464,69.52,Second Class,4,PayPal
3633,5/4/2014,5/4/2014,5/9/2014,DB-12970,OFF-ST-10000025,763.44,Second Class,4,PayPal
3634,11/11/2013,11/11/2013,11/15/2013,PP-18955,OFF-LA-10001613,9.216,Standard Class,2,Bank Transfer
3635,11/11/2013,11/11/2013,11/15/2013,PP-18955,TEC-PH-10000376,41.958,Standard Class,3,PayPal
3636,11/11/2013,11/11/2013,11/15/2013,PP-18955,OFF-PA-10004039,89.568,Standard Class,1,Credit Card
3637,11/11/2013,11/11/2013,11/15/2013,PP-18955,OFF-PA-10001776,22.248,Standard Class,1,Bank Transfer
3638,11/11/2013,11/11/2013,11/15/2013,PP-18955,OFF-AP-10002457,334.88,Standard Class,4,PayPal
3639,11/11/2013,11/11/2013,11/15/2013,PP-18955,FUR-FU-10000758,148.288,Standard Class,5,Credit Card
3640,11/11/2013,11/11/2013,11/15/2013,PP-18955,OFF-PA-10000682,4.624,Standard Class,3,Bank Transfer
3641,11/11/2013,11/11/2013,11/15/2013,PP-18955,TEC-AC-10002550,178.92,Standard Class,1,PayPal
3642,11/11/2013,11/11/2013,11/15/2013,PP-18955,OFF-BI-10002082,69.888,Standard Class,1,Credit Card
3643,12/20/2011,12/20/2011,12/23/2011,MC-17845,OFF-BI-10004632,487.984,Second Class,2,PayPal
3644,12/20/2011,12/20/2011,12/23/2011,MC-17845,OFF-AR-10001725,47.3,Second Class,3,Credit Card
3645,12/20/2011,12/20/2011,12/23/2011,MC-17845,OFF-AR-10004269,4.13,Second Class,1,Credit Card
3646,12/20/2011,12/20/2011,12/23/2011,MC-17845,OFF-BI-10003007,155.12,Second Class,1,Bank Transfer
3647,7/25/2011,7/25/2011,7/27/2011,VF-21715,OFF-PA-10002195,6.48,Second Class,3,PayPal
3648,7/25/2011,7/25/2011,7/27/2011,VF-21715,OFF-SU-10002522,15.52,Second Class,5,Credit Card
3649,11/22/2012,11/22/2012,11/27/2012,MC-17275,OFF-BI-10003712,2.946,Standard Class,4,PayPal
3650,11/22/2012,11/22/2012,11/27/2012,MC-17275,OFF-FA-10004854,55.104,Standard Class,1,Credit Card
3651,12/10/2014,12/10/2014,12/12/2014,DB-13210,TEC-AC-10004859,104.88,Second Class,2,Credit Card
3652,12/10/2014,12/10/2014,12/12/2014,DB-13210,OFF-AR-10001860,34.7,Second Class,1,PayPal
3653,12/10/2014,12/10/2014,12/12/2014,DB-13210,OFF-BI-10001636,33.72,Second Class,3,Bank Transfer
3654,12/10/2014,12/10/2014,12/12/2014,DB-13210,OFF-PA-10000349,14.94,Second Class,3,PayPal
3655,9/1/2014,9/1/2014,9/6/2014,AJ-10945,OFF-AP-10002439,638.73,Standard Class,4,Bank Transfer
3656,4/25/2014,4/25/2014,5/1/2014,CP-12340,OFF-ST-10001370,113.568,Standard Class,1,PayPal
3657,9/9/2014,9/9/2014,9/15/2014,DB-13555,TEC-AC-10002558,9.096,Standard Class,1,PayPal
3658,3/12/2012,3/12/2012,3/17/2012,EB-13750,OFF-EN-10004030,8.688,Standard Class,4,Bank Transfer
3659,3/12/2012,3/12/2012,3/17/2012,EB-13750,FUR-FU-10003194,30.88,Standard Class,1,PayPal
3660,3/12/2012,3/12/2012,3/17/2012,EB-13750,FUR-FU-10001731,6.408,Standard Class,4,PayPal
3661,7/19/2013,7/19/2013,7/24/2013,JP-15460,OFF-SU-10004782,33.8,Standard Class,4,Credit Card
3662,6/14/2013,6/14/2013,6/16/2013,SC-20050,TEC-PH-10003484,377.97,Second Class,5,Credit Card
3663,7/4/2014,7/4/2014,7/10/2014,FM-14290,TEC-AC-10003590,258.9,Standard Class,2,PayPal
3664,7/4/2014,7/4/2014,7/10/2014,FM-14290,OFF-PA-10001970,24.56,Standard Class,1,Bank Transfer
3665,12/8/2011,12/8/2011,12/13/2011,TB-21250,OFF-LA-10001569,27.888,Standard Class,4,Bank Transfer
3666,12/8/2011,12/8/2011,12/13/2011,TB-21250,OFF-BI-10001132,6.456,Standard Class,2,Bank Transfer
3667,12/8/2011,12/8/2011,12/13/2011,TB-21250,TEC-PH-10003095,52.68,Standard Class,2,Credit Card
3668,12/8/2011,12/8/2011,12/13/2011,TB-21250,OFF-SU-10000432,13.88,Standard Class,1,Credit Card
3669,12/8/2011,12/8/2011,12/13/2011,TB-21250,TEC-AC-10004227,103.92,Standard Class,2,Bank Transfer
3670,12/8/2011,12/8/2011,12/13/2011,TB-21250,OFF-LA-10004409,11.52,Standard Class,5,Credit Card
3671,12/8/2011,12/8/2011,12/13/2011,TB-21250,OFF-PA-10001569,10.368,Standard Class,2,Bank Transfer
3672,12/8/2011,12/8/2011,12/13/2011,TB-21250,OFF-ST-10001031,39.072,Standard Class,5,Credit Card
3673,4/9/2013,4/9/2013,4/15/2013,EH-14125,OFF-EN-10002312,8.872,Standard Class,2,Credit Card
3674,4/9/2013,4/9/2013,4/15/2013,EH-14125,OFF-BI-10004224,121.104,Standard Class,3,PayPal
3675,11/7/2014,11/7/2014,11/12/2014,ML-17410,FUR-CH-10003774,127.372,Standard Class,4,Credit Card
3676,11/7/2014,11/7/2014,11/12/2014,ML-17410,OFF-PA-10000157,47.952,Standard Class,2,PayPal
3677,12/5/2012,12/5/2012,12/9/2012,MH-17620,FUR-FU-10004090,44.46,Standard Class,3,Bank Transfer
3678,7/9/2012,7/9/2012,7/14/2012,BT-11680,OFF-FA-10002763,15.8,Standard Class,5,Credit Card
3679,7/9/2012,7/9/2012,7/14/2012,BT-11680,TEC-MA-10002428,464.97,Standard Class,1,Bank Transfer
3680,7/9/2012,7/9/2012,7/14/2012,BT-11680,FUR-FU-10002918,181.96,Standard Class,4,PayPal
3681,7/9/2012,7/9/2012,7/14/2012,BT-11680,OFF-LA-10000476,12.39,Standard Class,2,PayPal
3682,7/9/2012,7/9/2012,7/14/2012,BT-11680,OFF-BI-10002854,84.09,Standard Class,2,Credit Card
3683,7/9/2012,7/9/2012,7/14/2012,BT-11680,OFF-AR-10002987,79.36,Standard Class,2,PayPal
3684,7/9/2012,7/9/2012,7/14/2012,BT-11680,OFF-BI-10004001,153.36,Standard Class,5,Bank Transfer
3685,7/9/2012,7/9/2012,7/14/2012,BT-11680,OFF-BI-10001634,43.68,Standard Class,5,Credit Card
3686,7/9/2012,7/9/2012,7/14/2012,BT-11680,OFF-ST-10003722,98.21,Standard Class,5,Credit Card
3687,12/14/2013,12/14/2013,12/20/2013,JC-15340,OFF-AR-10004757,9.84,Standard Class,1,PayPal
3688,5/21/2013,5/21/2013,5/25/2013,DB-13210,OFF-BI-10004140,2.694,Standard Class,2,Credit Card
3689,6/3/2014,6/3/2014,6/6/2014,DO-13435,OFF-PA-10002479,25.344,Second Class,5,Bank Transfer
3690,6/3/2014,6/3/2014,6/6/2014,DO-13435,OFF-EN-10001141,43.92,Second Class,5,Bank Transfer
3691,10/30/2012,10/30/2012,11/2/2012,FA-14230,TEC-MA-10000597,59.994,Second Class,2,Credit Card
3692,10/30/2012,10/30/2012,11/2/2012,FA-14230,TEC-CO-10001571,439.992,Second Class,1,Credit Card
3693,10/30/2012,10/30/2012,11/2/2012,FA-14230,TEC-PH-10004531,87.96,Second Class,3,Credit Card
3694,10/30/2012,10/30/2012,11/2/2012,FA-14230,FUR-FU-10003026,15.488,Second Class,3,Credit Card
3695,10/16/2013,10/16/2013,10/21/2013,QJ-19255,OFF-BI-10002082,232.96,Standard Class,4,Bank Transfer
3696,10/16/2013,10/16/2013,10/21/2013,QJ-19255,OFF-EN-10002312,66.54,Standard Class,2,Credit Card
3697,10/16/2013,10/16/2013,10/21/2013,QJ-19255,OFF-AP-10000696,43.26,Standard Class,4,PayPal
3698,11/19/2012,11/19/2012,11/21/2012,TC-21475,FUR-FU-10000305,141.96,Second Class,4,Bank Transfer
3699,9/13/2011,9/13/2011,9/17/2011,ON-18715,OFF-ST-10001034,79.4,Standard Class,2,Bank Transfer
3700,11/14/2014,11/14/2014,11/19/2014,AD-10180,TEC-AC-10004114,163.96,Second Class,5,Credit Card
3701,12/25/2014,12/25/2014,12/30/2014,AC-10615,FUR-FU-10001602,37.93,Standard Class,2,PayPal
3702,1/9/2013,1/9/2013,1/13/2013,MF-17665,FUR-FU-10002445,15.168,Second Class,4,Credit Card
3703,6/13/2012,6/13/2012,6/19/2012,DH-13075,OFF-AR-10004269,24.78,Standard Class,1,Credit Card
3704,6/13/2012,6/13/2012,6/19/2012,DH-13075,OFF-BI-10001249,19.14,Standard Class,3,Credit Card
3705,6/13/2012,6/13/2012,6/19/2012,DH-13075,TEC-CO-10004202,899.97,Standard Class,3,Credit Card
3706,6/13/2012,6/13/2012,6/19/2012,DH-13075,OFF-PA-10003363,32.4,Standard Class,2,Credit Card
3707,3/19/2014,3/19/2014,3/23/2014,EN-13780,OFF-AR-10001915,23.832,Standard Class,4,PayPal
3708,11/23/2011,11/23/2011,11/27/2011,SS-20140,FUR-FU-10001940,6.368,Standard Class,2,Bank Transfer
3709,11/23/2011,11/23/2011,11/27/2011,SS-20140,OFF-AP-10004336,34.176,Standard Class,3,Bank Transfer
3710,11/23/2011,11/23/2011,11/27/2011,SS-20140,TEC-AC-10003709,5.544,Standard Class,1,Credit Card
3711,10/16/2014,10/16/2014,10/18/2014,RS-19765,FUR-TA-10001705,510.24,First Class,4,PayPal
3712,10/16/2014,10/16/2014,10/18/2014,RS-19765,OFF-PA-10000675,204.95,First Class,5,PayPal
3713,4/22/2014,4/22/2014,4/25/2014,JW-15955,TEC-AC-10000521,11.54,First Class,1,Credit Card
3714,4/22/2014,4/22/2014,4/25/2014,JW-15955,FUR-FU-10004622,162.6,First Class,3,Credit Card
3715,12/8/2011,12/8/2011,12/10/2011,JK-15625,OFF-PA-10001954,45.68,Second Class,2,Bank Transfer
3716,12/8/2011,12/8/2011,12/10/2011,JK-15625,FUR-CH-10002602,603.92,Second Class,1,Credit Card
3717,5/30/2014,5/30/2014,6/3/2014,JO-15550,OFF-FA-10004395,23.55,Standard Class,4,Bank Transfer
3718,9/20/2013,9/20/2013,9/24/2013,TP-21130,OFF-SU-10003002,5.04,Standard Class,4,Bank Transfer
3719,9/20/2013,9/20/2013,9/24/2013,TP-21130,TEC-AC-10002926,249.95,Standard Class,1,Bank Transfer
3720,9/18/2013,9/18/2013,9/24/2013,BS-11590,OFF-AR-10002656,33.4,Standard Class,3,PayPal
3721,12/21/2013,12/21/2013,12/25/2013,AB-10255,FUR-FU-10001918,18.92,Standard Class,2,Credit Card
3722,12/21/2013,12/21/2013,12/25/2013,AB-10255,OFF-BI-10003910,15.42,Standard Class,5,PayPal
3723,11/23/2014,11/23/2014,11/27/2014,FO-14305,OFF-AR-10000122,35.712,Standard Class,4,PayPal
3724,12/30/2011,12/30/2011,1/4/2012,MF-17665,OFF-BI-10004600,551.985,Standard Class,4,PayPal
3725,4/4/2014,4/4/2014,4/6/2014,SA-20830,OFF-AR-10003045,7.056,First Class,1,Credit Card
3726,12/27/2013,12/27/2013,1/3/2014,SH-19975,OFF-AP-10000252,18.72,Standard Class,3,Credit Card
3727,6/6/2013,6/6/2013,6/12/2013,JL-15235,OFF-ST-10001496,360.38,Standard Class,3,Bank Transfer
3728,6/6/2013,6/6/2013,6/12/2013,JL-15235,OFF-AR-10000122,11.16,Standard Class,4,Bank Transfer
3729,6/6/2013,6/6/2013,6/12/2013,JL-15235,OFF-LA-10000407,14.94,Standard Class,4,Credit Card
3730,9/18/2012,9/18/2012,9/23/2012,KH-16630,OFF-ST-10004950,41.96,Standard Class,2,PayPal
3731,9/18/2012,9/18/2012,9/23/2012,KH-16630,OFF-ST-10004123,636.86,Standard Class,5,Bank Transfer
3732,9/18/2012,9/18/2012,9/23/2012,KH-16630,TEC-PH-10000730,499.99,Standard Class,4,PayPal
3733,9/18/2012,9/18/2012,9/23/2012,KH-16630,TEC-PH-10000895,1259.93,Standard Class,3,PayPal
3734,9/18/2012,9/18/2012,9/23/2012,KH-16630,OFF-BI-10000962,65.08,Standard Class,2,Bank Transfer
3735,3/7/2014,3/7/2014,3/12/2014,RM-19750,OFF-PA-10002254,26.38,Second Class,2,Bank Transfer
3736,3/7/2014,3/7/2014,3/12/2014,RM-19750,FUR-FU-10002554,71.97,Second Class,3,PayPal
3737,3/18/2013,3/18/2013,3/18/2013,VM-21835,TEC-PH-10000673,129.98,Same Day,4,PayPal
3738,3/18/2013,3/18/2013,3/18/2013,VM-21835,OFF-BI-10000962,32.54,Same Day,5,PayPal
3739,12/10/2013,12/10/2013,12/14/2013,LH-17155,TEC-PH-10003988,10.9,Standard Class,2,PayPal
3740,12/10/2013,12/10/2013,12/14/2013,LH-17155,TEC-AC-10001109,59.98,Standard Class,2,PayPal
3741,12/10/2013,12/10/2013,12/14/2013,LH-17155,OFF-AP-10002311,61.929,Standard Class,2,PayPal
3742,1/15/2013,1/15/2013,1/21/2013,WB-21850,OFF-EN-10001137,16.52,Standard Class,2,PayPal
3743,1/15/2013,1/15/2013,1/21/2013,WB-21850,OFF-PA-10004285,60.12,Standard Class,5,Credit Card
3744,1/15/2013,1/15/2013,1/21/2013,WB-21850,OFF-BI-10002225,49.536,Standard Class,4,Bank Transfer
3745,10/24/2011,10/24/2011,10/24/2011,AP-10915,OFF-FA-10002763,11.85,Same Day,3,PayPal
3746,9/24/2013,9/24/2013,9/29/2013,RA-19915,OFF-ST-10003058,118.25,Second Class,5,Credit Card
3747,9/24/2013,9/24/2013,9/29/2013,RA-19915,FUR-CH-10002084,368.97,Second Class,4,Credit Card
3748,8/28/2014,8/28/2014,8/30/2014,DR-12880,FUR-FU-10002937,198.46,Second Class,4,PayPal
3749,8/28/2014,8/28/2014,8/30/2014,DR-12880,OFF-AP-10001242,321.92,Second Class,3,PayPal
3750,8/28/2014,8/28/2014,8/30/2014,DR-12880,TEC-CO-10001571,879.984,Second Class,2,Bank Transfer
3751,8/28/2014,8/28/2014,8/30/2014,DR-12880,OFF-SU-10002503,28.4,Second Class,1,Credit Card
3752,8/28/2014,8/28/2014,8/30/2014,DR-12880,FUR-CH-10004886,230.28,Second Class,2,Credit Card
3753,8/28/2014,8/28/2014,8/30/2014,DR-12880,OFF-PA-10001289,116.28,Second Class,5,Bank Transfer
3754,8/28/2014,8/28/2014,8/30/2014,DR-12880,OFF-BI-10003650,841.568,Second Class,5,Credit Card
3755,8/28/2014,8/28/2014,8/30/2014,DR-12880,OFF-ST-10001370,354.9,Second Class,1,PayPal
3756,3/4/2013,3/4/2013,3/7/2013,JG-15310,OFF-PA-10001892,42.784,First Class,1,Credit Card
3757,3/4/2013,3/4/2013,3/7/2013,JG-15310,FUR-CH-10004983,563.43,First Class,2,Credit Card
3758,3/1/2013,3/1/2013,3/5/2013,LC-16870,OFF-AR-10001615,111.104,Standard Class,4,PayPal
3759,9/18/2012,9/18/2012,9/23/2012,GB-14530,OFF-AR-10003602,11.68,Standard Class,4,Bank Transfer
3760,9/18/2012,9/18/2012,9/23/2012,GB-14530,OFF-SU-10004782,16.9,Standard Class,4,PayPal
3761,9/18/2012,9/18/2012,9/23/2012,GB-14530,FUR-FU-10001591,24.4,Standard Class,4,Credit Card
3762,5/13/2014,5/13/2014,5/18/2014,CK-12205,OFF-PA-10000659,87.6,Standard Class,1,Bank Transfer
3763,8/14/2013,8/14/2013,8/19/2013,TS-21160,FUR-BO-10001337,241.96,Second Class,4,PayPal
3764,8/14/2013,8/14/2013,8/19/2013,TS-21160,OFF-BI-10003529,8.52,Second Class,5,PayPal
3765,2/26/2014,2/26/2014,3/3/2014,MH-18025,OFF-BI-10002609,1.788,Standard Class,1,PayPal
3766,3/22/2013,3/22/2013,3/26/2013,DM-12955,FUR-TA-10004767,99.372,Standard Class,4,Bank Transfer
3767,3/22/2013,3/22/2013,3/26/2013,DM-12955,OFF-AR-10001868,1.344,Standard Class,3,Bank Transfer
3768,12/8/2012,12/8/2012,12/10/2012,JJ-15760,TEC-PH-10004896,119.96,Second Class,1,PayPal
3769,12/16/2011,12/16/2011,12/20/2011,KB-16585,FUR-CH-10000988,1013.832,Second Class,4,Bank Transfer
3770,12/16/2011,12/16/2011,12/20/2011,KB-16585,OFF-FA-10000490,1.984,Second Class,2,Bank Transfer
3771,12/18/2013,12/18/2013,12/22/2013,CM-12160,FUR-TA-10004256,2003.52,Standard Class,4,Credit Card
3772,5/13/2013,5/13/2013,5/18/2013,FM-14215,OFF-ST-10004804,82.368,Standard Class,2,Bank Transfer
3773,8/6/2011,8/6/2011,8/11/2011,RF-19735,TEC-AC-10000023,62.91,Second Class,4,PayPal
3774,4/11/2011,4/11/2011,4/13/2011,JK-15370,OFF-FA-10001332,6.912,Second Class,3,Credit Card
3775,4/11/2011,4/11/2011,4/13/2011,JK-15370,TEC-AC-10002001,383.976,Second Class,2,Bank Transfer
3776,4/11/2011,4/11/2011,4/13/2011,JK-15370,OFF-PA-10000029,10.368,Second Class,4,Credit Card
3777,4/11/2011,4/11/2011,4/13/2011,JK-15370,TEC-AC-10001874,335.944,Second Class,5,Bank Transfer
3778,5/3/2012,5/3/2012,5/8/2012,JB-16045,FUR-FU-10002298,665.88,Standard Class,1,PayPal
3779,12/1/2014,12/1/2014,12/3/2014,PN-18775,TEC-PH-10002564,71.976,Second Class,2,Credit Card
3780,2/17/2014,2/17/2014,2/21/2014,LF-17185,OFF-PA-10003465,37.94,Standard Class,3,PayPal
3781,11/16/2011,11/16/2011,11/20/2011,RH-19510,TEC-PH-10000038,273.96,Standard Class,2,Credit Card
3782,7/9/2012,7/9/2012,7/14/2012,MC-17575,TEC-PH-10003072,269.982,Second Class,3,PayPal
3783,11/14/2014,11/14/2014,11/17/2014,MN-17935,OFF-PA-10003424,8.904,Second Class,3,PayPal
3784,11/14/2014,11/14/2014,11/17/2014,MN-17935,OFF-ST-10003716,720.064,Second Class,3,Bank Transfer
3785,8/1/2014,8/1/2014,8/5/2014,EH-14125,TEC-AC-10003590,41.424,Standard Class,3,Credit Card
3786,12/27/2014,12/27/2014,12/31/2014,TC-21535,OFF-BI-10000494,3.132,Standard Class,4,Bank Transfer
3787,11/1/2013,11/1/2013,11/5/2013,JD-15895,OFF-ST-10002615,1085.42,Standard Class,2,PayPal
3788,9/5/2013,9/5/2013,9/10/2013,IL-15100,OFF-AR-10002804,3.912,Standard Class,1,Bank Transfer
3789,9/5/2013,9/5/2013,9/10/2013,IL-15100,OFF-AR-10001044,62.376,Standard Class,2,PayPal
3790,4/18/2013,4/18/2013,4/22/2013,SW-20350,OFF-FA-10000134,29.05,Standard Class,3,Credit Card
3791,7/5/2011,7/5/2011,7/11/2011,DP-13390,OFF-BI-10001670,180.96,Standard Class,4,Bank Transfer
3792,2/27/2012,2/27/2012,2/28/2012,BT-11395,OFF-BI-10000343,4.419,First Class,5,Credit Card
3793,2/27/2012,2/27/2012,2/28/2012,BT-11395,OFF-AR-10002257,16.032,First Class,4,PayPal
3794,11/27/2012,11/27/2012,12/1/2012,JE-15475,OFF-AR-10001915,29.79,Standard Class,1,Bank Transfer
3795,1/28/2011,1/28/2011,2/3/2011,EJ-13720,OFF-ST-10003692,57.23,Standard Class,4,PayPal
3796,1/28/2011,1/28/2011,2/3/2011,EJ-13720,FUR-TA-10003469,333,Standard Class,3,PayPal
3797,1/28/2011,1/28/2011,2/3/2011,EJ-13720,OFF-AR-10003179,36.44,Standard Class,4,PayPal
3798,9/24/2014,9/24/2014,9/27/2014,BE-11410,OFF-PA-10003395,251.64,First Class,3,Credit Card
3799,11/5/2014,11/5/2014,11/6/2014,KL-16555,FUR-TA-10004575,523.764,First Class,1,PayPal
3800,11/5/2014,11/5/2014,11/6/2014,KL-16555,TEC-PH-10002483,1359.96,First Class,3,Credit Card
3801,10/15/2013,10/15/2013,10/21/2013,NC-18415,FUR-CH-10003606,102.592,Standard Class,2,Bank Transfer
3802,10/15/2013,10/15/2013,10/21/2013,NC-18415,TEC-AC-10002473,22.704,Standard Class,4,Bank Transfer
3803,10/15/2013,10/15/2013,10/21/2013,NC-18415,OFF-PA-10002319,93.024,Standard Class,1,PayPal
3804,10/15/2013,10/15/2013,10/21/2013,NC-18415,OFF-SU-10000946,12.768,Standard Class,2,PayPal
3805,10/15/2013,10/15/2013,10/21/2013,NC-18415,OFF-EN-10001335,35.008,Standard Class,4,Credit Card
3806,10/15/2013,10/15/2013,10/21/2013,NC-18415,OFF-PA-10002377,39.152,Standard Class,2,Bank Transfer
3807,11/12/2012,11/12/2012,11/19/2012,AH-10690,OFF-AR-10001246,11.76,Standard Class,3,Credit Card
3808,11/12/2012,11/12/2012,11/19/2012,AH-10690,OFF-BI-10003291,5.238,Standard Class,4,Bank Transfer
3809,11/12/2012,11/12/2012,11/19/2012,AH-10690,OFF-BI-10002799,4.662,Standard Class,5,Bank Transfer
3810,11/12/2012,11/12/2012,11/19/2012,AH-10690,FUR-CH-10003298,523.92,Standard Class,5,Credit Card
3811,11/12/2012,11/12/2012,11/19/2012,AH-10690,TEC-PH-10000441,100.792,Standard Class,4,Credit Card
3812,11/12/2012,11/12/2012,11/19/2012,AH-10690,FUR-CH-10004477,146.136,Standard Class,1,PayPal
3813,3/6/2014,3/6/2014,3/6/2014,PK-19075,OFF-LA-10003537,25.06,Same Day,1,PayPal
3814,11/5/2012,11/5/2012,11/9/2012,NG-18430,OFF-LA-10004484,19.824,Standard Class,5,Credit Card
3815,7/9/2013,7/9/2013,7/9/2013,ZD-21925,TEC-PH-10002824,823.96,Same Day,4,Credit Card
3816,7/9/2013,7/9/2013,7/9/2013,ZD-21925,OFF-PA-10004965,15.984,Same Day,4,Credit Card
3817,9/15/2012,9/15/2012,9/19/2012,NW-18400,FUR-TA-10003569,801.96,Standard Class,5,Credit Card
3818,9/15/2012,9/15/2012,9/19/2012,NW-18400,TEC-PH-10003187,59.97,Standard Class,5,Bank Transfer
3819,9/15/2012,9/15/2012,9/19/2012,NW-18400,FUR-CH-10004853,1056.86,Standard Class,2,Credit Card
3820,10/10/2014,10/10/2014,10/15/2014,HG-14845,OFF-BI-10001031,12.816,Standard Class,4,PayPal
3821,10/10/2014,10/10/2014,10/15/2014,HG-14845,FUR-BO-10003034,314.352,Standard Class,5,PayPal
3822,10/10/2014,10/10/2014,10/15/2014,HG-14845,OFF-PA-10000069,18.98,Standard Class,4,Credit Card
3823,10/10/2014,10/10/2014,10/15/2014,HG-14845,OFF-BI-10003655,18.24,Standard Class,4,PayPal
3824,9/14/2012,9/14/2012,9/18/2012,CC-12685,OFF-ST-10000585,991.2,Standard Class,3,PayPal
3825,9/14/2012,9/14/2012,9/18/2012,CC-12685,TEC-CO-10001571,879.984,Standard Class,1,PayPal
3826,9/14/2012,9/14/2012,9/18/2012,CC-12685,OFF-BI-10002012,12.96,Standard Class,5,PayPal
3827,10/7/2011,10/7/2011,10/12/2011,JG-15805,OFF-ST-10001228,107.44,Standard Class,3,PayPal
3828,5/8/2014,5/8/2014,5/12/2014,RW-19540,FUR-CH-10004086,1458.65,Standard Class,2,PayPal
3829,5/8/2014,5/8/2014,5/12/2014,RW-19540,FUR-CH-10002017,26.64,Standard Class,2,Credit Card
3830,5/8/2014,5/8/2014,5/12/2014,RW-19540,FUR-CH-10000595,476.8,Standard Class,4,PayPal
3831,5/8/2014,5/8/2014,5/12/2014,RW-19540,OFF-AP-10001563,87.444,Standard Class,4,PayPal
3832,11/14/2012,11/14/2012,11/19/2012,LS-17230,FUR-FU-10004017,76.14,Standard Class,3,Credit Card
3833,11/14/2012,11/14/2012,11/19/2012,LS-17230,OFF-BI-10002571,19.96,Standard Class,3,Credit Card
3834,11/24/2011,11/24/2011,11/24/2011,MY-18295,TEC-PH-10000560,1049.97,Same Day,3,PayPal
3835,11/24/2011,11/24/2011,11/24/2011,MY-18295,FUR-CH-10000847,611.058,Same Day,4,PayPal
3836,4/8/2011,4/8/2011,4/15/2011,JM-15655,OFF-FA-10000611,2.368,Standard Class,5,Bank Transfer
3837,4/8/2011,4/8/2011,4/15/2011,JM-15655,OFF-PA-10004733,19.008,Standard Class,2,Bank Transfer
3838,7/26/2011,7/26/2011,8/2/2011,KM-16720,TEC-PH-10001363,911.984,Standard Class,1,PayPal
3839,7/26/2011,7/26/2011,8/2/2011,KM-16720,FUR-CH-10003312,674.352,Standard Class,4,Bank Transfer
3840,7/26/2011,7/26/2011,8/2/2011,KM-16720,FUR-FU-10004018,134.01,Standard Class,1,Bank Transfer
3841,7/26/2011,7/26/2011,8/2/2011,KM-16720,TEC-AC-10004814,170.97,Standard Class,3,Credit Card
3842,6/8/2011,6/8/2011,6/12/2011,KE-16420,FUR-CH-10002647,170.352,Standard Class,5,Bank Transfer
3843,10/28/2011,10/28/2011,10/31/2011,TS-21370,OFF-BI-10004140,7.184,First Class,4,PayPal
3844,10/28/2011,10/28/2011,10/31/2011,TS-21370,OFF-SU-10002301,6.28,First Class,1,Credit Card
3845,10/28/2011,10/28/2011,10/31/2011,TS-21370,OFF-SU-10000646,480.74,First Class,4,Credit Card
3846,10/28/2011,10/28/2011,10/31/2011,TS-21370,FUR-BO-10001337,616.998,First Class,3,Credit Card
3847,10/28/2011,10/28/2011,10/31/2011,TS-21370,OFF-ST-10003442,141.4,First Class,5,Bank Transfer
3848,11/26/2014,11/26/2014,11/28/2014,SZ-20035,OFF-ST-10001097,501.81,Second Class,3,Credit Card
3849,9/23/2014,9/23/2014,9/24/2014,JE-15745,OFF-BI-10004318,691.96,First Class,3,Bank Transfer
3850,9/23/2014,9/23/2014,9/24/2014,JE-15745,TEC-AC-10004633,34.95,First Class,3,Credit Card
3851,12/4/2012,12/4/2012,12/9/2012,MS-17980,OFF-PA-10001970,85.96,Standard Class,4,Bank Transfer
3852,9/21/2012,9/21/2012,9/21/2012,DH-13675,FUR-FU-10004006,85.3,Same Day,5,Credit Card
3853,11/27/2014,11/27/2014,11/30/2014,GT-14755,OFF-BI-10001524,33.568,First Class,5,Bank Transfer
3854,6/7/2014,6/7/2014,6/11/2014,GH-14410,FUR-FU-10004164,4.95,Standard Class,5,PayPal
3855,6/7/2014,6/7/2014,6/11/2014,GH-14410,OFF-ST-10002957,26.4,Standard Class,2,Bank Transfer
3856,10/24/2014,10/24/2014,10/29/2014,DM-13015,OFF-BI-10004364,3.564,Second Class,4,PayPal
3857,10/24/2014,10/24/2014,10/29/2014,DM-13015,TEC-PH-10002824,823.96,Second Class,5,PayPal
3858,10/24/2014,10/24/2014,10/29/2014,DM-13015,OFF-AR-10000634,10.272,Second Class,5,PayPal
3859,12/20/2011,12/20/2011,12/20/2011,TC-21295,TEC-AC-10001539,447.944,Same Day,2,Credit Card
3860,2/18/2014,2/18/2014,2/23/2014,JK-16120,FUR-TA-10001932,480.96,Standard Class,5,PayPal
3861,2/18/2014,2/18/2014,2/23/2014,JK-16120,TEC-PH-10002789,124.792,Standard Class,3,Credit Card
3862,5/3/2011,5/3/2011,5/10/2011,NC-18415,OFF-BI-10004828,40.176,Standard Class,3,PayPal
3863,5/3/2011,5/3/2011,5/10/2011,NC-18415,OFF-BI-10003981,10.896,Standard Class,4,Credit Card
3864,10/18/2014,10/18/2014,10/20/2014,AJ-10960,OFF-AR-10001770,10.64,Second Class,3,Bank Transfer
3865,11/28/2012,11/28/2012,12/3/2012,LC-16885,FUR-FU-10004904,151.96,Standard Class,3,PayPal
3866,7/27/2011,7/27/2011,7/29/2011,GW-14605,TEC-AC-10002842,238,Second Class,1,Bank Transfer
3867,4/24/2014,4/24/2014,4/26/2014,SC-20305,TEC-AC-10003590,155.34,Second Class,2,PayPal
3868,10/23/2012,10/23/2012,10/27/2012,JF-15355,TEC-AC-10000710,148.32,Second Class,3,Credit Card
3869,10/23/2012,10/23/2012,10/27/2012,JF-15355,FUR-CH-10004495,240.784,Second Class,1,PayPal
3870,10/23/2012,10/23/2012,10/27/2012,JF-15355,FUR-CH-10004540,191.968,Second Class,4,Bank Transfer
3871,10/23/2012,10/23/2012,10/27/2012,JF-15355,OFF-PA-10004971,11.56,Second Class,4,Credit Card
3872,10/23/2012,10/23/2012,10/27/2012,JF-15355,OFF-EN-10002600,11.8,Second Class,1,PayPal
3873,10/23/2012,10/23/2012,10/27/2012,JF-15355,FUR-CH-10001854,842.352,Second Class,2,PayPal
3874,9/6/2013,9/6/2013,9/8/2013,DM-13015,OFF-EN-10001099,23.472,Second Class,4,PayPal
3875,9/6/2013,9/6/2013,9/8/2013,DM-13015,OFF-BI-10001597,86.058,Second Class,4,Bank Transfer
3876,9/6/2013,9/6/2013,9/8/2013,DM-13015,TEC-PH-10002660,108.784,Second Class,5,Credit Card
3877,9/6/2013,9/6/2013,9/8/2013,DM-13015,OFF-PA-10000327,10.272,Second Class,3,Bank Transfer
3878,10/29/2013,10/29/2013,11/3/2013,EP-13915,OFF-BI-10001191,38.19,Standard Class,5,PayPal
3879,4/5/2011,4/5/2011,4/7/2011,JG-15805,OFF-ST-10003455,49.632,First Class,3,Credit Card
3880,4/5/2011,4/5/2011,4/7/2011,JG-15805,OFF-ST-10001031,52.096,First Class,3,Credit Card
3881,6/15/2012,6/15/2012,6/20/2012,PF-19120,OFF-PA-10002245,9.568,Standard Class,2,Credit Card
3882,6/15/2012,6/15/2012,6/20/2012,PF-19120,OFF-ST-10004804,82.368,Standard Class,2,PayPal
3883,6/15/2012,6/15/2012,6/20/2012,PF-19120,FUR-FU-10004904,364.704,Standard Class,2,Credit Card
3884,6/15/2012,6/15/2012,6/20/2012,PF-19120,FUR-FU-10002396,40.256,Standard Class,3,Bank Transfer
3885,7/5/2011,7/5/2011,7/12/2011,DW-13195,OFF-AR-10002833,4.368,Standard Class,1,Bank Transfer
3886,1/30/2014,1/30/2014,2/3/2014,CK-12595,OFF-BI-10001072,12.128,Standard Class,3,Credit Card
3887,3/4/2013,3/4/2013,3/9/2013,CC-12670,TEC-PH-10003171,134.85,Second Class,5,Credit Card
3888,6/2/2011,6/2/2011,6/6/2011,SV-20785,OFF-AR-10004511,8.56,Standard Class,3,Credit Card
3889,6/2/2011,6/2/2011,6/6/2011,SV-20785,TEC-PH-10001425,239.97,Standard Class,3,PayPal
3890,6/2/2011,6/2/2011,6/6/2011,SV-20785,OFF-ST-10001490,356.94,Standard Class,2,Bank Transfer
3891,11/25/2013,11/25/2013,12/1/2013,SP-20860,TEC-AC-10003033,659.9,Standard Class,2,Bank Transfer
3892,11/25/2013,11/25/2013,12/1/2013,SP-20860,FUR-CH-10001394,1684.752,Standard Class,4,Credit Card
3893,11/25/2013,11/25/2013,12/1/2013,SP-20860,TEC-AC-10000420,559.92,Standard Class,3,Credit Card
3894,11/11/2013,11/11/2013,11/15/2013,MS-17770,TEC-AC-10004901,279.944,Standard Class,2,PayPal
3895,11/22/2011,11/22/2011,11/28/2011,TC-21475,OFF-BI-10002571,9.98,Standard Class,4,Bank Transfer
3896,5/2/2014,5/2/2014,5/6/2014,SJ-20125,TEC-AC-10002331,48.9,Standard Class,2,Credit Card
3897,12/8/2014,12/8/2014,12/13/2014,DS-13180,OFF-FA-10000611,3.552,Standard Class,1,Bank Transfer
3898,12/8/2014,12/8/2014,12/13/2014,DS-13180,OFF-PA-10000304,15.552,Standard Class,3,PayPal
3899,12/1/2014,12/1/2014,12/5/2014,SC-20800,OFF-FA-10000611,2.368,Standard Class,4,PayPal
3900,12/8/2014,12/8/2014,12/10/2014,SH-20395,TEC-AC-10002567,127.984,First Class,1,Bank Transfer
3901,1/3/2012,1/3/2012,1/8/2012,SF-20965,OFF-PA-10001937,10.368,Standard Class,5,Bank Transfer
3902,11/14/2012,11/14/2012,11/20/2012,MG-17680,TEC-AC-10001090,47.984,Standard Class,3,PayPal
3903,10/2/2012,10/2/2012,10/7/2012,CS-12400,OFF-ST-10000943,270.34,Second Class,1,Credit Card
3904,4/5/2012,4/5/2012,4/10/2012,VT-21700,OFF-AP-10004036,98.112,Standard Class,1,Bank Transfer
3905,4/5/2012,4/5/2012,4/10/2012,VT-21700,OFF-ST-10003816,563.808,Standard Class,3,Credit Card
3906,4/5/2012,4/5/2012,4/10/2012,VT-21700,OFF-BI-10002072,10.428,Standard Class,4,Bank Transfer
3907,4/5/2012,4/5/2012,4/10/2012,VT-21700,FUR-FU-10001468,547.136,Standard Class,5,Bank Transfer
3908,4/5/2012,4/5/2012,4/10/2012,VT-21700,TEC-PH-10000347,14.85,Standard Class,2,Credit Card
3909,4/5/2012,4/5/2012,4/10/2012,VT-21700,TEC-PH-10002844,41.988,Standard Class,3,Bank Transfer
3910,4/5/2012,4/5/2012,4/10/2012,VT-21700,FUR-FU-10001037,7.584,Standard Class,2,Bank Transfer
3911,4/5/2012,4/5/2012,4/10/2012,VT-21700,FUR-BO-10004218,352.45,Standard Class,1,Bank Transfer
3912,6/6/2014,6/6/2014,6/7/2014,AB-10105,TEC-PH-10001619,470.376,First Class,4,Bank Transfer
3913,9/19/2014,9/19/2014,9/26/2014,MM-18280,OFF-PA-10001639,19.44,Standard Class,2,Bank Transfer
3914,9/19/2014,9/19/2014,9/26/2014,MM-18280,FUR-FU-10002268,9.82,Standard Class,4,Credit Card
3915,7/19/2014,7/19/2014,7/24/2014,ML-17410,FUR-TA-10001932,801.6,Standard Class,3,Bank Transfer
3916,7/19/2014,7/19/2014,7/24/2014,ML-17410,FUR-CH-10004218,161.568,Standard Class,3,PayPal
3917,7/19/2014,7/19/2014,7/24/2014,ML-17410,OFF-PA-10000246,16.096,Standard Class,1,Bank Transfer
3918,7/19/2014,7/19/2014,7/24/2014,ML-17410,OFF-BI-10003350,7.656,Standard Class,1,Bank Transfer
3919,7/19/2014,7/19/2014,7/24/2014,ML-17410,FUR-CH-10000513,311.976,Standard Class,1,PayPal
3920,12/1/2012,12/1/2012,12/7/2012,KD-16495,OFF-ST-10001321,61.68,Standard Class,5,Credit Card
3921,12/1/2012,12/1/2012,12/7/2012,KD-16495,OFF-BI-10004233,63.96,Standard Class,3,Bank Transfer
3922,6/29/2013,6/29/2013,7/3/2013,RF-19735,TEC-PH-10001299,359.976,Second Class,2,PayPal
3923,8/29/2014,8/29/2014,9/2/2014,SC-20305,OFF-PA-10002479,25.344,Standard Class,3,PayPal
3924,8/29/2014,8/29/2014,9/2/2014,SC-20305,OFF-PA-10001461,26.72,Standard Class,4,PayPal
3925,9/17/2011,9/17/2011,9/21/2011,BN-11515,OFF-ST-10004963,30.28,Standard Class,4,PayPal
3926,9/17/2011,9/17/2011,9/21/2011,BN-11515,OFF-ST-10000943,57.93,Standard Class,4,PayPal
3927,9/17/2011,9/17/2011,9/21/2011,BN-11515,FUR-FU-10004671,35.34,Standard Class,2,PayPal
3928,9/17/2011,9/17/2011,9/21/2011,BN-11515,OFF-BI-10002735,137.24,Standard Class,5,Credit Card
3929,3/15/2013,3/15/2013,3/18/2013,JS-15880,FUR-BO-10004409,241.332,First Class,5,Bank Transfer
3930,3/15/2013,3/15/2013,3/18/2013,JS-15880,OFF-PA-10001934,5.184,First Class,3,Credit Card
3931,3/15/2013,3/15/2013,3/18/2013,JS-15880,OFF-AR-10001044,145.544,First Class,4,Credit Card
3932,8/27/2013,8/27/2013,9/3/2013,VG-21805,OFF-AR-10004165,5.472,Standard Class,5,Credit Card
3933,8/27/2013,8/27/2013,9/3/2013,VG-21805,TEC-AC-10001109,47.984,Standard Class,3,Credit Card
3934,9/3/2014,9/3/2014,9/9/2014,AW-10840,OFF-AR-10001919,9.4,Standard Class,5,Bank Transfer
3935,9/3/2014,9/3/2014,9/9/2014,AW-10840,OFF-LA-10004544,74,Standard Class,4,PayPal
3936,9/3/2014,9/3/2014,9/9/2014,AW-10840,TEC-PH-10003484,201.584,Standard Class,1,PayPal
3937,6/16/2012,6/16/2012,6/20/2012,LS-17230,OFF-EN-10001028,28.752,Standard Class,5,PayPal
3938,6/16/2012,6/16/2012,6/20/2012,LS-17230,OFF-PA-10004156,27.216,Standard Class,5,PayPal
3939,6/16/2012,6/16/2012,6/20/2012,LS-17230,FUR-CH-10001708,197.372,Standard Class,5,PayPal
3940,12/11/2013,12/11/2013,12/11/2013,MH-17455,FUR-CH-10003379,1424.9,Same Day,2,Credit Card
3941,5/19/2014,5/19/2014,5/24/2014,TS-21340,FUR-FU-10002456,14.56,Standard Class,4,PayPal
3942,5/19/2014,5/19/2014,5/24/2014,TS-21340,OFF-BI-10000605,3.048,Standard Class,5,Credit Card
3943,5/28/2014,5/28/2014,5/30/2014,EH-13945,OFF-PA-10001166,25.92,Second Class,5,Credit Card
3944,6/24/2013,6/24/2013,7/1/2013,MG-17695,OFF-SU-10000157,835.17,Standard Class,2,PayPal
3945,5/17/2013,5/17/2013,5/22/2013,DO-13435,OFF-PA-10004971,17.34,Second Class,1,Bank Transfer
3946,11/19/2014,11/19/2014,11/24/2014,AF-10870,OFF-PA-10001977,44.384,Standard Class,3,PayPal
3947,11/19/2014,11/19/2014,11/24/2014,AF-10870,OFF-SU-10001225,2.944,Standard Class,4,PayPal
3948,11/19/2013,11/19/2013,11/23/2013,SN-20710,OFF-AR-10003514,6.368,Standard Class,3,PayPal
3949,11/19/2013,11/19/2013,11/23/2013,SN-20710,OFF-LA-10003510,48.848,Standard Class,1,PayPal
3950,11/19/2013,11/19/2013,11/23/2013,SN-20710,OFF-PA-10001970,19.648,Standard Class,1,PayPal
3951,11/19/2013,11/19/2013,11/23/2013,SN-20710,FUR-CH-10003817,255.108,Standard Class,5,PayPal
3952,11/28/2011,11/28/2011,11/30/2011,MO-17500,OFF-BI-10003676,17.248,Second Class,3,PayPal
3953,3/2/2013,3/2/2013,3/9/2013,ON-18715,TEC-PH-10003535,159.984,Standard Class,2,Credit Card
3954,1/16/2014,1/16/2014,1/20/2014,SC-20095,OFF-PA-10004675,12.7,Standard Class,4,PayPal
3955,4/4/2011,4/4/2011,4/9/2011,MS-17710,FUR-FU-10004020,5.47,Standard Class,2,Credit Card
3956,4/4/2011,4/4/2011,4/9/2011,MS-17710,OFF-AR-10001955,79.36,Standard Class,4,Bank Transfer
3957,6/27/2013,6/27/2013,7/4/2013,DN-13690,FUR-FU-10002364,22.14,Standard Class,5,Credit Card
3958,5/30/2013,5/30/2013,6/3/2013,RB-19360,OFF-BI-10002414,11.277,Standard Class,2,PayPal
3959,5/30/2013,5/30/2013,6/3/2013,RB-19360,OFF-AR-10003732,4.448,Standard Class,2,Credit Card
3960,5/30/2013,5/30/2013,6/3/2013,RB-19360,FUR-FU-10001085,44.76,Standard Class,3,PayPal
3961,10/19/2012,10/19/2012,10/24/2012,NH-18610,OFF-BI-10001249,38.28,Standard Class,1,Bank Transfer
3962,10/19/2012,10/19/2012,10/24/2012,NH-18610,TEC-PH-10002564,149.95,Standard Class,2,Credit Card
3963,2/20/2014,2/20/2014,2/21/2014,ED-13885,OFF-AR-10000634,12.84,First Class,3,Bank Transfer
3964,2/20/2014,2/20/2014,2/21/2014,ED-13885,FUR-FU-10004018,44.67,First Class,3,Bank Transfer
3965,9/23/2013,9/23/2013,9/29/2013,PW-19240,OFF-AR-10003481,7.872,Standard Class,3,Bank Transfer
3966,11/12/2011,11/12/2011,11/17/2011,DM-13345,OFF-AR-10003651,7.872,Second Class,2,PayPal
3967,4/2/2013,4/2/2013,4/7/2013,DW-13540,OFF-AR-10002956,88.04,Standard Class,5,Credit Card
3968,5/21/2013,5/21/2013,5/24/2013,EH-14125,OFF-BI-10003638,40.635,First Class,1,Bank Transfer
3969,6/1/2012,6/1/2012,6/5/2012,KE-16420,OFF-BI-10001890,5.728,Standard Class,3,PayPal
3970,6/1/2012,6/1/2012,6/5/2012,KE-16420,OFF-PA-10002606,42.24,Standard Class,1,Credit Card
3971,11/22/2011,11/22/2011,11/26/2011,SP-20920,OFF-PA-10002245,53.82,Standard Class,1,Bank Transfer
3972,2/22/2012,2/22/2012,2/24/2012,PS-19045,OFF-AR-10001615,79.36,Second Class,2,PayPal
3973,3/30/2013,3/30/2013,4/3/2013,JM-15250,OFF-PA-10000466,13.48,Standard Class,3,PayPal
3974,3/30/2013,3/30/2013,4/3/2013,JM-15250,OFF-BI-10003708,29.8,Standard Class,2,Credit Card
3975,3/30/2013,3/30/2013,4/3/2013,JM-15250,FUR-FU-10004848,414,Standard Class,1,Credit Card
3976,3/30/2013,3/30/2013,4/3/2013,JM-15250,OFF-BI-10000320,41.328,Standard Class,5,PayPal
3977,10/23/2013,10/23/2013,10/25/2013,EB-13930,FUR-FU-10003731,39.92,First Class,4,Bank Transfer
3978,10/3/2014,10/3/2014,10/8/2014,FG-14260,OFF-FA-10002780,8.94,Standard Class,5,Credit Card
3979,10/3/2014,10/3/2014,10/8/2014,FG-14260,TEC-PH-10003800,84.784,Standard Class,3,PayPal
3980,12/23/2011,12/23/2011,12/27/2011,TH-21235,FUR-TA-10001676,53.316,Standard Class,2,Bank Transfer
3981,12/23/2011,12/23/2011,12/27/2011,TH-21235,OFF-AP-10002350,56.52,Standard Class,3,Credit Card
3982,12/16/2014,12/16/2014,12/21/2014,PL-18925,FUR-FU-10003096,22.77,Standard Class,4,PayPal
3983,7/8/2013,7/8/2013,7/10/2013,CC-12370,FUR-CH-10003061,287.968,Second Class,2,Credit Card
3984,7/8/2013,7/8/2013,7/10/2013,CC-12370,TEC-CO-10003763,2799.96,Second Class,5,Credit Card
3985,7/8/2013,7/8/2013,7/10/2013,CC-12370,OFF-PA-10002923,48.94,Second Class,1,Credit Card
3986,4/18/2013,4/18/2013,4/22/2013,JM-15535,FUR-BO-10003441,257.499,Standard Class,3,Bank Transfer
3987,4/9/2014,4/9/2014,4/15/2014,KF-16285,OFF-ST-10001780,2591.56,Standard Class,1,Bank Transfer
3988,4/9/2014,4/9/2014,4/15/2014,KF-16285,OFF-AP-10001962,41.95,Standard Class,4,Credit Card
3989,4/18/2013,4/18/2013,4/23/2013,CS-12175,FUR-FU-10003798,79.12,Standard Class,5,Credit Card
3990,11/25/2011,11/25/2011,11/27/2011,AR-10540,FUR-FU-10001095,52.96,Second Class,4,PayPal
3991,11/3/2011,11/3/2011,11/8/2011,MS-17770,OFF-SU-10000157,286.344,Standard Class,5,PayPal
3992,5/1/2012,5/1/2012,5/5/2012,DB-13120,FUR-FU-10001095,63.552,Standard Class,2,Credit Card
3993,5/1/2012,5/1/2012,5/5/2012,DB-13120,OFF-SU-10004261,41.376,Standard Class,2,Credit Card
3994,5/1/2012,5/1/2012,5/5/2012,DB-13120,OFF-AR-10004022,172.704,Standard Class,2,Credit Card
3995,3/8/2012,3/8/2012,3/12/2012,DK-12895,FUR-BO-10002916,512.94,Standard Class,3,PayPal
3996,3/8/2012,3/8/2012,3/12/2012,DK-12895,FUR-CH-10002084,860.93,Standard Class,2,Bank Transfer
3997,3/8/2012,3/8/2012,3/12/2012,DK-12895,TEC-PH-10003012,769.95,Standard Class,5,Credit Card
3998,3/8/2012,3/8/2012,3/12/2012,DK-12895,OFF-AR-10002704,14.98,Standard Class,3,Bank Transfer
3999,3/8/2012,3/8/2012,3/12/2012,DK-12895,FUR-FU-10000308,373.08,Standard Class,2,Credit Card
4000,7/17/2012,7/17/2012,7/20/2012,MP-17965,FUR-BO-10004709,231.92,Second Class,2,Credit Card
4001,10/11/2011,10/11/2011,10/16/2011,Dp-13240,FUR-FU-10001196,63.47,Standard Class,3,Bank Transfer
4002,10/11/2011,10/11/2011,10/16/2011,Dp-13240,TEC-AC-10002942,345,Standard Class,4,Bank Transfer
4003,3/4/2013,3/4/2013,3/9/2013,CC-12220,FUR-TA-10004915,637.896,Standard Class,4,Bank Transfer
4004,3/4/2013,3/4/2013,3/9/2013,CC-12220,TEC-MA-10001016,287.91,Standard Class,5,PayPal
4005,3/4/2013,3/4/2013,3/9/2013,CC-12220,OFF-EN-10000483,36.6,Standard Class,2,Credit Card
4006,12/10/2012,12/10/2012,12/16/2012,KM-16660,OFF-AR-10003087,1.78,Standard Class,5,Bank Transfer
4007,12/10/2012,12/10/2012,12/16/2012,KM-16660,OFF-PA-10000520,25.92,Standard Class,3,Credit Card
4008,12/10/2012,12/10/2012,12/16/2012,KM-16660,TEC-AC-10001553,101.94,Standard Class,3,Bank Transfer
4009,12/18/2012,12/18/2012,12/22/2012,MK-17905,OFF-AR-10000634,6.848,Standard Class,3,PayPal
4010,1/2/2014,1/2/2014,1/6/2014,SC-20725,FUR-FU-10001215,474.43,Standard Class,5,Credit Card
4011,11/22/2014,11/22/2014,11/25/2014,CC-12475,OFF-PA-10001204,8.448,First Class,5,Credit Card
4012,11/22/2014,11/22/2014,11/25/2014,CC-12475,OFF-ST-10002444,39.296,First Class,4,Bank Transfer
4013,12/22/2012,12/22/2012,12/27/2012,BT-11305,OFF-AR-10000203,17.12,Standard Class,2,Credit Card
4014,8/23/2012,8/23/2012,8/28/2012,FH-14350,OFF-AP-10000828,542.94,Standard Class,1,PayPal
4015,8/23/2012,8/23/2012,8/28/2012,FH-14350,OFF-LA-10003190,8.64,Standard Class,1,Bank Transfer
4016,8/23/2012,8/23/2012,8/28/2012,FH-14350,OFF-PA-10002319,193.8,Standard Class,2,Credit Card
4017,8/23/2012,8/23/2012,8/28/2012,FH-14350,OFF-PA-10003893,21.4,Standard Class,5,Bank Transfer
4018,8/23/2012,8/23/2012,8/28/2012,FH-14350,OFF-PA-10002499,97.88,Standard Class,2,Bank Transfer
4019,8/23/2012,8/23/2012,8/28/2012,FH-14350,TEC-AC-10004568,251.91,Standard Class,4,Bank Transfer
4020,8/23/2012,8/23/2012,8/28/2012,FH-14350,OFF-AP-10001492,25.86,Standard Class,3,Credit Card
4021,6/22/2011,6/22/2011,6/27/2011,AA-10645,FUR-CH-10004698,170.058,Standard Class,1,Bank Transfer
4022,6/22/2011,6/22/2011,6/27/2011,AA-10645,TEC-PH-10004093,82.782,Standard Class,5,PayPal
4023,6/22/2011,6/22/2011,6/27/2011,AA-10645,FUR-CH-10000454,853.93,Standard Class,2,Credit Card
4024,10/28/2014,10/28/2014,10/29/2014,JO-15145,FUR-BO-10003034,556.665,First Class,3,Credit Card
4025,10/28/2014,10/28/2014,10/29/2014,JO-15145,TEC-PH-10003215,95.84,First Class,4,PayPal
4026,8/12/2014,8/12/2014,8/14/2014,SF-20965,OFF-PA-10001776,29.664,First Class,4,Credit Card
4027,8/12/2014,8/12/2014,8/14/2014,SF-20965,OFF-AR-10004582,9.184,First Class,2,Bank Transfer
4028,8/12/2014,8/12/2014,8/14/2014,SF-20965,TEC-PH-10001557,153.584,First Class,4,Bank Transfer
4029,8/12/2014,8/12/2014,8/14/2014,SF-20965,OFF-BI-10004209,12.864,First Class,2,PayPal
4030,12/25/2014,12/25/2014,12/29/2014,CS-12355,TEC-MA-10003183,479.97,Standard Class,5,Credit Card
4031,12/25/2014,12/25/2014,12/29/2014,CS-12355,FUR-CH-10002439,232.88,Standard Class,1,Bank Transfer
4032,9/27/2013,9/27/2013,10/1/2013,SN-20710,OFF-AP-10000576,236.88,Standard Class,1,Credit Card
4033,9/27/2013,9/27/2013,10/1/2013,SN-20710,OFF-PA-10004040,29.9,Standard Class,4,Credit Card
4034,9/27/2013,9/27/2013,10/1/2013,SN-20710,TEC-AC-10003063,100,Standard Class,2,Bank Transfer
4035,12/13/2013,12/13/2013,12/13/2013,JM-15655,OFF-BI-10003982,18.693,Same Day,2,Bank Transfer
4036,12/13/2013,12/13/2013,12/13/2013,JM-15655,TEC-AC-10002567,383.952,Same Day,3,Bank Transfer
4037,12/28/2012,12/28/2012,1/1/2013,FH-14350,OFF-ST-10004950,24.816,Standard Class,2,PayPal
4038,12/29/2011,12/29/2011,1/2/2012,AJ-10795,FUR-FU-10000550,24.9,Standard Class,2,Bank Transfer
4039,12/29/2011,12/29/2011,1/2/2012,AJ-10795,OFF-PA-10000528,21.12,Standard Class,2,PayPal
4040,12/29/2011,12/29/2011,1/2/2012,AJ-10795,TEC-MA-10003183,767.952,Standard Class,5,Bank Transfer
4041,12/29/2011,12/29/2011,1/2/2012,AJ-10795,OFF-BI-10003305,14.352,Standard Class,2,Bank Transfer
4042,12/29/2011,12/29/2011,1/2/2012,AJ-10795,TEC-PH-10001425,191.976,Standard Class,4,Bank Transfer
4043,12/29/2011,12/29/2011,1/2/2012,AJ-10795,OFF-LA-10001474,274.77,Standard Class,3,Credit Card
4044,12/29/2011,12/29/2011,1/2/2012,AJ-10795,FUR-FU-10000672,70.56,Standard Class,4,Bank Transfer
4045,6/25/2012,6/25/2012,6/30/2012,JF-15565,FUR-FU-10001979,204.85,Standard Class,4,PayPal
4046,4/2/2012,4/2/2012,4/7/2012,CS-11845,OFF-BI-10003707,9.156,Standard Class,5,Credit Card
4047,10/22/2014,10/22/2014,10/26/2014,SP-20920,OFF-AP-10002191,23.992,Standard Class,1,PayPal
4048,7/16/2012,7/16/2012,7/19/2012,KE-16420,OFF-PA-10000501,80.88,First Class,5,Bank Transfer
4049,7/16/2012,7/16/2012,7/19/2012,KE-16420,TEC-AC-10001990,599.9,First Class,4,PayPal
4050,6/25/2014,6/25/2014,6/27/2014,GA-14515,FUR-FU-10003601,276.69,Second Class,3,Bank Transfer
4051,6/25/2014,6/25/2014,6/27/2014,GA-14515,FUR-CH-10001891,172.764,Second Class,2,PayPal
4052,9/29/2011,9/29/2011,10/3/2011,SM-20950,OFF-AR-10003469,4.224,Standard Class,3,PayPal
4053,9/29/2011,9/29/2011,10/3/2011,SM-20950,FUR-TA-10004175,409.272,Standard Class,5,PayPal
4054,9/29/2011,9/29/2011,10/3/2011,SM-20950,OFF-LA-10002945,55.44,Standard Class,5,PayPal
4055,9/29/2011,9/29/2011,10/3/2011,SM-20950,OFF-PA-10000533,20.928,Standard Class,5,PayPal
4056,9/29/2011,9/29/2011,10/3/2011,SM-20950,OFF-ST-10004459,1801.632,Standard Class,5,PayPal
4057,9/29/2011,9/29/2011,10/3/2011,SM-20950,FUR-TA-10004147,67.176,Standard Class,1,Credit Card
4058,11/24/2011,11/24/2011,11/28/2011,DK-12985,OFF-ST-10000046,646.2,Standard Class,1,PayPal
4059,11/20/2012,11/20/2012,11/24/2012,LC-16885,TEC-PH-10004774,72.744,Standard Class,2,Credit Card
4060,11/20/2012,11/20/2012,11/24/2012,LC-16885,FUR-CH-10000595,572.16,Standard Class,3,PayPal
4061,11/2/2013,11/2/2013,11/8/2013,XP-21865,TEC-AC-10002473,68.112,Standard Class,1,PayPal
4062,9/17/2012,9/17/2012,9/20/2012,CS-11845,OFF-BI-10001628,25.032,First Class,3,PayPal
4063,3/11/2013,3/11/2013,3/15/2013,BD-11770,TEC-AC-10002800,39.992,Standard Class,4,Bank Transfer
4064,6/23/2011,6/23/2011,6/26/2011,DL-13330,OFF-AR-10002766,20.016,First Class,1,Credit Card
4065,6/23/2011,6/23/2011,6/26/2011,DL-13330,OFF-SU-10002522,3.104,First Class,3,Bank Transfer
4066,11/1/2011,11/1/2011,11/5/2011,KH-16630,OFF-FA-10003021,7.52,Standard Class,2,Bank Transfer
4067,11/1/2011,11/1/2011,11/5/2011,KH-16630,OFF-AR-10000634,10.272,Standard Class,1,PayPal
4068,11/1/2011,11/1/2011,11/5/2011,KH-16630,OFF-LA-10001771,47.808,Standard Class,1,Bank Transfer
4069,11/1/2011,11/1/2011,11/5/2011,KH-16630,TEC-PH-10004434,978.84,Standard Class,1,Credit Card
4070,8/29/2013,8/29/2013,9/1/2013,TP-21415,OFF-BI-10000050,13.14,First Class,4,PayPal
4071,8/29/2013,8/29/2013,9/1/2013,TP-21415,OFF-BI-10002414,10.024,First Class,2,Bank Transfer
4072,8/29/2013,8/29/2013,9/1/2013,TP-21415,FUR-BO-10003159,156.3728,First Class,5,Bank Transfer
4073,12/6/2012,12/6/2012,12/8/2012,NP-18685,TEC-CO-10002095,999.98,Second Class,2,PayPal
4074,9/24/2012,9/24/2012,9/27/2012,SC-20680,TEC-PH-10004120,821.94,First Class,1,PayPal
4075,11/16/2014,11/16/2014,11/21/2014,DK-12895,FUR-FU-10003553,220.064,Standard Class,2,Bank Transfer
4076,11/16/2014,11/16/2014,11/21/2014,DK-12895,FUR-FU-10001488,339.136,Standard Class,2,PayPal
4077,12/19/2012,12/19/2012,12/21/2012,SM-20950,OFF-BI-10003094,7.04,Second Class,3,Credit Card
4078,12/19/2012,12/19/2012,12/21/2012,SM-20950,OFF-FA-10003472,5.04,Second Class,4,Bank Transfer
4079,12/19/2012,12/19/2012,12/21/2012,SM-20950,OFF-PA-10001289,116.28,Second Class,1,Bank Transfer
4080,12/21/2012,12/21/2012,12/24/2012,LS-17245,TEC-PH-10002293,47.976,First Class,2,Bank Transfer
4081,9/26/2013,9/26/2013,9/30/2013,KE-16420,OFF-PA-10000380,60.048,Standard Class,2,Credit Card
4082,9/26/2013,9/26/2013,9/30/2013,KE-16420,OFF-BI-10004828,5.022,Standard Class,3,PayPal
4083,6/25/2014,6/25/2014,7/1/2014,MC-17635,OFF-BI-10004632,182.994,Standard Class,1,PayPal
4084,6/25/2014,6/25/2014,7/1/2014,MC-17635,OFF-PA-10000327,10.272,Standard Class,4,Credit Card
4085,9/8/2014,9/8/2014,9/10/2014,Dp-13240,OFF-BI-10003291,7.857,First Class,5,PayPal
4086,8/5/2013,8/5/2013,8/7/2013,LC-16930,TEC-PH-10002275,302.384,Second Class,4,Bank Transfer
4087,8/5/2013,8/5/2013,8/7/2013,LC-16930,OFF-BI-10003291,20.952,Second Class,1,Credit Card
4088,8/5/2013,8/5/2013,8/7/2013,LC-16930,OFF-BI-10000343,11.784,Second Class,3,Bank Transfer
4089,8/19/2011,8/19/2011,8/26/2011,LH-16900,FUR-BO-10000711,638.82,Standard Class,5,Credit Card
4090,4/2/2013,4/2/2013,4/6/2013,TB-21175,OFF-LA-10001297,20.7,Standard Class,4,PayPal
4091,4/2/2013,4/2/2013,4/6/2013,TB-21175,OFF-SU-10001574,10.95,Standard Class,2,Credit Card
4092,4/2/2013,4/2/2013,4/6/2013,TB-21175,OFF-BI-10003305,14.352,Standard Class,4,Credit Card
4093,5/17/2014,5/17/2014,5/19/2014,JM-15865,OFF-ST-10002574,221.024,First Class,3,Credit Card
4094,8/24/2012,8/24/2012,8/28/2012,KW-16435,TEC-MA-10000864,3080,Standard Class,5,Credit Card
4095,8/24/2012,8/24/2012,8/28/2012,KW-16435,TEC-AC-10003289,79.96,Standard Class,1,PayPal
4096,8/24/2012,8/24/2012,8/28/2012,KW-16435,TEC-PH-10001619,587.97,Standard Class,1,PayPal
4097,9/23/2011,9/23/2011,9/28/2011,SC-20095,OFF-PA-10004888,32.4,Standard Class,2,Bank Transfer
4098,9/23/2011,9/23/2011,9/28/2011,SC-20095,OFF-ST-10000736,404.9,Standard Class,2,Bank Transfer
4099,9/23/2011,9/23/2011,9/28/2011,SC-20095,OFF-BI-10001120,9449.95,Standard Class,3,PayPal
4100,9/23/2011,9/23/2011,9/28/2011,SC-20095,OFF-BI-10000301,12.94,Standard Class,3,Bank Transfer
4101,6/20/2014,6/20/2014,6/24/2014,ZC-21910,OFF-AP-10004655,2.264,Standard Class,2,Bank Transfer
4102,6/20/2014,6/20/2014,6/24/2014,ZC-21910,OFF-AP-10002906,0.444,Standard Class,5,Bank Transfer
4103,6/20/2014,6/20/2014,6/24/2014,ZC-21910,OFF-PA-10000740,146.176,Standard Class,2,PayPal
4104,12/22/2014,12/22/2014,12/22/2014,RB-19465,FUR-FU-10001940,15.92,Same Day,3,Credit Card
4105,8/8/2014,8/8/2014,8/14/2014,JK-15370,TEC-PH-10000439,159.96,Standard Class,1,Credit Card
4106,8/8/2014,8/8/2014,8/14/2014,JK-15370,OFF-BI-10000404,13.76,Standard Class,5,PayPal
4107,8/23/2013,8/23/2013,8/27/2013,DD-13570,OFF-BI-10003676,4.312,Standard Class,4,PayPal
4108,9/7/2012,9/7/2012,9/7/2012,MC-17275,OFF-ST-10002486,13.96,Same Day,5,Bank Transfer
4109,9/7/2012,9/7/2012,9/7/2012,MC-17275,FUR-TA-10003837,27.414,Same Day,2,Bank Transfer
4110,12/25/2012,12/25/2012,1/1/2013,DL-13495,TEC-PH-10002923,73.98,Standard Class,2,Bank Transfer
4111,12/25/2012,12/25/2012,1/1/2013,DL-13495,FUR-BO-10004360,160.98,Standard Class,5,Credit Card
4112,12/25/2012,12/25/2012,1/1/2013,DL-13495,OFF-PA-10002160,17.34,Standard Class,1,PayPal
4113,12/25/2012,12/25/2012,1/1/2013,DL-13495,OFF-AR-10002375,3.28,Standard Class,5,Credit Card
4114,5/2/2012,5/2/2012,5/7/2012,NC-18625,OFF-LA-10000443,8.856,Standard Class,3,Credit Card
4115,5/2/2012,5/2/2012,5/7/2012,NC-18625,TEC-PH-10001750,158.376,Standard Class,3,Bank Transfer
4116,11/25/2013,11/25/2013,11/28/2013,AC-10450,OFF-BI-10004632,1219.96,First Class,5,Credit Card
4117,11/24/2012,11/24/2012,11/29/2012,TS-21340,OFF-BI-10002813,3.168,Standard Class,1,Credit Card
4118,11/24/2012,11/24/2012,11/29/2012,TS-21340,OFF-PA-10002005,19.44,Standard Class,4,PayPal
4119,11/24/2012,11/24/2012,11/29/2012,TS-21340,OFF-ST-10000060,454.86,Standard Class,2,Bank Transfer
4120,11/24/2012,11/24/2012,11/29/2012,TS-21340,OFF-BI-10002706,91.392,Standard Class,3,Credit Card
4121,9/5/2014,9/5/2014,9/11/2014,MM-17920,TEC-AC-10000199,19.04,Standard Class,3,PayPal
4122,5/12/2014,5/12/2014,5/13/2014,LP-17080,OFF-PA-10002870,37.44,Same Day,3,Bank Transfer
4123,5/12/2014,5/12/2014,5/13/2014,LP-17080,OFF-LA-10004545,37.59,Same Day,4,PayPal
4124,5/12/2014,5/12/2014,5/13/2014,LP-17080,OFF-BI-10000962,26.032,Same Day,5,Bank Transfer
4125,5/11/2011,5/11/2011,5/18/2011,BG-11695,OFF-AP-10004249,35.91,Standard Class,3,Credit Card
4126,7/28/2014,7/28/2014,8/1/2014,MG-18145,FUR-FU-10001602,91.032,Second Class,5,PayPal
4127,5/7/2014,5/7/2014,5/10/2014,GZ-14470,OFF-AR-10003179,54.66,First Class,5,PayPal
4128,9/19/2011,9/19/2011,9/24/2011,JL-15835,OFF-ST-10003722,67.344,Standard Class,4,Credit Card
4129,9/19/2011,9/19/2011,9/24/2011,JL-15835,TEC-MA-10001127,2624.985,Standard Class,2,Credit Card
4130,3/29/2012,3/29/2012,4/4/2012,DO-13435,OFF-AP-10001947,73.28,Standard Class,3,Credit Card
4131,11/18/2011,11/18/2011,11/25/2011,AB-10600,OFF-BI-10001107,14.48,Standard Class,4,Bank Transfer
4132,7/2/2012,7/2/2012,7/9/2012,KB-16315,OFF-PA-10000349,11.952,Standard Class,5,Credit Card
4133,7/2/2012,7/2/2012,7/9/2012,KB-16315,OFF-PA-10003349,15.552,Standard Class,5,Credit Card
4134,9/8/2011,9/8/2011,9/13/2011,TT-21070,OFF-FA-10002280,45,Standard Class,1,Bank Transfer
4135,9/8/2011,9/8/2011,9/13/2011,TT-21070,TEC-MA-10000029,209.97,Standard Class,3,Bank Transfer
4136,10/3/2014,10/3/2014,10/9/2014,PV-18985,OFF-BI-10002854,112.12,Standard Class,2,PayPal
4137,10/3/2014,10/3/2014,10/9/2014,PV-18985,OFF-ST-10003716,1575.14,Standard Class,4,Credit Card
4138,11/20/2014,11/20/2014,11/24/2014,DD-13570,OFF-FA-10000624,25.06,Standard Class,4,Bank Transfer
4139,12/31/2013,12/31/2013,1/2/2014,KD-16495,OFF-BI-10004654,6.924,First Class,4,Bank Transfer
4140,12/2/2014,12/2/2014,12/5/2014,RA-19285,OFF-ST-10001228,37.392,First Class,5,Bank Transfer
4141,12/2/2014,12/2/2014,12/5/2014,RA-19285,FUR-FU-10003798,79.12,First Class,4,Bank Transfer
4142,6/14/2013,6/14/2013,6/18/2013,SS-20590,OFF-LA-10003148,18.9,Standard Class,3,PayPal
4143,5/19/2011,5/19/2011,5/23/2011,JH-15820,OFF-BI-10001249,57.42,Standard Class,5,PayPal
4144,1/31/2014,1/31/2014,2/7/2014,EH-14125,OFF-AR-10003759,12.74,Standard Class,2,PayPal
4145,1/31/2014,1/31/2014,2/7/2014,EH-14125,OFF-AR-10001227,8.82,Standard Class,2,PayPal
4146,1/31/2014,1/31/2014,2/7/2014,EH-14125,FUR-CH-10000863,120.784,Standard Class,2,PayPal
4147,11/28/2012,11/28/2012,12/4/2012,TP-21415,FUR-FU-10004017,322.59,Standard Class,2,Credit Card
4148,10/24/2014,10/24/2014,10/29/2014,RB-19330,OFF-BI-10000962,9.762,Standard Class,3,Bank Transfer
4149,10/24/2014,10/24/2014,10/29/2014,RB-19330,OFF-ST-10004507,13.72,Standard Class,3,PayPal
4150,10/24/2014,10/24/2014,10/29/2014,RB-19330,TEC-AC-10002942,55.2,Standard Class,5,Bank Transfer
4151,10/24/2014,10/24/2014,10/29/2014,RB-19330,OFF-ST-10002344,259.136,Standard Class,5,Credit Card
4152,9/8/2014,9/8/2014,9/12/2014,CB-12025,OFF-LA-10002475,29.24,Standard Class,5,Bank Transfer
4153,9/8/2014,9/8/2014,9/12/2014,CB-12025,OFF-PA-10003072,15.552,Standard Class,2,PayPal
4154,9/8/2014,9/8/2014,9/12/2014,CB-12025,OFF-EN-10001509,4.896,Standard Class,3,Bank Transfer
4155,12/30/2013,12/30/2013,1/4/2014,MP-17965,OFF-BI-10004781,38.088,Standard Class,4,PayPal
4156,12/30/2013,12/30/2013,1/4/2014,MP-17965,OFF-BI-10000145,2.808,Standard Class,4,Bank Transfer
4157,12/5/2012,12/5/2012,12/9/2012,SW-20245,TEC-AC-10003280,47.984,Second Class,4,Bank Transfer
4158,12/5/2012,12/5/2012,12/9/2012,SW-20245,OFF-BI-10001107,26.064,Second Class,2,Bank Transfer
4159,11/1/2011,11/1/2011,11/8/2011,SM-20950,OFF-PA-10000533,15.696,Standard Class,1,Credit Card
4160,4/17/2013,4/17/2013,4/24/2013,AP-10915,OFF-AR-10003056,12.84,Standard Class,2,Credit Card
4161,5/15/2014,5/15/2014,5/19/2014,AH-10465,TEC-PH-10002834,539.97,Standard Class,5,Bank Transfer
4162,5/15/2014,5/15/2014,5/19/2014,AH-10465,OFF-ST-10002214,22.58,Standard Class,5,Credit Card
4163,3/14/2012,3/14/2012,3/18/2012,EP-13915,OFF-LA-10004484,16.52,Standard Class,4,PayPal
4164,3/14/2012,3/14/2012,3/18/2012,EP-13915,OFF-BI-10003091,671.94,Standard Class,1,PayPal
4165,1/15/2014,1/15/2014,1/17/2014,TP-21565,TEC-AC-10003027,169.064,First Class,5,Credit Card
4166,1/15/2014,1/15/2014,1/17/2014,TP-21565,OFF-ST-10003638,168.624,First Class,3,PayPal
4167,3/8/2012,3/8/2012,3/13/2012,AR-10825,OFF-PA-10003848,19.44,Standard Class,1,PayPal
4168,10/11/2011,10/11/2011,10/13/2011,HA-14920,OFF-ST-10002352,31.92,First Class,2,PayPal
4169,10/11/2011,10/11/2011,10/13/2011,HA-14920,FUR-CH-10000229,433.568,First Class,1,Credit Card
4170,4/13/2012,4/13/2012,4/14/2012,HJ-14875,OFF-PA-10000788,31.104,First Class,5,Bank Transfer
4171,4/13/2012,4/13/2012,4/14/2012,HJ-14875,OFF-PA-10002968,54.816,First Class,1,Bank Transfer
4172,11/17/2014,11/17/2014,11/21/2014,JK-15370,OFF-ST-10002486,48.86,Standard Class,1,Bank Transfer
4173,7/2/2013,7/2/2013,7/2/2013,JF-15355,OFF-BI-10002215,14.2,Same Day,3,PayPal
4174,7/2/2013,7/2/2013,7/2/2013,JF-15355,OFF-PA-10000788,12.96,Same Day,4,PayPal
4175,7/2/2013,7/2/2013,7/2/2013,JF-15355,OFF-BI-10003364,58.34,Same Day,4,Bank Transfer
4176,11/29/2012,11/29/2012,11/30/2012,EK-13795,OFF-AR-10003582,56.3,First Class,1,Bank Transfer
4177,4/7/2011,4/7/2011,4/12/2011,RS-19765,TEC-PH-10003273,629.95,Standard Class,4,Bank Transfer
4178,4/7/2011,4/7/2011,4/12/2011,RS-19765,OFF-PA-10000100,122.97,Standard Class,5,Bank Transfer
4179,6/17/2013,6/17/2013,6/19/2013,BD-11320,OFF-PA-10001776,46.35,Second Class,5,Bank Transfer
4180,3/7/2014,3/7/2014,3/11/2014,BF-11170,OFF-BI-10004182,14.976,Standard Class,4,Bank Transfer
4181,10/8/2014,10/8/2014,10/12/2014,JK-15730,OFF-BI-10000756,4.24,Standard Class,3,PayPal
4182,10/7/2014,10/7/2014,10/13/2014,CR-12820,TEC-AC-10001539,319.96,Standard Class,2,Bank Transfer
4183,10/7/2014,10/7/2014,10/13/2014,CR-12820,OFF-PA-10002377,17.04,Standard Class,3,Credit Card
4184,10/7/2014,10/7/2014,10/13/2014,CR-12820,OFF-ST-10000991,344.91,Standard Class,2,PayPal
4185,12/6/2013,12/6/2013,12/8/2013,AG-10300,FUR-BO-10002853,81.94,First Class,1,Credit Card
4186,10/22/2013,10/22/2013,10/23/2013,CM-12160,TEC-AC-10004510,98.16,First Class,2,PayPal
4187,5/19/2014,5/19/2014,5/24/2014,SG-20890,OFF-BI-10003712,6.874,Standard Class,4,PayPal
4188,5/19/2014,5/19/2014,5/24/2014,SG-20890,OFF-BI-10002571,1.996,Standard Class,5,Credit Card
4189,5/19/2014,5/19/2014,5/24/2014,SG-20890,OFF-ST-10004835,8.928,Standard Class,4,PayPal
4190,9/27/2013,9/27/2013,10/2/2013,CS-12175,OFF-PA-10004022,9.99,Second Class,3,Credit Card
4191,11/18/2014,11/18/2014,11/23/2014,HL-15040,TEC-CO-10004722,10499.97,Standard Class,1,Credit Card
4192,7/8/2012,7/8/2012,7/8/2012,DM-13015,OFF-PA-10004248,21.12,Same Day,4,Bank Transfer
4193,11/16/2012,11/16/2012,11/20/2012,HK-14890,FUR-TA-10000577,696.42,Standard Class,1,Bank Transfer
4194,11/16/2012,11/16/2012,11/20/2012,HK-14890,TEC-PH-10001254,304.776,Standard Class,1,PayPal
4195,6/18/2012,6/18/2012,6/22/2012,BG-11740,OFF-AR-10001044,51.98,Standard Class,3,Credit Card
4196,4/9/2013,4/9/2013,4/15/2013,CK-12595,FUR-FU-10002597,24.7,Standard Class,5,Bank Transfer
4197,4/18/2012,4/18/2012,4/23/2012,RF-19735,OFF-LA-10004093,21.93,Second Class,5,Bank Transfer
4198,12/4/2013,12/4/2013,12/9/2013,CJ-12010,OFF-AP-10000179,394.816,Standard Class,5,Bank Transfer
4199,12/4/2013,12/4/2013,12/9/2013,CJ-12010,OFF-BI-10001072,18.192,Standard Class,5,Bank Transfer
4200,12/10/2012,12/10/2012,12/10/2012,MA-17560,OFF-LA-10004093,7.31,Same Day,4,Bank Transfer
4201,12/10/2012,12/10/2012,12/10/2012,MA-17560,TEC-CO-10002095,799.984,Same Day,5,PayPal
4202,12/10/2012,12/10/2012,12/10/2012,MA-17560,OFF-PA-10002713,41.28,Same Day,2,Credit Card
4203,12/10/2012,12/10/2012,12/10/2012,MA-17560,OFF-PA-10002254,184.66,Same Day,1,PayPal
4204,10/31/2011,10/31/2011,11/2/2011,AM-10705,OFF-AR-10001683,49.25,Second Class,5,Credit Card
4205,10/31/2011,10/31/2011,11/2/2011,AM-10705,OFF-PA-10002195,10.16,Second Class,1,Credit Card
4206,10/31/2011,10/31/2011,11/2/2011,AM-10705,FUR-FU-10002364,14.76,Second Class,4,Bank Transfer
4207,10/31/2011,10/31/2011,11/2/2011,AM-10705,OFF-BI-10004001,34.08,Second Class,3,Bank Transfer
4208,10/31/2011,10/31/2011,11/2/2011,AM-10705,FUR-FU-10000023,17.67,Second Class,5,Bank Transfer
4209,10/31/2011,10/31/2011,11/2/2011,AM-10705,FUR-CH-10002320,1604.9,Second Class,5,Bank Transfer
4210,10/31/2011,10/31/2011,11/2/2011,AM-10705,FUR-TA-10003238,385.686,Second Class,5,Credit Card
4211,12/10/2014,12/10/2014,12/15/2014,AH-10585,OFF-PA-10004965,15.984,Standard Class,5,Credit Card
4212,5/5/2011,5/5/2011,5/9/2011,PF-19120,OFF-PA-10003016,9.42,Second Class,4,Credit Card
4213,5/5/2011,5/5/2011,5/9/2011,PF-19120,OFF-AR-10003651,6.56,Second Class,2,PayPal
4214,5/5/2011,5/5/2011,5/9/2011,PF-19120,OFF-PA-10001363,24.56,Second Class,4,Credit Card
4215,3/5/2013,3/5/2013,3/9/2013,RD-19480,OFF-BI-10003876,128.4,Standard Class,2,Bank Transfer
4216,11/30/2011,11/30/2011,12/4/2011,JL-15505,OFF-EN-10004007,62.28,Standard Class,3,PayPal
4217,2/18/2012,2/18/2012,2/22/2012,AB-10600,OFF-LA-10002271,9.24,Standard Class,1,PayPal
4218,4/2/2014,4/2/2014,4/4/2014,NC-18535,FUR-BO-10003894,482.664,First Class,1,Bank Transfer
4219,4/2/2014,4/2/2014,4/4/2014,NC-18535,TEC-MA-10000418,4799.984,First Class,4,Bank Transfer
4220,6/12/2014,6/12/2014,6/14/2014,TB-21400,OFF-PA-10004243,37.94,Second Class,5,PayPal
4221,6/12/2014,6/12/2014,6/14/2014,TB-21400,OFF-BI-10001759,18.288,Second Class,1,Credit Card
4222,6/12/2014,6/12/2014,6/14/2014,TB-21400,TEC-MA-10001570,385.8,Second Class,3,PayPal
4223,6/12/2014,6/12/2014,6/14/2014,TB-21400,OFF-ST-10004804,102.96,Second Class,2,Bank Transfer
4224,6/12/2014,6/12/2014,6/14/2014,TB-21400,FUR-BO-10001519,174.42,Second Class,5,Credit Card
4225,10/1/2013,10/1/2013,10/4/2013,SJ-20215,OFF-BI-10000343,1.964,First Class,4,Bank Transfer
4226,12/13/2011,12/13/2011,12/17/2011,EB-13840,FUR-FU-10003930,94.428,Standard Class,2,Bank Transfer
4227,11/12/2014,11/12/2014,11/17/2014,WB-21850,OFF-FA-10004854,45.92,Standard Class,1,PayPal
4228,1/5/2012,1/5/2012,1/10/2012,SR-20740,FUR-CH-10003396,61.584,Standard Class,5,Bank Transfer
4229,3/25/2013,3/25/2013,3/27/2013,VG-21805,OFF-PA-10001994,22.48,First Class,4,PayPal
4230,7/6/2014,7/6/2014,7/11/2014,LS-16945,FUR-FU-10003601,332.028,Standard Class,3,Credit Card
4231,7/6/2014,7/6/2014,7/11/2014,LS-16945,OFF-BI-10003429,11.394,Standard Class,4,Bank Transfer
4232,7/6/2014,7/6/2014,7/11/2014,LS-16945,OFF-PA-10000232,15.552,Standard Class,5,Bank Transfer
4233,7/6/2014,7/6/2014,7/11/2014,LS-16945,OFF-PA-10002195,31.104,Standard Class,1,PayPal
4234,7/6/2014,7/6/2014,7/11/2014,LS-16945,OFF-BI-10004492,6.316,Standard Class,3,Bank Transfer
4235,9/21/2011,9/21/2011,9/24/2011,MA-17560,OFF-PA-10004000,11.352,First Class,2,Credit Card
4236,9/21/2011,9/21/2011,9/24/2011,MA-17560,OFF-LA-10004425,20.808,First Class,4,Bank Transfer
4237,7/24/2013,7/24/2013,7/28/2013,NF-18475,OFF-BI-10000948,11.416,Standard Class,4,PayPal
4238,8/30/2014,8/30/2014,9/4/2014,MD-17860,OFF-AR-10001972,9.408,Second Class,2,Credit Card
4239,3/27/2014,3/27/2014,3/29/2014,MZ-17335,OFF-AR-10004587,19.83,First Class,4,Credit Card
4240,12/30/2014,12/30/2014,1/5/2015,KB-16600,OFF-PA-10000994,209.7,Standard Class,4,Bank Transfer
4241,9/20/2011,9/20/2011,9/26/2011,MA-17995,OFF-AP-10001366,43.92,Standard Class,4,Credit Card
4242,9/20/2011,9/20/2011,9/26/2011,MA-17995,OFF-BI-10001636,20.232,Standard Class,2,PayPal
4243,4/5/2013,4/5/2013,4/6/2013,ME-17320,TEC-PH-10001448,149.97,First Class,1,Bank Transfer
4244,4/5/2013,4/5/2013,4/6/2013,ME-17320,OFF-PA-10001776,27.81,First Class,3,Credit Card
4245,3/26/2011,3/26/2011,3/30/2011,JD-15895,TEC-AC-10002323,66.3,Standard Class,1,Credit Card
4246,11/29/2014,11/29/2014,12/5/2014,LS-16975,OFF-AR-10004582,1.64,Standard Class,4,Bank Transfer
4247,11/29/2014,11/29/2014,12/5/2014,LS-16975,FUR-FU-10000576,1049.2,Standard Class,4,PayPal
4248,11/29/2014,11/29/2014,12/5/2014,LS-16975,FUR-FU-10004270,20.9,Standard Class,4,Bank Transfer
4249,12/2/2013,12/2/2013,12/6/2013,SJ-20500,OFF-BI-10004236,88.08,Second Class,2,Bank Transfer
4250,12/2/2013,12/2/2013,12/6/2013,SJ-20500,FUR-CH-10004997,751.92,Second Class,3,Credit Card
4251,9/19/2011,9/19/2011,9/19/2011,BS-11365,FUR-CH-10000988,887.103,Same Day,2,Credit Card
4252,10/23/2012,10/23/2012,10/23/2012,RA-19285,TEC-PH-10004897,55.944,Same Day,5,Credit Card
4253,10/23/2012,10/23/2012,10/23/2012,RA-19285,OFF-AR-10002656,10.688,Same Day,2,Bank Transfer
4254,10/23/2012,10/23/2012,10/23/2012,RA-19285,TEC-PH-10004924,11.824,Same Day,1,Bank Transfer
4255,10/14/2014,10/14/2014,10/17/2014,TS-21610,OFF-PA-10003127,63.312,First Class,1,Credit Card
4256,10/14/2014,10/14/2014,10/17/2014,TS-21610,OFF-BI-10000778,96.784,First Class,5,Credit Card
4257,10/14/2014,10/14/2014,10/17/2014,TS-21610,FUR-FU-10001424,10.476,First Class,5,Bank Transfer
4258,9/4/2012,9/4/2012,9/9/2012,KB-16585,OFF-BI-10000962,9.762,Standard Class,2,PayPal
4259,3/15/2013,3/15/2013,3/17/2013,MM-18280,FUR-CH-10002880,196.784,First Class,4,Credit Card
4260,10/29/2014,10/29/2014,11/3/2014,LO-17170,OFF-EN-10004386,47.98,Second Class,4,Credit Card
4261,10/16/2014,10/16/2014,10/20/2014,RS-19420,OFF-LA-10001045,13.05,Second Class,1,Credit Card
4262,8/8/2014,8/8/2014,8/12/2014,CC-12475,TEC-AC-10002006,63.96,Standard Class,4,Bank Transfer
4263,9/22/2014,9/22/2014,9/26/2014,KT-16480,OFF-AP-10001242,80.48,Standard Class,1,Credit Card
4264,11/4/2014,11/4/2014,11/9/2014,DM-13015,OFF-BI-10000216,11.673,Standard Class,5,Credit Card
4265,11/6/2013,11/6/2013,11/10/2013,EP-13915,FUR-TA-10002774,863.128,Standard Class,1,Bank Transfer
4266,11/6/2013,11/6/2013,11/10/2013,EP-13915,OFF-BI-10004364,3.564,Standard Class,1,Bank Transfer
4267,11/6/2013,11/6/2013,11/10/2013,EP-13915,FUR-BO-10000780,956.6648,Standard Class,3,Credit Card
4268,11/6/2013,11/6/2013,11/10/2013,EP-13915,OFF-BI-10001989,12.588,Standard Class,3,PayPal
4269,11/6/2013,11/6/2013,11/10/2013,EP-13915,TEC-AC-10004001,171.96,Standard Class,5,Bank Transfer
4270,6/26/2014,6/26/2014,6/30/2014,AM-10705,FUR-TA-10000688,871.4,Second Class,4,PayPal
4271,11/26/2012,11/26/2012,11/30/2012,SH-20635,FUR-FU-10003930,692.472,Standard Class,4,PayPal
4272,11/25/2013,11/25/2013,11/28/2013,LA-16780,FUR-FU-10000965,207.76,Second Class,4,Credit Card
4273,7/22/2014,7/22/2014,7/22/2014,SF-20200,TEC-PH-10004071,71.928,Same Day,5,Bank Transfer
4274,7/22/2014,7/22/2014,7/22/2014,SF-20200,OFF-AR-10001044,25.99,Same Day,2,Credit Card
4275,10/23/2012,10/23/2012,10/28/2012,AG-10495,OFF-BI-10004140,3.592,Standard Class,2,Credit Card
4276,7/9/2012,7/9/2012,7/13/2012,KN-16450,OFF-AP-10002684,48.632,Standard Class,5,Credit Card
4277,8/19/2014,8/19/2014,8/23/2014,NF-18595,OFF-ST-10000046,323.1,Standard Class,3,PayPal
4278,4/17/2013,4/17/2013,4/21/2013,BS-11365,TEC-MA-10001047,9099.93,Standard Class,2,Bank Transfer
4279,4/17/2013,4/17/2013,4/21/2013,BS-11365,FUR-FU-10000550,9.96,Standard Class,2,PayPal
4280,4/17/2013,4/17/2013,4/21/2013,BS-11365,OFF-BI-10002432,25.3,Standard Class,5,Credit Card
4281,11/14/2011,11/14/2011,11/18/2011,RM-19675,OFF-PA-10004470,11.36,Standard Class,1,Bank Transfer
4282,11/14/2011,11/14/2011,11/18/2011,RM-19675,FUR-CH-10001797,69.264,Standard Class,3,Bank Transfer
4283,12/20/2011,12/20/2011,12/23/2011,AB-10105,OFF-LA-10003720,3.69,First Class,2,PayPal
4284,12/20/2011,12/20/2011,12/23/2011,AB-10105,OFF-BI-10004600,1103.97,First Class,4,PayPal
4285,11/21/2012,11/21/2012,11/26/2012,CA-11965,FUR-BO-10003965,246.1328,Second Class,2,PayPal
4286,11/21/2012,11/21/2012,11/26/2012,CA-11965,OFF-LA-10000240,11.696,Second Class,2,Bank Transfer
4287,11/21/2012,11/21/2012,11/26/2012,CA-11965,TEC-CO-10001571,439.992,Second Class,5,PayPal
4288,12/29/2014,12/29/2014,1/4/2015,EH-14005,OFF-ST-10000736,64.784,Standard Class,5,Bank Transfer
4289,5/17/2012,5/17/2012,5/21/2012,ON-18715,OFF-BI-10002082,33.28,Standard Class,3,Credit Card
4290,5/17/2012,5/17/2012,5/21/2012,ON-18715,OFF-PA-10002250,14.088,Standard Class,2,Credit Card
4291,12/10/2014,12/10/2014,12/14/2014,AT-10435,OFF-AR-10000122,11.16,Second Class,4,Bank Transfer
4292,12/10/2014,12/10/2014,12/14/2014,AT-10435,FUR-TA-10003748,896.328,Second Class,3,PayPal
4293,12/10/2014,12/10/2014,12/14/2014,AT-10435,OFF-AP-10001394,189,Second Class,1,Credit Card
4294,3/11/2014,3/11/2014,3/17/2014,EB-13870,TEC-PH-10004896,53.982,Standard Class,4,PayPal
4295,10/23/2014,10/23/2014,10/28/2014,DW-13195,FUR-TA-10002607,177.225,Standard Class,1,PayPal
4296,7/4/2014,7/4/2014,7/11/2014,MB-17305,FUR-FU-10001215,129.39,Standard Class,5,PayPal
4297,9/5/2014,9/5/2014,9/11/2014,TH-21235,OFF-ST-10000419,54.32,Standard Class,5,PayPal
4298,8/24/2014,8/24/2014,8/27/2014,PO-18850,TEC-PH-10001459,4367.896,Second Class,2,Credit Card
4299,8/24/2014,8/24/2014,8/27/2014,PO-18850,OFF-PA-10000241,49.568,Second Class,2,Credit Card
4300,8/24/2014,8/24/2014,8/27/2014,PO-18850,OFF-AP-10003040,161.376,Second Class,1,Credit Card
4301,8/24/2014,8/24/2014,8/27/2014,PO-18850,FUR-FU-10001852,2.784,Second Class,1,PayPal
4302,8/24/2014,8/24/2014,8/27/2014,PO-18850,OFF-PA-10000141,8.72,Second Class,5,Credit Card
4303,8/22/2011,8/22/2011,8/25/2011,DE-13255,OFF-AR-10002804,3.912,Second Class,4,Bank Transfer
4304,10/5/2013,10/5/2013,10/5/2013,MO-17500,OFF-EN-10003862,59.752,Same Day,5,PayPal
4305,10/26/2011,10/26/2011,10/30/2011,AH-10585,FUR-FU-10000448,63.92,Second Class,1,PayPal
4306,10/26/2011,10/26/2011,10/30/2011,AH-10585,TEC-PH-10000526,383.96,Second Class,5,Bank Transfer
4307,6/29/2013,6/29/2013,6/29/2013,CS-12250,OFF-BI-10002764,7.752,Same Day,2,Bank Transfer
4308,6/29/2013,6/29/2013,6/29/2013,CS-12250,OFF-BI-10001524,33.568,Same Day,3,PayPal
4309,11/4/2011,11/4/2011,11/11/2011,WB-21850,TEC-PH-10001079,666.344,Standard Class,2,Credit Card
4310,11/4/2011,11/4/2011,11/11/2011,WB-21850,FUR-TA-10002041,573.728,Standard Class,2,Credit Card
4311,11/4/2011,11/4/2011,11/11/2011,WB-21850,OFF-BI-10001036,21.936,Standard Class,4,PayPal
4312,11/4/2011,11/4/2011,11/11/2011,WB-21850,OFF-PA-10000223,19.44,Standard Class,5,PayPal
4313,11/4/2011,11/4/2011,11/11/2011,WB-21850,TEC-MA-10003246,447.968,Standard Class,2,PayPal
4314,9/8/2011,9/8/2011,9/12/2011,SP-20620,OFF-AP-10001962,16.78,Standard Class,5,Credit Card
4315,6/25/2012,6/25/2012,7/1/2012,AB-10165,OFF-AR-10004062,20.96,Standard Class,5,Credit Card
4316,6/25/2012,6/25/2012,7/1/2012,AB-10165,OFF-BI-10004330,88.752,Standard Class,4,Bank Transfer
4317,6/25/2012,6/25/2012,7/1/2012,AB-10165,OFF-ST-10001963,304.23,Standard Class,5,Bank Transfer
4318,7/26/2012,7/26/2012,8/2/2012,HA-14920,OFF-EN-10002230,167.86,Standard Class,5,Credit Card
4319,12/8/2014,12/8/2014,12/12/2014,DC-13285,FUR-FU-10000175,82.38,Standard Class,2,Credit Card
4320,12/29/2011,12/29/2011,1/3/2012,ST-20530,TEC-PH-10004897,23.976,Second Class,2,Bank Transfer
4321,12/29/2011,12/29/2011,1/3/2012,ST-20530,OFF-ST-10003123,33.29,Second Class,5,Bank Transfer
4322,2/14/2012,2/14/2012,2/19/2012,KB-16315,OFF-BI-10001658,14.952,Standard Class,4,Credit Card
4323,2/14/2012,2/14/2012,2/19/2012,KB-16315,TEC-PH-10002834,323.982,Standard Class,4,Credit Card
4324,2/14/2012,2/14/2012,2/19/2012,KB-16315,OFF-BI-10002160,2.286,Standard Class,4,Credit Card
4325,2/14/2012,2/14/2012,2/19/2012,KB-16315,OFF-AR-10004999,14.352,Standard Class,3,PayPal
4326,2/14/2012,2/14/2012,2/19/2012,KB-16315,TEC-AC-10003280,71.976,Standard Class,5,Credit Card
4327,1/25/2013,1/25/2013,1/27/2013,TB-21355,OFF-AR-10000315,9.21,First Class,3,Credit Card
4328,1/25/2013,1/25/2013,1/27/2013,TB-21355,OFF-PA-10000007,18,First Class,3,Bank Transfer
4329,4/2/2014,4/2/2014,4/8/2014,JC-15775,OFF-PA-10000791,42.93,Standard Class,5,Bank Transfer
4330,10/4/2014,10/4/2014,10/10/2014,PO-18850,OFF-PA-10000556,15.552,Standard Class,4,Bank Transfer
4331,10/4/2014,10/4/2014,10/10/2014,PO-18850,OFF-AP-10000804,17.92,Standard Class,3,PayPal
4332,9/2/2014,9/2/2014,9/7/2014,SS-20875,TEC-AC-10001998,19.99,Standard Class,1,PayPal
4333,9/2/2014,9/2/2014,9/7/2014,SS-20875,OFF-BI-10003476,22.92,Standard Class,4,Credit Card
4334,12/21/2012,12/21/2012,12/27/2012,RD-19720,TEC-AC-10003237,50.88,Standard Class,2,PayPal
4335,12/21/2012,12/21/2012,12/27/2012,RD-19720,OFF-EN-10003798,27.312,Standard Class,1,Bank Transfer
4336,12/20/2012,12/20/2012,12/24/2012,GZ-14470,OFF-EN-10003068,7.92,Standard Class,1,Bank Transfer
4337,12/20/2012,12/20/2012,12/24/2012,GZ-14470,FUR-FU-10002088,14.368,Standard Class,2,PayPal
4338,11/27/2012,11/27/2012,12/1/2012,SN-20710,TEC-AC-10000158,107.97,Standard Class,1,Credit Card
4339,11/27/2012,11/27/2012,12/1/2012,SN-20710,OFF-PA-10000482,113.82,Standard Class,5,PayPal
4340,8/28/2014,8/28/2014,9/2/2014,DK-12895,OFF-PA-10004888,5.184,Standard Class,2,Credit Card
4341,3/22/2011,3/22/2011,3/22/2011,VM-21835,OFF-AR-10003478,16.28,Same Day,4,Credit Card
4342,12/18/2014,12/18/2014,12/22/2014,GB-14575,OFF-ST-10003208,544.38,Standard Class,2,Bank Transfer
4343,3/20/2014,3/20/2014,3/23/2014,ND-18370,OFF-BI-10004970,19.824,First Class,1,Bank Transfer
4344,3/20/2014,3/20/2014,3/23/2014,ND-18370,TEC-PH-10000038,657.504,First Class,3,PayPal
4345,3/20/2014,3/20/2014,3/23/2014,ND-18370,TEC-AC-10001552,99.54,First Class,1,Credit Card
4346,3/20/2014,3/20/2014,3/23/2014,ND-18370,TEC-AC-10002926,199.96,First Class,3,Bank Transfer
4347,9/19/2013,9/19/2013,9/26/2013,MM-17260,FUR-CH-10001394,631.782,Standard Class,4,PayPal
4348,9/19/2013,9/19/2013,9/26/2013,MM-17260,FUR-FU-10004053,60.72,Standard Class,3,PayPal
4349,11/25/2014,11/25/2014,11/30/2014,MV-17485,OFF-BI-10004230,20.724,Second Class,1,PayPal
4350,11/25/2014,11/25/2014,11/30/2014,MV-17485,OFF-ST-10000060,415.872,Second Class,2,Credit Card
4351,4/12/2014,4/12/2014,4/16/2014,JL-15130,OFF-ST-10001325,16.768,Standard Class,4,Credit Card
4352,4/12/2014,4/12/2014,4/16/2014,JL-15130,TEC-AC-10003441,27.12,Standard Class,4,PayPal
4353,12/11/2014,12/11/2014,12/13/2014,AG-10330,TEC-PH-10003215,95.84,Second Class,2,Bank Transfer
4354,12/11/2014,12/11/2014,12/13/2014,AG-10330,OFF-PA-10002005,12.96,Second Class,2,Credit Card
4355,11/25/2014,11/25/2014,11/27/2014,MD-17860,OFF-BI-10004465,19.008,Second Class,1,PayPal
4356,12/4/2012,12/4/2012,12/7/2012,RO-19780,OFF-BI-10000545,1598.058,Second Class,3,Credit Card
4357,12/4/2012,12/4/2012,12/7/2012,RO-19780,OFF-AR-10003752,36.96,Second Class,5,Bank Transfer
4358,12/12/2014,12/12/2014,12/12/2014,RR-19315,OFF-PA-10001937,10.368,Same Day,1,Credit Card
4359,12/12/2014,12/12/2014,12/12/2014,RR-19315,FUR-FU-10004306,77.72,Same Day,1,Bank Transfer
4360,12/12/2014,12/12/2014,12/12/2014,RR-19315,FUR-CH-10003973,520.464,Same Day,5,Bank Transfer
4361,5/22/2013,5/22/2013,5/24/2013,CP-12340,OFF-PA-10000565,111.96,First Class,5,Credit Card
4362,2/18/2014,2/18/2014,2/22/2014,LL-16840,TEC-PH-10003875,29.16,Second Class,1,Credit Card
4363,5/21/2014,5/21/2014,5/23/2014,NC-18340,OFF-AR-10001953,131.94,Second Class,5,Bank Transfer
4364,5/21/2014,5/21/2014,5/23/2014,NC-18340,OFF-AR-10001374,25.92,Second Class,5,PayPal
4365,5/21/2014,5/21/2014,5/23/2014,NC-18340,OFF-ST-10003816,704.76,Second Class,1,Bank Transfer
4366,5/21/2014,5/21/2014,5/23/2014,NC-18340,OFF-FA-10001843,7.41,Second Class,2,Credit Card
4367,5/21/2014,5/21/2014,5/23/2014,NC-18340,OFF-AR-10000657,21.5,Second Class,2,Bank Transfer
4368,9/12/2014,9/12/2014,9/14/2014,HA-14920,OFF-FA-10000936,10.528,Second Class,2,Bank Transfer
4369,9/12/2014,9/12/2014,9/14/2014,HA-14920,OFF-PA-10003657,20.544,Second Class,4,Bank Transfer
4370,11/6/2013,11/6/2013,11/11/2013,MA-17995,OFF-BI-10001989,104.9,Standard Class,1,Credit Card
4371,11/6/2013,11/6/2013,11/11/2013,MA-17995,OFF-AR-10002987,39.68,Standard Class,3,PayPal
4372,11/6/2013,11/6/2013,11/11/2013,MA-17995,OFF-LA-10000414,51.75,Standard Class,3,Credit Card
4373,7/24/2014,7/24/2014,7/26/2014,LH-16900,OFF-AR-10003602,11.68,Second Class,5,PayPal
4374,7/24/2014,7/24/2014,7/26/2014,LH-16900,TEC-AC-10002550,159.75,Second Class,3,PayPal
4375,11/19/2013,11/19/2013,11/25/2013,SB-20290,OFF-AP-10002998,103.968,Standard Class,2,Credit Card
4376,4/25/2011,4/25/2011,4/30/2011,BT-11305,FUR-FU-10003708,303.25,Standard Class,3,Bank Transfer
4377,4/25/2011,4/25/2011,4/30/2011,BT-11305,OFF-AP-10001391,270.72,Standard Class,4,Credit Card
4378,4/25/2011,4/25/2011,4/30/2011,BT-11305,FUR-CH-10003973,1487.04,Standard Class,5,PayPal
4379,11/30/2012,11/30/2012,12/2/2012,PS-18970,OFF-EN-10000461,17.48,Second Class,5,Credit Card
4380,11/30/2012,11/30/2012,12/2/2012,PS-18970,OFF-EN-10002831,71.88,Second Class,4,PayPal
4381,10/25/2012,10/25/2012,10/30/2012,TB-21625,OFF-AR-10004648,60.45,Standard Class,4,PayPal
4382,10/25/2012,10/25/2012,10/30/2012,TB-21625,FUR-TA-10001857,253.176,Standard Class,2,Credit Card
4383,7/20/2012,7/20/2012,7/27/2012,RA-19915,OFF-BI-10000546,2.88,Standard Class,1,PayPal
4384,7/20/2012,7/20/2012,7/27/2012,RA-19915,FUR-BO-10004690,384.944,Standard Class,1,PayPal
4385,7/20/2012,7/20/2012,7/27/2012,RA-19915,TEC-PH-10001557,153.584,Standard Class,4,Credit Card
4386,7/20/2012,7/20/2012,7/27/2012,RA-19915,FUR-BO-10002545,913.43,Standard Class,2,Credit Card
4387,10/28/2013,10/28/2013,11/3/2013,BP-11095,OFF-AP-10001366,43.92,Standard Class,3,Bank Transfer
4388,10/28/2013,10/28/2013,11/3/2013,BP-11095,OFF-BI-10001628,25.032,Standard Class,3,PayPal
4389,11/21/2014,11/21/2014,11/23/2014,CD-11920,OFF-PA-10003651,46.76,First Class,1,PayPal
4390,11/21/2014,11/21/2014,11/23/2014,CD-11920,FUR-BO-10003159,183.968,First Class,4,Credit Card
4391,11/21/2014,11/21/2014,11/23/2014,CD-11920,TEC-PH-10001459,1259.97,First Class,1,Bank Transfer
4392,11/21/2014,11/21/2014,11/23/2014,CD-11920,OFF-AR-10004602,68.97,First Class,2,Bank Transfer
4393,9/9/2013,9/9/2013,9/13/2013,KB-16585,OFF-AR-10001953,70.368,Standard Class,1,Bank Transfer
4394,9/9/2013,9/9/2013,9/13/2013,KB-16585,TEC-PH-10000923,59.96,Standard Class,4,Bank Transfer
4395,7/20/2011,7/20/2011,7/20/2011,SW-20245,OFF-ST-10002583,25.984,Same Day,1,Bank Transfer
4396,7/20/2011,7/20/2011,7/20/2011,SW-20245,OFF-BI-10000977,27.36,Same Day,2,Credit Card
4397,11/16/2013,11/16/2013,11/20/2013,AH-10690,TEC-PH-10002549,361.376,Standard Class,3,PayPal
4398,7/7/2011,7/7/2011,7/11/2011,JL-15835,FUR-CH-10002880,172.186,Standard Class,4,Bank Transfer
4399,7/7/2011,7/7/2011,7/11/2011,JL-15835,FUR-FU-10003039,69.008,Standard Class,4,Bank Transfer
4400,3/18/2013,3/18/2013,3/18/2013,GZ-14470,OFF-EN-10003055,199.9,Same Day,2,PayPal
4401,3/18/2013,3/18/2013,3/18/2013,GZ-14470,OFF-AP-10002945,901.95,Same Day,1,PayPal
4402,3/18/2013,3/18/2013,3/18/2013,GZ-14470,FUR-FU-10004306,971.5,Same Day,3,Bank Transfer
4403,12/27/2013,12/27/2013,12/28/2013,RC-19825,OFF-AR-10002445,11.328,First Class,4,PayPal
4404,9/2/2011,9/2/2011,9/4/2011,CL-12565,OFF-AR-10002445,21.24,First Class,5,Credit Card
4405,7/5/2012,7/5/2012,7/10/2012,MW-18220,TEC-AC-10002345,34.8,Standard Class,1,PayPal
4406,7/5/2012,7/5/2012,7/10/2012,MW-18220,OFF-ST-10001558,38.976,Standard Class,2,Credit Card
4407,11/21/2013,11/21/2013,11/26/2013,BF-10975,OFF-PA-10001622,9.08,Standard Class,3,Credit Card
4408,11/21/2013,11/21/2013,11/26/2013,BF-10975,OFF-PA-10000418,314.55,Standard Class,4,PayPal
4409,11/21/2013,11/21/2013,11/26/2013,BF-10975,OFF-BI-10000343,4.91,Standard Class,5,PayPal
4410,5/6/2011,5/6/2011,5/11/2011,SN-20710,OFF-LA-10004425,5.78,Standard Class,5,Bank Transfer
4411,5/6/2011,5/6/2011,5/11/2011,SN-20710,OFF-AR-10001897,107.94,Standard Class,2,Credit Card
4412,6/21/2011,6/21/2011,6/24/2011,TB-21280,OFF-PA-10003883,19.65,First Class,2,Bank Transfer
4413,6/21/2011,6/21/2011,6/24/2011,TB-21280,TEC-PH-10003963,617.97,First Class,4,PayPal
4414,6/21/2011,6/21/2011,6/24/2011,TB-21280,OFF-AP-10001303,59.7,First Class,2,PayPal
4415,8/20/2014,8/20/2014,8/24/2014,JB-15400,OFF-BI-10003925,387.99,Standard Class,5,Credit Card
4416,11/29/2011,11/29/2011,12/6/2011,AH-10210,TEC-PH-10004586,575.92,Standard Class,3,PayPal
4417,11/29/2011,11/29/2011,12/6/2011,AH-10210,OFF-FA-10003495,30.4,Standard Class,4,Bank Transfer
4418,4/10/2014,4/10/2014,4/13/2014,KL-16645,OFF-BI-10002867,478.24,Second Class,1,Bank Transfer
4419,12/20/2011,12/20/2011,12/27/2011,MH-17455,FUR-FU-10003773,190.848,Standard Class,1,Bank Transfer
4420,12/17/2011,12/17/2011,12/24/2011,EC-14050,OFF-BI-10002954,5.484,Standard Class,5,Bank Transfer
4421,11/17/2012,11/17/2012,11/21/2012,GH-14665,OFF-SU-10002537,40.92,Second Class,2,Bank Transfer
4422,3/4/2011,3/4/2011,3/9/2011,SC-20095,OFF-AR-10001374,15.552,Standard Class,5,Credit Card
4423,5/19/2014,5/19/2014,5/20/2014,TB-21355,OFF-AP-10001492,17.24,First Class,1,Bank Transfer
4424,5/19/2014,5/19/2014,5/20/2014,TB-21355,FUR-BO-10003546,302.94,First Class,3,PayPal
4425,5/19/2014,5/19/2014,5/20/2014,TB-21355,TEC-PH-10002185,34.75,First Class,1,PayPal
4426,5/19/2014,5/19/2014,5/20/2014,TB-21355,OFF-BI-10000315,113.94,First Class,3,PayPal
4427,5/19/2014,5/19/2014,5/20/2014,TB-21355,TEC-PH-10002350,55.98,First Class,4,PayPal
4428,9/23/2014,9/23/2014,9/29/2014,DW-13195,OFF-PA-10002666,27.18,Standard Class,2,Bank Transfer
4429,3/22/2014,3/22/2014,3/28/2014,CL-12565,FUR-CH-10004495,1805.88,Standard Class,5,Credit Card
4430,9/15/2014,9/15/2014,9/15/2014,LT-17110,OFF-AR-10001725,70.95,Same Day,4,PayPal
4431,11/4/2013,11/4/2013,11/9/2013,AP-10915,OFF-FA-10002280,20,Second Class,3,Bank Transfer
4432,11/4/2013,11/4/2013,11/9/2013,AP-10915,OFF-AR-10001770,7.98,Second Class,2,Bank Transfer
4433,11/4/2013,11/4/2013,11/9/2013,AP-10915,FUR-FU-10002885,24.1,Second Class,2,PayPal
4434,11/4/2013,11/4/2013,11/9/2013,AP-10915,OFF-AR-10003772,8.75,Second Class,3,Credit Card
4435,11/4/2013,11/4/2013,11/9/2013,AP-10915,FUR-TA-10003392,842.94,Second Class,1,Credit Card
4436,5/4/2013,5/4/2013,5/9/2013,CB-12415,OFF-BI-10000014,2.182,Standard Class,3,PayPal
4437,5/4/2013,5/4/2013,5/9/2013,CB-12415,OFF-AR-10003217,27.384,Standard Class,1,PayPal
4438,5/4/2013,5/4/2013,5/9/2013,CB-12415,OFF-AP-10002403,26.406,Standard Class,3,PayPal
4439,12/28/2013,12/28/2013,1/3/2014,MT-17815,OFF-PA-10001972,10.368,Standard Class,5,Bank Transfer
4440,12/28/2013,12/28/2013,1/3/2014,MT-17815,OFF-PA-10004041,23.68,Standard Class,1,Credit Card
4441,7/23/2013,7/23/2013,7/27/2013,DK-13375,TEC-AC-10004975,109.95,Standard Class,5,Credit Card
4442,7/23/2013,7/23/2013,7/27/2013,DK-13375,OFF-ST-10001932,965.85,Standard Class,1,PayPal
4443,7/23/2013,7/23/2013,7/27/2013,DK-13375,OFF-AR-10001761,29.2,Standard Class,4,Bank Transfer
4444,7/23/2013,7/23/2013,7/27/2013,DK-13375,OFF-PA-10002262,32.4,Standard Class,3,Bank Transfer
4445,11/16/2011,11/16/2011,11/21/2011,SR-20740,OFF-EN-10004483,78.35,Standard Class,2,Bank Transfer
4446,11/16/2011,11/16/2011,11/21/2011,SR-20740,OFF-PA-10003270,31.68,Standard Class,4,Bank Transfer
4447,11/16/2011,11/16/2011,11/21/2011,SR-20740,OFF-BI-10001634,29.12,Standard Class,4,Credit Card
4448,11/16/2011,11/16/2011,11/21/2011,SR-20740,OFF-ST-10000675,169.45,Standard Class,3,Bank Transfer
4449,6/19/2012,6/19/2012,6/23/2012,LH-17155,FUR-FU-10000732,12.56,Standard Class,3,Bank Transfer
4450,6/19/2012,6/19/2012,6/23/2012,LH-17155,OFF-PA-10004355,6.48,Standard Class,2,Bank Transfer
4451,6/19/2012,6/19/2012,6/23/2012,LH-17155,OFF-EN-10000056,186.69,Standard Class,4,Bank Transfer
4452,7/5/2013,7/5/2013,7/7/2013,AA-10645,FUR-FU-10000221,25.4,First Class,4,Bank Transfer
4453,7/5/2013,7/5/2013,7/7/2013,AA-10645,OFF-EN-10003567,43.96,First Class,3,PayPal
4454,7/5/2013,7/5/2013,7/7/2013,AA-10645,FUR-BO-10001811,1279.165,First Class,2,Bank Transfer
4455,7/5/2013,7/5/2013,7/7/2013,AA-10645,OFF-ST-10002486,27.92,First Class,2,Bank Transfer
4456,9/3/2012,9/3/2012,9/8/2012,AS-10630,FUR-CH-10002372,129.568,Standard Class,3,Credit Card
4457,9/3/2012,9/3/2012,9/8/2012,AS-10630,OFF-BI-10003274,6.368,Standard Class,5,PayPal
4458,8/8/2014,8/8/2014,8/13/2014,MC-17575,OFF-PA-10001878,244.55,Standard Class,3,PayPal
4459,3/14/2014,3/14/2014,3/21/2014,SE-20110,OFF-SU-10002881,1332.496,Standard Class,4,Credit Card
4460,9/29/2014,9/29/2014,10/2/2014,DS-13030,FUR-FU-10001979,32.776,First Class,5,Credit Card
4461,9/29/2014,9/29/2014,10/2/2014,DS-13030,OFF-ST-10001522,147.184,First Class,3,Bank Transfer
4462,9/29/2014,9/29/2014,10/2/2014,DS-13030,TEC-AC-10003657,54.384,First Class,1,Bank Transfer
4463,9/29/2014,9/29/2014,10/2/2014,DS-13030,OFF-BI-10001718,76.776,First Class,4,Credit Card
4464,9/29/2014,9/29/2014,10/2/2014,DS-13030,OFF-PA-10003022,14.352,First Class,3,Credit Card
4465,9/29/2014,9/29/2014,10/2/2014,DS-13030,OFF-AP-10000891,209.792,First Class,5,PayPal
4466,8/7/2012,8/7/2012,8/11/2012,NS-18640,OFF-BI-10004970,3.304,Standard Class,5,PayPal
4467,11/25/2014,11/25/2014,12/2/2014,KA-16525,OFF-AR-10003759,16.38,Standard Class,5,Bank Transfer
4468,11/25/2014,11/25/2014,12/2/2014,KA-16525,OFF-EN-10003001,167.96,Standard Class,4,Bank Transfer
4469,11/25/2014,11/25/2014,12/2/2014,KA-16525,FUR-BO-10000780,321.568,Standard Class,2,Bank Transfer
4470,11/25/2014,11/25/2014,12/2/2014,KA-16525,OFF-PA-10001972,12.96,Standard Class,5,PayPal
4471,5/9/2014,5/9/2014,5/13/2014,DJ-13510,FUR-CH-10003535,128.058,Standard Class,1,Credit Card
4472,9/30/2014,9/30/2014,9/30/2014,MG-17680,FUR-CH-10003774,63.686,Same Day,5,Credit Card
4473,9/30/2014,9/30/2014,9/30/2014,MG-17680,TEC-AC-10004571,239.976,Same Day,3,PayPal
4474,9/30/2014,9/30/2014,9/30/2014,MG-17680,FUR-TA-10004442,344.22,Same Day,4,PayPal
4475,9/30/2014,9/30/2014,9/30/2014,MG-17680,OFF-PA-10002787,15.552,Same Day,4,PayPal
4476,9/30/2014,9/30/2014,9/30/2014,MG-17680,FUR-FU-10004586,21.248,Same Day,2,PayPal
4477,9/30/2014,9/30/2014,9/30/2014,MG-17680,OFF-PA-10002606,8.448,Same Day,5,PayPal
4478,10/23/2014,10/23/2014,10/23/2014,BD-11620,OFF-ST-10000129,333.09,Same Day,4,PayPal
4479,10/23/2014,10/23/2014,10/23/2014,BD-11620,FUR-TA-10003748,248.98,Same Day,1,Bank Transfer
4480,3/24/2011,3/24/2011,3/28/2011,CD-11920,OFF-PA-10004948,24.9,Standard Class,4,PayPal
4481,11/4/2013,11/4/2013,11/9/2013,XP-21865,OFF-FA-10001561,15.26,Standard Class,5,PayPal
4482,11/4/2013,11/4/2013,11/9/2013,XP-21865,OFF-AP-10002998,43.32,Standard Class,2,Credit Card
4483,11/4/2013,11/4/2013,11/9/2013,XP-21865,OFF-BI-10003981,43.584,Standard Class,1,Bank Transfer
4484,11/4/2013,11/4/2013,11/9/2013,XP-21865,OFF-PA-10001725,116.28,Standard Class,1,Bank Transfer
4485,11/4/2013,11/4/2013,11/9/2013,XP-21865,OFF-BI-10002071,9.296,Standard Class,4,PayPal
4486,11/4/2013,11/4/2013,11/9/2013,XP-21865,OFF-PA-10000477,19.44,Standard Class,2,Bank Transfer
4487,11/4/2013,11/4/2013,11/9/2013,XP-21865,OFF-PA-10004359,314.55,Standard Class,5,Bank Transfer
4488,9/5/2012,9/5/2012,9/11/2012,CA-12055,OFF-BI-10000962,16.27,Standard Class,3,PayPal
4489,9/5/2012,9/5/2012,9/11/2012,CA-12055,OFF-SU-10003567,69.12,Standard Class,2,PayPal
4490,9/5/2012,9/5/2012,9/11/2012,CA-12055,OFF-BI-10003708,4.47,Standard Class,5,PayPal
4491,8/15/2014,8/15/2014,8/22/2014,JM-15250,FUR-TA-10001095,418.296,Standard Class,1,Bank Transfer
4492,12/1/2011,12/1/2011,12/3/2011,JK-15730,TEC-CO-10001571,659.988,Second Class,2,Credit Card
4493,12/1/2011,12/1/2011,12/3/2011,JK-15730,FUR-FU-10000221,8.128,Second Class,3,Bank Transfer
4494,12/1/2011,12/1/2011,12/3/2011,JK-15730,OFF-PA-10001972,36.288,Second Class,3,Credit Card
4495,12/1/2011,12/1/2011,12/3/2011,JK-15730,FUR-CH-10000015,909.72,Second Class,3,Bank Transfer
4496,6/19/2014,6/19/2014,6/24/2014,CC-12670,FUR-BO-10004015,917.9235,Standard Class,4,PayPal
4497,6/19/2014,6/19/2014,6/24/2014,CC-12670,OFF-PA-10002036,38.88,Standard Class,4,PayPal
4498,12/3/2014,12/3/2014,12/10/2014,GW-14605,OFF-BI-10003650,631.176,Standard Class,2,Bank Transfer
4499,11/21/2011,11/21/2011,11/26/2011,GR-14560,OFF-PA-10003309,12.96,Standard Class,1,Bank Transfer
4500,4/11/2013,4/11/2013,4/17/2013,FM-14215,OFF-PA-10002787,12.96,Standard Class,1,PayPal
4501,4/11/2013,4/11/2013,4/17/2013,FM-14215,OFF-BI-10000174,23.2,Standard Class,2,PayPal
4502,6/30/2011,6/30/2011,7/4/2011,MS-17980,OFF-PA-10002005,25.92,Standard Class,4,Bank Transfer
4503,6/30/2011,6/30/2011,7/4/2011,MS-17980,OFF-FA-10002815,21.312,Standard Class,1,Credit Card
4504,12/24/2011,12/24/2011,12/29/2011,BF-11170,TEC-PH-10000213,173.656,Standard Class,2,PayPal
4505,12/24/2011,12/24/2011,12/29/2011,BF-11170,OFF-AP-10000828,361.96,Standard Class,3,PayPal
4506,12/24/2011,12/24/2011,12/29/2011,BF-11170,TEC-AC-10004708,62.85,Standard Class,5,PayPal
4507,12/24/2011,12/24/2011,12/29/2011,BF-11170,TEC-PH-10001530,818.376,Standard Class,3,Bank Transfer
4508,12/24/2011,12/24/2011,12/29/2011,BF-11170,OFF-ST-10002301,20.34,Standard Class,4,PayPal
4509,12/24/2011,12/24/2011,12/29/2011,BF-11170,FUR-FU-10002554,23.99,Standard Class,4,Credit Card
4510,5/24/2014,5/24/2014,5/30/2014,VS-21820,FUR-TA-10001520,171.288,Standard Class,4,Bank Transfer
4511,11/11/2013,11/11/2013,11/15/2013,KM-16225,FUR-FU-10001085,37.3,Standard Class,2,Bank Transfer
4512,11/11/2013,11/11/2013,11/15/2013,KM-16225,OFF-BI-10001597,81.96,Standard Class,1,Bank Transfer
4513,10/3/2013,10/3/2013,10/4/2013,LP-17095,OFF-BI-10002429,54.792,First Class,2,Credit Card
4514,9/7/2013,9/7/2013,9/9/2013,BG-11740,OFF-ST-10001590,10.784,First Class,1,Bank Transfer
4515,10/28/2013,10/28/2013,11/2/2013,BW-11200,FUR-CH-10000847,290.98,Second Class,4,Credit Card
4516,10/23/2014,10/23/2014,10/27/2014,PS-18970,OFF-AR-10003179,36.44,Standard Class,2,PayPal
4517,9/16/2013,9/16/2013,9/21/2013,RB-19570,OFF-PA-10000807,21.4,Standard Class,3,Bank Transfer
4518,9/16/2013,9/16/2013,9/21/2013,RB-19570,OFF-BI-10002103,48.664,Standard Class,5,PayPal
4519,9/26/2013,9/26/2013,10/2/2013,JW-16075,OFF-AR-10004441,16.56,Standard Class,5,Bank Transfer
4520,6/11/2014,6/11/2014,6/15/2014,ND-18460,OFF-ST-10003805,1347.52,Standard Class,1,PayPal
4521,2/21/2011,2/21/2011,2/27/2011,LC-16930,TEC-AC-10001284,62.31,Standard Class,1,Credit Card
4522,2/21/2011,2/21/2011,2/27/2011,LC-16930,FUR-FU-10000221,20.32,Standard Class,3,Bank Transfer
4523,2/21/2014,2/21/2014,2/26/2014,BP-11095,OFF-FA-10001229,9.432,Second Class,5,Bank Transfer
4524,11/2/2011,11/2/2011,11/6/2011,RD-19720,OFF-LA-10001569,34.86,Standard Class,2,PayPal
4525,11/2/2011,11/2/2011,11/6/2011,RD-19720,FUR-FU-10004018,89.34,Standard Class,5,Credit Card
4526,7/18/2014,7/18/2014,7/24/2014,BE-11335,TEC-PH-10004536,269.98,Standard Class,1,PayPal
4527,7/18/2014,7/18/2014,7/24/2014,BE-11335,OFF-PA-10004353,99.9,Standard Class,4,Bank Transfer
4528,7/18/2014,7/18/2014,7/24/2014,BE-11335,FUR-FU-10004848,39.08,Standard Class,5,Credit Card
4529,9/9/2014,9/9/2014,9/11/2014,RS-19765,TEC-AC-10004864,116.832,Second Class,3,PayPal
4530,11/15/2013,11/15/2013,11/19/2013,KC-16540,OFF-BI-10002393,2.296,Standard Class,4,Credit Card
4531,11/15/2013,11/15/2013,11/18/2013,MB-17305,FUR-CH-10002335,408.006,First Class,4,Credit Card
4532,11/15/2013,11/15/2013,11/18/2013,MB-17305,OFF-ST-10001590,40.44,First Class,1,Credit Card
4533,10/10/2011,10/10/2011,10/10/2011,TN-21040,FUR-CH-10002774,122.352,Same Day,4,Credit Card
4534,10/10/2011,10/10/2011,10/10/2011,TN-21040,OFF-EN-10001219,15.28,Same Day,3,Bank Transfer
4535,3/19/2012,3/19/2012,3/26/2012,MC-18130,OFF-PA-10001947,11.96,Standard Class,5,Credit Card
4536,7/9/2014,7/9/2014,7/13/2014,VF-21715,FUR-FU-10003142,15.84,Standard Class,2,Credit Card
4537,7/9/2014,7/9/2014,7/13/2014,VF-21715,OFF-BI-10001543,86.376,Standard Class,5,Credit Card
4538,7/9/2014,7/9/2014,7/13/2014,VF-21715,OFF-AR-10003560,18.24,Standard Class,2,PayPal
4539,7/9/2014,7/9/2014,7/13/2014,VF-21715,OFF-AR-10004757,13.12,Standard Class,2,Credit Card
4540,2/27/2012,2/27/2012,3/2/2012,ES-14080,TEC-PH-10003800,105.98,Standard Class,5,Bank Transfer
4541,2/27/2012,2/27/2012,3/2/2012,ES-14080,FUR-TA-10004152,493.92,Standard Class,3,PayPal
4542,6/17/2014,6/17/2014,6/22/2014,MK-17905,OFF-BI-10000756,5.936,Standard Class,1,PayPal
4543,3/31/2014,3/31/2014,4/1/2014,TM-21490,OFF-EN-10004206,325.86,First Class,5,PayPal
4544,7/12/2012,7/12/2012,7/17/2012,RL-19615,FUR-CH-10004477,383.607,Second Class,4,Bank Transfer
4545,7/12/2012,7/12/2012,7/17/2012,RL-19615,TEC-PH-10003505,148.48,Second Class,5,PayPal
4546,7/12/2012,7/12/2012,7/17/2012,RL-19615,TEC-PH-10000526,537.544,Second Class,4,Bank Transfer
4547,7/12/2012,7/12/2012,7/17/2012,RL-19615,OFF-BI-10003314,1.928,Second Class,4,Bank Transfer
4548,7/12/2012,7/12/2012,7/17/2012,RL-19615,OFF-AR-10003190,6.912,Second Class,2,Bank Transfer
4549,7/12/2012,7/12/2012,7/17/2012,RL-19615,FUR-FU-10001861,7.76,Second Class,3,Bank Transfer
4550,7/12/2012,7/12/2012,7/17/2012,RL-19615,TEC-PH-10003963,659.168,Second Class,5,Credit Card
4551,5/1/2014,5/1/2014,5/3/2014,NM-18520,OFF-LA-10003388,5.76,First Class,5,Bank Transfer
4552,7/13/2011,7/13/2011,7/17/2011,GK-14620,FUR-TA-10002855,351.216,Standard Class,3,Bank Transfer
4553,12/27/2011,12/27/2011,1/2/2012,JF-15490,FUR-CH-10004886,230.28,Standard Class,5,PayPal
4554,12/27/2011,12/27/2011,1/2/2012,JF-15490,OFF-PA-10003657,12.84,Standard Class,4,Credit Card
4555,2/27/2013,2/27/2013,3/2/2013,EB-13930,OFF-BI-10004738,56.82,Second Class,4,PayPal
4556,3/23/2012,3/23/2012,3/26/2012,SG-20470,OFF-FA-10003112,31.56,First Class,5,PayPal
4557,3/23/2012,3/23/2012,3/26/2012,SG-20470,OFF-ST-10002486,27.92,First Class,4,Credit Card
4558,10/22/2014,10/22/2014,10/29/2014,ND-18370,OFF-BI-10003984,8.559,Standard Class,2,Credit Card
4559,12/31/2011,12/31/2011,1/5/2012,CM-11815,OFF-EN-10004773,49.568,Standard Class,5,Bank Transfer
4560,5/5/2011,5/5/2011,5/8/2011,EB-13870,FUR-CH-10001146,127.869,First Class,4,PayPal
4561,12/4/2012,12/4/2012,12/9/2012,HM-14860,OFF-EN-10003296,271.44,Second Class,2,Credit Card
4562,12/4/2012,12/4/2012,12/9/2012,HM-14860,TEC-PH-10000193,110.352,Second Class,4,PayPal
4563,12/4/2012,12/4/2012,12/9/2012,HM-14860,FUR-FU-10002111,36.4,Second Class,3,Credit Card
4564,9/27/2014,9/27/2014,10/1/2014,SJ-20125,FUR-CH-10003298,419.136,Standard Class,5,Credit Card
4565,12/9/2011,12/9/2011,12/14/2011,DM-12955,OFF-ST-10004950,100.704,Standard Class,5,Bank Transfer
4566,12/4/2014,12/4/2014,12/11/2014,MC-17575,OFF-AP-10002350,45.216,Standard Class,3,PayPal
4567,12/4/2014,12/4/2014,12/11/2014,MC-17575,OFF-BI-10004233,28.782,Standard Class,4,Credit Card
4568,12/4/2014,12/4/2014,12/11/2014,MC-17575,OFF-PA-10001892,24.448,Standard Class,2,Bank Transfer
4569,11/8/2012,11/8/2012,11/13/2012,DB-13660,OFF-BI-10003291,10.476,Standard Class,2,PayPal
4570,4/19/2011,4/19/2011,4/21/2011,NF-18595,FUR-FU-10004017,76.14,Second Class,1,Bank Transfer
4571,5/25/2012,5/25/2012,5/27/2012,NM-18445,OFF-AR-10002445,21.24,Second Class,5,Credit Card
4572,5/25/2012,5/25/2012,5/27/2012,NM-18445,OFF-BI-10001718,127.96,Second Class,5,Credit Card
4573,7/18/2014,7/18/2014,7/22/2014,AB-10255,TEC-CO-10004202,479.984,Standard Class,5,Bank Transfer
4574,12/13/2013,12/13/2013,12/19/2013,MG-17650,TEC-PH-10002103,657.93,Standard Class,2,Bank Transfer
4575,12/13/2013,12/13/2013,12/19/2013,MG-17650,FUR-FU-10003724,33.48,Standard Class,1,Credit Card
4576,12/13/2013,12/13/2013,12/19/2013,MG-17650,OFF-AR-10003732,13.9,Standard Class,1,PayPal
4577,12/13/2013,12/13/2013,12/19/2013,MG-17650,OFF-ST-10000885,26.86,Standard Class,5,Bank Transfer
4578,4/11/2011,4/11/2011,4/16/2011,SE-20110,OFF-BI-10004817,9.584,Standard Class,4,PayPal
4579,6/9/2012,6/9/2012,6/15/2012,AG-10765,OFF-BI-10001670,113.1,Standard Class,5,PayPal
4580,7/27/2011,7/27/2011,8/2/2011,AS-10045,OFF-PA-10002709,65.78,Standard Class,4,Credit Card
4581,7/31/2012,7/31/2012,8/6/2012,AR-10405,TEC-AC-10004469,239.7,Standard Class,5,PayPal
4582,9/20/2013,9/20/2013,9/23/2013,AP-10720,FUR-FU-10003424,25.632,First Class,4,Bank Transfer
4583,6/11/2013,6/11/2013,6/13/2013,JB-16000,OFF-LA-10003720,23.616,First Class,4,Credit Card
4584,8/27/2013,8/27/2013,8/29/2013,TS-21430,OFF-AR-10000390,8.26,Second Class,1,Bank Transfer
4585,11/3/2014,11/3/2014,11/5/2014,NL-18310,OFF-EN-10001335,76.58,Second Class,2,Bank Transfer
4586,11/3/2014,11/3/2014,11/5/2014,NL-18310,OFF-AR-10003469,8.8,Second Class,4,PayPal
4587,11/3/2014,11/3/2014,11/5/2014,NL-18310,OFF-BI-10003718,590.352,Second Class,3,PayPal
4588,11/3/2014,11/3/2014,11/5/2014,NL-18310,OFF-FA-10004838,5.58,Second Class,4,Credit Card
4589,11/3/2014,11/3/2014,11/5/2014,NL-18310,FUR-FU-10002508,25.02,Second Class,3,Bank Transfer
4590,11/3/2014,11/3/2014,11/5/2014,NL-18310,OFF-ST-10001511,452.55,Second Class,1,Bank Transfer
4591,12/27/2013,12/27/2013,1/1/2014,MC-18130,OFF-SU-10000952,17.76,Standard Class,3,Credit Card
4592,12/27/2013,12/27/2013,1/1/2014,MC-18130,TEC-PH-10002275,302.384,Standard Class,1,Credit Card
4593,12/27/2013,12/27/2013,1/1/2014,MC-18130,FUR-CH-10003535,146.352,Standard Class,3,PayPal
4594,12/27/2013,12/27/2013,1/1/2014,MC-18130,OFF-AP-10004052,7.9,Standard Class,1,Credit Card
4595,12/27/2013,12/27/2013,1/1/2014,MC-18130,FUR-TA-10003473,902.712,Standard Class,3,Bank Transfer
4596,12/27/2013,12/27/2013,1/1/2014,MC-18130,OFF-AR-10001897,53.97,Standard Class,3,Credit Card
4597,12/6/2013,12/6/2013,12/11/2013,TC-21475,OFF-AR-10000034,33.92,Second Class,5,Bank Transfer
4598,8/29/2014,8/29/2014,9/2/2014,MG-17650,OFF-SU-10004115,21.81,Standard Class,1,PayPal
4599,8/29/2014,8/29/2014,9/2/2014,MG-17650,OFF-AP-10001947,91.6,Standard Class,5,Credit Card
4600,7/16/2012,7/16/2012,7/20/2012,MG-17890,FUR-CH-10004853,150.98,Standard Class,4,PayPal
4601,7/16/2012,7/16/2012,7/20/2012,MG-17890,OFF-EN-10000483,137.25,Standard Class,1,Credit Card
4602,7/16/2012,7/16/2012,7/20/2012,MG-17890,OFF-FA-10001332,11.52,Standard Class,3,Credit Card
4603,5/26/2012,5/26/2012,5/29/2012,BF-11170,OFF-PA-10003790,18.272,Second Class,1,Bank Transfer
4604,5/26/2012,5/26/2012,5/29/2012,BF-11170,OFF-PA-10003134,153.728,Second Class,3,Credit Card
4605,5/26/2012,5/26/2012,5/29/2012,BF-11170,OFF-EN-10004459,12.224,Second Class,2,Bank Transfer
4606,5/26/2012,5/26/2012,5/29/2012,BF-11170,TEC-AC-10003628,167.944,Second Class,2,Bank Transfer
4607,5/28/2012,5/28/2012,6/2/2012,MS-17770,TEC-PH-10004093,45.99,Standard Class,3,Bank Transfer
4608,5/28/2012,5/28/2012,6/2/2012,MS-17770,OFF-ST-10001490,535.41,Standard Class,5,Credit Card
4609,5/28/2012,5/28/2012,6/2/2012,MS-17770,OFF-BI-10000605,6.096,Standard Class,2,PayPal
4610,5/28/2012,5/28/2012,6/2/2012,MS-17770,OFF-PA-10004255,45.36,Standard Class,1,Credit Card
4611,11/10/2014,11/10/2014,11/15/2014,JE-15745,FUR-FU-10000023,47.12,Standard Class,3,PayPal
4612,1/24/2013,1/24/2013,1/26/2013,HG-14965,OFF-BI-10000285,31.36,Second Class,5,Bank Transfer
4613,1/1/2014,1/1/2014,1/7/2014,EP-13915,OFF-AR-10000588,47.616,Standard Class,1,PayPal
4614,1/1/2014,1/1/2014,1/7/2014,EP-13915,OFF-PA-10002250,23.48,Standard Class,5,Credit Card
4615,9/6/2013,9/6/2013,9/11/2013,GH-14410,OFF-AP-10002457,62.79,Standard Class,5,Credit Card
4616,9/6/2013,9/6/2013,9/11/2013,GH-14410,OFF-FA-10002763,28.44,Standard Class,2,Bank Transfer
4617,9/4/2012,9/4/2012,9/7/2012,DS-13180,TEC-AC-10000109,134.376,Second Class,1,Bank Transfer
4618,9/21/2012,9/21/2012,9/26/2012,TH-21550,TEC-PH-10002415,589.9,Standard Class,5,Bank Transfer
4619,9/21/2012,9/21/2012,9/26/2012,TH-21550,FUR-CH-10000785,542.94,Standard Class,4,Bank Transfer
4620,12/25/2014,12/25/2014,12/26/2014,RM-19675,TEC-CO-10001449,2879.952,First Class,4,Credit Card
4621,12/25/2014,12/25/2014,12/26/2014,RM-19675,OFF-BI-10001670,90.48,First Class,5,Bank Transfer
4622,10/5/2012,10/5/2012,10/8/2012,SF-20965,OFF-ST-10001328,77.55,Second Class,4,Credit Card
4623,9/10/2014,9/10/2014,9/15/2014,SO-20335,OFF-SU-10001225,8.832,Standard Class,4,Credit Card
4624,9/10/2014,9/10/2014,9/15/2014,SO-20335,OFF-PA-10000357,177.536,Standard Class,1,Bank Transfer
4625,9/10/2014,9/10/2014,9/15/2014,SO-20335,OFF-ST-10000046,258.48,Standard Class,3,Bank Transfer
4626,9/10/2014,9/10/2014,9/15/2014,SO-20335,FUR-FU-10000023,14.136,Standard Class,2,Credit Card
4627,11/14/2013,11/14/2013,11/19/2013,CK-12760,OFF-ST-10003455,77.55,Standard Class,5,PayPal
4628,11/14/2013,11/14/2013,11/19/2013,CK-12760,OFF-ST-10000876,24.88,Standard Class,4,Bank Transfer
4629,11/14/2013,11/14/2013,11/19/2013,CK-12760,OFF-AR-10003582,140.75,Standard Class,5,Credit Card
4630,11/14/2013,11/14/2013,11/19/2013,CK-12760,OFF-ST-10004258,36.63,Standard Class,5,Bank Transfer
4631,10/15/2012,10/15/2012,10/15/2012,GA-14725,FUR-FU-10000719,17.14,Same Day,2,Bank Transfer
4632,8/4/2014,8/4/2014,8/9/2014,BD-11725,OFF-LA-10001297,51.75,Second Class,1,Bank Transfer
4633,8/4/2014,8/4/2014,8/9/2014,BD-11725,FUR-FU-10000723,123.96,Second Class,5,Credit Card
4634,8/21/2012,8/21/2012,8/26/2012,DS-13180,FUR-BO-10003893,586.398,Standard Class,4,PayPal
4635,8/21/2012,8/21/2012,8/26/2012,DS-13180,OFF-ST-10000736,80.98,Standard Class,4,Bank Transfer
4636,3/13/2014,3/13/2014,3/18/2014,BS-11380,OFF-ST-10000736,242.94,Standard Class,5,Bank Transfer
4637,4/28/2014,4/28/2014,4/30/2014,AP-10915,OFF-AR-10003373,123.92,First Class,1,PayPal
4638,4/28/2014,4/28/2014,4/30/2014,AP-10915,OFF-AR-10000390,12.39,First Class,4,PayPal
4639,4/28/2014,4/28/2014,4/30/2014,AP-10915,OFF-AR-10001725,47.3,First Class,4,Bank Transfer
4640,9/12/2013,9/12/2013,9/17/2013,JF-15565,TEC-CO-10001943,1599.92,Standard Class,2,Bank Transfer
4641,9/12/2013,9/12/2013,9/17/2013,JF-15565,OFF-EN-10002312,11.09,Standard Class,4,Bank Transfer
4642,10/23/2014,10/23/2014,10/25/2014,HA-14905,OFF-BI-10000831,3.168,Second Class,5,Bank Transfer
4643,10/23/2014,10/23/2014,10/25/2014,HA-14905,FUR-CH-10000749,579.136,Second Class,3,PayPal
4644,8/2/2012,8/2/2012,8/6/2012,Co-12640,OFF-BI-10002003,6.368,Standard Class,1,Credit Card
4645,8/2/2012,8/2/2012,8/6/2012,Co-12640,TEC-MA-10001972,558.4,Standard Class,4,Credit Card
4646,8/13/2013,8/13/2013,8/17/2013,BC-11125,FUR-CH-10000225,145.764,Standard Class,1,Credit Card
4647,5/30/2011,5/30/2011,6/5/2011,EB-13840,OFF-PA-10001622,13.62,Standard Class,5,Credit Card
4648,4/27/2013,4/27/2013,5/2/2013,DB-13360,FUR-CH-10004983,434.646,Standard Class,4,Credit Card
4649,5/15/2014,5/15/2014,5/20/2014,KB-16585,OFF-PA-10003228,440.19,Standard Class,3,PayPal
4650,5/15/2014,5/15/2014,5/20/2014,KB-16585,OFF-SU-10004498,64.4,Standard Class,1,PayPal
4651,4/9/2014,4/9/2014,4/13/2014,AH-10120,OFF-PA-10001878,244.55,Standard Class,1,Bank Transfer
4652,4/9/2014,4/9/2014,4/13/2014,AH-10120,OFF-PA-10002923,195.76,Standard Class,2,Credit Card
4653,2/18/2014,2/18/2014,2/24/2014,GH-14410,OFF-PA-10001838,11.76,Standard Class,4,Bank Transfer
4654,2/18/2014,2/18/2014,2/24/2014,GH-14410,OFF-ST-10003123,166.45,Standard Class,4,PayPal
4655,6/25/2014,6/25/2014,6/27/2014,KT-16480,OFF-FA-10001332,2.88,Second Class,1,PayPal
4656,5/5/2011,5/5/2011,5/10/2011,KH-16330,OFF-ST-10003442,45.248,Standard Class,3,Credit Card
4657,5/3/2012,5/3/2012,5/7/2012,SV-20785,OFF-AR-10001468,59.904,Standard Class,5,Bank Transfer
4658,5/3/2012,5/3/2012,5/7/2012,SV-20785,OFF-AP-10003266,23.696,Standard Class,5,Bank Transfer
4659,5/3/2012,5/3/2012,5/7/2012,SV-20785,OFF-PA-10002230,7.968,Standard Class,5,Bank Transfer
4660,5/3/2012,5/3/2012,5/7/2012,SV-20785,OFF-AP-10003622,18.2,Standard Class,1,Credit Card
4661,5/3/2012,5/3/2012,5/7/2012,SV-20785,TEC-AC-10001542,27.552,Standard Class,3,Bank Transfer
4662,5/3/2012,5/3/2012,5/7/2012,SV-20785,FUR-CH-10002965,844.116,Standard Class,1,PayPal
4663,5/3/2012,5/3/2012,5/7/2012,SV-20785,OFF-ST-10000563,76.752,Standard Class,2,PayPal
4664,9/19/2013,9/19/2013,9/23/2013,PO-18850,OFF-LA-10002787,3,Standard Class,3,PayPal
4665,9/23/2013,9/23/2013,9/27/2013,AC-10450,OFF-BI-10004022,7.506,Standard Class,5,Bank Transfer
4666,9/23/2013,9/23/2013,9/27/2013,AC-10450,OFF-LA-10001158,16.56,Standard Class,1,Credit Card
4667,1/10/2013,1/10/2013,1/17/2013,KB-16585,FUR-FU-10000076,79.92,Standard Class,2,Credit Card
4668,1/10/2013,1/10/2013,1/17/2013,KB-16585,TEC-AC-10002335,69.98,Standard Class,3,PayPal
4669,5/7/2014,5/7/2014,5/12/2014,DB-13555,OFF-BI-10002827,11.06,Standard Class,4,Credit Card
4670,5/7/2014,5/7/2014,5/12/2014,DB-13555,FUR-BO-10001601,623.4648,Standard Class,3,Bank Transfer
4671,5/7/2014,5/7/2014,5/12/2014,DB-13555,OFF-ST-10001932,772.68,Standard Class,3,Credit Card
4672,8/1/2013,8/1/2013,8/7/2013,KL-16645,OFF-AP-10001005,283.14,Standard Class,1,Credit Card
4673,8/1/2013,8/1/2013,8/7/2013,KL-16645,TEC-PH-10004042,635.96,Standard Class,5,Credit Card
4674,8/1/2013,8/1/2013,8/7/2013,KL-16645,TEC-PH-10001079,118.99,Standard Class,3,Credit Card
4675,8/1/2013,8/1/2013,8/7/2013,KL-16645,FUR-FU-10002918,272.94,Standard Class,1,PayPal
4676,3/28/2014,3/28/2014,3/30/2014,AG-10270,FUR-FU-10003832,15.008,Second Class,4,Bank Transfer
4677,3/14/2011,3/14/2011,3/19/2011,JF-15295,OFF-BI-10001617,33.088,Standard Class,5,Credit Card
4678,3/14/2011,3/14/2011,3/19/2011,JF-15295,OFF-ST-10000736,80.98,Standard Class,2,Bank Transfer
4679,3/14/2011,3/14/2011,3/19/2011,JF-15295,TEC-AC-10004877,82.8,Standard Class,4,PayPal
4680,3/14/2011,3/14/2011,3/19/2011,JF-15295,OFF-ST-10003221,21.36,Standard Class,2,Bank Transfer
4681,3/14/2011,3/14/2011,3/19/2011,JF-15295,OFF-BI-10003007,62.048,Standard Class,5,PayPal
4682,7/15/2013,7/15/2013,7/19/2013,RE-19450,OFF-FA-10000936,29.61,Second Class,1,Bank Transfer
4683,12/2/2013,12/2/2013,12/2/2013,MV-18190,TEC-PH-10003811,863.928,Same Day,2,PayPal
4684,8/30/2013,8/30/2013,9/4/2013,GB-14530,FUR-TA-10004152,241.92,Standard Class,4,Credit Card
4685,8/30/2013,8/30/2013,9/4/2013,GB-14530,FUR-BO-10002853,163.88,Standard Class,1,Bank Transfer
4686,8/30/2013,8/30/2013,9/4/2013,GB-14530,OFF-BI-10002071,3.486,Standard Class,4,Bank Transfer
4687,8/30/2013,8/30/2013,9/4/2013,GB-14530,OFF-FA-10000053,10.584,Standard Class,2,Credit Card
4688,6/25/2013,6/25/2013,7/1/2013,HL-15040,TEC-PH-10001305,440.91,Standard Class,5,Bank Transfer
4689,3/31/2014,3/31/2014,4/4/2014,BP-11155,OFF-BI-10001525,5.715,Standard Class,2,Bank Transfer
4690,12/20/2011,12/20/2011,12/22/2011,CT-11995,FUR-FU-10001876,51.968,First Class,4,Bank Transfer
4691,12/20/2011,12/20/2011,12/22/2011,CT-11995,TEC-AC-10003628,71.976,First Class,3,Bank Transfer
4692,12/20/2011,12/20/2011,12/22/2011,CT-11995,FUR-CH-10004860,242.352,First Class,3,Bank Transfer
4693,12/20/2011,12/20/2011,12/22/2011,CT-11995,OFF-PA-10000357,221.92,First Class,5,PayPal
4694,12/20/2011,12/20/2011,12/22/2011,CT-11995,OFF-PA-10003270,8.448,First Class,1,Credit Card
4695,12/17/2012,12/17/2012,12/17/2012,JL-15835,OFF-BI-10000320,29.52,Same Day,4,Bank Transfer
4696,12/17/2012,12/17/2012,12/17/2012,JL-15835,FUR-CH-10003846,302.94,Same Day,3,Bank Transfer
4697,12/17/2012,12/17/2012,12/17/2012,JL-15835,FUR-CH-10004875,142.36,Same Day,1,PayPal
4698,12/17/2012,12/17/2012,12/17/2012,JL-15835,FUR-CH-10003817,546.66,Same Day,4,PayPal
4699,12/17/2012,12/17/2012,12/17/2012,JL-15835,FUR-FU-10002116,212.13,Same Day,4,Credit Card
4700,5/12/2014,5/12/2014,5/18/2014,JK-16120,OFF-AR-10003481,5.248,Standard Class,3,PayPal
4701,5/12/2014,5/12/2014,5/18/2014,JK-16120,OFF-ST-10004180,74.416,Standard Class,4,Bank Transfer
4702,5/12/2014,5/12/2014,5/18/2014,JK-16120,OFF-PA-10003657,6.848,Standard Class,1,PayPal
4703,5/12/2014,5/12/2014,5/18/2014,JK-16120,FUR-FU-10001967,7.996,Standard Class,4,Bank Transfer
4704,6/25/2013,6/25/2013,6/29/2013,DH-13075,OFF-AP-10002082,8.712,Standard Class,3,Bank Transfer
4705,5/18/2013,5/18/2013,5/19/2013,AG-10900,OFF-SU-10000381,65.17,First Class,4,Credit Card
4706,5/18/2013,5/18/2013,5/19/2013,AG-10900,OFF-LA-10002475,14.62,First Class,5,Credit Card
4707,5/18/2013,5/18/2013,5/19/2013,AG-10900,FUR-FU-10003975,173.24,First Class,3,PayPal
4708,6/30/2014,6/30/2014,7/1/2014,WB-21850,OFF-BI-10003091,895.92,First Class,1,PayPal
4709,6/30/2014,6/30/2014,7/1/2014,WB-21850,OFF-ST-10002974,130.71,First Class,2,Credit Card
4710,6/30/2014,6/30/2014,7/1/2014,WB-21850,OFF-AR-10000255,11.68,First Class,3,PayPal
4711,6/30/2014,6/30/2014,7/1/2014,WB-21850,TEC-AC-10001284,62.31,First Class,4,PayPal
4712,3/31/2011,3/31/2011,3/31/2011,JO-15280,OFF-BI-10003529,0.852,Same Day,5,Bank Transfer
4713,12/16/2011,12/16/2011,12/21/2011,EJ-13720,OFF-PA-10000029,36.288,Standard Class,2,PayPal
4714,12/16/2011,12/16/2011,12/21/2011,EJ-13720,FUR-FU-10002116,56.568,Standard Class,2,Bank Transfer
4715,5/19/2014,5/19/2014,5/21/2014,AB-10105,TEC-PH-10002200,344.704,First Class,2,PayPal
4716,5/12/2012,5/12/2012,5/16/2012,LT-16765,TEC-PH-10000441,201.584,Standard Class,5,Credit Card
4717,12/4/2014,12/4/2014,12/8/2014,CM-12655,FUR-TA-10002958,521.96,Second Class,4,PayPal
4718,12/12/2012,12/12/2012,12/17/2012,EM-13960,OFF-AR-10001662,8.22,Standard Class,1,Credit Card
4719,10/10/2012,10/10/2012,10/11/2012,DJ-13420,OFF-PA-10004101,45.36,First Class,5,Credit Card
4720,4/18/2012,4/18/2012,4/20/2012,DE-13255,OFF-ST-10002756,947.17,Second Class,2,PayPal
4721,4/18/2012,4/18/2012,4/20/2012,DE-13255,OFF-PA-10000483,61.96,Second Class,3,PayPal
4722,6/7/2011,6/7/2011,6/11/2011,NR-18550,FUR-TA-10002041,268.935,Second Class,3,PayPal
4723,9/2/2014,9/2/2014,9/8/2014,CK-12325,OFF-AR-10001166,7.58,Standard Class,3,PayPal
4724,5/23/2013,5/23/2013,5/23/2013,JF-15490,OFF-LA-10004345,14.73,Same Day,3,PayPal
4725,11/12/2013,11/12/2013,11/16/2013,LB-16795,OFF-BI-10002852,9.888,Standard Class,3,PayPal
4726,11/12/2013,11/12/2013,11/16/2013,LB-16795,OFF-AP-10001058,671.544,Standard Class,4,Credit Card
4727,11/25/2011,11/25/2011,11/29/2011,MP-18175,OFF-ST-10003470,1117.92,Second Class,3,PayPal
4728,11/25/2011,11/25/2011,11/29/2011,MP-18175,FUR-BO-10003159,275.952,Second Class,3,Bank Transfer
4729,11/7/2011,11/7/2011,11/12/2011,LH-16900,OFF-BI-10003684,123.144,Standard Class,3,Credit Card
4730,7/19/2013,7/19/2013,7/24/2013,SV-20935,TEC-AC-10000487,15.576,Second Class,2,Credit Card
4731,3/29/2012,3/29/2012,3/31/2012,RB-19435,OFF-PA-10001736,212.64,Second Class,5,PayPal
4732,3/29/2012,3/29/2012,3/31/2012,RB-19435,OFF-PA-10001609,9.87,Second Class,2,Credit Card
4733,3/29/2012,3/29/2012,3/31/2012,RB-19435,TEC-AC-10003116,53.25,Second Class,2,Bank Transfer
4734,3/29/2012,3/29/2012,3/31/2012,RB-19435,FUR-FU-10004586,19.92,Second Class,3,Credit Card
4735,4/8/2013,4/8/2013,4/13/2013,Dl-13600,FUR-CH-10000454,658.746,Standard Class,1,Credit Card
4736,6/13/2012,6/13/2012,6/19/2012,PS-19045,OFF-BI-10004970,8.26,Standard Class,1,PayPal
4737,6/13/2012,6/13/2012,6/19/2012,PS-19045,OFF-BI-10002824,29.84,Standard Class,4,Credit Card
4738,6/13/2012,6/13/2012,6/19/2012,PS-19045,TEC-AC-10003657,67.98,Standard Class,4,PayPal
4739,2/18/2012,2/18/2012,2/24/2012,GT-14755,OFF-LA-10003510,61.06,Standard Class,2,PayPal
4740,2/18/2012,2/18/2012,2/24/2012,GT-14755,FUR-TA-10001676,35.544,Standard Class,5,Credit Card
4741,11/13/2014,11/13/2014,11/17/2014,CS-12355,OFF-LA-10004853,9.96,Standard Class,3,Bank Transfer
4742,11/13/2014,11/13/2014,11/17/2014,CS-12355,OFF-AR-10000315,9.21,Standard Class,2,PayPal
4743,11/13/2014,11/13/2014,11/17/2014,CS-12355,OFF-SU-10000381,27.93,Standard Class,1,Credit Card
4744,3/6/2014,3/6/2014,3/6/2014,JD-16060,OFF-FA-10002763,7.9,Same Day,4,PayPal
4745,3/6/2014,3/6/2014,3/6/2014,JD-16060,OFF-ST-10000877,221.16,Same Day,3,Credit Card
4746,3/6/2014,3/6/2014,3/6/2014,JD-16060,OFF-BI-10001071,127.96,Same Day,2,Credit Card
4747,3/6/2014,3/6/2014,3/6/2014,JD-16060,OFF-BI-10001097,18.69,Same Day,3,Credit Card
4748,3/4/2013,3/4/2013,3/4/2013,TS-21160,OFF-SU-10004782,25.35,Same Day,5,Bank Transfer
4749,3/4/2013,3/4/2013,3/4/2013,TS-21160,FUR-FU-10000672,35.28,Same Day,1,PayPal
4750,12/25/2013,12/25/2013,12/26/2013,BV-11245,OFF-PA-10002986,33.4,First Class,4,PayPal
4751,10/8/2013,10/8/2013,10/10/2013,DL-13495,TEC-MA-10001972,837.6,First Class,5,Credit Card
4752,12/10/2013,12/10/2013,12/14/2013,EB-13870,TEC-PH-10000169,40.68,Standard Class,1,PayPal
4753,11/21/2014,11/21/2014,11/25/2014,ES-14020,FUR-CH-10001482,209.568,Standard Class,1,PayPal
4754,12/12/2012,12/12/2012,12/16/2012,JB-15925,TEC-AC-10002018,22.368,Standard Class,2,PayPal
4755,2/4/2014,2/4/2014,2/9/2014,SC-20380,OFF-BI-10000301,3.882,Standard Class,3,Bank Transfer
4756,2/4/2014,2/4/2014,2/9/2014,SC-20380,OFF-PA-10004381,115.296,Standard Class,2,Credit Card
4757,9/22/2014,9/22/2014,9/26/2014,EB-13870,OFF-BI-10004141,1.908,Standard Class,1,Credit Card
4758,5/1/2014,5/1/2014,5/6/2014,TC-21475,OFF-BI-10001575,43.372,Standard Class,4,PayPal
4759,11/3/2011,11/3/2011,11/7/2011,SG-20605,TEC-PH-10000984,783.96,Standard Class,3,PayPal
4760,11/3/2011,11/3/2011,11/7/2011,SG-20605,OFF-BI-10000666,48.896,Standard Class,3,Bank Transfer
4761,11/3/2011,11/3/2011,11/7/2011,SG-20605,OFF-BI-10003712,7.856,Standard Class,4,Credit Card
4762,12/31/2013,12/31/2013,1/5/2014,BM-11785,OFF-LA-10003720,5.904,Standard Class,4,Bank Transfer
4763,12/31/2013,12/31/2013,1/5/2014,BM-11785,OFF-SU-10001664,13.712,Standard Class,2,Bank Transfer
4764,9/17/2011,9/17/2011,9/21/2011,NR-18550,OFF-EN-10001453,182.94,Standard Class,3,Credit Card
4765,11/25/2014,11/25/2014,11/28/2014,PG-18820,OFF-AR-10001860,27.76,First Class,4,PayPal
4766,4/24/2012,4/24/2012,4/28/2012,DB-13270,OFF-AR-10001044,25.99,Standard Class,5,Bank Transfer
4767,3/9/2012,3/9/2012,3/12/2012,NS-18640,TEC-AC-10002473,113.52,First Class,4,Credit Card
4768,3/9/2012,3/9/2012,3/12/2012,NS-18640,TEC-PH-10001809,359.88,First Class,5,Credit Card
4769,6/3/2014,6/3/2014,6/4/2014,CS-11860,OFF-PA-10004733,25.344,Same Day,4,Credit Card
4770,9/20/2013,9/20/2013,9/25/2013,CC-12430,OFF-BI-10003355,11.952,Second Class,5,Credit Card
4771,9/20/2013,9/20/2013,9/25/2013,CC-12430,OFF-SU-10001212,6.24,Second Class,3,PayPal
4772,10/31/2011,10/31/2011,11/3/2011,AC-10450,TEC-PH-10000486,742.336,Second Class,5,Credit Card
4773,11/24/2014,11/24/2014,11/28/2014,CM-12385,FUR-FU-10004909,6.464,Standard Class,2,Bank Transfer
4774,11/24/2014,11/24/2014,11/28/2014,CM-12385,OFF-LA-10001613,11.52,Standard Class,1,Bank Transfer
4775,11/24/2014,11/24/2014,11/28/2014,CM-12385,TEC-PH-10004447,222.384,Standard Class,5,PayPal
4776,11/17/2014,11/17/2014,11/22/2014,EK-13795,OFF-AR-10000255,23.36,Standard Class,1,Credit Card
4777,2/19/2013,2/19/2013,2/23/2013,CK-12760,OFF-LA-10004425,8.67,Second Class,3,Bank Transfer
4778,2/19/2013,2/19/2013,2/23/2013,CK-12760,OFF-SU-10001664,25.71,Second Class,2,PayPal
4779,11/8/2014,11/8/2014,11/12/2014,PK-19075,OFF-AP-10000696,100.94,Standard Class,3,Credit Card
4780,7/8/2011,7/8/2011,7/10/2011,MH-18025,FUR-CH-10002647,63.882,First Class,1,Bank Transfer
4781,11/7/2011,11/7/2011,11/12/2011,SC-20725,FUR-CH-10002758,683.144,Standard Class,2,Credit Card
4782,11/7/2011,11/7/2011,11/12/2011,SC-20725,OFF-BI-10000201,1.476,Standard Class,5,Bank Transfer
4783,11/7/2011,11/7/2011,11/12/2011,SC-20725,OFF-SU-10004115,40.712,Standard Class,1,Credit Card
4784,1/29/2014,1/29/2014,2/2/2014,GB-14575,OFF-PA-10000806,279.9,Standard Class,3,PayPal
4785,12/11/2012,12/11/2012,12/16/2012,IM-15070,OFF-AR-10001473,13.12,Standard Class,3,Credit Card
4786,12/11/2012,12/11/2012,12/16/2012,IM-15070,FUR-BO-10003450,69.576,Standard Class,5,PayPal
4787,12/11/2012,12/11/2012,12/16/2012,IM-15070,OFF-AR-10001545,4.224,Standard Class,4,Bank Transfer
4788,12/11/2012,12/11/2012,12/16/2012,IM-15070,TEC-AC-10004396,58.08,Standard Class,2,Credit Card
4789,12/11/2012,12/11/2012,12/16/2012,IM-15070,FUR-FU-10002456,52.416,Standard Class,4,Credit Card
4790,12/11/2012,12/11/2012,12/16/2012,IM-15070,FUR-FU-10001473,54.92,Standard Class,4,Credit Card
4791,12/11/2012,12/11/2012,12/16/2012,IM-15070,FUR-TA-10000849,364.95,Standard Class,5,PayPal
4792,12/11/2012,12/11/2012,12/16/2012,IM-15070,OFF-PA-10001166,85.056,Standard Class,5,Bank Transfer
4793,12/11/2012,12/11/2012,12/16/2012,IM-15070,OFF-PA-10003256,27.696,Standard Class,1,PayPal
4794,6/29/2012,6/29/2012,7/4/2012,MM-18055,OFF-PA-10002870,24.96,Standard Class,4,Credit Card
4795,3/16/2012,3/16/2012,3/23/2012,MF-18250,FUR-FU-10001215,43.13,Standard Class,4,Credit Card
4796,8/13/2012,8/13/2012,8/17/2012,CK-12595,OFF-BI-10004187,5.64,Standard Class,4,PayPal
4797,5/15/2013,5/15/2013,5/20/2013,MK-17905,OFF-BI-10001718,57.582,Standard Class,3,PayPal
4798,5/15/2013,5/15/2013,5/20/2013,MK-17905,OFF-PA-10004983,31.104,Standard Class,4,Credit Card
4799,5/15/2013,5/15/2013,5/20/2013,MK-17905,FUR-FU-10002396,30.192,Standard Class,4,PayPal
4800,5/15/2013,5/15/2013,5/20/2013,MK-17905,TEC-PH-10003988,43.6,Standard Class,3,PayPal
4801,5/15/2013,5/15/2013,5/20/2013,MK-17905,OFF-AR-10002467,4.768,Standard Class,3,Credit Card
4802,5/15/2013,5/15/2013,5/20/2013,MK-17905,OFF-BI-10004002,10.38,Standard Class,2,Bank Transfer
4803,5/15/2013,5/15/2013,5/20/2013,MK-17905,OFF-BI-10002309,13.392,Standard Class,4,Bank Transfer
4804,7/14/2014,7/14/2014,7/18/2014,MH-17455,TEC-PH-10003885,39.594,Second Class,1,Credit Card
4805,7/14/2014,7/14/2014,7/18/2014,MH-17455,FUR-FU-10002501,91.008,Second Class,4,Credit Card
4806,11/22/2012,11/22/2012,11/25/2012,NG-18430,OFF-PA-10000176,37.94,Second Class,4,Credit Card
4807,11/22/2012,11/22/2012,11/25/2012,NG-18430,OFF-PA-10000327,42.8,Second Class,2,Credit Card
4808,11/22/2012,11/22/2012,11/25/2012,NG-18430,OFF-ST-10004634,33.63,Second Class,1,Credit Card
4809,11/23/2011,11/23/2011,11/28/2011,PB-19210,OFF-EN-10003040,62.808,Standard Class,1,Bank Transfer
4810,12/27/2012,12/27/2012,12/30/2012,RE-19450,OFF-PA-10003228,195.64,First Class,4,Bank Transfer
4811,12/27/2012,12/27/2012,12/30/2012,RE-19450,TEC-PH-10004345,239.9,First Class,3,PayPal
4812,11/15/2013,11/15/2013,11/20/2013,EB-14110,FUR-CH-10000785,380.058,Second Class,1,PayPal
4813,11/15/2013,11/15/2013,11/20/2013,EB-14110,TEC-CO-10004115,1199.976,Second Class,1,PayPal
4814,11/15/2013,11/15/2013,11/20/2013,EB-14110,FUR-FU-10002813,48.576,Second Class,1,PayPal
4815,5/9/2013,5/9/2013,5/11/2013,TB-21625,OFF-PA-10002751,17.94,First Class,3,Credit Card
4816,12/26/2011,12/26/2011,12/31/2011,MG-17695,OFF-PA-10004569,18.264,Standard Class,2,Bank Transfer
4817,12/26/2011,12/26/2011,12/31/2011,MG-17695,OFF-AP-10002998,34.656,Standard Class,4,PayPal
4818,12/26/2011,12/26/2011,12/31/2011,MG-17695,OFF-AP-10003287,81.552,Standard Class,3,PayPal
4819,12/26/2011,12/26/2011,12/31/2011,MG-17695,OFF-ST-10001370,227.136,Standard Class,5,Bank Transfer
4820,6/9/2014,6/9/2014,6/15/2014,LW-17125,OFF-BI-10004040,10.36,Standard Class,3,Credit Card
4821,4/7/2012,4/7/2012,4/11/2012,PF-19120,OFF-AP-10002651,463.248,Standard Class,3,PayPal
4822,4/7/2012,4/7/2012,4/11/2012,PF-19120,TEC-AC-10002402,383.952,Standard Class,2,PayPal
4823,7/11/2013,7/11/2013,7/12/2013,NZ-18565,OFF-BI-10001658,44.856,Same Day,5,Bank Transfer
4824,11/22/2013,11/22/2013,11/27/2013,CK-12205,TEC-MA-10000752,30.345,Standard Class,1,Credit Card
4825,11/22/2013,11/22/2013,11/27/2013,CK-12205,FUR-CH-10003817,127.554,Standard Class,2,Bank Transfer
4826,11/22/2013,11/22/2013,11/27/2013,CK-12205,FUR-FU-10001876,77.952,Standard Class,3,PayPal
4827,11/13/2014,11/13/2014,11/16/2014,JE-15610,OFF-BI-10003460,14.016,First Class,5,Bank Transfer
4828,11/1/2011,11/1/2011,11/8/2011,JO-15145,OFF-ST-10000464,69.52,Standard Class,2,Bank Transfer
4829,11/1/2011,11/1/2011,11/8/2011,JO-15145,OFF-AR-10001919,5.64,Standard Class,1,Credit Card
4830,5/16/2013,5/16/2013,5/22/2013,TT-21220,OFF-BI-10002393,13.776,Standard Class,2,Credit Card
4831,11/7/2011,11/7/2011,11/12/2011,MS-17365,OFF-AP-10001293,245.88,Standard Class,2,PayPal
4832,11/7/2011,11/7/2011,11/12/2011,MS-17365,OFF-ST-10004258,36.63,Standard Class,3,Credit Card
4833,11/7/2011,11/7/2011,11/12/2011,MS-17365,OFF-ST-10002214,22.58,Standard Class,4,Bank Transfer
4834,11/7/2011,11/7/2011,11/12/2011,MS-17365,OFF-BI-10004970,12.39,Standard Class,3,PayPal
4835,10/6/2014,10/6/2014,10/11/2014,MP-18175,OFF-BI-10002571,39.92,Standard Class,3,PayPal
4836,10/6/2014,10/6/2014,10/11/2014,MP-18175,OFF-PA-10002581,61.96,Standard Class,1,PayPal
4837,10/6/2014,10/6/2014,10/11/2014,MP-18175,OFF-BI-10001097,19.936,Standard Class,3,PayPal
4838,6/2/2014,6/2/2014,6/4/2014,FH-14350,OFF-BI-10003429,3.798,First Class,3,PayPal
4839,6/2/2014,6/2/2014,6/4/2014,FH-14350,OFF-PA-10000682,27.744,First Class,2,Credit Card
4840,6/2/2014,6/2/2014,6/4/2014,FH-14350,TEC-PH-10001700,158.376,First Class,1,Bank Transfer
4841,11/21/2014,11/21/2014,11/26/2014,SC-20050,FUR-FU-10000629,27.58,Standard Class,5,PayPal
4842,12/24/2013,12/24/2013,12/29/2013,NM-18520,OFF-BI-10001267,5.553,Standard Class,1,Credit Card
4843,9/30/2014,9/30/2014,10/5/2014,JO-15280,OFF-ST-10001418,243.92,Standard Class,2,Credit Card
4844,11/8/2013,11/8/2013,11/10/2013,CC-12475,OFF-FA-10004968,14.96,First Class,2,Credit Card
4845,4/4/2011,4/4/2011,4/5/2011,MZ-17515,OFF-BI-10004140,7.184,First Class,5,Credit Card
4846,7/23/2012,7/23/2012,7/26/2012,MS-17830,OFF-BI-10003460,10.512,Second Class,2,PayPal
4847,6/25/2011,6/25/2011,6/27/2011,GK-14620,TEC-PH-10002115,263.96,Second Class,1,Bank Transfer
4848,6/25/2011,6/25/2011,6/27/2011,GK-14620,OFF-AR-10003478,71.632,Second Class,2,Credit Card
4849,6/25/2011,6/25/2011,6/27/2011,GK-14620,OFF-AR-10000475,9.328,Second Class,3,PayPal
4850,9/8/2011,9/8/2011,9/14/2011,MC-17275,OFF-AR-10003045,5.88,Standard Class,3,Bank Transfer
4851,9/8/2011,9/8/2011,9/14/2011,MC-17275,FUR-CH-10000454,975.92,Standard Class,4,Bank Transfer
4852,9/8/2011,9/8/2011,9/14/2011,MC-17275,OFF-AR-10000380,303.84,Standard Class,3,Bank Transfer
4853,9/8/2011,9/8/2011,9/14/2011,MC-17275,OFF-ST-10000736,485.88,Standard Class,2,PayPal
4854,12/12/2011,12/12/2011,12/15/2011,LH-17155,FUR-FU-10004270,12.54,Second Class,1,Bank Transfer
4855,12/12/2011,12/12/2011,12/15/2011,LH-17155,OFF-ST-10000617,8.94,Second Class,4,PayPal
4856,12/12/2011,12/12/2011,12/15/2011,LH-17155,FUR-FU-10001706,9.24,Second Class,4,Bank Transfer
4857,1/13/2012,1/13/2012,1/17/2012,PB-19150,OFF-BI-10003364,70.008,Standard Class,2,PayPal
4858,1/13/2012,1/13/2012,1/17/2012,PB-19150,FUR-FU-10001861,77.6,Standard Class,3,Bank Transfer
4859,1/13/2012,1/13/2012,1/17/2012,PB-19150,FUR-FU-10004845,464.85,Standard Class,3,Bank Transfer
4860,12/16/2014,12/16/2014,12/20/2014,SS-20140,OFF-AR-10000823,10.192,Standard Class,4,PayPal
4861,12/19/2013,12/19/2013,12/25/2013,GK-14620,OFF-BI-10001359,1793.98,Standard Class,2,Credit Card
4862,4/11/2011,4/11/2011,4/16/2011,GM-14455,TEC-PH-10001835,758.352,Second Class,2,PayPal
4863,11/11/2013,11/11/2013,11/15/2013,SH-19975,OFF-BI-10001191,20.368,Standard Class,1,PayPal
4864,11/11/2013,11/11/2013,11/15/2013,SH-19975,OFF-BI-10003982,49.848,Standard Class,5,Credit Card
4865,6/27/2014,6/27/2014,7/1/2014,SC-20725,TEC-PH-10001425,239.97,Standard Class,4,Bank Transfer
4866,11/14/2014,11/14/2014,11/19/2014,TT-21070,FUR-CH-10001215,2404.704,Standard Class,4,Credit Card
4867,11/14/2014,11/14/2014,11/19/2014,TT-21070,OFF-BI-10001718,563.024,Standard Class,4,Credit Card
4868,11/14/2014,11/14/2014,11/19/2014,TT-21070,OFF-ST-10000991,344.91,Standard Class,2,Credit Card
4869,11/14/2014,11/14/2014,11/19/2014,TT-21070,OFF-LA-10001613,8.64,Standard Class,3,PayPal
4870,11/25/2014,11/25/2014,11/30/2014,SC-20440,TEC-PH-10003437,89.988,Standard Class,4,Bank Transfer
4871,11/25/2014,11/25/2014,11/30/2014,SC-20440,OFF-PA-10000675,229.544,Standard Class,4,PayPal
4872,5/24/2014,5/24/2014,5/28/2014,KL-16645,OFF-FA-10000840,1.824,Standard Class,5,PayPal
4873,5/24/2014,5/24/2014,5/28/2014,KL-16645,OFF-AP-10001947,18.32,Standard Class,1,Bank Transfer
4874,5/24/2014,5/24/2014,5/28/2014,KL-16645,OFF-ST-10002301,48.816,Standard Class,5,Bank Transfer
4875,5/24/2014,5/24/2014,5/28/2014,KL-16645,OFF-BI-10001922,1.188,Standard Class,1,Credit Card
4876,12/2/2011,12/2/2011,12/7/2011,KN-16390,TEC-AC-10001267,119.8,Standard Class,4,PayPal
4877,10/3/2011,10/3/2011,10/9/2011,SL-20155,OFF-ST-10000532,61.568,Standard Class,5,PayPal
4878,10/3/2011,10/3/2011,10/9/2011,SL-20155,OFF-AR-10002335,6.192,Standard Class,1,Credit Card
4879,7/30/2013,7/30/2013,8/1/2013,PW-19240,OFF-BI-10000201,2.214,First Class,2,Credit Card
4880,11/3/2014,11/3/2014,11/6/2014,TB-21175,OFF-EN-10004846,5.32,Second Class,1,PayPal
4881,11/3/2014,11/3/2014,11/6/2014,TB-21175,FUR-CH-10000454,975.92,Second Class,5,Credit Card
4882,11/3/2014,11/3/2014,11/6/2014,TB-21175,TEC-AC-10004145,2249.91,Second Class,3,Bank Transfer
4883,11/3/2014,11/3/2014,11/6/2014,TB-21175,OFF-ST-10001580,59.92,Second Class,1,Credit Card
4884,3/9/2014,3/9/2014,3/16/2014,AH-10210,OFF-BI-10003876,171.2,Standard Class,4,PayPal
4885,3/9/2014,3/9/2014,3/16/2014,AH-10210,OFF-AR-10001972,3.36,Standard Class,2,Bank Transfer
4886,12/16/2011,12/16/2011,12/20/2011,SC-20695,OFF-PA-10000595,114.2,Standard Class,5,PayPal
4887,11/29/2013,11/29/2013,12/2/2013,RF-19345,FUR-CH-10004477,182.67,Second Class,1,PayPal
4888,11/29/2013,11/29/2013,12/2/2013,RF-19345,TEC-AC-10003441,101.7,Second Class,1,PayPal
4889,11/29/2013,11/29/2013,12/2/2013,RF-19345,OFF-ST-10004459,1126.02,Second Class,2,Credit Card
4890,11/29/2013,11/29/2013,12/2/2013,RF-19345,OFF-ST-10003805,1263.3,Second Class,3,Bank Transfer
4891,12/24/2013,12/24/2013,12/31/2013,EH-13765,OFF-AR-10001246,8.82,Standard Class,1,Credit Card
4892,12/24/2013,12/24/2013,12/31/2013,EH-13765,OFF-PA-10001295,37.94,Standard Class,4,Bank Transfer
4893,12/24/2013,12/24/2013,12/31/2013,EH-13765,OFF-AR-10001231,4.2,Standard Class,5,PayPal
4894,12/24/2013,12/24/2013,12/31/2013,EH-13765,OFF-ST-10002743,227.28,Standard Class,3,Credit Card
4895,12/24/2013,12/24/2013,12/31/2013,EH-13765,OFF-PA-10004327,47.9,Standard Class,5,Bank Transfer
4896,12/24/2013,12/24/2013,12/31/2013,EH-13765,OFF-EN-10004773,61.96,Standard Class,2,Credit Card
4897,12/24/2013,12/24/2013,12/31/2013,EH-13765,OFF-ST-10003470,1117.92,Standard Class,2,Bank Transfer
4898,10/15/2011,10/15/2011,10/17/2011,AC-10660,FUR-CH-10003761,183.372,First Class,1,Bank Transfer
4899,10/15/2011,10/15/2011,10/17/2011,AC-10660,OFF-PA-10002230,7.968,First Class,4,PayPal
4900,8/23/2013,8/23/2013,8/28/2013,SG-20470,OFF-BI-10000088,26.352,Standard Class,3,Credit Card
4901,12/18/2014,12/18/2014,12/22/2014,CA-12310,OFF-ST-10001526,481.32,Standard Class,5,PayPal
4902,12/18/2014,12/18/2014,12/22/2014,CA-12310,OFF-SU-10002557,13.98,Standard Class,3,Credit Card
4903,3/8/2014,3/8/2014,3/13/2014,SH-20395,OFF-BI-10003669,25.92,Standard Class,5,Bank Transfer
4904,3/8/2014,3/8/2014,3/13/2014,SH-20395,OFF-LA-10003510,91.59,Standard Class,3,Credit Card
4905,12/1/2011,12/1/2011,12/3/2011,MC-17605,FUR-CH-10003746,674.058,Second Class,5,Bank Transfer
4906,10/14/2011,10/14/2011,10/16/2011,JE-15610,OFF-BI-10003476,22.92,Second Class,4,Credit Card
4907,10/14/2011,10/14/2011,10/16/2011,JE-15610,OFF-ST-10001469,269.9,Second Class,1,Credit Card
4908,11/18/2011,11/18/2011,11/23/2011,MS-17530,OFF-BI-10001757,11.808,Second Class,1,Bank Transfer
4909,11/18/2011,11/18/2011,11/23/2011,MS-17530,TEC-PH-10004875,9.588,Second Class,5,Bank Transfer
4910,1/15/2014,1/15/2014,1/19/2014,BH-11710,OFF-EN-10001219,18.336,Standard Class,1,Bank Transfer
4911,1/15/2014,1/15/2014,1/19/2014,BH-11710,OFF-PA-10000019,36.288,Standard Class,5,Bank Transfer
4912,1/15/2014,1/15/2014,1/19/2014,BH-11710,TEC-PH-10001924,111.984,Standard Class,5,PayPal
4913,1/15/2014,1/15/2014,1/19/2014,BH-11710,OFF-BI-10002003,5.97,Standard Class,3,Bank Transfer
4914,1/15/2014,1/15/2014,1/19/2014,BH-11710,OFF-BI-10003727,2.508,Standard Class,5,Bank Transfer
4915,9/24/2012,9/24/2012,9/26/2012,ME-17725,OFF-AR-10004042,35.96,Second Class,3,Credit Card
4916,9/24/2012,9/24/2012,9/26/2012,ME-17725,OFF-BI-10001097,14.952,Second Class,4,PayPal
4917,10/10/2014,10/10/2014,10/12/2014,MB-17305,OFF-AR-10004344,67.144,Second Class,1,PayPal
4918,10/10/2014,10/10/2014,10/12/2014,MB-17305,FUR-CH-10001802,254.058,Second Class,2,PayPal
4919,1/2/2013,1/2/2013,1/7/2013,BM-11575,FUR-BO-10004709,173.94,Standard Class,2,Bank Transfer
4920,1/2/2013,1/2/2013,1/7/2013,BM-11575,TEC-PH-10000455,231.98,Standard Class,1,Credit Card
4921,8/20/2014,8/20/2014,8/24/2014,SC-20575,OFF-BI-10002393,2.296,Standard Class,5,PayPal
4922,12/26/2014,12/26/2014,12/30/2014,MH-18115,OFF-PA-10004381,96.08,Second Class,2,PayPal
4923,12/26/2014,12/26/2014,12/30/2014,MH-18115,OFF-FA-10003059,3.62,Second Class,1,Credit Card
4924,12/26/2014,12/26/2014,12/30/2014,MH-18115,OFF-PA-10000994,629.1,Second Class,5,PayPal
4925,12/26/2014,12/26/2014,12/30/2014,MH-18115,TEC-PH-10002890,90.48,Second Class,4,PayPal
4926,9/11/2014,9/11/2014,9/14/2014,AR-10345,OFF-AR-10003338,14.88,First Class,4,PayPal
4927,10/20/2014,10/20/2014,10/24/2014,MO-17500,FUR-TA-10003008,91.275,Standard Class,5,PayPal
4928,12/2/2014,12/2/2014,12/7/2014,AD-10180,OFF-PA-10001972,19.44,Standard Class,5,Credit Card
4929,12/2/2014,12/2/2014,12/7/2014,AD-10180,FUR-CH-10000155,897.15,Standard Class,1,Bank Transfer
4930,9/2/2011,9/2/2011,9/3/2011,KD-16345,OFF-AR-10000658,57.75,First Class,1,PayPal
4931,9/2/2011,9/2/2011,9/3/2011,KD-16345,OFF-PA-10000349,14.94,First Class,3,Credit Card
4932,3/26/2014,3/26/2014,3/31/2014,FM-14215,OFF-AR-10001446,23.1,Standard Class,2,Bank Transfer
4933,9/28/2012,9/28/2012,10/4/2012,ZC-21910,OFF-EN-10004483,12.536,Standard Class,2,Bank Transfer
4934,9/28/2012,9/28/2012,10/4/2012,ZC-21910,OFF-BI-10002012,1.08,Standard Class,2,Bank Transfer
4935,9/28/2012,9/28/2012,10/4/2012,ZC-21910,OFF-FA-10003021,4.512,Standard Class,3,PayPal
4936,3/15/2012,3/15/2012,3/21/2012,KS-16300,TEC-PH-10003356,16.776,Standard Class,4,Bank Transfer
4937,1/7/2014,1/7/2014,1/14/2014,DP-13390,OFF-BI-10004728,33.74,Standard Class,2,Credit Card
4938,1/14/2011,1/14/2011,1/19/2011,BD-11605,OFF-ST-10000078,1325.85,Standard Class,3,Credit Card
4939,1/14/2011,1/14/2011,1/19/2011,BD-11605,FUR-BO-10003034,333.999,Standard Class,5,PayPal
4940,1/14/2011,1/14/2011,1/19/2011,BD-11605,OFF-AR-10003514,19.9,Standard Class,5,PayPal
4941,2/6/2012,2/6/2012,2/13/2012,IL-15100,FUR-CH-10001708,1268.82,Standard Class,1,Bank Transfer
4942,2/6/2012,2/6/2012,2/13/2012,IL-15100,FUR-BO-10002598,283.92,Standard Class,3,Credit Card
4943,2/6/2012,2/6/2012,2/13/2012,IL-15100,OFF-AR-10001022,5.68,Standard Class,1,Bank Transfer
4944,12/22/2014,12/22/2014,12/28/2014,LP-17095,OFF-ST-10004459,375.34,Standard Class,1,Bank Transfer
4945,9/6/2013,9/6/2013,9/7/2013,JH-15985,OFF-PA-10004381,96.08,First Class,2,Credit Card
4946,9/6/2013,9/6/2013,9/7/2013,JH-15985,OFF-BI-10000050,11.68,First Class,1,Bank Transfer
4947,9/6/2013,9/6/2013,9/7/2013,JH-15985,OFF-FA-10000304,4.36,First Class,1,Bank Transfer
4948,10/4/2011,10/4/2011,10/9/2011,JD-16015,OFF-LA-10002475,29.24,Standard Class,4,PayPal
4949,11/28/2014,11/28/2014,12/3/2014,BD-11320,OFF-BI-10001989,117.488,Standard Class,5,PayPal
4950,11/28/2014,11/28/2014,12/3/2014,BD-11320,FUR-FU-10000732,18.84,Standard Class,1,Credit Card
4951,10/29/2013,10/29/2013,11/2/2013,DL-13330,OFF-AR-10004441,12.42,Second Class,4,Bank Transfer
4952,6/9/2012,6/9/2012,6/13/2012,NC-18415,OFF-PA-10000304,12.96,Standard Class,3,Bank Transfer
4953,12/9/2014,12/9/2014,12/13/2014,AS-10225,OFF-AP-10002670,69.48,Second Class,1,Bank Transfer
4954,3/16/2012,3/16/2012,3/20/2012,MS-17980,TEC-PH-10001527,85.9,Standard Class,2,Credit Card
4955,6/9/2011,6/9/2011,6/13/2011,TS-21205,OFF-AR-10002335,18.06,Second Class,1,PayPal
4956,6/9/2011,6/9/2011,6/13/2011,TS-21205,OFF-PA-10003641,79.14,Second Class,4,Bank Transfer
4957,6/9/2011,6/9/2011,6/13/2011,TS-21205,FUR-FU-10002685,37.4,Second Class,5,Credit Card
4958,3/20/2012,3/20/2012,3/26/2012,JK-15730,OFF-BI-10001308,2.512,Standard Class,3,Credit Card
4959,3/20/2012,3/20/2012,3/26/2012,JK-15730,OFF-FA-10003485,18.864,Standard Class,4,PayPal
4960,11/19/2013,11/19/2013,11/23/2013,TC-21535,TEC-PH-10003357,61.192,Standard Class,1,Credit Card
4961,11/19/2013,11/19/2013,11/23/2013,TC-21535,OFF-AP-10002867,67.84,Standard Class,5,Bank Transfer
4962,3/7/2011,3/7/2011,3/8/2011,AB-10015,FUR-CH-10004477,48.712,First Class,2,PayPal
4963,3/7/2011,3/7/2011,3/8/2011,AB-10015,OFF-AR-10001427,17.94,First Class,3,Bank Transfer
4964,3/7/2011,3/7/2011,3/8/2011,AB-10015,OFF-ST-10002344,242.94,First Class,3,Credit Card
4965,5/16/2013,5/16/2013,5/20/2013,DP-13000,OFF-BI-10000301,7.764,Second Class,4,Credit Card
4966,5/25/2012,5/25/2012,5/28/2012,CY-12745,TEC-PH-10001944,467.04,Second Class,3,PayPal
4967,8/2/2012,8/2/2012,8/5/2012,BE-11455,TEC-PH-10001527,128.85,Second Class,1,Credit Card
4968,8/2/2012,8/2/2012,8/5/2012,BE-11455,OFF-PA-10001307,8.4,Second Class,3,PayPal
4969,8/2/2012,8/2/2012,8/5/2012,BE-11455,TEC-AC-10004571,199.98,Second Class,3,Credit Card
4970,8/2/2012,8/2/2012,8/5/2012,BE-11455,FUR-CH-10001973,110.98,Second Class,5,PayPal
4971,11/7/2013,11/7/2013,11/10/2013,KL-16555,FUR-CH-10000513,207.984,First Class,3,PayPal
4972,11/7/2013,11/7/2013,11/10/2013,KL-16555,OFF-PA-10002421,36.112,First Class,1,PayPal
4973,11/7/2013,11/7/2013,11/10/2013,KL-16555,FUR-FU-10004090,35.568,First Class,1,PayPal
4974,11/7/2013,11/7/2013,11/10/2013,KL-16555,OFF-PA-10004071,88.768,First Class,3,PayPal
4975,11/8/2013,11/8/2013,11/13/2013,PS-19045,OFF-PA-10002246,12.9,Standard Class,2,Bank Transfer
4976,9/18/2012,9/18/2012,9/23/2012,JR-16210,TEC-AC-10003198,717.12,Second Class,3,Credit Card
4977,12/7/2012,12/7/2012,12/9/2012,AH-10210,OFF-BI-10001031,21.36,First Class,2,Credit Card
4978,12/7/2012,12/7/2012,12/9/2012,AH-10210,OFF-BI-10003727,6.688,First Class,4,Credit Card
4979,12/7/2012,12/7/2012,12/9/2012,AH-10210,TEC-PH-10001336,773.94,First Class,3,Bank Transfer
4980,12/10/2013,12/10/2013,12/14/2013,RW-19630,OFF-SU-10001664,20.568,Second Class,1,Credit Card
4981,12/10/2013,12/10/2013,12/14/2013,RW-19630,OFF-AP-10003971,4.356,Second Class,1,Credit Card
4982,12/10/2013,12/10/2013,12/14/2013,RW-19630,TEC-AC-10000199,19.04,Second Class,2,Credit Card
4983,11/16/2011,11/16/2011,11/22/2011,AH-10075,OFF-LA-10001045,5.22,Standard Class,4,Bank Transfer
4984,11/7/2013,11/7/2013,11/11/2013,IM-15070,OFF-ST-10003442,84.84,Second Class,4,Credit Card
4985,9/6/2012,9/6/2012,9/10/2012,CK-12760,OFF-FA-10003059,7.24,Standard Class,4,Bank Transfer
4986,9/3/2011,9/3/2011,9/3/2011,AG-10390,OFF-LA-10001175,14.4,Same Day,5,Bank Transfer
4987,4/25/2013,4/25/2013,4/29/2013,CL-12700,OFF-PA-10003441,15.552,Standard Class,1,Bank Transfer
4988,4/25/2013,4/25/2013,4/29/2013,CL-12700,FUR-CH-10004287,1325.76,Standard Class,4,Credit Card
4989,4/25/2013,4/25/2013,4/29/2013,CL-12700,OFF-BI-10004040,3.108,Standard Class,5,Bank Transfer
4990,9/1/2014,9/1/2014,9/5/2014,AW-10930,OFF-BI-10004022,6.672,Standard Class,4,Bank Transfer
4991,9/1/2014,9/1/2014,9/5/2014,AW-10930,TEC-PH-10002200,689.408,Standard Class,5,Bank Transfer
4992,12/8/2014,12/8/2014,12/14/2014,HG-14965,OFF-BI-10001120,1889.99,Standard Class,3,Bank Transfer
4993,12/18/2012,12/18/2012,12/25/2012,RB-19645,OFF-EN-10000461,55.936,Standard Class,1,Bank Transfer
4994,12/18/2012,12/18/2012,12/25/2012,RB-19645,OFF-LA-10004008,18.432,Standard Class,5,PayPal
4995,12/18/2012,12/18/2012,12/25/2012,RB-19645,FUR-FU-10000221,20.32,Standard Class,5,PayPal
4996,11/4/2011,11/4/2011,11/10/2011,SZ-20035,OFF-BI-10000962,52.064,Standard Class,5,Bank Transfer
4997,3/11/2014,3/11/2014,3/16/2014,KS-16300,OFF-AP-10000390,48.784,Standard Class,2,Credit Card
4998,3/11/2014,3/11/2014,3/16/2014,KS-16300,OFF-BI-10000014,13.092,Standard Class,1,PayPal
4999,1/31/2013,1/31/2013,2/4/2013,SC-20050,TEC-PH-10004120,109.592,Standard Class,1,PayPal
5000,1/31/2013,1/31/2013,2/4/2013,SC-20050,OFF-PA-10002764,56.7,Standard Class,4,Credit Card
5001,5/8/2014,5/8/2014,5/13/2014,AB-10060,TEC-AC-10000736,79.99,Standard Class,3,Bank Transfer
5002,5/25/2013,5/25/2013,5/25/2013,EH-14125,OFF-SU-10000898,69.5,Same Day,1,Credit Card
5003,5/25/2013,5/25/2013,5/25/2013,EH-14125,OFF-PA-10004327,191.6,Same Day,1,PayPal
5004,10/8/2013,10/8/2013,10/13/2013,CC-12475,OFF-PA-10000143,10.56,Standard Class,4,Credit Card
5005,4/30/2011,4/30/2011,5/2/2011,TM-21010,TEC-AC-10002550,47.79,Second Class,1,Bank Transfer
5006,11/10/2012,11/10/2012,11/14/2012,SC-20695,OFF-ST-10003306,714.3,Second Class,1,PayPal
5007,11/9/2012,11/9/2012,11/14/2012,Dp-13240,TEC-MA-10000045,2321.9,Standard Class,1,PayPal
5008,11/9/2012,11/9/2012,11/14/2012,Dp-13240,OFF-ST-10001505,17.94,Standard Class,2,Credit Card
5009,9/7/2012,9/7/2012,9/14/2012,LR-17035,OFF-BI-10004781,9.522,Standard Class,2,Bank Transfer
5010,9/7/2012,9/7/2012,9/14/2012,LR-17035,TEC-PH-10002680,791.964,Standard Class,2,Bank Transfer
5011,9/7/2012,9/7/2012,9/14/2012,LR-17035,OFF-BI-10000848,4.923,Standard Class,2,PayPal
5012,5/12/2014,5/12/2014,5/14/2014,TS-21370,FUR-BO-10004467,209.979,First Class,1,PayPal
5013,7/22/2014,7/22/2014,7/27/2014,SW-20350,OFF-BI-10001670,33.93,Standard Class,1,Credit Card
5014,7/22/2014,7/22/2014,7/27/2014,SW-20350,OFF-ST-10000136,222.32,Standard Class,1,Credit Card
5015,7/22/2014,7/22/2014,7/27/2014,SW-20350,TEC-PH-10004522,210.564,Standard Class,5,Credit Card
5016,11/24/2011,11/24/2011,11/29/2011,TH-21100,FUR-FU-10002960,35.168,Standard Class,1,Credit Card
5017,11/24/2011,11/24/2011,11/29/2011,TH-21100,TEC-PH-10002584,1502.376,Standard Class,4,Bank Transfer
5018,11/15/2011,11/15/2011,11/18/2011,SS-20410,FUR-FU-10002505,10.11,First Class,2,Bank Transfer
5019,11/15/2011,11/15/2011,11/18/2011,SS-20410,TEC-AC-10003832,772.47,First Class,3,Bank Transfer
5020,11/15/2011,11/15/2011,11/18/2011,SS-20410,OFF-SU-10002537,20.46,First Class,4,Credit Card
5021,3/24/2014,3/24/2014,3/26/2014,MZ-17515,OFF-SU-10003505,347.58,Second Class,5,PayPal
5022,12/19/2013,12/19/2013,12/25/2013,JE-15475,TEC-AC-10001465,72.64,Standard Class,3,Bank Transfer
5023,12/19/2013,12/19/2013,12/25/2013,JE-15475,TEC-AC-10003832,772.47,Standard Class,2,PayPal
5024,12/19/2013,12/19/2013,12/25/2013,JE-15475,FUR-FU-10003731,39.92,Standard Class,1,Bank Transfer
5025,7/30/2014,7/30/2014,8/4/2014,RF-19735,OFF-BI-10004828,33.48,Standard Class,3,PayPal
5026,7/30/2014,7/30/2014,8/4/2014,RF-19735,TEC-PH-10003012,461.97,Standard Class,2,Credit Card
5027,7/30/2014,7/30/2014,8/4/2014,RF-19735,OFF-AP-10002311,137.62,Standard Class,3,PayPal
5028,7/30/2014,7/30/2014,8/4/2014,RF-19735,FUR-CH-10004626,302.67,Standard Class,1,Bank Transfer
5029,9/2/2011,9/2/2011,9/7/2011,CV-12295,TEC-AC-10001606,239.976,Second Class,4,PayPal
5030,1/30/2014,1/30/2014,2/3/2014,VG-21790,OFF-AR-10001216,8.34,Standard Class,3,Credit Card
5031,1/30/2014,1/30/2014,2/3/2014,VG-21790,OFF-SU-10001664,8.57,Standard Class,2,PayPal
5032,1/30/2014,1/30/2014,2/3/2014,VG-21790,OFF-BI-10002498,119.616,Standard Class,4,PayPal
5033,12/27/2013,12/27/2013,1/3/2014,BB-11545,FUR-CH-10003968,212.94,Standard Class,1,PayPal
5034,12/27/2013,12/27/2013,1/3/2014,BB-11545,OFF-AP-10002765,26.49,Standard Class,4,Bank Transfer
5035,8/9/2012,8/9/2012,8/13/2012,HR-14770,FUR-BO-10004690,687.4,Second Class,2,PayPal
5036,4/6/2011,4/6/2011,4/12/2011,SC-20260,FUR-TA-10000688,653.55,Standard Class,1,Credit Card
5037,4/6/2011,4/6/2011,4/12/2011,SC-20260,TEC-AC-10003441,33.9,Standard Class,1,Bank Transfer
5038,11/18/2014,11/18/2014,11/22/2014,EG-13900,TEC-AC-10003610,239.96,Second Class,4,Bank Transfer
5039,7/11/2012,7/11/2012,7/12/2012,TS-21370,FUR-TA-10001520,199.836,First Class,1,PayPal
5040,7/11/2012,7/11/2012,7/12/2012,TS-21370,TEC-PH-10001817,716,First Class,1,Bank Transfer
5041,7/11/2012,7/11/2012,7/12/2012,TS-21370,OFF-BI-10004492,221.06,First Class,4,PayPal
5042,11/11/2013,11/11/2013,11/14/2013,AI-10855,OFF-PA-10002421,67.71,Second Class,4,Bank Transfer
5043,11/11/2013,11/11/2013,11/14/2013,AI-10855,OFF-AP-10000055,129.92,Second Class,2,Bank Transfer
5044,11/11/2013,11/11/2013,11/14/2013,AI-10855,FUR-FU-10000965,467.46,Second Class,1,PayPal
5045,11/11/2013,11/11/2013,11/14/2013,AI-10855,OFF-PA-10001363,61.4,Second Class,3,Credit Card
5046,11/11/2013,11/11/2013,11/14/2013,AI-10855,OFF-ST-10001496,720.76,Second Class,4,PayPal
5047,11/11/2013,11/11/2013,11/14/2013,AI-10855,OFF-BI-10004656,5.184,Second Class,3,Credit Card
5048,11/11/2013,11/11/2013,11/14/2013,AI-10855,OFF-AR-10001227,14.7,Second Class,3,PayPal
5049,3/31/2011,3/31/2011,4/4/2011,DD-13570,OFF-BI-10002071,8.134,Standard Class,4,Credit Card
5050,3/31/2011,3/31/2011,4/4/2011,DD-13570,TEC-AC-10004901,79.984,Standard Class,4,PayPal
5051,9/18/2012,9/18/2012,9/24/2012,AB-10060,OFF-PA-10001776,18.54,Standard Class,1,PayPal
5052,11/7/2012,11/7/2012,11/11/2012,KB-16240,OFF-EN-10000483,24.4,Standard Class,4,PayPal
5053,5/20/2014,5/20/2014,5/20/2014,JC-15775,OFF-PA-10003129,195.64,Same Day,2,Credit Card
5054,1/3/2012,1/3/2012,1/8/2012,AH-10465,TEC-AC-10003198,398.4,Second Class,3,Bank Transfer
5055,1/3/2012,1/3/2012,1/8/2012,AH-10465,OFF-AR-10001246,7.056,Second Class,3,Bank Transfer
5056,1/3/2012,1/3/2012,1/8/2012,AH-10465,FUR-BO-10003272,1352.3976,Second Class,1,Bank Transfer
5057,9/8/2012,9/8/2012,9/11/2012,NM-18520,OFF-PA-10002606,26.4,First Class,1,Bank Transfer
5058,9/8/2012,9/8/2012,9/11/2012,NM-18520,OFF-ST-10002486,41.88,First Class,3,Credit Card
5059,4/4/2013,4/4/2013,4/8/2013,CS-11950,OFF-BI-10004330,99.846,Standard Class,5,Credit Card
5060,12/6/2013,12/6/2013,12/8/2013,TP-21130,TEC-PH-10000560,699.98,Second Class,3,PayPal
5061,12/6/2013,12/6/2013,12/8/2013,TP-21130,OFF-ST-10000060,584.82,Second Class,2,PayPal
5062,5/8/2012,5/8/2012,5/12/2012,DL-12925,OFF-BI-10003684,43.98,Standard Class,1,Credit Card
5063,5/8/2012,5/8/2012,5/12/2012,DL-12925,TEC-PH-10000441,377.97,Standard Class,1,PayPal
5064,5/8/2012,5/8/2012,5/12/2012,DL-12925,FUR-FU-10000723,123.96,Standard Class,3,Credit Card
5065,9/23/2014,9/23/2014,9/25/2014,CA-12265,TEC-PH-10004977,391.98,First Class,5,PayPal
5066,12/1/2014,12/1/2014,12/8/2014,SC-20380,TEC-AC-10002001,383.976,Standard Class,2,Bank Transfer
5067,12/1/2014,12/1/2014,12/8/2014,SC-20380,FUR-TA-10001889,1781.682,Standard Class,4,Bank Transfer
5068,1/16/2014,1/16/2014,1/20/2014,TT-21460,OFF-AR-10003504,21.4,Standard Class,1,Credit Card
5069,8/8/2011,8/8/2011,8/12/2011,MA-17560,TEC-CO-10001571,549.99,Standard Class,1,Bank Transfer
5070,8/8/2011,8/8/2011,8/12/2011,MA-17560,OFF-AP-10002495,167.535,Standard Class,5,Bank Transfer
5071,8/8/2011,8/8/2011,8/12/2011,MA-17560,OFF-EN-10002500,38.34,Standard Class,3,PayPal
5072,8/8/2011,8/8/2011,8/12/2011,MA-17560,FUR-FU-10002088,53.88,Standard Class,2,Credit Card
5073,8/8/2011,8/8/2011,8/12/2011,MA-17560,TEC-PH-10001128,299.98,Standard Class,1,Bank Transfer
5074,11/5/2012,11/5/2012,11/5/2012,JM-16195,OFF-ST-10000649,62.8,Same Day,2,PayPal
5075,4/26/2014,4/26/2014,4/30/2014,MB-18085,OFF-BI-10002103,13.904,Second Class,1,Bank Transfer
5076,4/20/2011,4/20/2011,4/22/2011,SV-20365,FUR-TA-10001705,744.1,Second Class,4,Bank Transfer
5077,4/20/2011,4/20/2011,4/22/2011,SV-20365,OFF-ST-10004634,44.84,Second Class,1,PayPal
5078,4/20/2011,4/20/2011,4/22/2011,SV-20365,FUR-TA-10004442,401.59,Second Class,3,Bank Transfer
5079,11/12/2014,11/12/2014,11/18/2014,CG-12040,OFF-BI-10002949,18.24,Standard Class,3,PayPal
5080,11/26/2014,11/26/2014,11/30/2014,BD-11500,FUR-BO-10002213,359.499,Standard Class,3,PayPal
5081,11/26/2014,11/26/2014,11/30/2014,BD-11500,OFF-ST-10001325,10.48,Standard Class,3,Credit Card
5082,12/18/2012,12/18/2012,12/18/2012,JK-15640,OFF-PA-10003441,20.736,Same Day,4,PayPal
5083,9/9/2013,9/9/2013,9/13/2013,JM-15580,TEC-AC-10004209,35.168,Standard Class,1,PayPal
5084,9/9/2013,9/9/2013,9/13/2013,JM-15580,OFF-PA-10000501,64.704,Standard Class,2,Credit Card
5085,6/7/2013,6/7/2013,6/10/2013,SC-20230,OFF-PA-10003656,105.52,Second Class,2,Bank Transfer
5086,6/19/2012,6/19/2012,6/23/2012,ME-17320,OFF-BI-10001107,5.792,Standard Class,5,PayPal
5087,3/5/2012,3/5/2012,3/9/2012,KN-16390,TEC-PH-10000562,466.158,Standard Class,4,Credit Card
5088,3/5/2012,3/5/2012,3/9/2012,KN-16390,TEC-AC-10001101,10.312,Standard Class,4,Bank Transfer
5089,3/5/2012,3/5/2012,3/9/2012,KN-16390,OFF-BI-10003529,2.556,Standard Class,4,PayPal
5090,8/5/2014,8/5/2014,8/8/2014,HM-14860,OFF-PA-10001752,7.968,First Class,5,PayPal
5091,8/5/2014,8/5/2014,8/8/2014,HM-14860,OFF-EN-10001141,8.784,First Class,5,PayPal
5092,12/31/2014,12/31/2014,1/4/2015,JM-15580,OFF-FA-10003472,3.024,Standard Class,3,Bank Transfer
5093,5/23/2012,5/23/2012,5/27/2012,KH-16690,OFF-ST-10004507,51.45,Standard Class,4,Bank Transfer
5094,12/6/2011,12/6/2011,12/10/2011,BK-11260,OFF-AP-10004036,14.016,Standard Class,5,Credit Card
5095,12/6/2011,12/6/2011,12/10/2011,BK-11260,FUR-TA-10004086,214.95,Standard Class,4,PayPal
5096,12/6/2011,12/6/2011,12/10/2011,BK-11260,TEC-PH-10000307,35.04,Standard Class,5,Credit Card
5097,12/6/2011,12/6/2011,12/10/2011,BK-11260,FUR-FU-10002088,10.776,Standard Class,1,Credit Card
5098,12/6/2011,12/6/2011,12/10/2011,BK-11260,OFF-BI-10004965,4.6,Standard Class,3,Bank Transfer
5099,12/6/2011,12/6/2011,12/10/2011,BK-11260,OFF-ST-10002485,35.168,Standard Class,5,Credit Card
5100,8/7/2012,8/7/2012,8/12/2012,PN-18775,OFF-BI-10002194,19.152,Standard Class,3,PayPal
5101,3/17/2011,3/17/2011,3/17/2011,AZ-10750,OFF-AR-10003732,4.448,Same Day,5,PayPal
5102,3/17/2011,3/17/2011,3/17/2011,AZ-10750,OFF-PA-10002195,5.184,Same Day,5,PayPal
5103,3/17/2011,3/17/2011,3/17/2011,AZ-10750,OFF-PA-10002365,15.552,Same Day,2,Bank Transfer
5104,3/26/2012,3/26/2012,3/30/2012,GM-14500,OFF-PA-10001950,40.032,Second Class,3,Credit Card
5105,3/26/2012,3/26/2012,3/30/2012,GM-14500,TEC-AC-10004633,16.776,Second Class,4,Bank Transfer
5106,12/14/2011,12/14/2011,12/20/2011,BM-11785,FUR-CH-10002439,186.304,Standard Class,2,Credit Card
5107,9/19/2012,9/19/2012,9/26/2012,NH-18610,TEC-AC-10000682,66.36,Standard Class,5,Bank Transfer
5108,4/26/2014,4/26/2014,4/27/2014,PN-18775,OFF-AR-10004078,42.048,First Class,5,Credit Card
5109,4/26/2014,4/26/2014,4/27/2014,PN-18775,OFF-AR-10001958,67.92,First Class,5,PayPal
5110,10/18/2011,10/18/2011,10/22/2011,EH-13765,OFF-EN-10001335,52.512,Standard Class,2,Credit Card
5111,10/18/2011,10/18/2011,10/22/2011,EH-13765,OFF-ST-10003479,186.912,Standard Class,1,Bank Transfer
5112,10/18/2011,10/18/2011,10/22/2011,EH-13765,OFF-PA-10003016,10.048,Standard Class,4,Bank Transfer
5113,11/13/2012,11/13/2012,11/13/2012,HA-14905,FUR-FU-10001025,17.496,Same Day,5,PayPal
5114,1/31/2013,1/31/2013,2/2/2013,AB-10150,OFF-PA-10003936,15.552,Second Class,3,PayPal
5115,11/18/2013,11/18/2013,11/23/2013,MS-17365,OFF-BI-10004140,10.776,Standard Class,4,PayPal
5116,7/26/2014,7/26/2014,7/30/2014,DD-13570,OFF-LA-10004178,3.304,Standard Class,4,PayPal
5117,11/12/2014,11/12/2014,11/18/2014,MT-17815,OFF-ST-10003324,35.48,Standard Class,4,Bank Transfer
5118,9/26/2012,9/26/2012,10/3/2012,GM-14500,OFF-FA-10004854,34.44,Standard Class,5,Credit Card
5119,9/26/2012,9/26/2012,10/3/2012,GM-14500,TEC-MA-10002859,629.93,Standard Class,4,Credit Card
5120,9/26/2012,9/26/2012,10/3/2012,GM-14500,OFF-BI-10000088,79.056,Standard Class,2,PayPal
5121,4/4/2011,4/4/2011,4/8/2011,KB-16585,OFF-ST-10004180,232.55,Standard Class,5,Credit Card
5122,4/4/2011,4/4/2011,4/8/2011,KB-16585,TEC-AC-10002926,99.98,Standard Class,5,PayPal
5123,4/4/2011,4/4/2011,4/8/2011,KB-16585,OFF-PA-10003797,19.44,Standard Class,5,Credit Card
5124,4/4/2011,4/4/2011,4/8/2011,KB-16585,OFF-PA-10002195,12.96,Standard Class,1,Credit Card
5125,9/14/2011,9/14/2011,9/14/2011,DM-13015,FUR-TA-10001039,464.292,Same Day,2,Bank Transfer
5126,9/14/2011,9/14/2011,9/14/2011,DM-13015,OFF-EN-10001099,68.46,Same Day,5,Credit Card
5127,9/14/2011,9/14/2011,9/14/2011,DM-13015,TEC-MA-10003979,2799.96,Same Day,4,PayPal
5128,9/14/2011,9/14/2011,9/14/2011,DM-13015,OFF-AP-10002945,601.3,Same Day,2,Bank Transfer
5129,9/14/2011,9/14/2011,9/14/2011,DM-13015,TEC-PH-10001536,16.99,Same Day,1,Credit Card
5130,9/14/2011,9/14/2011,9/14/2011,DM-13015,TEC-PH-10000526,287.97,Same Day,2,Bank Transfer
5131,9/14/2011,9/14/2011,9/14/2011,DM-13015,OFF-PA-10000213,44.82,Same Day,3,Credit Card
5132,12/30/2014,12/30/2014,1/6/2015,BP-11185,FUR-FU-10002501,101.12,Standard Class,1,PayPal
5133,6/21/2012,6/21/2012,6/27/2012,EP-13915,TEC-PH-10001819,107.976,Standard Class,1,Credit Card
5134,11/27/2014,11/27/2014,12/1/2014,FG-14260,OFF-AP-10001962,58.73,Standard Class,4,PayPal
5135,11/27/2014,11/27/2014,12/1/2014,FG-14260,OFF-BI-10003364,93.344,Standard Class,5,Bank Transfer
5136,10/24/2013,10/24/2013,10/29/2013,AB-10255,OFF-FA-10002983,17.05,Standard Class,1,PayPal
5137,12/14/2012,12/14/2012,12/19/2012,RD-19480,OFF-BI-10002432,8.096,Standard Class,5,Bank Transfer
5138,11/14/2013,11/14/2013,11/18/2013,TS-21430,FUR-FU-10003096,30.36,Standard Class,1,Bank Transfer
5139,9/30/2014,9/30/2014,10/6/2014,JA-15970,OFF-EN-10001539,23.34,Standard Class,5,Credit Card
5140,9/30/2014,9/30/2014,10/6/2014,JA-15970,OFF-PA-10004996,51.55,Standard Class,3,Bank Transfer
5141,11/8/2012,11/8/2012,11/12/2012,SW-20455,TEC-AC-10001956,119.9,Standard Class,2,Credit Card
5142,4/2/2013,4/2/2013,4/6/2013,FP-14320,FUR-CH-10000454,1317.492,Standard Class,2,PayPal
5143,4/2/2013,4/2/2013,4/6/2013,FP-14320,OFF-SU-10000946,63.84,Standard Class,3,Credit Card
5144,4/2/2013,4/2/2013,4/6/2013,FP-14320,OFF-BI-10004140,3.592,Standard Class,4,PayPal
5145,2/3/2014,2/3/2014,2/8/2014,JL-15835,FUR-FU-10003039,86.26,Standard Class,1,PayPal
5146,2/3/2014,2/3/2014,2/8/2014,JL-15835,OFF-ST-10000464,139.04,Standard Class,4,PayPal
5147,2/3/2014,2/3/2014,2/8/2014,JL-15835,OFF-AP-10000252,46.8,Standard Class,1,Bank Transfer
5148,12/25/2014,12/25/2014,1/1/2015,JL-15175,FUR-FU-10001731,8.544,Standard Class,4,Bank Transfer
5149,12/25/2014,12/25/2014,1/1/2015,JL-15175,FUR-CH-10001394,842.376,Standard Class,4,Credit Card
5150,6/21/2011,6/21/2011,6/21/2011,JG-15160,TEC-PH-10001578,1214.85,Same Day,4,PayPal
5151,3/7/2014,3/7/2014,3/11/2014,SH-19975,OFF-ST-10000675,67.78,Second Class,5,Bank Transfer
5152,9/26/2014,9/26/2014,9/29/2014,LS-17200,OFF-ST-10002352,39.9,First Class,3,PayPal
5153,6/30/2011,6/30/2011,7/6/2011,CS-11860,OFF-BI-10004528,2.688,Standard Class,2,PayPal
5154,6/30/2011,6/30/2011,7/6/2011,CS-11860,OFF-AR-10001026,6.6,Standard Class,4,Credit Card
5155,8/7/2012,8/7/2012,8/8/2012,KW-16570,OFF-BI-10002215,28.4,First Class,5,PayPal
5156,8/7/2012,8/7/2012,8/8/2012,KW-16570,FUR-FU-10000305,212.94,First Class,5,Credit Card
5157,7/1/2014,7/1/2014,7/5/2014,GH-14410,TEC-PH-10002584,1001.584,Second Class,2,Bank Transfer
5158,7/1/2014,7/1/2014,7/5/2014,GH-14410,FUR-CH-10000229,569.058,Second Class,3,Bank Transfer
5159,7/1/2014,7/1/2014,7/5/2014,GH-14410,FUR-FU-10003799,14.224,Second Class,3,Credit Card
5160,10/26/2012,10/26/2012,10/30/2012,AG-10495,TEC-PH-10001700,105.584,Second Class,4,Bank Transfer
5161,10/26/2012,10/26/2012,10/30/2012,AG-10495,TEC-PH-10001527,68.72,Second Class,2,Bank Transfer
5162,7/30/2011,7/30/2011,8/5/2011,TS-21430,FUR-BO-10002916,1367.84,Standard Class,1,PayPal
5163,11/19/2013,11/19/2013,11/24/2013,AJ-10945,FUR-CH-10000863,301.96,Second Class,4,PayPal
5164,7/6/2012,7/6/2012,7/11/2012,SJ-20215,FUR-CH-10003968,170.352,Standard Class,1,Bank Transfer
5165,11/10/2011,11/10/2011,11/16/2011,SC-20020,OFF-AR-10001149,3.9,Standard Class,3,PayPal
5166,11/10/2011,11/10/2011,11/16/2011,SC-20020,OFF-PA-10000130,12.84,Standard Class,4,Bank Transfer
5167,11/10/2011,11/10/2011,11/16/2011,SC-20020,OFF-PA-10002479,15.84,Standard Class,1,Credit Card
5168,11/10/2011,11/10/2011,11/16/2011,SC-20020,FUR-CH-10004997,563.94,Standard Class,2,Bank Transfer
5169,11/10/2011,11/10/2011,11/16/2011,SC-20020,OFF-ST-10004950,62.94,Standard Class,3,Credit Card
5170,11/10/2011,11/10/2011,11/16/2011,SC-20020,OFF-ST-10001490,535.41,Standard Class,3,PayPal
5171,5/28/2013,5/28/2013,5/30/2013,LA-16780,FUR-CH-10002024,3504.9,Second Class,3,Bank Transfer
5172,5/28/2013,5/28/2013,5/30/2013,LA-16780,OFF-PA-10001790,144.12,Second Class,3,PayPal
5173,5/28/2013,5/28/2013,5/30/2013,LA-16780,OFF-PA-10000994,314.55,Second Class,1,Credit Card
5174,3/8/2012,3/8/2012,3/10/2012,FC-14335,OFF-AR-10002399,3.408,First Class,5,PayPal
5175,10/20/2014,10/20/2014,10/25/2014,CA-12265,OFF-BI-10002799,2.072,Standard Class,2,PayPal
5176,10/20/2014,10/20/2014,10/25/2014,CA-12265,FUR-BO-10004360,328.3992,Standard Class,2,Credit Card
5177,11/6/2013,11/6/2013,11/9/2013,JH-15985,OFF-BI-10002082,53.248,First Class,5,Bank Transfer
5178,12/27/2013,12/27/2013,12/31/2013,AJ-10795,OFF-BI-10004967,4.992,Standard Class,1,Bank Transfer
5179,4/13/2012,4/13/2012,4/19/2012,BT-11395,FUR-FU-10004973,37.68,Standard Class,4,PayPal
5180,4/13/2012,4/13/2012,4/19/2012,BT-11395,TEC-PH-10003645,258.576,Standard Class,1,PayPal
5181,4/13/2012,4/13/2012,4/19/2012,BT-11395,OFF-AP-10004980,75.84,Standard Class,5,Credit Card
5182,9/13/2014,9/13/2014,9/16/2014,DJ-13510,OFF-PA-10003797,45.36,First Class,5,Credit Card
5183,9/13/2014,9/13/2014,9/16/2014,DJ-13510,OFF-BI-10003707,45.78,First Class,3,PayPal
5184,9/25/2014,9/25/2014,9/28/2014,AG-10675,OFF-ST-10000885,40.29,First Class,4,PayPal
5185,9/25/2014,9/25/2014,9/28/2014,AG-10675,OFF-BI-10002827,38.71,First Class,4,PayPal
5186,10/10/2012,10/10/2012,10/15/2012,JD-15790,OFF-ST-10004459,1801.632,Standard Class,5,Bank Transfer
5187,11/27/2012,11/27/2012,12/3/2012,EH-14125,TEC-PH-10002789,748.752,Standard Class,1,Credit Card
5188,9/13/2012,9/13/2012,9/18/2012,ZC-21910,TEC-AC-10001314,199.96,Standard Class,1,Credit Card
5189,9/13/2012,9/13/2012,9/18/2012,ZC-21910,FUR-CH-10000015,1516.2,Standard Class,5,Credit Card
5190,11/15/2014,11/15/2014,11/19/2014,XP-21865,TEC-AC-10004855,167.952,Standard Class,4,Bank Transfer
5191,11/15/2014,11/15/2014,11/19/2014,XP-21865,OFF-AR-10003582,45.04,Standard Class,1,Credit Card
5192,5/6/2014,5/6/2014,5/10/2014,DK-12985,OFF-EN-10003448,23.16,Standard Class,5,PayPal
5193,11/28/2011,11/28/2011,12/1/2011,CS-12250,FUR-FU-10003773,397.6,Second Class,3,Bank Transfer
5194,11/28/2011,11/28/2011,12/1/2011,CS-12250,OFF-PA-10001363,85.96,Second Class,4,PayPal
5195,11/28/2011,11/28/2011,12/1/2011,CS-12250,OFF-AR-10004757,13.12,Second Class,1,PayPal
5196,11/28/2011,11/28/2011,12/1/2011,CS-12250,OFF-BI-10000309,45.66,Second Class,2,PayPal
5197,5/10/2011,5/10/2011,5/15/2011,AI-10855,OFF-EN-10001434,158.13,Standard Class,1,Bank Transfer
5198,5/10/2011,5/10/2011,5/15/2011,AI-10855,TEC-PH-10003988,43.6,Standard Class,1,PayPal
5199,3/4/2013,3/4/2013,3/9/2013,AA-10315,OFF-SU-10000151,3930.072,Standard Class,5,Bank Transfer
5200,3/4/2013,3/4/2013,3/9/2013,AA-10315,OFF-FA-10001332,2.304,Standard Class,3,Bank Transfer
5201,3/4/2013,3/4/2013,3/9/2013,AA-10315,TEC-PH-10000895,431.976,Standard Class,1,Credit Card
5202,3/4/2013,3/4/2013,3/9/2013,AA-10315,TEC-AC-10002857,41.72,Standard Class,1,Credit Card
5203,8/15/2012,8/15/2012,8/19/2012,RE-19450,FUR-FU-10004018,104.23,Standard Class,2,Bank Transfer
5204,8/15/2012,8/15/2012,8/19/2012,RE-19450,OFF-ST-10003638,70.26,Standard Class,1,Bank Transfer
5205,9/12/2012,9/12/2012,9/18/2012,TM-21010,OFF-AR-10004685,9.26,Standard Class,2,Bank Transfer
5206,9/12/2012,9/12/2012,9/18/2012,TM-21010,OFF-ST-10001713,105.98,Standard Class,1,Bank Transfer
5207,9/12/2012,9/12/2012,9/18/2012,TM-21010,OFF-FA-10000490,1.24,Standard Class,2,Credit Card
5208,9/12/2012,9/12/2012,9/18/2012,TM-21010,OFF-LA-10002043,20.7,Standard Class,2,PayPal
5209,9/12/2012,9/12/2012,9/18/2012,TM-21010,OFF-PA-10002464,28.9,Standard Class,2,Bank Transfer
5210,9/12/2012,9/12/2012,9/18/2012,TM-21010,OFF-EN-10002504,27.18,Standard Class,3,Bank Transfer
5211,1/12/2012,1/12/2012,1/18/2012,YS-21880,OFF-ST-10002615,465.18,Standard Class,2,PayPal
5212,5/12/2012,5/12/2012,5/16/2012,AZ-10750,OFF-ST-10004258,36.63,Second Class,3,Bank Transfer
5213,9/27/2013,9/27/2013,9/27/2013,CM-12445,OFF-ST-10004507,51.45,Same Day,5,Bank Transfer
5214,9/27/2013,9/27/2013,9/27/2013,CM-12445,OFF-LA-10000262,7.83,Same Day,4,Credit Card
5215,9/27/2013,9/27/2013,9/27/2013,CM-12445,OFF-AR-10002445,35.4,Same Day,2,Bank Transfer
5216,9/27/2013,9/27/2013,9/27/2013,CM-12445,OFF-PA-10001667,29.9,Same Day,3,Bank Transfer
5217,9/10/2014,9/10/2014,9/16/2014,JB-16000,OFF-EN-10000461,17.48,Standard Class,2,Bank Transfer
5218,4/16/2014,4/16/2014,4/18/2014,NS-18640,OFF-PA-10002254,79.14,Second Class,1,Credit Card
5219,6/11/2014,6/11/2014,6/15/2014,LC-16930,OFF-AR-10001868,8.4,Standard Class,4,PayPal
5220,9/2/2014,9/2/2014,9/2/2014,CA-12775,FUR-CH-10004875,498.26,Same Day,4,PayPal
5221,6/14/2011,6/14/2011,6/20/2011,SR-20425,FUR-BO-10000711,212.94,Standard Class,4,Credit Card
5222,5/19/2014,5/19/2014,5/23/2014,PP-18955,OFF-AP-10000938,706.86,Second Class,3,Credit Card
5223,5/19/2014,5/19/2014,5/23/2014,PP-18955,TEC-PH-10003555,114.95,Second Class,2,Credit Card
5224,5/19/2014,5/19/2014,5/23/2014,PP-18955,OFF-BI-10001267,43.19,Second Class,5,Credit Card
5225,9/13/2014,9/13/2014,9/18/2014,JM-15865,OFF-PA-10004071,166.44,Second Class,3,PayPal
5226,6/22/2013,6/22/2013,6/27/2013,AS-10090,OFF-BI-10001553,36.56,Standard Class,4,PayPal
5227,6/22/2013,6/22/2013,6/27/2013,AS-10090,OFF-BI-10003007,186.144,Standard Class,5,Credit Card
5228,6/22/2013,6/22/2013,6/27/2013,AS-10090,FUR-BO-10003272,353.568,Standard Class,4,Bank Transfer
5229,11/26/2011,11/26/2011,12/1/2011,LS-16975,OFF-PA-10001033,81.98,Standard Class,3,Credit Card
5230,3/20/2014,3/20/2014,3/23/2014,SA-20830,OFF-BI-10001553,14.624,Second Class,2,Credit Card
5231,3/20/2014,3/20/2014,3/23/2014,SA-20830,FUR-TA-10001095,697.16,Second Class,1,Credit Card
5232,3/20/2014,3/20/2014,3/23/2014,SA-20830,FUR-FU-10001185,30.93,Second Class,5,Credit Card
5233,3/20/2014,3/20/2014,3/23/2014,SA-20830,OFF-BI-10000343,27.496,Second Class,2,Bank Transfer
5234,10/18/2011,10/18/2011,10/22/2011,LS-17200,FUR-CH-10004626,605.34,Standard Class,3,Bank Transfer
5235,8/23/2014,8/23/2014,8/24/2014,TM-21490,FUR-TA-10001768,210.008,First Class,2,Bank Transfer
5236,11/20/2013,11/20/2013,11/23/2013,TT-21265,OFF-AP-10001947,54.96,First Class,5,Bank Transfer
5237,9/20/2011,9/20/2011,9/24/2011,DN-13690,FUR-FU-10004952,164.22,Standard Class,2,PayPal
5238,9/20/2011,9/20/2011,9/24/2011,DN-13690,FUR-BO-10001337,362.94,Standard Class,4,Credit Card
5239,9/20/2011,9/20/2011,9/24/2011,DN-13690,TEC-AC-10003628,59.98,Standard Class,2,Bank Transfer
5240,9/12/2013,9/12/2013,9/18/2013,EB-14110,OFF-ST-10004186,332.94,Standard Class,5,Bank Transfer
5241,9/12/2013,9/12/2013,9/18/2013,EB-14110,OFF-BI-10001658,39.872,Standard Class,4,PayPal
5242,9/24/2013,9/24/2013,9/27/2013,CM-11815,OFF-SU-10004737,13.68,Second Class,3,Credit Card
5243,8/5/2014,8/5/2014,8/9/2014,HM-14860,OFF-BI-10002827,3.318,Standard Class,3,Bank Transfer
5244,7/26/2013,7/26/2013,7/27/2013,KM-16375,OFF-BI-10003694,10.44,First Class,1,PayPal
5245,8/3/2013,8/3/2013,8/5/2013,BF-11020,FUR-TA-10001691,136.464,Second Class,4,Bank Transfer
5246,8/3/2013,8/3/2013,8/5/2013,BF-11020,TEC-PH-10001918,333.576,Second Class,4,Credit Card
5247,8/3/2013,8/3/2013,8/5/2013,BF-11020,OFF-BI-10000285,12.544,Second Class,2,Bank Transfer
5248,5/21/2012,5/21/2012,5/27/2012,JE-15745,OFF-AP-10000358,20.768,Standard Class,3,Bank Transfer
5249,11/4/2014,11/4/2014,11/6/2014,EJ-14155,TEC-AC-10002345,43.5,Second Class,4,Bank Transfer
5250,4/16/2012,4/16/2012,4/21/2012,BN-11470,OFF-FA-10001229,12.576,Standard Class,1,PayPal
5251,12/13/2013,12/13/2013,12/19/2013,EC-14050,TEC-AC-10001314,249.95,Standard Class,1,PayPal
5252,12/13/2013,12/13/2013,12/19/2013,EC-14050,OFF-PA-10004438,49.12,Standard Class,4,Credit Card
5253,10/30/2012,10/30/2012,11/2/2012,TT-21220,OFF-AP-10000026,182.91,First Class,1,PayPal
5254,3/7/2011,3/7/2011,3/11/2011,NP-18685,OFF-BI-10004224,107.648,Second Class,3,Bank Transfer
5255,3/5/2012,3/5/2012,3/7/2012,AH-10195,FUR-CH-10002647,99.372,Second Class,5,Credit Card
5256,3/5/2012,3/5/2012,3/7/2012,AH-10195,FUR-FU-10003247,33.568,Second Class,4,PayPal
5257,8/9/2013,8/9/2013,8/15/2013,CC-12145,OFF-PA-10003270,10.56,Standard Class,2,PayPal
5258,1/4/2014,1/4/2014,1/9/2014,DL-13315,OFF-PA-10004735,38.88,Standard Class,2,Bank Transfer
5259,10/10/2014,10/10/2014,10/12/2014,XP-21865,OFF-PA-10001745,35.2,First Class,3,PayPal
5260,10/21/2014,10/21/2014,10/27/2014,MA-17560,OFF-PA-10000176,45.528,Standard Class,2,PayPal
5261,9/7/2011,9/7/2011,9/10/2011,SZ-20035,TEC-PH-10000675,196.776,First Class,1,PayPal
5262,9/7/2011,9/7/2011,9/10/2011,SZ-20035,OFF-BI-10000050,2.92,First Class,1,Credit Card
5263,9/7/2011,9/7/2011,9/10/2011,SZ-20035,FUR-TA-10004154,200.795,First Class,3,Credit Card
5264,9/7/2011,9/7/2011,9/10/2011,SZ-20035,TEC-AC-10002718,46.688,First Class,4,Bank Transfer
5265,9/7/2011,9/7/2011,9/10/2011,SZ-20035,OFF-AR-10003179,21.864,First Class,4,PayPal
5266,10/1/2014,10/1/2014,10/4/2014,CS-11845,OFF-PA-10001838,11.76,First Class,5,Credit Card
5267,10/1/2014,10/1/2014,10/4/2014,CS-11845,OFF-PA-10004039,167.94,First Class,4,Credit Card
5268,10/1/2014,10/1/2014,10/4/2014,CS-11845,OFF-AP-10001626,3.89,First Class,3,Bank Transfer
5269,11/17/2014,11/17/2014,11/22/2014,MH-18115,TEC-MA-10003173,52.44,Standard Class,2,Credit Card
5270,9/12/2014,9/12/2014,9/12/2014,CB-12025,FUR-FU-10000260,32.36,Same Day,1,Credit Card
5271,9/12/2014,9/12/2014,9/12/2014,CB-12025,OFF-AP-10004487,406.6,Same Day,1,PayPal
5272,1/17/2014,1/17/2014,1/17/2014,JO-15145,FUR-FU-10001487,27.92,Same Day,4,Credit Card
5273,1/17/2014,1/17/2014,1/17/2014,JO-15145,FUR-TA-10001520,399.672,Same Day,1,Bank Transfer
5274,11/27/2013,11/27/2013,11/30/2013,PA-19060,OFF-BI-10000145,3.744,First Class,4,Credit Card
5275,11/7/2012,11/7/2012,11/9/2012,SV-20785,FUR-CH-10000595,715.2,Second Class,4,Bank Transfer
5276,12/15/2014,12/15/2014,12/21/2014,KL-16555,TEC-AC-10004469,159.8,Standard Class,3,PayPal
5277,12/15/2014,12/15/2014,12/21/2014,KL-16555,TEC-AC-10003038,44.75,Standard Class,2,Credit Card
5278,9/13/2011,9/13/2011,9/17/2011,BC-11125,FUR-CH-10004698,340.116,Standard Class,2,Credit Card
5279,12/7/2011,12/7/2011,12/13/2011,PO-18850,OFF-PA-10003641,105.52,Standard Class,2,PayPal
5280,9/8/2014,9/8/2014,9/12/2014,AG-10675,TEC-AC-10002134,13.48,Standard Class,1,Credit Card
5281,10/8/2014,10/8/2014,10/13/2014,DB-13210,OFF-ST-10001837,85.52,Standard Class,2,Credit Card
5282,9/5/2012,9/5/2012,9/10/2012,SP-20860,FUR-FU-10001706,6.16,Standard Class,5,PayPal
5283,9/5/2012,9/5/2012,9/10/2012,SP-20860,OFF-PA-10001970,36.84,Standard Class,2,Credit Card
5284,3/30/2011,3/30/2011,4/4/2011,Dl-13600,OFF-ST-10002957,15.84,Standard Class,5,Bank Transfer
5285,3/30/2011,3/30/2011,4/4/2011,Dl-13600,OFF-LA-10002312,44.4,Standard Class,1,PayPal
5286,5/6/2014,5/6/2014,5/7/2014,LH-17020,OFF-EN-10002600,21.24,First Class,1,PayPal
5287,5/6/2014,5/6/2014,5/7/2014,LH-17020,OFF-BI-10003274,9.552,First Class,5,Bank Transfer
5288,5/6/2014,5/6/2014,5/7/2014,LH-17020,FUR-BO-10004467,89.991,First Class,1,Credit Card
5289,5/1/2014,5/1/2014,5/6/2014,AD-10180,OFF-PA-10000675,163.96,Standard Class,2,PayPal
5290,9/8/2011,9/8/2011,9/15/2011,KT-16465,OFF-PA-10002259,17.904,Standard Class,3,Credit Card
5291,9/8/2011,9/8/2011,9/15/2011,KT-16465,FUR-CH-10004287,966.7,Standard Class,1,Credit Card
5292,9/8/2011,9/8/2011,9/15/2011,KT-16465,OFF-PA-10000482,182.112,Standard Class,1,Bank Transfer
5293,6/21/2014,6/21/2014,6/24/2014,PJ-19015,OFF-ST-10004835,4.464,First Class,5,PayPal
5294,12/26/2012,12/26/2012,12/30/2012,MC-18100,FUR-TA-10004086,51.588,Standard Class,4,Credit Card
5295,8/16/2014,8/16/2014,8/20/2014,BO-11350,OFF-LA-10000305,50.4,Standard Class,3,PayPal
5296,3/5/2014,3/5/2014,3/10/2014,DP-13000,OFF-PA-10000806,89.568,Standard Class,5,Credit Card
5297,7/28/2014,7/28/2014,8/1/2014,TM-21490,FUR-FU-10004018,14.89,Standard Class,5,PayPal
5298,7/28/2014,7/28/2014,8/1/2014,TM-21490,TEC-PH-10002660,543.92,Standard Class,4,PayPal
5299,9/24/2013,9/24/2013,9/27/2013,DV-13045,OFF-EN-10001509,4.08,First Class,4,Bank Transfer
5300,9/24/2013,9/24/2013,9/27/2013,DV-13045,OFF-LA-10003148,18.9,First Class,1,Credit Card
5301,5/31/2013,5/31/2013,6/4/2013,AH-10690,FUR-TA-10002645,2275.5,Standard Class,5,Credit Card
5302,5/31/2013,5/31/2013,6/4/2013,AH-10690,TEC-AC-10003033,1979.7,Standard Class,4,Credit Card
5303,5/31/2013,5/31/2013,6/4/2013,AH-10690,OFF-LA-10001297,62.1,Standard Class,2,Bank Transfer
5304,11/16/2011,11/16/2011,11/20/2011,AB-10165,FUR-CH-10002017,37.296,Standard Class,2,Bank Transfer
5305,9/21/2011,9/21/2011,9/23/2011,JS-15940,FUR-FU-10001546,8.544,First Class,5,PayPal
5306,2/21/2013,2/21/2013,2/26/2013,BV-11245,FUR-FU-10000629,68.95,Standard Class,4,Credit Card
5307,2/21/2013,2/21/2013,2/26/2013,BV-11245,OFF-ST-10000036,296.37,Standard Class,4,PayPal
5308,2/21/2013,2/21/2013,2/26/2013,BV-11245,TEC-PH-10002583,39.98,Standard Class,5,Bank Transfer
5309,11/20/2014,11/20/2014,11/22/2014,NC-18415,FUR-CH-10003774,191.058,First Class,1,PayPal
5310,11/20/2014,11/20/2014,11/22/2014,NC-18415,OFF-AR-10003876,13.04,First Class,3,PayPal
5311,11/20/2014,11/20/2014,11/22/2014,NC-18415,OFF-BI-10003527,1525.188,First Class,5,PayPal
5312,8/22/2013,8/22/2013,8/28/2013,SU-20665,OFF-LA-10004559,9.216,Standard Class,4,PayPal
5313,8/22/2013,8/22/2013,8/28/2013,SU-20665,OFF-SU-10002573,28.048,Standard Class,1,Credit Card
5314,5/1/2014,5/1/2014,5/6/2014,DJ-13510,FUR-FU-10000222,64.96,Standard Class,1,Bank Transfer
5315,5/1/2014,5/1/2014,5/6/2014,DJ-13510,OFF-EN-10001219,30.56,Standard Class,4,Credit Card
5316,5/3/2013,5/3/2013,5/9/2013,DL-12865,FUR-CH-10002304,187.056,Standard Class,1,PayPal
5317,10/3/2014,10/3/2014,10/6/2014,Dp-13240,FUR-FU-10002364,11.808,First Class,3,Credit Card
5318,10/3/2014,10/3/2014,10/6/2014,Dp-13240,FUR-FU-10004864,9.656,First Class,2,Credit Card
5319,10/3/2014,10/3/2014,10/6/2014,Dp-13240,OFF-PA-10003172,20.736,First Class,2,PayPal
5320,10/3/2014,10/3/2014,10/6/2014,Dp-13240,OFF-BI-10000977,27.36,First Class,3,Bank Transfer
5321,10/3/2014,10/3/2014,10/6/2014,Dp-13240,FUR-TA-10000198,2314.116,First Class,4,Bank Transfer
5322,10/3/2014,10/3/2014,10/6/2014,Dp-13240,OFF-BI-10003984,34.236,First Class,5,Bank Transfer
5323,10/3/2014,10/3/2014,10/6/2014,Dp-13240,FUR-FU-10003691,19.76,First Class,2,Bank Transfer
5324,9/19/2014,9/19/2014,9/24/2014,TM-21010,OFF-PA-10004082,15.96,Second Class,3,Credit Card
5325,12/4/2012,12/4/2012,12/9/2012,TZ-21580,OFF-AR-10003723,16.9,Standard Class,2,Credit Card
5326,12/4/2012,12/4/2012,12/9/2012,TZ-21580,FUR-FU-10004270,25.08,Standard Class,4,Credit Card
5327,1/17/2012,1/17/2012,1/22/2012,SC-20260,OFF-AR-10003183,6.68,Standard Class,3,Credit Card
5328,1/7/2011,1/7/2011,1/9/2011,LS-17230,OFF-PA-10002005,19.44,Second Class,3,Bank Transfer
5329,3/5/2012,3/5/2012,3/9/2012,MV-18190,TEC-PH-10000149,31.92,Standard Class,3,Credit Card
5330,12/26/2013,12/26/2013,12/29/2013,BD-11620,OFF-BI-10001524,33.568,Second Class,4,PayPal
5331,9/5/2013,9/5/2013,9/9/2013,CV-12295,FUR-FU-10004748,63.94,Standard Class,1,PayPal
5332,9/5/2013,9/5/2013,9/9/2013,CV-12295,OFF-BI-10001460,60.6,Standard Class,1,Credit Card
5333,9/5/2013,9/5/2013,9/9/2013,CV-12295,OFF-SU-10002503,22.72,Standard Class,2,Credit Card
5334,8/26/2011,8/26/2011,9/1/2011,KB-16315,FUR-FU-10001731,10.68,Standard Class,5,PayPal
5335,8/26/2011,8/26/2011,9/1/2011,KB-16315,OFF-PA-10002160,17.34,Standard Class,2,PayPal
5336,8/26/2011,8/26/2011,9/1/2011,KB-16315,OFF-PA-10002659,3.38,Standard Class,3,Credit Card
5337,5/21/2012,5/21/2012,5/25/2012,ME-18010,OFF-BI-10001636,26.976,Standard Class,1,Bank Transfer
5338,10/17/2014,10/17/2014,10/22/2014,AJ-10780,OFF-PA-10000062,307.776,Standard Class,5,PayPal
5339,11/9/2012,11/9/2012,11/14/2012,DV-13465,OFF-ST-10002554,244.55,Second Class,2,Bank Transfer
5340,11/9/2012,11/9/2012,11/14/2012,DV-13465,OFF-EN-10001509,12.24,Second Class,3,Bank Transfer
5341,11/9/2012,11/9/2012,11/14/2012,DV-13465,TEC-AC-10002018,13.98,Second Class,2,Credit Card
5342,11/9/2012,11/9/2012,11/14/2012,DV-13465,TEC-AC-10002637,899.95,Second Class,4,PayPal
5343,11/21/2011,11/21/2011,11/27/2011,JK-15325,OFF-EN-10001509,1.632,Standard Class,4,Credit Card
5344,11/21/2011,11/21/2011,11/27/2011,JK-15325,TEC-PH-10004922,267.96,Standard Class,2,PayPal
5345,10/11/2012,10/11/2012,10/13/2012,SH-20395,TEC-AC-10002550,31.95,Second Class,1,Credit Card
5346,3/22/2014,3/22/2014,3/24/2014,SC-20725,OFF-ST-10003208,725.84,Second Class,1,Bank Transfer
5347,3/22/2014,3/22/2014,3/24/2014,SC-20725,OFF-BI-10003981,10.896,Second Class,2,PayPal
5348,3/22/2014,3/22/2014,3/24/2014,SC-20725,OFF-BI-10001031,8.544,Second Class,5,Credit Card
5349,1/4/2012,1/4/2012,1/10/2012,CS-12250,OFF-BI-10003676,32.34,Standard Class,3,Credit Card
5350,1/4/2012,1/4/2012,1/10/2012,CS-12250,OFF-PA-10004082,39.9,Standard Class,5,Bank Transfer
5351,12/10/2014,12/10/2014,12/17/2014,LH-16900,OFF-PA-10001019,143.856,Standard Class,1,Credit Card
5352,9/7/2013,9/7/2013,9/13/2013,YC-21895,OFF-PA-10004665,41.92,Standard Class,3,Credit Card
5353,9/7/2013,9/7/2013,9/13/2013,YC-21895,TEC-PH-10002447,329.584,Standard Class,5,Bank Transfer
5354,9/4/2013,9/4/2013,9/7/2013,CY-12745,OFF-BI-10000014,87.28,First Class,2,Bank Transfer
5355,5/13/2011,5/13/2011,5/19/2011,AH-10030,FUR-CH-10002439,279.456,Standard Class,5,Credit Card
5356,5/13/2011,5/13/2011,5/19/2011,AH-10030,OFF-PA-10003063,8,Standard Class,2,PayPal
5357,9/30/2013,9/30/2013,10/4/2013,AR-10540,OFF-BI-10002982,27.24,Standard Class,3,PayPal
5358,8/5/2011,8/5/2011,8/11/2011,SS-20590,TEC-AC-10004510,16.36,Standard Class,2,PayPal
5359,8/5/2011,8/5/2011,8/11/2011,SS-20590,OFF-ST-10000321,15.78,Standard Class,2,Bank Transfer
5360,8/5/2011,8/5/2011,8/11/2011,SS-20590,OFF-AR-10004602,45.98,Standard Class,5,Credit Card
5361,4/15/2014,4/15/2014,4/19/2014,DW-13585,FUR-BO-10003433,198.272,Standard Class,2,PayPal
5362,6/10/2014,6/10/2014,6/11/2014,NC-18625,OFF-ST-10001496,720.76,First Class,3,Bank Transfer
5363,12/30/2013,12/30/2013,1/3/2014,CD-11920,FUR-FU-10000672,70.56,Standard Class,3,Credit Card
5364,12/30/2013,12/30/2013,1/3/2014,CD-11920,OFF-AP-10001293,81.96,Standard Class,4,Credit Card
5365,1/19/2011,1/19/2011,1/22/2011,DW-13195,OFF-AP-10000692,64.864,Second Class,5,Bank Transfer
5366,11/21/2013,11/21/2013,11/25/2013,EH-13990,TEC-PH-10004539,151.192,Standard Class,1,Bank Transfer
5367,6/11/2014,6/11/2014,6/16/2014,BD-11320,TEC-PH-10002923,88.776,Standard Class,4,Bank Transfer
5368,6/11/2014,6/11/2014,6/16/2014,BD-11320,OFF-LA-10004689,11.56,Standard Class,4,Bank Transfer
5369,6/11/2014,6/11/2014,6/16/2014,BD-11320,OFF-ST-10001228,15.58,Standard Class,1,PayPal
5370,9/11/2014,9/11/2014,9/14/2014,KH-16630,OFF-PA-10003302,85.056,First Class,4,Credit Card
5371,4/9/2014,4/9/2014,4/13/2014,NH-18610,FUR-FU-10004665,273.96,Standard Class,3,PayPal
5372,4/9/2014,4/9/2014,4/13/2014,NH-18610,FUR-FU-10004188,306.9,Standard Class,1,Credit Card
5373,10/24/2012,10/24/2012,10/30/2012,AG-10495,OFF-PA-10003177,15.552,Standard Class,1,Bank Transfer
5374,10/24/2012,10/24/2012,10/30/2012,AG-10495,FUR-TA-10002607,347.361,Standard Class,3,Credit Card
5375,10/24/2012,10/24/2012,10/30/2012,AG-10495,OFF-PA-10001166,10.368,Standard Class,4,Bank Transfer
5376,5/28/2014,5/28/2014,6/1/2014,RP-19855,TEC-AC-10004510,98.16,Standard Class,2,Bank Transfer
5377,5/28/2014,5/28/2014,6/1/2014,RP-19855,OFF-AR-10004062,31.44,Standard Class,3,Bank Transfer
5378,12/5/2011,12/5/2011,12/7/2011,NB-18655,OFF-EN-10000056,348.488,First Class,1,Credit Card
5379,12/5/2011,12/5/2011,12/7/2011,NB-18655,OFF-ST-10001469,172.736,First Class,2,Bank Transfer
5380,8/15/2013,8/15/2013,8/19/2013,JM-15580,OFF-PA-10000551,15.54,Standard Class,4,Credit Card
5381,8/15/2013,8/15/2013,8/19/2013,JM-15580,TEC-MA-10000423,105.552,Standard Class,5,Credit Card
5382,9/6/2013,9/6/2013,9/8/2013,DM-13525,OFF-PA-10001870,25.92,Second Class,3,Credit Card
5383,9/6/2013,9/6/2013,9/8/2013,DM-13525,OFF-FA-10001843,15.808,Second Class,4,PayPal
5384,9/6/2013,9/6/2013,9/8/2013,DM-13525,OFF-PA-10002036,10.368,Second Class,1,PayPal
5385,6/27/2014,6/27/2014,7/4/2014,CC-12220,TEC-PH-10001760,358.2,Standard Class,1,PayPal
5386,6/27/2014,6/27/2014,7/4/2014,CC-12220,TEC-PH-10000673,545.916,Standard Class,1,Credit Card
5387,3/13/2014,3/13/2014,3/18/2014,GA-14725,OFF-BI-10000829,40.41,Standard Class,2,PayPal
5388,2/19/2014,2/19/2014,2/22/2014,CV-12805,TEC-PH-10001924,167.976,Second Class,4,Credit Card
5389,2/19/2014,2/19/2014,2/22/2014,CV-12805,TEC-AC-10004864,109.53,Second Class,4,Bank Transfer
5390,2/19/2014,2/19/2014,2/22/2014,CV-12805,OFF-LA-10004345,9.82,Second Class,3,Credit Card
5391,11/11/2014,11/11/2014,11/13/2014,NC-18535,OFF-BI-10000088,26.352,Second Class,5,PayPal
5392,11/19/2011,11/19/2011,11/25/2011,GR-14560,OFF-LA-10002787,22.5,Standard Class,3,Credit Card
5393,11/19/2011,11/19/2011,11/25/2011,GR-14560,OFF-LA-10001569,9.96,Standard Class,5,PayPal
5394,11/19/2011,11/19/2011,11/25/2011,GR-14560,OFF-BI-10002429,213.08,Standard Class,2,Bank Transfer
5395,11/19/2011,11/19/2011,11/25/2011,GR-14560,FUR-BO-10000362,1025.88,Standard Class,4,Credit Card
5396,11/18/2011,11/18/2011,11/21/2011,JG-15805,OFF-PA-10003016,21.98,Second Class,2,Credit Card
5397,9/25/2013,9/25/2013,9/25/2013,EB-13750,FUR-FU-10002501,63.2,Same Day,2,Bank Transfer
5398,11/21/2013,11/21/2013,11/28/2013,MC-17605,OFF-AP-10003622,39,Standard Class,4,Credit Card
5399,9/28/2013,9/28/2013,10/3/2013,BM-11650,OFF-BI-10002764,2.907,Standard Class,2,PayPal
5400,4/10/2013,4/10/2013,4/15/2013,HF-14995,FUR-BO-10001798,556.665,Standard Class,5,PayPal
5401,9/22/2014,9/22/2014,9/24/2014,ML-18265,TEC-AC-10000158,71.98,First Class,3,PayPal
5402,9/22/2014,9/22/2014,9/24/2014,ML-18265,TEC-AC-10000303,79.98,First Class,1,PayPal
5403,8/25/2014,8/25/2014,8/30/2014,AH-10195,OFF-BI-10003910,24.672,Standard Class,3,Credit Card
5404,8/25/2014,8/25/2014,8/30/2014,AH-10195,OFF-BI-10000138,3.744,Standard Class,1,PayPal
5405,2/22/2013,2/22/2013,2/26/2013,TZ-21580,TEC-PH-10002398,445.96,Standard Class,1,Bank Transfer
5406,2/22/2013,2/22/2013,2/26/2013,TZ-21580,TEC-AC-10003399,36.24,Standard Class,5,Bank Transfer
5407,2/22/2013,2/22/2013,2/26/2013,TZ-21580,OFF-FA-10000992,10.65,Standard Class,1,Bank Transfer
5408,12/9/2014,12/9/2014,12/15/2014,DM-13345,OFF-PA-10003022,87.92,Standard Class,5,PayPal
5409,12/9/2014,12/9/2014,12/15/2014,DM-13345,OFF-BI-10002854,22.424,Standard Class,3,Bank Transfer
5410,12/9/2014,12/9/2014,12/15/2014,DM-13345,OFF-BI-10001670,90.48,Standard Class,1,Credit Card
5411,12/9/2014,12/9/2014,12/15/2014,DM-13345,OFF-ST-10001837,42.76,Standard Class,1,PayPal
5412,9/19/2014,9/19/2014,9/23/2014,TS-21505,OFF-BI-10002012,10.08,Standard Class,2,Bank Transfer
5413,9/19/2014,9/19/2014,9/23/2014,TS-21505,TEC-AC-10004992,101.34,Standard Class,3,Credit Card
5414,9/12/2013,9/12/2013,9/15/2013,TB-21625,TEC-PH-10003171,224.75,First Class,1,PayPal
5415,9/24/2014,9/24/2014,9/29/2014,LC-16870,OFF-AP-10000390,73.176,Standard Class,1,Bank Transfer
5416,9/24/2014,9/24/2014,9/29/2014,LC-16870,OFF-PA-10004888,20.736,Standard Class,4,Bank Transfer
5417,9/24/2014,9/24/2014,9/29/2014,LC-16870,TEC-PH-10004188,39.984,Standard Class,3,Credit Card
5418,10/6/2011,10/6/2011,10/8/2011,AM-10360,OFF-BI-10004099,15.36,Second Class,1,Bank Transfer
5419,10/23/2012,10/23/2012,10/26/2012,JE-15715,OFF-PA-10004621,36.288,First Class,2,Bank Transfer
5420,10/23/2012,10/23/2012,10/26/2012,JE-15715,TEC-PH-10002103,150.384,First Class,1,Credit Card
5421,4/1/2013,4/1/2013,4/3/2013,CS-11950,TEC-PH-10002789,280.782,Second Class,3,PayPal
5422,4/1/2013,4/1/2013,4/3/2013,CS-11950,TEC-AC-10003289,31.984,Second Class,3,PayPal
5423,12/30/2013,12/30/2013,1/3/2014,PF-19225,OFF-BI-10000138,11.232,Standard Class,4,Credit Card
5424,11/4/2014,11/4/2014,11/6/2014,PJ-18835,OFF-PA-10001215,26.4,Second Class,3,Bank Transfer
5425,1/21/2014,1/21/2014,1/27/2014,JF-15490,OFF-AR-10001545,3.52,Standard Class,2,Bank Transfer
5426,12/4/2013,12/4/2013,12/7/2013,NM-18520,TEC-AC-10003870,1649.95,First Class,2,PayPal
5427,12/4/2013,12/4/2013,12/7/2013,NM-18520,FUR-FU-10001085,111.9,First Class,5,Credit Card
5428,6/15/2013,6/15/2013,6/15/2013,MH-17290,FUR-BO-10004218,599.165,Same Day,2,Bank Transfer
5429,9/3/2013,9/3/2013,9/5/2013,SZ-20035,OFF-ST-10003455,46.53,First Class,4,PayPal
5430,9/5/2011,9/5/2011,9/7/2011,PR-18880,FUR-FU-10001967,31.984,First Class,1,Credit Card
5431,10/22/2014,10/22/2014,10/26/2014,FC-14245,OFF-AP-10000938,161.568,Standard Class,1,PayPal
5432,10/22/2014,10/22/2014,10/26/2014,FC-14245,OFF-PA-10002195,4.064,Standard Class,3,PayPal
5433,10/22/2014,10/22/2014,10/26/2014,FC-14245,OFF-BI-10002799,6.216,Standard Class,2,Credit Card
5434,4/26/2014,4/26/2014,4/30/2014,LH-16750,OFF-AR-10000246,8.896,Standard Class,5,Bank Transfer
5435,10/19/2012,10/19/2012,10/24/2012,RM-19675,OFF-AP-10000275,1640.7,Standard Class,4,Bank Transfer
5436,10/19/2012,10/19/2012,10/24/2012,RM-19675,TEC-AC-10000892,270,Standard Class,3,PayPal
5437,7/5/2011,7/5/2011,7/8/2011,DM-13525,FUR-FU-10001591,19.52,First Class,3,PayPal
5438,7/5/2011,7/5/2011,7/8/2011,DM-13525,OFF-BI-10001787,9.81,First Class,1,Credit Card
5439,7/5/2011,7/5/2011,7/8/2011,DM-13525,FUR-FU-10003192,213.216,First Class,4,PayPal
5440,4/5/2013,4/5/2013,4/10/2013,EH-14185,OFF-BI-10004600,588.784,Standard Class,3,PayPal
5441,11/14/2014,11/14/2014,11/19/2014,TC-21295,OFF-AR-10002335,2.064,Second Class,3,Bank Transfer
5442,9/10/2014,9/10/2014,9/14/2014,AI-10855,OFF-PA-10000859,6.368,Standard Class,2,PayPal
5443,4/17/2012,4/17/2012,4/23/2012,JM-15535,TEC-AC-10003198,99.6,Standard Class,2,Credit Card
5444,4/17/2012,4/17/2012,4/23/2012,JM-15535,OFF-BI-10001900,62.296,Standard Class,3,Credit Card
5445,4/17/2012,4/17/2012,4/23/2012,JM-15535,OFF-AR-10000614,10.71,Standard Class,5,PayPal
5446,7/26/2013,7/26/2013,7/30/2013,BE-11335,OFF-EN-10003040,20.936,Standard Class,4,PayPal
5447,8/27/2013,8/27/2013,9/1/2013,DR-12880,TEC-PH-10003442,33,Standard Class,3,PayPal
5448,8/27/2013,8/27/2013,9/1/2013,DR-12880,TEC-AC-10002800,249.95,Standard Class,5,Credit Card
5449,9/12/2011,9/12/2011,9/19/2011,TA-21385,OFF-SU-10000157,357.93,Standard Class,3,PayPal
5450,9/12/2011,9/12/2011,9/19/2011,TA-21385,TEC-AC-10001542,57.4,Standard Class,3,Bank Transfer
5451,9/12/2011,9/12/2011,9/19/2011,TA-21385,OFF-BI-10004519,331.96,Standard Class,3,Credit Card
5452,9/12/2011,9/12/2011,9/19/2011,TA-21385,FUR-FU-10003464,40.56,Standard Class,3,Credit Card
5453,7/23/2013,7/23/2013,7/30/2013,KN-16705,OFF-SU-10004261,86.2,Standard Class,3,Credit Card
5454,5/20/2014,5/20/2014,5/24/2014,PJ-18835,OFF-PA-10004733,38.016,Standard Class,1,Credit Card
5455,4/29/2014,4/29/2014,5/3/2014,MC-17605,OFF-ST-10001325,8.384,Standard Class,4,PayPal
5456,4/29/2014,4/29/2014,5/3/2014,MC-17605,OFF-AR-10003056,6.848,Standard Class,4,PayPal
5457,12/30/2014,12/30/2014,1/3/2015,BS-11755,OFF-FA-10000089,19.6,Standard Class,3,Bank Transfer
5458,12/30/2014,12/30/2014,1/3/2015,BS-11755,FUR-FU-10004093,68.46,Standard Class,3,Bank Transfer
5459,9/5/2014,9/5/2014,9/7/2014,PK-19075,OFF-BI-10004022,13.344,Second Class,1,Bank Transfer
5460,9/5/2014,9/5/2014,9/7/2014,PK-19075,FUR-TA-10001771,1478.272,Second Class,4,PayPal
5461,3/21/2011,3/21/2011,3/25/2011,TS-21205,OFF-ST-10002301,16.272,Standard Class,3,Bank Transfer
5462,9/29/2014,9/29/2014,10/5/2014,BD-11725,FUR-FU-10001706,9.24,Standard Class,4,PayPal
5463,1/20/2011,1/20/2011,1/21/2011,TS-21340,OFF-BI-10003676,32.34,First Class,2,Bank Transfer
5464,1/20/2011,1/20/2011,1/21/2011,TS-21340,OFF-PA-10000659,56.064,First Class,3,Bank Transfer
5465,1/20/2011,1/20/2011,1/21/2011,TS-21340,OFF-EN-10002504,108.72,First Class,5,PayPal
5466,1/20/2011,1/20/2011,1/21/2011,TS-21340,FUR-BO-10001972,181.47,First Class,3,Credit Card
5467,2/15/2011,2/15/2011,2/20/2011,ST-20530,OFF-PA-10000466,16.176,Second Class,5,Bank Transfer
5468,6/10/2013,6/10/2013,6/15/2013,DB-13210,FUR-CH-10002774,122.352,Standard Class,3,Credit Card
5469,9/26/2011,9/26/2011,9/27/2011,KF-16285,FUR-CH-10000454,585.552,First Class,4,PayPal
5470,9/26/2011,9/26/2011,9/27/2011,KF-16285,OFF-PA-10004888,19.44,First Class,1,PayPal
5471,5/31/2013,5/31/2013,6/5/2013,JM-16195,OFF-AP-10003842,123.92,Standard Class,1,PayPal
5472,12/20/2014,12/20/2014,12/24/2014,TS-21505,FUR-FU-10000320,13.36,Standard Class,5,PayPal
5473,12/20/2014,12/20/2014,12/24/2014,TS-21505,OFF-ST-10002554,78.256,Standard Class,5,Credit Card
5474,12/20/2014,12/20/2014,12/24/2014,TS-21505,FUR-BO-10000468,102.018,Standard Class,2,Bank Transfer
5475,12/27/2014,12/27/2014,12/27/2014,YC-21895,OFF-ST-10004459,750.68,Same Day,4,PayPal
5476,6/16/2014,6/16/2014,6/19/2014,Dp-13240,OFF-LA-10002312,44.4,First Class,1,Credit Card
5477,6/16/2014,6/16/2014,6/19/2014,Dp-13240,OFF-ST-10001291,84.55,First Class,5,Bank Transfer
5478,6/16/2014,6/16/2014,6/19/2014,Dp-13240,OFF-PA-10003022,17.94,First Class,1,Credit Card
5479,11/21/2013,11/21/2013,11/25/2013,SJ-20500,OFF-BI-10002133,128.4,Standard Class,2,Bank Transfer
5480,3/31/2011,3/31/2011,4/4/2011,KB-16240,OFF-BI-10001097,1.869,Standard Class,4,Bank Transfer
5481,10/9/2014,10/9/2014,10/15/2014,CS-12250,TEC-PH-10001336,103.192,Standard Class,2,Bank Transfer
5482,10/9/2014,10/9/2014,10/15/2014,CS-12250,TEC-AC-10002305,36,Standard Class,1,Credit Card
5483,10/9/2014,10/9/2014,10/15/2014,CS-12250,TEC-AC-10003610,239.96,Standard Class,4,Bank Transfer
5484,10/9/2014,10/9/2014,10/15/2014,CS-12250,OFF-ST-10002301,40.68,Standard Class,5,PayPal
5485,1/31/2014,1/31/2014,2/5/2014,EB-13870,FUR-CH-10002044,419.136,Standard Class,4,Credit Card
5486,12/12/2011,12/12/2011,12/17/2011,PB-19150,OFF-EN-10001099,23.472,Standard Class,5,Credit Card
5487,10/24/2012,10/24/2012,10/29/2012,MT-18070,OFF-BI-10004140,3.592,Standard Class,1,Bank Transfer
5488,4/2/2014,4/2/2014,4/5/2014,BF-11020,TEC-PH-10004897,23.976,Second Class,5,Credit Card
5489,4/2/2014,4/2/2014,4/5/2014,BF-11020,OFF-LA-10000262,6.264,Second Class,4,Credit Card
5490,4/2/2014,4/2/2014,4/5/2014,BF-11020,OFF-AP-10002222,20.808,Second Class,3,Bank Transfer
5491,4/2/2014,4/2/2014,4/5/2014,BF-11020,FUR-CH-10003774,218.352,Second Class,2,Credit Card
5492,1/27/2014,1/27/2014,1/28/2014,CG-12520,OFF-ST-10000615,18.16,First Class,3,Credit Card
5493,11/28/2011,11/28/2011,11/28/2011,DH-13675,OFF-SU-10001225,7.36,Same Day,5,Credit Card
5494,11/28/2011,11/28/2011,11/28/2011,DH-13675,OFF-LA-10002043,41.4,Same Day,3,Credit Card
5495,11/28/2011,11/28/2011,11/28/2011,DH-13675,FUR-BO-10000330,411.332,Same Day,1,PayPal
5496,9/4/2012,9/4/2012,9/8/2012,SC-20440,OFF-BI-10001249,7.656,Standard Class,3,PayPal
5497,6/13/2014,6/13/2014,6/17/2014,HG-15025,TEC-AC-10004469,63.92,Standard Class,3,PayPal
5498,7/16/2014,7/16/2014,7/19/2014,MM-18055,OFF-AR-10001177,6.56,Second Class,1,Bank Transfer
5499,7/16/2014,7/16/2014,7/19/2014,MM-18055,OFF-LA-10000634,7.83,Second Class,5,PayPal
5500,7/16/2014,7/16/2014,7/19/2014,MM-18055,TEC-AC-10004708,41.9,Second Class,4,Credit Card
5501,7/16/2014,7/16/2014,7/19/2014,MM-18055,FUR-CH-10002084,664.146,Second Class,1,Credit Card
5502,7/16/2014,7/16/2014,7/19/2014,MM-18055,OFF-PA-10004519,8.96,Second Class,5,Bank Transfer
5503,11/3/2014,11/3/2014,11/7/2014,TH-21115,FUR-FU-10001847,3.312,Standard Class,4,PayPal
5504,11/3/2014,11/3/2014,11/7/2014,TH-21115,OFF-AP-10001962,20.136,Standard Class,3,Bank Transfer
5505,11/3/2014,11/3/2014,11/7/2014,TH-21115,OFF-EN-10003845,8.856,Standard Class,5,PayPal
5506,11/3/2014,11/3/2014,11/7/2014,TH-21115,TEC-PH-10001817,859.2,Standard Class,1,Bank Transfer
5507,10/9/2013,10/9/2013,10/9/2013,JE-15745,OFF-PA-10000167,61.96,Same Day,3,PayPal
5508,4/9/2013,4/9/2013,4/15/2013,PG-18820,OFF-EN-10002973,17.92,Standard Class,4,Credit Card
5509,10/8/2012,10/8/2012,10/12/2012,MB-17305,FUR-FU-10001588,145.9,Standard Class,2,PayPal
5510,5/16/2014,5/16/2014,5/21/2014,JD-16015,OFF-PA-10001736,56.704,Standard Class,1,Credit Card
5511,5/16/2014,5/16/2014,5/21/2014,JD-16015,TEC-PH-10002185,11.12,Standard Class,1,Bank Transfer
5512,2/25/2011,2/25/2011,3/2/2011,JH-15430,OFF-PA-10000174,32.896,Standard Class,3,Credit Card
5513,2/25/2011,2/25/2011,3/2/2011,JH-15430,OFF-PA-10000069,22.776,Standard Class,4,Credit Card
5514,5/30/2012,5/30/2012,6/1/2012,EN-13780,TEC-PH-10001795,239.97,First Class,5,PayPal
5515,5/30/2012,5/30/2012,6/1/2012,EN-13780,OFF-AP-10004540,160.32,First Class,2,Credit Card
5516,5/30/2012,5/30/2012,6/1/2012,EN-13780,TEC-PH-10001527,128.85,First Class,5,Bank Transfer
5517,11/19/2013,11/19/2013,11/22/2013,KC-16255,TEC-AC-10003870,1319.96,Second Class,5,PayPal
5518,12/5/2014,12/5/2014,12/10/2014,MS-17980,FUR-CH-10004540,239.96,Standard Class,2,PayPal
5519,12/5/2014,12/5/2014,12/10/2014,MS-17980,FUR-FU-10004093,54.768,Standard Class,4,PayPal
5520,12/5/2014,12/5/2014,12/10/2014,MS-17980,OFF-AR-10000716,13.392,Standard Class,3,Credit Card
5521,12/5/2014,12/5/2014,12/10/2014,MS-17980,OFF-PA-10002709,23.92,Standard Class,1,PayPal
5522,12/5/2014,12/5/2014,12/10/2014,MS-17980,TEC-AC-10000580,255.968,Standard Class,4,Credit Card
5523,6/6/2013,6/6/2013,6/8/2013,CK-12205,OFF-BI-10000829,21.552,First Class,2,PayPal
5524,6/6/2013,6/6/2013,6/8/2013,CK-12205,OFF-AP-10004859,58.24,First Class,3,PayPal
5525,12/11/2013,12/11/2013,12/13/2013,SJ-20125,OFF-PA-10000575,80.28,First Class,2,PayPal
5526,5/1/2014,5/1/2014,5/6/2014,EA-14035,OFF-AR-10002804,9.78,Standard Class,2,PayPal
5527,4/25/2014,4/25/2014,4/29/2014,MG-17890,OFF-FA-10002676,1.81,Standard Class,1,PayPal
5528,5/8/2012,5/8/2012,5/10/2012,AB-10255,OFF-PA-10003465,37.94,First Class,4,Credit Card
5529,3/31/2012,3/31/2012,4/4/2012,SC-20260,TEC-PH-10000011,79.96,Standard Class,2,PayPal
5530,8/7/2014,8/7/2014,8/12/2014,TB-21355,OFF-PA-10004381,115.296,Standard Class,5,PayPal
5531,12/3/2014,12/3/2014,12/7/2014,JK-16090,TEC-PH-10001795,2479.96,Standard Class,2,Bank Transfer
5532,6/7/2013,6/7/2013,6/8/2013,CK-12595,TEC-AC-10001109,179.94,First Class,5,Bank Transfer
5533,6/7/2013,6/7/2013,6/8/2013,CK-12595,TEC-AC-10003038,26.85,First Class,1,Bank Transfer
5534,6/7/2013,6/7/2013,6/8/2013,CK-12595,TEC-AC-10003174,323.37,First Class,2,Bank Transfer
5535,6/7/2013,6/7/2013,6/8/2013,CK-12595,OFF-PA-10000157,59.94,First Class,5,Credit Card
5536,6/7/2013,6/7/2013,6/8/2013,CK-12595,OFF-BI-10001721,64.14,First Class,5,Credit Card
5537,6/7/2013,6/7/2013,6/8/2013,CK-12595,OFF-BI-10000591,11.67,First Class,4,Bank Transfer
5538,6/7/2013,6/7/2013,6/8/2013,CK-12595,OFF-PA-10001534,12.96,First Class,2,PayPal
5539,4/13/2012,4/13/2012,4/20/2012,SS-20590,OFF-BI-10002071,17.43,Standard Class,5,Credit Card
5540,5/23/2014,5/23/2014,5/27/2014,LE-16810,FUR-CH-10000513,181.986,Standard Class,1,Credit Card
5541,5/23/2014,5/23/2014,5/27/2014,LE-16810,OFF-BI-10003274,1.592,Standard Class,2,PayPal
5542,5/23/2014,5/23/2014,5/27/2014,LE-16810,OFF-SU-10000381,22.344,Standard Class,1,Bank Transfer
5543,12/20/2013,12/20/2013,12/26/2013,ES-14080,FUR-TA-10001086,455.97,Standard Class,4,Bank Transfer
5544,12/20/2013,12/20/2013,12/26/2013,ES-14080,OFF-BI-10000174,10.44,Standard Class,4,Credit Card
5545,12/20/2013,12/20/2013,12/26/2013,ES-14080,OFF-BI-10002103,5.214,Standard Class,4,Credit Card
5546,9/23/2014,9/23/2014,9/27/2014,MG-17890,OFF-ST-10001590,67.4,Standard Class,2,Credit Card
5547,9/8/2014,9/8/2014,9/9/2014,JM-16195,FUR-FU-10002396,25.16,First Class,5,Bank Transfer
5548,9/8/2014,9/8/2014,9/9/2014,JM-16195,TEC-PH-10002807,126.56,First Class,1,Credit Card
5549,11/28/2011,11/28/2011,12/1/2011,SG-20470,OFF-AP-10004859,43.68,First Class,1,Bank Transfer
5550,11/28/2011,11/28/2011,12/1/2011,SG-20470,TEC-AC-10003447,139.93,First Class,3,PayPal
5551,11/12/2011,11/12/2011,11/16/2011,DB-12970,OFF-AR-10003183,2.672,Standard Class,4,Bank Transfer
5552,11/12/2011,11/12/2011,11/16/2011,DB-12970,OFF-SU-10000432,16.656,Standard Class,4,Credit Card
5553,11/12/2011,11/12/2011,11/16/2011,DB-12970,TEC-AC-10003832,79.512,Standard Class,3,PayPal
5554,11/12/2011,11/12/2011,11/16/2011,DB-12970,OFF-PA-10004100,36.288,Standard Class,3,PayPal
5555,11/12/2011,11/12/2011,11/16/2011,DB-12970,FUR-BO-10004467,67.9932,Standard Class,2,PayPal
5556,10/3/2014,10/3/2014,10/7/2014,JW-15220,FUR-FU-10002963,10.16,Second Class,2,Credit Card
5557,12/14/2012,12/14/2012,12/18/2012,KD-16495,FUR-FU-10003829,6.16,Standard Class,1,PayPal
5558,12/14/2012,12/14/2012,12/18/2012,KD-16495,OFF-AR-10003582,56.3,Standard Class,1,Credit Card
5559,12/6/2012,12/6/2012,12/10/2012,IL-15100,OFF-PA-10000048,6.48,Standard Class,5,Credit Card
5560,12/6/2012,12/6/2012,12/10/2012,IL-15100,OFF-ST-10000078,1325.85,Standard Class,1,Credit Card
5561,12/6/2012,12/6/2012,12/10/2012,IL-15100,OFF-LA-10004853,14.94,Standard Class,4,Credit Card
5562,4/1/2014,4/1/2014,4/3/2014,JE-15610,OFF-BI-10001153,34.54,Second Class,4,Bank Transfer
5563,4/1/2014,4/1/2014,4/3/2014,JE-15610,TEC-CO-10001449,2999.95,Second Class,1,Bank Transfer
5564,4/1/2014,4/1/2014,4/3/2014,JE-15610,OFF-BI-10000474,64.12,Second Class,2,PayPal
5565,3/14/2014,3/14/2014,3/14/2014,SU-20665,OFF-AR-10000799,19.456,Same Day,2,Bank Transfer
5566,3/14/2014,3/14/2014,3/14/2014,SU-20665,TEC-MA-10002109,209.986,Same Day,3,PayPal
5567,3/14/2014,3/14/2014,3/14/2014,SU-20665,OFF-AR-10003338,29.76,Same Day,5,PayPal
5568,3/14/2014,3/14/2014,3/14/2014,SU-20665,FUR-CH-10003606,89.768,Same Day,5,Credit Card
5569,3/14/2014,3/14/2014,3/14/2014,SU-20665,TEC-CO-10001449,959.984,Same Day,2,Credit Card
5570,3/14/2014,3/14/2014,3/14/2014,SU-20665,OFF-PA-10001934,15.552,Same Day,4,PayPal
5571,3/14/2014,3/14/2014,3/14/2014,SU-20665,TEC-PH-10001527,34.36,Same Day,4,PayPal
5572,12/5/2011,12/5/2011,12/9/2011,EA-14035,OFF-PA-10001033,98.376,Standard Class,3,Credit Card
5573,12/5/2011,12/5/2011,12/9/2011,EA-14035,OFF-BI-10003719,29.94,Standard Class,5,PayPal
5574,12/5/2011,12/5/2011,12/9/2011,EA-14035,OFF-PA-10003036,17.472,Standard Class,4,Credit Card
5575,12/5/2011,12/5/2011,12/9/2011,EA-14035,TEC-PH-10001870,36.738,Standard Class,3,PayPal
5576,12/5/2011,12/5/2011,12/9/2011,EA-14035,TEC-PH-10001809,179.94,Standard Class,3,PayPal
5577,12/13/2013,12/13/2013,12/17/2013,RF-19840,FUR-FU-10004864,383.64,Standard Class,4,PayPal
5578,12/13/2013,12/13/2013,12/17/2013,RF-19840,OFF-AP-10002350,56.52,Standard Class,1,PayPal
5579,9/10/2014,9/10/2014,9/15/2014,LC-17050,OFF-AR-10003829,6.56,Second Class,2,Bank Transfer
5580,9/10/2014,9/10/2014,9/15/2014,LC-17050,FUR-CH-10003833,243.92,Second Class,1,Credit Card
5581,9/10/2014,9/10/2014,9/15/2014,LC-17050,OFF-PA-10000143,47.52,Second Class,3,Bank Transfer
5582,10/5/2014,10/5/2014,10/9/2014,PS-18970,FUR-FU-10000076,19.98,Standard Class,2,Credit Card
5583,5/10/2013,5/10/2013,5/14/2013,PS-18970,OFF-AR-10000462,8,Standard Class,2,Credit Card
5584,12/15/2011,12/15/2011,12/19/2011,JO-15280,FUR-FU-10003829,6.16,Second Class,4,Bank Transfer
5585,12/1/2014,12/1/2014,12/5/2014,VP-21730,OFF-ST-10002182,83.56,Standard Class,3,Credit Card
5586,12/1/2014,12/1/2014,12/5/2014,VP-21730,TEC-PH-10001468,546.06,Standard Class,1,Credit Card
5587,12/1/2014,12/1/2014,12/5/2014,VP-21730,OFF-ST-10001809,269.49,Standard Class,3,PayPal
5588,3/19/2012,3/19/2012,3/20/2012,GA-14725,OFF-FA-10001561,10.9,First Class,3,Credit Card
5589,7/19/2011,7/19/2011,7/24/2011,EM-14140,OFF-BI-10001759,6.096,Standard Class,3,Credit Card
5590,12/9/2013,12/9/2013,12/12/2013,DB-13615,OFF-ST-10000615,34.05,Second Class,2,PayPal
5591,12/9/2013,12/9/2013,12/12/2013,DB-13615,OFF-ST-10003816,352.38,Second Class,1,PayPal
5592,10/13/2011,10/13/2011,10/18/2011,ML-17395,FUR-CH-10002880,245.98,Second Class,5,Credit Card
5593,10/13/2011,10/13/2011,10/18/2011,ML-17395,OFF-BI-10004738,18.94,Second Class,2,Bank Transfer
5594,11/20/2014,11/20/2014,11/26/2014,JH-15430,OFF-BI-10003984,59.913,Standard Class,5,PayPal
5595,9/25/2014,9/25/2014,9/25/2014,BP-11095,TEC-PH-10000984,391.98,Same Day,1,Bank Transfer
5596,9/25/2014,9/25/2014,9/25/2014,BP-11095,TEC-PH-10001944,437.85,Same Day,1,PayPal
5597,9/25/2012,9/25/2012,9/29/2012,SB-20185,OFF-BI-10002735,68.62,Standard Class,1,Bank Transfer
5598,2/14/2014,2/14/2014,2/21/2014,SV-20785,OFF-SU-10001165,25.02,Standard Class,5,PayPal
5599,2/14/2014,2/14/2014,2/21/2014,SV-20785,OFF-AR-10000614,10.71,Standard Class,4,Bank Transfer
5600,10/3/2011,10/3/2011,10/3/2011,DO-13435,OFF-AR-10004010,55.984,Same Day,5,PayPal
5601,10/3/2011,10/3/2011,10/3/2011,DO-13435,OFF-EN-10004030,14.48,Same Day,2,Credit Card
5602,10/3/2011,10/3/2011,10/3/2011,DO-13435,TEC-AC-10003023,142.488,Same Day,1,PayPal
5603,8/28/2013,8/28/2013,8/30/2013,TB-21355,OFF-ST-10003572,14.16,Second Class,3,Credit Card
5604,8/28/2013,8/28/2013,8/30/2013,TB-21355,OFF-PA-10004353,79.92,Second Class,2,PayPal
5605,12/3/2012,12/3/2012,12/7/2012,BS-11380,OFF-BI-10003718,590.352,Standard Class,1,Credit Card
5606,9/21/2013,9/21/2013,9/26/2013,FM-14215,FUR-FU-10001546,17.088,Standard Class,1,Credit Card
5607,9/21/2013,9/21/2013,9/26/2013,FM-14215,FUR-CH-10002880,98.392,Standard Class,1,Credit Card
5608,3/26/2014,3/26/2014,4/1/2014,JL-15835,OFF-AR-10001547,11.05,Standard Class,5,Credit Card
5609,12/6/2012,12/6/2012,12/11/2012,AF-10870,OFF-AP-10001626,7.78,Standard Class,2,Credit Card
5610,9/1/2014,9/1/2014,9/6/2014,BG-11035,TEC-AC-10003033,659.9,Standard Class,2,Credit Card
5611,10/5/2012,10/5/2012,10/7/2012,MB-17305,TEC-AC-10002323,53.04,First Class,1,PayPal
5612,8/19/2014,8/19/2014,8/23/2014,HW-14935,TEC-AC-10002049,843.9,Standard Class,1,Credit Card
5613,8/19/2014,8/19/2014,8/23/2014,HW-14935,TEC-AC-10002253,1496.16,Standard Class,1,PayPal
5614,2/2/2013,2/2/2013,2/7/2013,AB-10105,OFF-ST-10003994,117.96,Standard Class,1,Credit Card
5615,8/24/2013,8/24/2013,8/28/2013,JP-15460,OFF-AR-10002399,21.3,Standard Class,1,Credit Card
5616,8/24/2013,8/24/2013,8/28/2013,JP-15460,OFF-AP-10002118,1040.8,Standard Class,4,Credit Card
5617,8/24/2013,8/24/2013,8/28/2013,JP-15460,OFF-AR-10001954,29.34,Standard Class,2,Bank Transfer
5618,7/1/2014,7/1/2014,7/5/2014,DV-13045,FUR-FU-10001591,19.52,Standard Class,3,PayPal
5619,9/18/2012,9/18/2012,9/21/2012,CM-12190,OFF-ST-10004186,443.92,First Class,4,Bank Transfer
5620,9/26/2013,9/26/2013,10/1/2013,SC-20695,TEC-AC-10001908,499.95,Standard Class,5,PayPal
5621,9/26/2013,9/26/2013,10/1/2013,SC-20695,OFF-AR-10000817,3.04,Standard Class,1,PayPal
5622,9/26/2013,9/26/2013,10/1/2013,SC-20695,FUR-CH-10004218,201.96,Standard Class,3,PayPal
5623,9/26/2013,9/26/2013,10/1/2013,SC-20695,FUR-FU-10000755,68.64,Standard Class,1,PayPal
5624,10/25/2013,10/25/2013,10/29/2013,VW-21775,TEC-AC-10003063,100,Second Class,5,PayPal
5625,10/25/2013,10/25/2013,10/29/2013,VW-21775,TEC-AC-10002637,359.98,Second Class,2,Credit Card
5626,9/29/2011,9/29/2011,10/1/2011,PP-18955,FUR-FU-10001706,6.16,Second Class,1,Bank Transfer
5627,9/29/2011,9/29/2011,10/1/2011,PP-18955,FUR-TA-10002958,2348.82,Second Class,2,PayPal
5628,6/27/2014,6/27/2014,7/2/2014,DR-12880,OFF-LA-10004689,13.872,Standard Class,4,PayPal
5629,6/27/2014,6/27/2014,7/2/2014,DR-12880,FUR-CH-10001545,273.552,Standard Class,5,PayPal
5630,8/22/2013,8/22/2013,8/24/2013,RB-19465,FUR-TA-10002530,815.292,Second Class,5,Credit Card
5631,2/12/2011,2/12/2011,2/16/2011,NF-18385,TEC-AC-10001432,234.45,Standard Class,5,Bank Transfer
5632,2/12/2011,2/12/2011,2/16/2011,NF-18385,FUR-TA-10003715,1256.22,Standard Class,5,PayPal
5633,2/12/2011,2/12/2011,2/16/2011,NF-18385,OFF-BI-10003291,17.46,Standard Class,3,Bank Transfer
5634,9/24/2013,9/24/2013,9/29/2013,CR-12580,OFF-BI-10004187,10.528,Second Class,5,PayPal
5635,12/5/2012,12/5/2012,12/6/2012,SU-20665,OFF-BI-10000666,152.8,First Class,2,Bank Transfer
5636,9/4/2014,9/4/2014,9/9/2014,SC-20050,OFF-BI-10002225,82.56,Standard Class,2,Bank Transfer
5637,9/4/2014,9/4/2014,9/9/2014,SC-20050,TEC-AC-10000474,284.97,Standard Class,5,Bank Transfer
5638,3/27/2014,3/27/2014,4/3/2014,ML-18040,FUR-FU-10004245,60.84,Standard Class,4,PayPal
5639,12/21/2011,12/21/2011,12/27/2011,GM-14440,FUR-CH-10004287,1325.76,Standard Class,2,Credit Card
5640,12/21/2011,12/21/2011,12/27/2011,GM-14440,FUR-CH-10000595,572.16,Standard Class,3,Bank Transfer
5641,9/23/2011,9/23/2011,9/28/2011,JK-15640,OFF-PA-10003063,28.8,Standard Class,2,PayPal
5642,4/3/2014,4/3/2014,4/6/2014,AT-10435,OFF-AR-10000246,11.12,First Class,5,PayPal
5643,4/2/2013,4/2/2013,4/6/2013,DB-12910,FUR-FU-10003274,7.04,Second Class,5,Bank Transfer
5644,5/15/2012,5/15/2012,5/20/2012,AH-10690,OFF-EN-10004147,17.94,Second Class,2,Credit Card
5645,3/24/2014,3/24/2014,3/27/2014,SJ-20125,OFF-BI-10002103,34.76,First Class,4,PayPal
5646,4/15/2014,4/15/2014,4/20/2014,HM-14860,FUR-FU-10004018,74.45,Standard Class,3,Credit Card
5647,1/4/2012,1/4/2012,1/9/2012,AG-10495,FUR-FU-10001473,192.22,Standard Class,3,Credit Card
5648,11/3/2014,11/3/2014,11/8/2014,JB-16000,OFF-PA-10001800,19.44,Standard Class,1,PayPal
5649,7/18/2014,7/18/2014,7/20/2014,AJ-10795,OFF-PA-10004609,32.4,Second Class,2,Credit Card
5650,7/18/2014,7/18/2014,7/20/2014,AJ-10795,OFF-EN-10002592,57.9,Second Class,2,Credit Card
5651,7/18/2014,7/18/2014,7/20/2014,AJ-10795,OFF-ST-10002957,10.56,Second Class,3,Credit Card
5652,7/18/2014,7/18/2014,7/20/2014,AJ-10795,FUR-BO-10002613,1194.165,Second Class,4,Credit Card
5653,10/7/2014,10/7/2014,10/12/2014,MM-18280,OFF-PA-10001033,40.99,Standard Class,4,Bank Transfer
5654,11/4/2011,11/4/2011,11/11/2011,TH-21235,OFF-AR-10000940,2.94,Standard Class,2,PayPal
5655,12/19/2013,12/19/2013,12/22/2013,AH-10120,OFF-BI-10001670,45.24,First Class,2,Bank Transfer
5656,12/19/2013,12/19/2013,12/22/2013,AH-10120,OFF-AR-10004078,18.688,First Class,4,PayPal
5657,12/19/2013,12/19/2013,12/22/2013,AH-10120,OFF-PA-10003036,11.648,First Class,1,Credit Card
5658,12/19/2013,12/19/2013,12/22/2013,AH-10120,TEC-AC-10000991,112.776,First Class,2,Credit Card
5659,12/19/2013,12/19/2013,12/22/2013,AH-10120,FUR-TA-10002530,377.45,First Class,4,Bank Transfer
5660,12/19/2013,12/19/2013,12/22/2013,AH-10120,OFF-LA-10000407,15.936,First Class,5,PayPal
5661,12/19/2013,12/19/2013,12/22/2013,AH-10120,TEC-PH-10004833,28.68,First Class,1,Credit Card
5662,9/25/2013,9/25/2013,10/2/2013,CL-12700,FUR-FU-10002671,21.44,Standard Class,1,Bank Transfer
5663,9/25/2013,9/25/2013,10/2/2013,CL-12700,OFF-ST-10001370,511.056,Standard Class,3,Credit Card
5664,7/22/2013,7/22/2013,7/22/2013,JG-15310,OFF-AR-10000914,18.656,Same Day,5,Credit Card
5665,7/22/2013,7/22/2013,7/22/2013,JG-15310,OFF-BI-10001116,11.088,Same Day,2,Credit Card
5666,7/22/2013,7/22/2013,7/22/2013,JG-15310,OFF-ST-10002276,66.688,Same Day,3,PayPal
5667,7/22/2013,7/22/2013,7/22/2013,JG-15310,OFF-ST-10004340,99.488,Same Day,5,PayPal
5668,6/12/2013,6/12/2013,6/16/2013,SE-20110,OFF-LA-10004093,14.62,Standard Class,5,PayPal
5669,6/12/2013,6/12/2013,6/16/2013,SE-20110,OFF-BI-10004728,53.984,Standard Class,3,Credit Card
5670,6/12/2013,6/12/2013,6/16/2013,SE-20110,TEC-AC-10003095,389.97,Standard Class,3,Bank Transfer
5671,6/9/2012,6/9/2012,6/11/2012,TG-21640,FUR-FU-10003192,355.36,Second Class,5,Bank Transfer
5672,6/9/2012,6/9/2012,6/11/2012,TG-21640,TEC-PH-10004522,140.376,Second Class,1,Bank Transfer
5673,10/28/2014,10/28/2014,11/4/2014,SH-19975,OFF-EN-10003068,15.84,Standard Class,3,Credit Card
5674,10/28/2014,10/28/2014,11/4/2014,SH-19975,OFF-PA-10001204,8.448,Standard Class,2,PayPal
5675,1/22/2013,1/22/2013,1/27/2013,MC-17275,OFF-PA-10003953,12.96,Standard Class,5,Credit Card
5676,5/28/2011,5/28/2011,6/2/2011,PJ-18835,TEC-PH-10001552,57.408,Standard Class,3,Bank Transfer
5677,5/28/2011,5/28/2011,6/2/2011,PJ-18835,TEC-AC-10004877,27.6,Standard Class,4,Bank Transfer
5678,12/29/2011,12/29/2011,1/5/2012,ZC-21910,FUR-FU-10000193,38.976,Standard Class,4,PayPal
5679,7/29/2013,7/29/2013,8/4/2013,SC-20680,OFF-FA-10000735,20.44,Standard Class,2,Bank Transfer
5680,7/29/2013,7/29/2013,8/4/2013,SC-20680,OFF-PA-10002120,109.92,Standard Class,4,Bank Transfer
5681,9/25/2013,9/25/2013,10/1/2013,BP-11230,OFF-BI-10001249,6.38,Standard Class,2,PayPal
5682,9/25/2013,9/25/2013,10/1/2013,BP-11230,OFF-PA-10001569,6.48,Standard Class,3,Credit Card
5683,4/2/2011,4/2/2011,4/8/2011,RD-19585,OFF-PA-10004248,15.84,Standard Class,2,Credit Card
5684,4/2/2011,4/2/2011,4/8/2011,RD-19585,TEC-PH-10001128,1049.93,Standard Class,4,Bank Transfer
5685,4/2/2011,4/2/2011,4/8/2011,RD-19585,OFF-AP-10003842,154.9,Standard Class,5,PayPal
5686,11/5/2012,11/5/2012,11/5/2012,KL-16645,OFF-BI-10002794,98.352,Same Day,2,Bank Transfer
5687,7/28/2011,7/28/2011,7/28/2011,CK-12205,OFF-FA-10000621,14.32,Same Day,3,Bank Transfer
5688,7/28/2011,7/28/2011,7/28/2011,CK-12205,FUR-FU-10003623,129.888,Same Day,4,Credit Card
5689,7/28/2011,7/28/2011,7/28/2011,CK-12205,OFF-EN-10000781,48.944,Same Day,3,Bank Transfer
5690,12/26/2012,12/26/2012,12/31/2012,RB-19705,FUR-CH-10002044,275.058,Standard Class,4,Credit Card
5691,12/10/2012,12/10/2012,12/16/2012,KM-16225,OFF-AR-10000817,27.36,Standard Class,5,Credit Card
5692,12/10/2012,12/10/2012,12/16/2012,KM-16225,OFF-PA-10001509,44.75,Standard Class,5,Bank Transfer
5693,12/10/2012,12/10/2012,12/16/2012,KM-16225,TEC-PH-10004667,134.99,Standard Class,1,Credit Card
5694,12/10/2012,12/10/2012,12/16/2012,KM-16225,OFF-PA-10000143,26.4,Standard Class,2,Credit Card
5695,12/10/2012,12/10/2012,12/16/2012,KM-16225,FUR-CH-10000785,542.94,Standard Class,5,Credit Card
5696,5/6/2013,5/6/2013,5/8/2013,AH-10465,FUR-TA-10001676,71.088,Second Class,4,Bank Transfer
5697,10/15/2014,10/15/2014,10/19/2014,AG-10765,OFF-BI-10000309,27.396,Standard Class,2,Bank Transfer
5698,10/15/2014,10/15/2014,10/19/2014,AG-10765,OFF-BI-10004224,13.456,Standard Class,1,Bank Transfer
5699,11/6/2013,11/6/2013,11/6/2013,EB-14170,OFF-LA-10002312,11.84,Same Day,5,Bank Transfer
5700,11/4/2014,11/4/2014,11/9/2014,PG-18895,OFF-PA-10003022,35.88,Standard Class,3,PayPal
5701,11/25/2013,11/25/2013,11/27/2013,CA-12055,OFF-EN-10001532,40.752,First Class,5,Credit Card
5702,11/25/2013,11/25/2013,11/27/2013,CA-12055,TEC-AC-10004855,139.96,First Class,4,PayPal
5703,12/14/2011,12/14/2011,12/21/2011,SS-20875,OFF-AR-10003829,2.624,Standard Class,1,PayPal
5704,12/14/2011,12/14/2011,12/21/2011,SS-20875,FUR-TA-10002645,136.53,Standard Class,4,Bank Transfer
5705,12/14/2011,12/14/2011,12/21/2011,SS-20875,TEC-AC-10003033,263.96,Standard Class,1,Credit Card
5706,11/3/2011,11/3/2011,11/8/2011,RP-19390,OFF-SU-10002522,11.64,Standard Class,3,Bank Transfer
5707,9/23/2014,9/23/2014,9/26/2014,SC-20440,OFF-BI-10004828,40.176,Second Class,3,PayPal
5708,5/8/2012,5/8/2012,5/15/2012,NW-18400,FUR-FU-10001095,79.44,Standard Class,4,Bank Transfer
5709,5/8/2012,5/8/2012,5/15/2012,NW-18400,OFF-SU-10000157,357.93,Standard Class,2,PayPal
5710,5/8/2012,5/8/2012,5/15/2012,NW-18400,FUR-CH-10002647,127.764,Standard Class,2,Bank Transfer
5711,5/8/2012,5/8/2012,5/15/2012,NW-18400,TEC-CO-10004115,2799.944,Standard Class,3,Bank Transfer
5712,5/8/2012,5/8/2012,5/15/2012,NW-18400,OFF-PA-10003363,19.44,Standard Class,3,PayPal
5713,8/1/2014,8/1/2014,8/1/2014,KW-16435,TEC-PH-10003092,36.792,Same Day,2,PayPal
5714,3/1/2011,3/1/2011,3/5/2011,HR-14770,TEC-PH-10003655,5.94,Standard Class,4,Bank Transfer
5715,9/26/2014,9/26/2014,9/30/2014,AG-10900,OFF-ST-10001476,177.55,Standard Class,2,PayPal
5716,10/9/2012,10/9/2012,10/12/2012,BM-11650,TEC-AC-10002049,619.95,Second Class,3,Credit Card
5717,10/9/2012,10/9/2012,10/12/2012,BM-11650,TEC-PH-10003875,29.16,Second Class,4,PayPal
5718,10/9/2012,10/9/2012,10/12/2012,BM-11650,OFF-EN-10003286,57.96,Second Class,1,PayPal
5719,10/9/2012,10/9/2012,10/12/2012,BM-11650,OFF-AP-10003971,29.403,Second Class,5,Bank Transfer
5720,3/30/2014,3/30/2014,4/3/2014,RD-19720,OFF-ST-10001031,81.4,Second Class,5,Bank Transfer
5721,11/14/2012,11/14/2012,11/17/2012,KB-16585,OFF-FA-10000304,8.72,First Class,3,Credit Card
5722,11/14/2012,11/14/2012,11/17/2012,KB-16585,TEC-AC-10000358,91.176,First Class,3,Bank Transfer
5723,11/14/2012,11/14/2012,11/17/2012,KB-16585,TEC-AC-10002800,159.968,First Class,2,Credit Card
5724,9/27/2013,9/27/2013,10/1/2013,DW-13585,OFF-PA-10004735,12.96,Standard Class,2,Bank Transfer
5725,9/22/2011,9/22/2011,9/27/2011,VG-21805,OFF-ST-10002574,331.536,Standard Class,3,PayPal
5726,9/25/2012,9/25/2012,9/27/2012,DR-12880,TEC-AC-10004171,899.91,First Class,4,PayPal
5727,5/4/2012,5/4/2012,5/8/2012,AH-10690,TEC-PH-10002922,946.344,Standard Class,3,Credit Card
5728,12/9/2014,12/9/2014,12/14/2014,JP-15520,TEC-AC-10003023,178.11,Standard Class,1,Bank Transfer
5729,12/9/2014,12/9/2014,12/14/2014,JP-15520,OFF-AP-10003590,1089.75,Standard Class,3,PayPal
5730,12/9/2014,12/9/2014,12/14/2014,JP-15520,OFF-LA-10003510,61.06,Standard Class,2,Credit Card
5731,12/9/2014,12/9/2014,12/14/2014,JP-15520,FUR-BO-10003159,459.92,Standard Class,5,Credit Card
5732,12/9/2014,12/9/2014,12/14/2014,JP-15520,OFF-PA-10002713,27.52,Standard Class,3,PayPal
5733,6/30/2014,6/30/2014,7/3/2014,DR-12880,FUR-BO-10002598,638.82,First Class,5,Credit Card
5734,6/30/2014,6/30/2014,7/3/2014,DR-12880,OFF-SU-10002537,30.69,First Class,4,Bank Transfer
5735,6/30/2014,6/30/2014,7/3/2014,DR-12880,FUR-FU-10003976,25.16,First Class,1,Credit Card
5736,6/29/2011,6/29/2011,7/3/2011,JK-15625,OFF-BI-10000174,13.92,Standard Class,4,Bank Transfer
5737,1/21/2011,1/21/2011,1/26/2011,MV-17485,OFF-PA-10002893,19.36,Standard Class,5,Credit Card
5738,1/21/2011,1/21/2011,1/26/2011,MV-17485,FUR-FU-10003194,19.3,Standard Class,1,Bank Transfer
5739,1/1/2014,1/1/2014,1/7/2014,BP-11155,OFF-BI-10004233,38.376,Standard Class,2,Bank Transfer
5740,3/29/2014,3/29/2014,4/1/2014,DH-13075,OFF-PA-10000232,12.96,First Class,1,Credit Card
5741,3/29/2014,3/29/2014,4/1/2014,DH-13075,FUR-FU-10001095,26.48,First Class,2,Bank Transfer
5742,3/29/2014,3/29/2014,4/1/2014,DH-13075,TEC-MA-10004679,532.72,First Class,4,Bank Transfer
5743,3/29/2014,3/29/2014,4/1/2014,DH-13075,OFF-PA-10003651,26.72,First Class,1,Credit Card
5744,3/29/2014,3/29/2014,4/1/2014,DH-13075,OFF-PA-10000743,20.04,First Class,2,Bank Transfer
5745,3/29/2014,3/29/2014,4/1/2014,DH-13075,OFF-ST-10002743,795.48,First Class,5,PayPal
5746,3/29/2014,3/29/2014,4/1/2014,DH-13075,FUR-FU-10003829,21.56,First Class,4,Bank Transfer
5747,12/9/2013,12/9/2013,12/13/2013,LH-16900,TEC-PH-10002496,249.584,Standard Class,3,Credit Card
5748,12/9/2013,12/9/2013,12/13/2013,LH-16900,TEC-AC-10002473,68.112,Standard Class,2,Bank Transfer
5749,12/9/2013,12/9/2013,12/13/2013,LH-16900,TEC-AC-10004877,16.56,Standard Class,2,Bank Transfer
5750,11/19/2014,11/19/2014,11/23/2014,DK-13090,TEC-PH-10000923,74.95,Standard Class,1,Credit Card
5751,5/30/2011,5/30/2011,6/5/2011,SS-20410,FUR-TA-10001539,355.455,Standard Class,4,PayPal
5752,1/22/2013,1/22/2013,1/28/2013,FP-14320,OFF-LA-10003498,44.4,Standard Class,4,Bank Transfer
5753,1/22/2013,1/22/2013,1/28/2013,FP-14320,OFF-LA-10004484,20.65,Standard Class,1,PayPal
5754,2/3/2013,2/3/2013,2/10/2013,LC-17050,FUR-CH-10000015,866.4,Standard Class,1,Bank Transfer
5755,3/29/2012,3/29/2012,4/3/2012,AS-10240,OFF-AR-10003732,5.56,Second Class,2,PayPal
5756,10/14/2011,10/14/2011,10/18/2011,HG-15025,OFF-AP-10004052,3.16,Standard Class,4,PayPal
5757,10/14/2011,10/14/2011,10/18/2011,HG-15025,TEC-CO-10002095,1999.96,Standard Class,5,PayPal
5758,8/11/2012,8/11/2012,8/16/2012,BW-11065,FUR-FU-10004270,46.152,Standard Class,5,Bank Transfer
5759,11/22/2012,11/22/2012,11/23/2012,BH-11710,TEC-MA-10000423,32.985,First Class,1,PayPal
5760,12/31/2013,12/31/2013,12/31/2013,JP-16135,OFF-ST-10001526,481.32,Same Day,1,Credit Card
5761,12/31/2013,12/31/2013,12/31/2013,JP-16135,OFF-BI-10002194,6.384,Same Day,4,PayPal
5762,8/13/2014,8/13/2014,8/16/2014,JM-16195,OFF-AP-10000828,542.94,First Class,1,Bank Transfer
5763,8/13/2014,8/13/2014,8/16/2014,JM-16195,FUR-FU-10001473,54.92,First Class,1,Bank Transfer
5764,11/3/2012,11/3/2012,11/5/2012,FH-14365,FUR-CH-10004983,1448.82,First Class,4,Bank Transfer
5765,9/10/2012,9/10/2012,9/12/2012,MC-17575,OFF-ST-10003994,353.88,Second Class,2,Credit Card
5766,11/8/2011,11/8/2011,11/14/2011,EB-13870,TEC-PH-10004447,333.576,Standard Class,3,Credit Card
5767,10/9/2013,10/9/2013,10/16/2013,PM-19135,OFF-LA-10004545,60.144,Standard Class,4,PayPal
5768,9/9/2014,9/9/2014,9/13/2014,AR-10345,TEC-AC-10003116,85.2,Second Class,5,Bank Transfer
5769,2/25/2012,2/25/2012,3/1/2012,SS-20875,OFF-LA-10001641,3.15,Standard Class,1,PayPal
5770,2/25/2012,2/25/2012,3/1/2012,SS-20875,OFF-PA-10002377,22.72,Standard Class,4,PayPal
5771,9/24/2012,9/24/2012,9/28/2012,SC-20440,FUR-FU-10000010,14.91,Standard Class,3,PayPal
5772,9/24/2012,9/24/2012,9/28/2012,SC-20440,OFF-AP-10002651,1158.12,Standard Class,5,PayPal
5773,11/26/2012,11/26/2012,12/1/2012,EA-14035,TEC-CO-10002313,599.99,Standard Class,3,Credit Card
5774,9/1/2013,9/1/2013,9/7/2013,TP-21130,OFF-ST-10001580,23.968,Standard Class,4,Bank Transfer
5775,4/13/2013,4/13/2013,4/17/2013,BP-11290,FUR-CH-10001545,638.288,Standard Class,4,Credit Card
5776,4/13/2013,4/13/2013,4/17/2013,BP-11290,OFF-BI-10004826,13.208,Standard Class,4,Credit Card
5777,12/5/2013,12/5/2013,12/9/2013,LM-17065,OFF-BI-10000301,15.528,Standard Class,1,Credit Card
5778,12/5/2013,12/5/2013,12/10/2013,KT-16465,OFF-PA-10000994,104.85,Standard Class,5,PayPal
5779,11/11/2011,11/11/2011,11/18/2011,AP-10915,OFF-AR-10003156,30.48,Standard Class,1,Credit Card
5780,11/11/2011,11/11/2011,11/18/2011,AP-10915,FUR-CH-10000988,112.648,Standard Class,5,PayPal
5781,4/2/2012,4/2/2012,4/9/2012,JD-15790,TEC-MA-10003329,71.976,Standard Class,2,Bank Transfer
5782,12/12/2012,12/12/2012,12/16/2012,XP-21865,OFF-AR-10001547,2.21,Second Class,3,Credit Card
5783,12/12/2012,12/12/2012,12/16/2012,XP-21865,OFF-EN-10003072,15.52,Second Class,4,Credit Card
5784,12/12/2012,12/12/2012,12/16/2012,XP-21865,OFF-PA-10000726,36.44,Second Class,1,PayPal
5785,10/3/2014,10/3/2014,10/9/2014,JK-16090,FUR-BO-10001972,217.764,Standard Class,2,Credit Card
5786,10/3/2014,10/3/2014,10/9/2014,JK-16090,OFF-SU-10004664,39.072,Standard Class,5,Bank Transfer
5787,10/3/2014,10/3/2014,10/9/2014,JK-16090,OFF-BI-10003676,22.638,Standard Class,1,PayPal
5788,10/3/2014,10/3/2014,10/9/2014,JK-16090,OFF-AR-10003727,95.144,Standard Class,5,PayPal
5789,4/11/2014,4/11/2014,4/15/2014,MG-18205,FUR-FU-10003829,12.32,Second Class,5,Credit Card
5790,4/11/2014,4/11/2014,4/15/2014,MG-18205,OFF-BI-10003712,4.419,Second Class,5,Bank Transfer
5791,9/30/2014,9/30/2014,10/3/2014,PG-18820,OFF-FA-10002280,35,First Class,3,PayPal
5792,9/30/2014,9/30/2014,10/3/2014,PG-18820,FUR-CH-10002961,72.784,First Class,4,Credit Card
5793,9/30/2014,9/30/2014,10/3/2014,PG-18820,OFF-AP-10002578,97.84,First Class,1,Credit Card
5794,9/30/2014,9/30/2014,10/3/2014,PG-18820,FUR-FU-10004848,51.75,First Class,2,PayPal
5795,9/30/2014,9/30/2014,10/3/2014,PG-18820,OFF-BI-10003364,46.672,First Class,1,Bank Transfer
5796,9/29/2011,9/29/2011,10/3/2011,LD-17005,OFF-ST-10002615,1395.54,Second Class,3,PayPal
5797,9/29/2011,9/29/2011,10/3/2011,LD-17005,FUR-FU-10000521,117.36,Second Class,5,Bank Transfer
5798,9/29/2011,9/29/2011,10/3/2011,LD-17005,OFF-LA-10000121,18.9,Second Class,2,Credit Card
5799,9/29/2011,9/29/2011,10/3/2011,LD-17005,OFF-PA-10001289,77.52,Second Class,4,PayPal
5800,8/20/2011,8/20/2011,8/25/2011,CR-12730,FUR-CH-10004495,421.372,Second Class,4,PayPal
5801,7/11/2011,7/11/2011,7/14/2011,MN-17935,TEC-PH-10000895,575.968,First Class,1,Credit Card
5802,7/11/2011,7/11/2011,7/14/2011,MN-17935,OFF-PA-10000552,10.368,First Class,3,Bank Transfer
5803,3/22/2012,3/22/2012,3/24/2012,RD-19900,TEC-PH-10000376,15.984,First Class,4,Bank Transfer
5804,5/13/2014,5/13/2014,5/20/2014,JP-16135,OFF-AR-10003504,10.272,Standard Class,1,Bank Transfer
5805,11/14/2014,11/14/2014,11/20/2014,KE-16420,OFF-ST-10000943,61.792,Standard Class,3,Credit Card
5806,11/14/2014,11/14/2014,11/20/2014,KE-16420,FUR-BO-10003441,205.9992,Standard Class,2,PayPal
5807,9/5/2013,9/5/2013,9/8/2013,DL-13315,OFF-PA-10002195,12.192,Second Class,3,Bank Transfer
5808,9/5/2013,9/5/2013,9/8/2013,DL-13315,OFF-AP-10001205,87.168,Second Class,2,Bank Transfer
5809,9/5/2013,9/5/2013,9/8/2013,DL-13315,OFF-AR-10002987,31.744,Second Class,5,Bank Transfer
5810,2/6/2013,2/6/2013,2/11/2013,KB-16240,FUR-FU-10000723,132.224,Standard Class,3,Credit Card
5811,3/22/2012,3/22/2012,3/26/2012,JD-16150,OFF-PA-10003127,105.52,Standard Class,3,Bank Transfer
5812,3/22/2012,3/22/2012,3/26/2012,JD-16150,FUR-FU-10000747,91.96,Standard Class,5,Bank Transfer
5813,3/22/2012,3/22/2012,3/26/2012,JD-16150,TEC-PH-10001795,1487.976,Standard Class,4,PayPal
5814,7/2/2012,7/2/2012,7/3/2012,SR-20740,OFF-PA-10003797,19.44,First Class,5,Bank Transfer
5815,6/15/2012,6/15/2012,6/17/2012,AC-10450,TEC-AC-10002718,11.672,First Class,2,PayPal
5816,11/26/2011,11/26/2011,11/26/2011,LS-17245,TEC-PH-10002170,279.96,Same Day,1,Bank Transfer
5817,11/26/2011,11/26/2011,11/26/2011,LS-17245,OFF-BI-10001078,12.912,Same Day,4,PayPal
5818,11/26/2011,11/26/2011,11/26/2011,LS-17245,OFF-BI-10001031,17.088,Same Day,1,PayPal
5819,11/26/2011,11/26/2011,11/26/2011,LS-17245,OFF-LA-10001158,93.15,Same Day,1,Credit Card
5820,11/26/2011,11/26/2011,11/26/2011,LS-17245,OFF-LA-10001613,11.52,Same Day,1,Credit Card
5821,5/13/2014,5/13/2014,5/19/2014,CS-12175,OFF-SU-10000157,238.62,Standard Class,2,Credit Card
5822,5/13/2014,5/13/2014,5/19/2014,CS-12175,OFF-AP-10004868,7.77,Standard Class,4,PayPal
5823,5/13/2014,5/13/2014,5/19/2014,CS-12175,FUR-TA-10001520,285.48,Standard Class,1,PayPal
5824,5/13/2014,5/13/2014,5/19/2014,CS-12175,OFF-BI-10001900,19.168,Standard Class,5,PayPal
5825,5/2/2011,5/2/2011,5/2/2011,AR-10510,OFF-AP-10003971,26.136,Same Day,5,PayPal
5826,9/4/2014,9/4/2014,9/7/2014,KB-16405,OFF-PA-10000418,419.4,Second Class,2,PayPal
5827,9/4/2014,9/4/2014,9/7/2014,KB-16405,FUR-CH-10004626,90.801,Second Class,3,PayPal
5828,9/4/2014,9/4/2014,9/7/2014,KB-16405,FUR-CH-10004860,181.764,Second Class,2,PayPal
5829,9/4/2014,9/4/2014,9/7/2014,KB-16405,OFF-AR-10003251,5.56,Second Class,4,Bank Transfer
5830,12/4/2013,12/4/2013,12/8/2013,MM-17920,FUR-TA-10004575,581.96,Standard Class,2,Credit Card
5831,12/4/2013,12/4/2013,12/8/2013,MM-17920,FUR-CH-10004754,29.98,Standard Class,3,Bank Transfer
5832,7/18/2012,7/18/2012,7/22/2012,RF-19735,TEC-AC-10003095,519.96,Standard Class,4,PayPal
5833,7/22/2013,7/22/2013,7/27/2013,BP-11290,OFF-LA-10000262,6.264,Standard Class,1,Credit Card
5834,7/22/2013,7/22/2013,7/27/2013,BP-11290,FUR-CH-10002961,363.92,Standard Class,5,PayPal
5835,6/9/2012,6/9/2012,6/16/2012,MJ-17740,OFF-BI-10003876,64.2,Standard Class,1,PayPal
5836,6/9/2012,6/9/2012,6/16/2012,MJ-17740,OFF-BI-10002133,38.52,Standard Class,3,Bank Transfer
5837,6/9/2012,6/9/2012,6/16/2012,MJ-17740,TEC-AC-10004396,72.6,Standard Class,1,Credit Card
5838,11/28/2014,11/28/2014,12/4/2014,DO-13645,TEC-PH-10004100,57.568,Standard Class,1,PayPal
5839,3/27/2012,3/27/2012,4/3/2012,MV-17485,OFF-ST-10000636,83.7,Standard Class,5,PayPal
5840,9/22/2012,9/22/2012,9/26/2012,MG-17875,OFF-PA-10001972,32.4,Second Class,2,Bank Transfer
5841,9/22/2012,9/22/2012,9/26/2012,MG-17875,FUR-FU-10002554,47.98,Second Class,2,Bank Transfer
5842,11/17/2012,11/17/2012,11/21/2012,BS-11665,TEC-PH-10003174,415.968,Standard Class,4,Credit Card
5843,11/17/2012,11/17/2012,11/21/2012,BS-11665,OFF-ST-10001418,304.9,Standard Class,3,Credit Card
5844,11/17/2012,11/17/2012,11/21/2012,BS-11665,FUR-FU-10002813,80.96,Standard Class,5,Bank Transfer
5845,11/17/2012,11/17/2012,11/21/2012,BS-11665,OFF-ST-10000129,777.21,Standard Class,4,PayPal
5846,11/17/2012,11/17/2012,11/21/2012,BS-11665,OFF-PA-10001639,32.4,Standard Class,4,PayPal
5847,11/17/2012,11/17/2012,11/21/2012,BS-11665,FUR-CH-10001708,225.568,Standard Class,1,PayPal
5848,11/17/2012,11/17/2012,11/21/2012,BS-11665,FUR-FU-10001591,36.6,Standard Class,2,PayPal
5849,11/10/2012,11/10/2012,11/14/2012,PO-19180,OFF-AP-10003849,715.64,Standard Class,4,Credit Card
5850,11/10/2012,11/10/2012,11/14/2012,PO-19180,OFF-ST-10000078,795.51,Standard Class,1,PayPal
5851,11/10/2012,11/10/2012,11/14/2012,PO-19180,TEC-CO-10001571,549.99,Standard Class,5,Credit Card
5852,11/10/2012,11/10/2012,11/14/2012,PO-19180,OFF-BI-10001658,74.76,Standard Class,1,Credit Card
5853,11/10/2012,11/10/2012,11/14/2012,PO-19180,FUR-FU-10004351,29.22,Standard Class,1,Bank Transfer
5854,9/10/2011,9/10/2011,9/14/2011,DA-13450,OFF-BI-10003314,9.64,Standard Class,2,PayPal
5855,8/5/2012,8/5/2012,8/11/2012,AH-10690,OFF-ST-10001505,33.488,Standard Class,5,Bank Transfer
5856,8/5/2012,8/5/2012,8/11/2012,AH-10690,OFF-SU-10003567,23.04,Standard Class,3,PayPal
5857,8/5/2012,8/5/2012,8/11/2012,AH-10690,OFF-BI-10002982,1.362,Standard Class,3,Bank Transfer
5858,8/5/2012,8/5/2012,8/11/2012,AH-10690,FUR-FU-10002364,14.76,Standard Class,1,Credit Card
5859,9/4/2014,9/4/2014,9/8/2014,JK-15730,FUR-BO-10004218,239.666,Second Class,2,PayPal
5860,11/1/2012,11/1/2012,11/8/2012,MS-17530,FUR-TA-10002530,301.96,Standard Class,3,PayPal
5861,4/29/2012,4/29/2012,5/4/2012,JK-15640,OFF-PA-10001526,7.968,Second Class,2,Bank Transfer
5862,5/2/2013,5/2/2013,5/5/2013,CM-12235,OFF-PA-10001497,109.92,Second Class,5,PayPal
5863,5/2/2013,5/2/2013,5/5/2013,CM-12235,OFF-PA-10003936,19.44,Second Class,2,Bank Transfer
5864,5/2/2013,5/2/2013,5/5/2013,CM-12235,OFF-AR-10000716,11.16,Second Class,2,Credit Card
5865,8/5/2011,8/5/2011,8/7/2011,RS-19420,OFF-AP-10002765,79.47,Second Class,2,Credit Card
5866,8/5/2011,8/5/2011,8/7/2011,RS-19420,OFF-AR-10004165,4.56,Second Class,3,Bank Transfer
5867,8/5/2011,8/5/2011,8/7/2011,RS-19420,FUR-CH-10002335,1133.35,Second Class,5,Bank Transfer
5868,1/4/2013,1/4/2013,1/8/2013,BP-11185,OFF-AR-10004078,4.672,Standard Class,3,Bank Transfer
5869,1/4/2013,1/4/2013,1/8/2013,BP-11185,OFF-BI-10002026,104.58,Standard Class,5,Credit Card
5870,11/8/2013,11/8/2013,11/13/2013,MA-17995,FUR-CH-10001215,1603.136,Standard Class,1,Credit Card
5871,6/15/2013,6/15/2013,6/15/2013,EB-13705,FUR-TA-10001771,1293.488,Same Day,3,Credit Card
5872,9/25/2013,9/25/2013,9/29/2013,RD-19900,FUR-FU-10004006,127.95,Standard Class,5,PayPal
5873,3/31/2014,3/31/2014,4/4/2014,ME-17320,OFF-ST-10003282,59.76,Standard Class,5,Bank Transfer
5874,6/5/2014,6/5/2014,6/5/2014,EH-14005,OFF-BI-10002353,108.08,Same Day,2,Credit Card
5875,6/5/2014,6/5/2014,6/5/2014,EH-14005,OFF-BI-10004141,9.54,Same Day,3,Credit Card
5876,4/7/2012,4/7/2012,4/9/2012,FM-14290,OFF-AR-10001954,11.736,First Class,1,PayPal
5877,5/21/2011,5/21/2011,5/26/2011,FG-14260,OFF-BI-10001071,447.86,Standard Class,4,PayPal
5878,5/21/2011,5/21/2011,5/26/2011,FG-14260,OFF-PA-10003022,17.94,Standard Class,3,PayPal
5879,5/21/2011,5/21/2011,5/26/2011,FG-14260,OFF-AP-10001293,245.88,Standard Class,3,PayPal
5880,9/6/2013,9/6/2013,9/12/2013,MV-17485,OFF-PA-10001815,192.16,Standard Class,1,PayPal
5881,9/19/2013,9/19/2013,9/23/2013,JW-15220,FUR-CH-10001215,801.568,Standard Class,5,PayPal
5882,9/19/2013,9/19/2013,9/23/2013,JW-15220,OFF-PA-10000100,368.91,Standard Class,3,Credit Card
5883,9/19/2013,9/19/2013,9/23/2013,JW-15220,FUR-CH-10002880,885.528,Standard Class,5,Credit Card
5884,3/14/2013,3/14/2013,3/16/2013,EH-13765,FUR-FU-10004712,28.28,Second Class,3,PayPal
5885,3/14/2013,3/14/2013,3/16/2013,EH-13765,OFF-SU-10000151,4912.59,Second Class,3,Bank Transfer
5886,10/16/2011,10/16/2011,10/17/2011,LS-17245,OFF-BI-10000136,14.352,Same Day,4,PayPal
5887,10/16/2011,10/16/2011,10/17/2011,LS-17245,TEC-AC-10003610,179.97,Same Day,3,Credit Card
5888,10/9/2014,10/9/2014,10/12/2014,BP-11050,OFF-ST-10001837,42.76,First Class,4,Bank Transfer
5889,5/7/2012,5/7/2012,5/12/2012,CC-12220,OFF-PA-10001952,45.68,Standard Class,1,Credit Card
5890,4/15/2013,4/15/2013,4/18/2013,JM-15580,OFF-BI-10002414,25.06,First Class,1,PayPal
5891,11/22/2013,11/22/2013,11/27/2013,RD-19720,OFF-PA-10001790,38.432,Standard Class,4,Bank Transfer
5892,11/22/2013,11/22/2013,11/27/2013,RD-19720,OFF-ST-10001590,21.568,Standard Class,2,PayPal
5893,11/22/2013,11/22/2013,11/27/2013,RD-19720,TEC-AC-10003657,81.576,Standard Class,4,PayPal
5894,9/11/2014,9/11/2014,9/15/2014,SS-20410,OFF-BI-10004876,2.78,Standard Class,2,PayPal
5895,9/10/2014,9/10/2014,9/15/2014,KD-16495,OFF-ST-10003123,99.87,Standard Class,2,Bank Transfer
5896,11/1/2011,11/1/2011,11/8/2011,PL-18925,OFF-LA-10003498,44.4,Standard Class,3,PayPal
5897,11/1/2011,11/1/2011,11/8/2011,PL-18925,OFF-PA-10004947,21.4,Standard Class,3,Bank Transfer
5898,4/4/2013,4/4/2013,4/10/2013,ZD-21925,FUR-FU-10003799,71.12,Standard Class,5,Bank Transfer
5899,4/4/2013,4/4/2013,4/10/2013,ZD-21925,TEC-PH-10000673,259.96,Standard Class,1,Credit Card
5900,1/13/2014,1/13/2014,1/17/2014,LS-16945,OFF-EN-10002621,9.78,Standard Class,1,Credit Card
5901,11/20/2012,11/20/2012,11/24/2012,PB-18805,OFF-BI-10004528,24.192,Standard Class,1,PayPal
5902,11/28/2013,11/28/2013,12/3/2013,PC-18745,FUR-FU-10001889,31.56,Standard Class,4,Bank Transfer
5903,11/7/2014,11/7/2014,11/7/2014,FM-14290,OFF-PA-10000157,59.94,Same Day,5,Credit Card
5904,11/7/2014,11/7/2014,11/7/2014,FM-14290,OFF-PA-10002764,45.36,Same Day,1,Credit Card
5905,11/7/2014,11/7/2014,11/7/2014,FM-14290,OFF-PA-10000143,26.4,Same Day,3,Bank Transfer
5906,11/7/2014,11/7/2014,11/7/2014,FM-14290,OFF-LA-10000414,41.4,Same Day,5,Bank Transfer
5907,11/7/2014,11/7/2014,11/7/2014,FM-14290,TEC-AC-10003441,16.95,Same Day,4,Bank Transfer
5908,12/3/2013,12/3/2013,12/8/2013,KD-16495,OFF-BI-10002353,24.704,Standard Class,4,Bank Transfer
5909,12/3/2013,12/3/2013,12/8/2013,KD-16495,OFF-AP-10001303,59.7,Standard Class,5,PayPal
5910,12/3/2013,12/3/2013,12/8/2013,KD-16495,FUR-FU-10003026,14.52,Standard Class,2,Bank Transfer
5911,12/3/2013,12/3/2013,12/8/2013,KD-16495,OFF-BI-10000632,104.184,Standard Class,1,Credit Card
5912,12/18/2013,12/18/2013,12/23/2013,SC-20680,OFF-ST-10001328,46.53,Standard Class,3,Bank Transfer
5913,8/24/2011,8/24/2011,8/26/2011,DW-13585,OFF-SU-10004661,25.5,Second Class,3,PayPal
5914,9/17/2012,9/17/2012,9/23/2012,PF-19120,OFF-ST-10000617,14.9,Standard Class,3,Bank Transfer
5915,9/17/2012,9/17/2012,9/23/2012,PF-19120,OFF-LA-10002762,87.71,Standard Class,3,Credit Card
5916,9/17/2012,9/17/2012,9/23/2012,PF-19120,FUR-CH-10001973,199.764,Standard Class,4,Credit Card
5917,9/17/2012,9/17/2012,9/23/2012,PF-19120,OFF-ST-10003058,94.6,Standard Class,1,Credit Card
5918,9/17/2012,9/17/2012,9/23/2012,PF-19120,FUR-BO-10004834,4228.704,Standard Class,2,Bank Transfer
5919,9/17/2012,9/17/2012,9/23/2012,PF-19120,FUR-BO-10002213,2003.92,Standard Class,2,Bank Transfer
5920,9/17/2012,9/17/2012,9/23/2012,PF-19120,TEC-PH-10002170,209.97,Standard Class,1,Credit Card
5921,9/17/2012,9/17/2012,9/23/2012,PF-19120,TEC-AC-10003033,659.9,Standard Class,1,Bank Transfer
5922,9/17/2012,9/17/2012,9/23/2012,PF-19120,OFF-PA-10004071,110.96,Standard Class,2,PayPal
5923,9/17/2012,9/17/2012,9/23/2012,PF-19120,TEC-PH-10000169,67.8,Standard Class,2,Bank Transfer
5924,11/27/2013,11/27/2013,12/1/2013,DK-13225,FUR-TA-10002958,313.176,Second Class,1,Credit Card
5925,11/20/2014,11/20/2014,11/23/2014,RB-19435,OFF-AR-10001177,22.96,Second Class,1,Credit Card
5926,6/4/2014,6/4/2014,6/9/2014,GD-14590,TEC-AC-10004975,1099.5,Standard Class,2,PayPal
5927,4/8/2011,4/8/2011,4/12/2011,RA-19885,FUR-TA-10001086,1215.92,Standard Class,5,Credit Card
5928,10/11/2011,10/11/2011,10/15/2011,DB-13555,OFF-LA-10000240,7.31,Standard Class,5,PayPal
5929,10/11/2011,10/11/2011,10/15/2011,DB-13555,FUR-FU-10002107,8.92,Standard Class,3,Credit Card
5930,7/8/2014,7/8/2014,7/10/2014,RL-19615,FUR-BO-10001519,87.21,First Class,4,Credit Card
5931,7/8/2014,7/8/2014,7/10/2014,RL-19615,OFF-PA-10004100,15.552,First Class,2,Bank Transfer
5932,7/8/2014,7/8/2014,7/10/2014,RL-19615,TEC-PH-10001363,683.988,First Class,4,PayPal
5933,7/8/2014,7/8/2014,7/10/2014,RL-19615,OFF-ST-10004835,13.392,First Class,2,PayPal
5934,7/8/2014,7/8/2014,7/10/2014,RL-19615,TEC-AC-10002018,16.776,First Class,1,Credit Card
5935,7/8/2014,7/8/2014,7/10/2014,RL-19615,TEC-AC-10003033,527.92,First Class,1,Credit Card
5936,7/5/2013,7/5/2013,7/5/2013,RB-19465,FUR-FU-10000221,25.4,Same Day,4,Credit Card
5937,7/5/2013,7/5/2013,7/5/2013,RB-19465,TEC-PH-10001198,177.48,Same Day,2,Bank Transfer
5938,7/5/2013,7/5/2013,7/5/2013,RB-19465,TEC-PH-10002564,71.976,Same Day,3,Credit Card
5939,5/20/2014,5/20/2014,5/26/2014,JF-15295,TEC-PH-10003811,95.992,Standard Class,4,Credit Card
5940,5/20/2014,5/20/2014,5/26/2014,JF-15295,OFF-LA-10004178,13.216,Standard Class,2,Bank Transfer
5941,10/13/2014,10/13/2014,10/15/2014,RW-19690,TEC-AC-10001465,435.84,Second Class,2,PayPal
5942,10/13/2014,10/13/2014,10/15/2014,RW-19690,OFF-AR-10000940,5.88,Second Class,4,Bank Transfer
5943,8/7/2013,8/7/2013,8/14/2013,VG-21790,TEC-PH-10001700,211.168,Standard Class,3,PayPal
5944,8/25/2011,8/25/2011,8/29/2011,JM-15265,FUR-FU-10000771,6.28,Standard Class,4,PayPal
5945,8/25/2011,8/25/2011,8/29/2011,JM-15265,TEC-AC-10002399,95.1,Standard Class,4,Credit Card
5946,8/25/2011,8/25/2011,8/29/2011,JM-15265,OFF-PA-10004983,25.92,Standard Class,3,Bank Transfer
5947,8/25/2011,8/25/2011,8/29/2011,JM-15265,OFF-ST-10004258,48.84,Standard Class,4,Bank Transfer
5948,9/14/2012,9/14/2012,9/18/2012,BE-11455,OFF-BI-10004040,25.9,Second Class,4,PayPal
5949,3/6/2014,3/6/2014,3/6/2014,CB-12535,OFF-EN-10003862,42.68,Same Day,5,PayPal
5950,3/6/2014,3/6/2014,3/6/2014,CB-12535,TEC-AC-10004571,299.97,Same Day,2,Bank Transfer
5951,3/6/2014,3/6/2014,3/6/2014,CB-12535,OFF-AP-10000891,262.24,Same Day,1,Bank Transfer
5952,3/6/2014,3/6/2014,3/6/2014,CB-12535,OFF-BI-10002026,234.36,Same Day,3,PayPal
5953,4/16/2014,4/16/2014,4/22/2014,SD-20485,OFF-PA-10001826,20.736,Standard Class,2,Bank Transfer
5954,3/30/2011,3/30/2011,3/31/2011,SG-20890,OFF-AR-10001231,10.5,First Class,1,PayPal
5955,11/11/2011,11/11/2011,11/15/2011,TS-21430,FUR-FU-10000409,23.968,Second Class,2,PayPal
5956,11/11/2011,11/11/2011,11/15/2011,TS-21430,FUR-BO-10002545,521.96,Second Class,4,Bank Transfer
5957,3/13/2013,3/13/2013,3/16/2013,DK-13225,OFF-ST-10002756,676.55,Second Class,2,Credit Card
5958,3/13/2013,3/13/2013,3/16/2013,DK-13225,OFF-AP-10003842,154.9,Second Class,2,Credit Card
5959,3/13/2013,3/13/2013,3/16/2013,DK-13225,OFF-EN-10004459,30.56,Second Class,2,Credit Card
5960,3/13/2013,3/13/2013,3/16/2013,DK-13225,FUR-CH-10003746,770.352,Second Class,1,PayPal
5961,2/10/2014,2/10/2014,2/15/2014,ML-17395,FUR-FU-10003142,21.12,Second Class,2,Bank Transfer
5962,11/11/2011,11/11/2011,11/13/2011,MA-17560,TEC-PH-10001425,575.928,Second Class,1,Bank Transfer
5963,11/11/2011,11/11/2011,11/13/2011,MA-17560,OFF-AP-10001626,7.78,Second Class,1,Bank Transfer
5964,11/11/2011,11/11/2011,11/13/2011,MA-17560,OFF-PA-10003625,123.92,Second Class,3,PayPal
5965,8/21/2014,8/21/2014,8/26/2014,LR-17035,OFF-SU-10004768,17.22,Standard Class,5,Bank Transfer
5966,8/21/2014,8/21/2014,8/26/2014,LR-17035,OFF-ST-10000777,226.56,Standard Class,4,Bank Transfer
5967,8/21/2014,8/21/2014,8/26/2014,LR-17035,TEC-PH-10003171,107.88,Standard Class,2,Bank Transfer
5968,1/15/2013,1/15/2013,1/17/2013,BE-11335,OFF-PA-10001033,81.98,First Class,3,Credit Card
5969,7/20/2011,7/20/2011,7/22/2011,CC-12145,OFF-PA-10000418,104.85,First Class,4,PayPal
5970,7/20/2011,7/20/2011,7/22/2011,CC-12145,OFF-BI-10001982,8.704,First Class,2,Bank Transfer
5971,7/20/2011,7/20/2011,7/22/2011,CC-12145,OFF-PA-10002230,19.92,First Class,3,PayPal
5972,7/20/2011,7/20/2011,7/22/2011,CC-12145,FUR-FU-10003577,43.02,First Class,4,Bank Transfer
5973,2/7/2014,2/7/2014,2/12/2014,BD-11770,FUR-BO-10001811,240.784,Standard Class,1,Credit Card
5974,12/25/2012,12/25/2012,12/29/2012,JK-15640,OFF-AP-10003779,414.96,Standard Class,2,Credit Card
5975,10/9/2013,10/9/2013,10/14/2013,DB-13615,OFF-ST-10000676,387.72,Standard Class,1,Credit Card
5976,7/14/2014,7/14/2014,7/18/2014,RR-19525,OFF-ST-10001496,360.38,Standard Class,4,Credit Card
5977,7/14/2014,7/14/2014,7/18/2014,RR-19525,OFF-PA-10003673,13.56,Standard Class,5,PayPal
5978,4/25/2014,4/25/2014,4/26/2014,SV-20935,TEC-PH-10004614,552,First Class,2,Bank Transfer
5979,9/7/2011,9/7/2011,9/13/2011,RB-19465,FUR-TA-10001039,429.9,Standard Class,5,Credit Card
5980,9/7/2011,9/7/2011,9/13/2011,RB-19465,OFF-BI-10000474,32.06,Standard Class,1,Bank Transfer
5981,9/7/2011,9/7/2011,9/13/2011,RB-19465,FUR-CH-10004698,161.96,Standard Class,1,PayPal
5982,9/7/2011,9/7/2011,9/13/2011,RB-19465,OFF-ST-10003327,19.86,Standard Class,3,Bank Transfer
5983,11/22/2013,11/22/2013,11/29/2013,MV-18190,OFF-PA-10000232,12.96,Standard Class,3,Bank Transfer
5984,9/17/2014,9/17/2014,9/19/2014,EH-14185,OFF-PA-10003657,20.544,Second Class,4,Credit Card
5985,7/20/2013,7/20/2013,7/26/2013,JS-16030,FUR-FU-10001185,185.58,Standard Class,4,PayPal
5986,7/20/2013,7/20/2013,7/26/2013,JS-16030,OFF-BI-10003007,77.56,Standard Class,5,PayPal
5987,7/20/2013,7/20/2013,7/26/2013,JS-16030,OFF-ST-10002485,87.92,Standard Class,4,Credit Card
5988,7/20/2013,7/20/2013,7/26/2013,JS-16030,OFF-PA-10001033,245.94,Standard Class,5,PayPal
5989,7/20/2013,7/20/2013,7/26/2013,JS-16030,OFF-BI-10000404,8.6,Standard Class,4,Credit Card
5990,7/20/2013,7/20/2013,7/26/2013,JS-16030,FUR-BO-10003546,504.9,Standard Class,3,PayPal
5991,9/16/2014,9/16/2014,9/22/2014,ES-14020,OFF-BI-10004390,2357.488,Standard Class,4,Credit Card
5992,9/16/2014,9/16/2014,9/22/2014,ES-14020,TEC-PH-10001700,369.544,Standard Class,3,PayPal
5993,9/16/2014,9/16/2014,9/22/2014,ES-14020,FUR-CH-10003396,184.752,Standard Class,4,PayPal
5994,12/12/2013,12/12/2013,12/12/2013,NS-18640,OFF-ST-10001558,64.96,Same Day,1,PayPal
5995,12/12/2013,12/12/2013,12/12/2013,NS-18640,OFF-SU-10004782,13.52,Same Day,2,Credit Card
5996,12/12/2013,12/12/2013,12/12/2013,NS-18640,FUR-CH-10003298,458.43,Same Day,4,Bank Transfer
5997,12/12/2013,12/12/2013,12/12/2013,NS-18640,OFF-AP-10000576,387.136,Same Day,3,Credit Card
5998,12/12/2013,12/12/2013,12/12/2013,NS-18640,FUR-TA-10003008,328.59,Same Day,4,PayPal
5999,12/10/2011,12/10/2011,12/14/2011,SH-19975,FUR-CH-10001708,338.352,Standard Class,1,Bank Transfer
6000,12/10/2011,12/10/2011,12/14/2011,SH-19975,OFF-PA-10000019,25.92,Standard Class,2,PayPal
6001,12/10/2011,12/10/2011,12/14/2011,SH-19975,OFF-PA-10002222,91.36,Standard Class,3,Bank Transfer
6002,12/13/2011,12/13/2011,12/17/2011,RF-19345,FUR-FU-10002553,87.96,Standard Class,3,Bank Transfer
6003,12/13/2011,12/13/2011,12/17/2011,RF-19345,OFF-BI-10002103,5.214,Standard Class,2,PayPal
6004,9/22/2014,9/22/2014,9/28/2014,DL-12865,OFF-BI-10002794,12.294,Standard Class,5,PayPal
6005,9/8/2014,9/8/2014,9/12/2014,AG-10390,FUR-FU-10002597,19.76,Standard Class,3,Credit Card
6006,11/2/2012,11/2/2012,11/7/2012,SW-20245,FUR-CH-10003535,109.764,Standard Class,5,Bank Transfer
6007,12/12/2014,12/12/2014,12/19/2014,KN-16390,TEC-PH-10001527,128.85,Standard Class,5,Credit Card
6008,4/2/2014,4/2/2014,4/4/2014,GB-14530,FUR-FU-10004006,127.95,First Class,1,Credit Card
6009,12/30/2012,12/30/2012,1/3/2013,CL-12565,OFF-PA-10000595,68.52,Standard Class,4,PayPal
6010,12/30/2012,12/30/2012,1/3/2013,CL-12565,OFF-ST-10000798,74.94,Standard Class,5,Bank Transfer
6011,12/30/2012,12/30/2012,1/3/2013,CL-12565,TEC-MA-10004002,2548.56,Standard Class,2,PayPal
6012,12/30/2012,12/30/2012,1/3/2013,CL-12565,OFF-EN-10003296,271.44,Standard Class,4,PayPal
6013,12/30/2012,12/30/2012,1/3/2013,CL-12565,TEC-PH-10004345,287.88,Standard Class,5,Bank Transfer
6014,3/11/2013,3/11/2013,3/12/2013,KF-16285,OFF-PA-10004405,14.9,First Class,3,Credit Card
6015,3/11/2013,3/11/2013,3/12/2013,KF-16285,TEC-PH-10002885,4158.912,First Class,3,Credit Card
6016,4/6/2011,4/6/2011,4/12/2011,AY-10555,FUR-FU-10000747,91.96,Standard Class,2,Credit Card
6017,4/6/2011,4/6/2011,4/12/2011,AY-10555,FUR-FU-10001918,33.11,Standard Class,5,Credit Card
6018,4/6/2011,4/6/2011,4/12/2011,AY-10555,OFF-PA-10003309,19.44,Standard Class,2,Credit Card
6019,4/6/2011,4/6/2011,4/12/2011,AY-10555,OFF-PA-10001977,55.48,Standard Class,2,PayPal
6020,10/5/2011,10/5/2011,10/10/2011,BD-11635,OFF-AP-10002892,91.92,Second Class,1,Bank Transfer
6021,8/14/2013,8/14/2013,8/14/2013,HG-15025,OFF-AP-10002222,17.34,Same Day,3,Bank Transfer
6022,8/14/2013,8/14/2013,8/14/2013,HG-15025,TEC-AC-10000158,71.98,Same Day,2,PayPal
6023,11/17/2011,11/17/2011,11/21/2011,CB-12025,OFF-EN-10002600,7.08,Standard Class,4,PayPal
6024,4/25/2014,4/25/2014,4/28/2014,LS-16945,TEC-AC-10004855,69.98,First Class,2,PayPal
6025,8/25/2014,8/25/2014,8/27/2014,DM-13015,OFF-AP-10000938,646.272,Second Class,4,PayPal
6026,8/25/2014,8/25/2014,8/27/2014,DM-13015,OFF-PA-10002195,10.368,Second Class,4,PayPal
6027,2/24/2014,2/24/2014,3/3/2014,AC-10615,OFF-FA-10002701,8.4,Standard Class,1,Bank Transfer
6028,2/24/2014,2/24/2014,3/3/2014,AC-10615,TEC-PH-10003589,71.96,Standard Class,1,Credit Card
6029,11/20/2013,11/20/2013,11/22/2013,LT-17110,OFF-AR-10003752,18.48,First Class,4,PayPal
6030,11/15/2013,11/15/2013,11/16/2013,TB-21250,OFF-AR-10003829,9.84,First Class,3,PayPal
6031,7/7/2014,7/7/2014,7/7/2014,AH-10585,FUR-CH-10000155,239.24,Same Day,3,Bank Transfer
6032,12/26/2013,12/26/2013,1/2/2014,SS-20140,FUR-FU-10003142,21.12,Standard Class,5,Credit Card
6033,4/24/2014,4/24/2014,4/26/2014,TD-20995,OFF-SU-10001218,54.9,First Class,1,Bank Transfer
6034,12/14/2012,12/14/2012,12/18/2012,PP-18955,FUR-FU-10002963,15.24,Standard Class,2,Bank Transfer
6035,4/19/2012,4/19/2012,4/25/2012,PG-18820,OFF-AP-10002578,19.568,Standard Class,5,Bank Transfer
6036,4/19/2012,4/19/2012,4/25/2012,PG-18820,OFF-BI-10003925,310.392,Standard Class,3,Bank Transfer
6037,9/5/2013,9/5/2013,9/9/2013,AA-10645,FUR-FU-10003347,42.6,Standard Class,2,PayPal
6038,9/5/2013,9/5/2013,9/9/2013,AA-10645,OFF-BI-10000315,113.94,Standard Class,1,PayPal
6039,9/5/2013,9/5/2013,9/9/2013,AA-10645,OFF-ST-10002583,129.92,Standard Class,3,PayPal
6040,9/5/2013,9/5/2013,9/9/2013,AA-10645,OFF-AR-10003469,5.28,Standard Class,2,Credit Card
6041,9/25/2014,9/25/2014,9/30/2014,FA-14230,TEC-PH-10001817,859.2,Standard Class,5,Credit Card
6042,9/25/2014,9/25/2014,9/30/2014,FA-14230,TEC-MA-10001031,506.28,Standard Class,2,PayPal
6043,2/4/2013,2/4/2013,2/8/2013,TB-21520,FUR-FU-10002088,14.368,Standard Class,5,Bank Transfer
6044,5/20/2014,5/20/2014,5/25/2014,AH-10075,FUR-CH-10001482,314.352,Second Class,4,Bank Transfer
6045,5/20/2014,5/20/2014,5/25/2014,AH-10075,OFF-PA-10001526,27.888,Second Class,5,PayPal
6046,9/3/2012,9/3/2012,9/8/2012,CP-12085,FUR-FU-10002937,238.152,Standard Class,5,PayPal
6047,6/10/2013,6/10/2013,6/17/2013,BF-11215,FUR-TA-10001771,692.94,Standard Class,1,PayPal
6048,11/7/2012,11/7/2012,11/11/2012,CP-12340,OFF-BI-10003305,16.146,Standard Class,3,PayPal
6049,11/7/2012,11/7/2012,11/11/2012,CP-12340,OFF-BI-10001359,1345.485,Standard Class,1,PayPal
6050,6/16/2013,6/16/2013,6/19/2013,LS-17245,OFF-PA-10000483,173.488,First Class,1,Credit Card
6051,4/25/2012,4/25/2012,4/30/2012,TS-21655,OFF-AR-10000658,57.75,Standard Class,5,Bank Transfer
6052,4/25/2012,4/25/2012,4/30/2012,TS-21655,OFF-AP-10001205,272.4,Standard Class,4,Bank Transfer
6053,9/24/2013,9/24/2013,9/27/2013,JS-15940,OFF-PA-10002586,11.952,Second Class,1,PayPal
6054,9/24/2013,9/24/2013,9/27/2013,JS-15940,FUR-FU-10004963,28,Second Class,4,Bank Transfer
6055,9/24/2013,9/24/2013,9/27/2013,JS-15940,OFF-BI-10002071,12.201,Second Class,1,Credit Card
6056,8/19/2013,8/19/2013,8/21/2013,NF-18385,OFF-BI-10001617,2.068,First Class,3,Credit Card
6057,8/19/2013,8/19/2013,8/21/2013,NF-18385,OFF-PA-10004665,83.84,First Class,2,PayPal
6058,3/2/2011,3/2/2011,3/8/2011,KN-16705,OFF-EN-10001990,11.36,Standard Class,4,PayPal
6059,3/2/2011,3/2/2011,3/8/2011,KN-16705,OFF-PA-10000587,36.4,Standard Class,5,Bank Transfer
6060,12/30/2011,12/30/2011,1/3/2012,GA-14725,TEC-AC-10004859,27.968,Standard Class,2,Credit Card
6061,4/10/2012,4/10/2012,4/16/2012,EH-14125,OFF-ST-10001476,142.04,Standard Class,5,PayPal
6062,4/10/2012,4/10/2012,4/16/2012,EH-14125,OFF-AR-10002804,14.67,Standard Class,5,PayPal
6063,12/25/2012,12/25/2012,12/30/2012,RA-19285,TEC-CO-10004202,1199.96,Second Class,2,Credit Card
6064,12/25/2012,12/25/2012,12/30/2012,RA-19285,OFF-PA-10001307,12.6,Second Class,3,PayPal
6065,12/25/2012,12/25/2012,12/30/2012,RA-19285,OFF-PA-10001667,17.94,Second Class,1,Credit Card
6066,4/5/2012,4/5/2012,4/7/2012,TT-21070,OFF-LA-10001569,23.904,First Class,5,PayPal
6067,1/17/2012,1/17/2012,1/23/2012,AH-10465,OFF-SU-10000898,88.96,Standard Class,2,Bank Transfer
6068,5/21/2014,5/21/2014,5/25/2014,CC-12430,FUR-CH-10000225,518.272,Standard Class,2,Credit Card
6069,5/21/2014,5/21/2014,5/25/2014,CC-12430,FUR-FU-10002191,6.98,Standard Class,1,Bank Transfer
6070,5/21/2014,5/21/2014,5/25/2014,CC-12430,TEC-MA-10003176,343.2,Standard Class,2,Bank Transfer
6071,8/14/2014,8/14/2014,8/21/2014,KD-16495,OFF-LA-10004093,17.544,Standard Class,4,Bank Transfer
6072,12/31/2012,12/31/2012,1/4/2013,BG-11035,OFF-ST-10000025,152.688,Standard Class,5,Bank Transfer
6073,12/31/2012,12/31/2012,1/4/2013,BG-11035,OFF-FA-10001561,3.488,Standard Class,4,Credit Card
6074,12/31/2012,12/31/2012,1/4/2013,BG-11035,OFF-SU-10001225,5.888,Standard Class,3,Credit Card
6075,12/26/2014,12/26/2014,12/30/2014,FH-14365,OFF-BI-10001718,153.552,Standard Class,4,Credit Card
6076,12/26/2014,12/26/2014,12/30/2014,FH-14365,OFF-ST-10002756,270.62,Standard Class,4,Bank Transfer
6077,9/2/2013,9/2/2013,9/8/2013,PG-18820,TEC-AC-10001432,468.9,Standard Class,3,Bank Transfer
6078,9/2/2013,9/2/2013,9/8/2013,PG-18820,TEC-AC-10003399,72.48,Standard Class,5,Credit Card
6079,9/2/2013,9/2/2013,9/8/2013,PG-18820,OFF-SU-10001574,10.95,Standard Class,1,PayPal
6080,9/2/2013,9/2/2013,9/8/2013,PG-18820,FUR-FU-10004864,191.82,Standard Class,1,PayPal
6081,8/6/2014,8/6/2014,8/9/2014,NZ-18565,OFF-ST-10001172,151.056,First Class,5,Bank Transfer
6082,2/19/2011,2/19/2011,2/19/2011,TB-21595,FUR-FU-10002396,25.16,Same Day,4,Bank Transfer
6083,11/23/2013,11/23/2013,11/28/2013,JE-15475,OFF-BI-10004040,6.216,Standard Class,3,PayPal
6084,11/23/2013,11/23/2013,11/28/2013,JE-15475,OFF-AR-10003481,23.616,Standard Class,5,PayPal
6085,11/23/2013,11/23/2013,11/28/2013,JE-15475,TEC-AC-10000387,24.032,Standard Class,5,Credit Card
6086,11/23/2013,11/23/2013,11/28/2013,JE-15475,OFF-LA-10000262,2.088,Standard Class,2,PayPal
6087,11/23/2013,11/23/2013,11/28/2013,JE-15475,OFF-BI-10003196,4.488,Standard Class,3,Credit Card
6088,12/14/2012,12/14/2012,12/18/2012,EH-13945,FUR-FU-10004351,29.22,Standard Class,3,Bank Transfer
6089,6/13/2012,6/13/2012,6/17/2012,BF-10975,OFF-PA-10001870,6.48,Standard Class,5,Bank Transfer
6090,12/29/2014,12/29/2014,1/1/2015,PC-18745,OFF-BI-10002813,1.188,Second Class,2,Bank Transfer
6091,9/21/2014,9/21/2014,9/27/2014,SV-20365,FUR-CH-10003846,272.646,Standard Class,5,PayPal
6092,9/21/2014,9/21/2014,9/27/2014,SV-20365,TEC-AC-10002647,212.8,Standard Class,4,Bank Transfer
6093,9/21/2014,9/21/2014,9/27/2014,SV-20365,OFF-PA-10000807,38.52,Standard Class,2,Bank Transfer
6094,9/21/2014,9/21/2014,9/27/2014,SV-20365,TEC-AC-10001465,72.64,Standard Class,4,Bank Transfer
6095,9/21/2014,9/21/2014,9/27/2014,SV-20365,OFF-ST-10000615,45.4,Standard Class,1,Credit Card
6096,9/21/2014,9/21/2014,9/27/2014,SV-20365,OFF-PA-10002713,13.76,Standard Class,5,Bank Transfer
6097,9/21/2014,9/21/2014,9/27/2014,SV-20365,FUR-CH-10003061,80.991,Standard Class,5,Credit Card
6098,9/21/2014,9/21/2014,9/27/2014,SV-20365,OFF-BI-10000343,11.784,Standard Class,5,Credit Card
6099,9/21/2014,9/21/2014,9/27/2014,SV-20365,OFF-FA-10000304,4.36,Standard Class,3,Bank Transfer
6100,9/21/2014,9/21/2014,9/27/2014,SV-20365,FUR-CH-10004086,2888.127,Standard Class,2,PayPal
6101,9/21/2014,9/21/2014,9/27/2014,SV-20365,TEC-PH-10002885,1299.66,Standard Class,3,PayPal
6102,9/21/2014,9/21/2014,9/27/2014,SV-20365,FUR-CH-10001215,2254.41,Standard Class,3,Bank Transfer
6103,9/21/2014,9/21/2014,9/27/2014,SV-20365,TEC-PH-10000215,104.85,Standard Class,2,Bank Transfer
6104,9/21/2014,9/21/2014,9/27/2014,SV-20365,TEC-AC-10001998,59.97,Standard Class,5,Bank Transfer
6105,8/23/2014,8/23/2014,8/25/2014,Dp-13240,FUR-TA-10002356,314.532,First Class,4,Credit Card
6106,6/18/2012,6/18/2012,6/22/2012,HR-14830,OFF-AR-10002399,13.632,Standard Class,2,PayPal
6107,12/20/2011,12/20/2011,12/25/2011,WB-21850,OFF-AP-10001563,19.432,Standard Class,2,Credit Card
6108,12/20/2011,12/20/2011,12/25/2011,WB-21850,TEC-AC-10004510,65.44,Standard Class,1,PayPal
6109,9/12/2013,9/12/2013,9/17/2013,AS-10090,OFF-LA-10001982,6,Standard Class,5,Credit Card
6110,9/12/2013,9/12/2013,9/17/2013,AS-10090,OFF-BI-10004141,1.908,Standard Class,3,PayPal
6111,11/13/2013,11/13/2013,11/17/2013,SP-20920,FUR-CH-10004495,1474.802,Standard Class,4,Bank Transfer
6112,11/13/2013,11/13/2013,11/17/2013,SP-20920,OFF-AP-10002311,110.096,Standard Class,3,Credit Card
6113,11/13/2013,11/13/2013,11/17/2013,SP-20920,OFF-FA-10000585,16.752,Standard Class,5,PayPal
6114,11/13/2013,11/13/2013,11/17/2013,SP-20920,FUR-CH-10000454,1537.074,Standard Class,2,Credit Card
6115,11/13/2013,11/13/2013,11/17/2013,SP-20920,FUR-CH-10003746,449.372,Standard Class,2,Credit Card
6116,3/15/2013,3/15/2013,3/21/2013,SP-20650,OFF-BI-10003291,41.904,Standard Class,1,PayPal
6117,11/14/2013,11/14/2013,11/20/2013,CM-12655,TEC-PH-10002114,2279.96,Standard Class,4,PayPal
6118,11/14/2013,11/14/2013,11/20/2013,CM-12655,OFF-LA-10001569,14.94,Standard Class,5,Credit Card
6119,9/20/2014,9/20/2014,9/26/2014,JR-16210,TEC-PH-10001425,191.976,Standard Class,1,Credit Card
6120,9/20/2014,9/20/2014,9/26/2014,JR-16210,OFF-AR-10001915,23.832,Standard Class,4,Credit Card
6121,9/20/2014,9/20/2014,9/26/2014,JR-16210,FUR-FU-10004864,409.216,Standard Class,3,PayPal
6122,9/20/2014,9/20/2014,9/26/2014,JR-16210,FUR-BO-10001972,72.588,Standard Class,4,PayPal
6123,12/5/2014,12/5/2014,12/10/2014,CB-12415,OFF-ST-10000532,61.568,Standard Class,5,PayPal
6124,8/31/2012,8/31/2012,9/5/2012,SD-20485,OFF-PA-10003883,20.96,Standard Class,2,Bank Transfer
6125,6/4/2014,6/4/2014,6/8/2014,SS-20140,TEC-AC-10003038,44.75,Standard Class,3,Credit Card
6126,6/4/2014,6/4/2014,6/8/2014,SS-20140,OFF-PA-10001593,11.96,Standard Class,5,Bank Transfer
6127,6/4/2014,6/4/2014,6/8/2014,SS-20140,OFF-BI-10002049,3.912,Standard Class,3,Credit Card
6128,4/1/2013,4/1/2013,4/7/2013,EH-13990,FUR-CH-10003817,327.996,Standard Class,4,Bank Transfer
6129,10/25/2011,10/25/2011,10/28/2011,AH-10030,OFF-BI-10002353,49.408,First Class,2,Bank Transfer
6130,3/27/2014,3/27/2014,4/3/2014,EM-14200,TEC-AC-10003116,53.25,Standard Class,1,Bank Transfer
6131,3/27/2014,3/27/2014,4/3/2014,EM-14200,OFF-FA-10003021,3.76,Standard Class,4,PayPal
6132,12/27/2011,12/27/2011,12/31/2011,TB-21190,FUR-CH-10004477,767.214,Standard Class,4,PayPal
6133,9/16/2014,9/16/2014,9/21/2014,AB-10165,OFF-PA-10001033,163.96,Standard Class,2,Bank Transfer
6134,8/17/2013,8/17/2013,8/20/2013,AO-10810,FUR-TA-10004152,161.28,First Class,3,Credit Card
6135,11/5/2013,11/5/2013,11/5/2013,TT-21220,OFF-AR-10002135,192.8,Same Day,2,PayPal
6136,10/18/2012,10/18/2012,10/22/2012,KN-16705,TEC-AC-10000521,27.696,Standard Class,5,Credit Card
6137,10/18/2012,10/18/2012,10/22/2012,KN-16705,OFF-AP-10000026,73.164,Standard Class,5,PayPal
6138,11/1/2013,11/1/2013,11/5/2013,FO-14305,OFF-PA-10002986,32.064,Second Class,4,Credit Card
6139,3/30/2011,3/30/2011,4/4/2011,GA-14725,FUR-BO-10001337,205.666,Standard Class,1,Bank Transfer
6140,4/18/2012,4/18/2012,4/20/2012,NC-18415,OFF-ST-10000532,115.44,First Class,4,Bank Transfer
6141,7/10/2014,7/10/2014,7/16/2014,JF-15190,OFF-PA-10001497,274.8,Standard Class,5,Bank Transfer
6142,7/10/2014,7/10/2014,7/16/2014,JF-15190,OFF-ST-10002554,195.64,Standard Class,1,Credit Card
6143,7/10/2014,7/10/2014,7/16/2014,JF-15190,TEC-PH-10001336,257.98,Standard Class,1,Credit Card
6144,7/10/2014,7/10/2014,7/16/2014,JF-15190,OFF-AR-10002987,119.04,Standard Class,5,Credit Card
6145,6/28/2014,6/28/2014,7/2/2014,GT-14710,OFF-PA-10000575,20.07,Standard Class,1,PayPal
6146,12/22/2011,12/22/2011,12/26/2011,KM-16660,OFF-AR-10003394,11.76,Standard Class,5,Credit Card
6147,11/22/2014,11/22/2014,11/26/2014,PJ-18835,OFF-AR-10003394,11.76,Standard Class,3,Credit Card
6148,11/22/2014,11/22/2014,11/26/2014,PJ-18835,OFF-BI-10001191,40.736,Standard Class,4,Bank Transfer
6149,6/28/2013,6/28/2013,6/30/2013,AC-10660,TEC-PH-10003484,201.584,Second Class,3,Credit Card
6150,12/29/2014,12/29/2014,1/1/2015,JG-15310,FUR-CH-10003968,340.704,First Class,2,Credit Card
6151,4/9/2013,4/9/2013,4/12/2013,RM-19375,FUR-BO-10001608,354.9,First Class,4,Credit Card
6152,3/18/2011,3/18/2011,3/21/2011,EK-13795,FUR-BO-10004218,1198.33,Second Class,5,Credit Card
6153,7/4/2014,7/4/2014,7/9/2014,RD-19585,OFF-ST-10002485,87.92,Standard Class,1,PayPal
6154,4/21/2014,4/21/2014,4/24/2014,CV-12805,FUR-FU-10001876,51.968,First Class,4,PayPal
6155,4/21/2014,4/21/2014,4/24/2014,CV-12805,OFF-ST-10002370,51.336,First Class,3,PayPal
6156,4/21/2014,4/21/2014,4/24/2014,CV-12805,OFF-ST-10000142,332.704,First Class,1,Bank Transfer
6157,4/21/2014,4/21/2014,4/24/2014,CV-12805,FUR-FU-10004671,42.408,First Class,2,PayPal
6158,8/4/2013,8/4/2013,8/6/2013,AG-10330,OFF-EN-10002504,81.54,Second Class,2,Bank Transfer
6159,8/4/2013,8/4/2013,8/6/2013,AG-10330,TEC-AC-10004803,167.28,Second Class,5,Bank Transfer
6160,12/4/2013,12/4/2013,12/10/2013,GM-14440,OFF-ST-10001932,772.68,Standard Class,4,Bank Transfer
6161,3/19/2011,3/19/2011,3/21/2011,MC-17605,TEC-PH-10004667,323.976,First Class,3,Bank Transfer
6162,3/19/2011,3/19/2011,3/21/2011,MC-17605,OFF-LA-10000443,11.808,First Class,2,Credit Card
6163,3/19/2011,3/19/2011,3/21/2011,MC-17605,OFF-ST-10000918,26.16,First Class,4,Credit Card
6164,3/19/2011,3/19/2011,3/21/2011,MC-17605,OFF-BI-10001196,33.57,First Class,4,PayPal
6165,3/19/2011,3/19/2011,3/21/2011,MC-17605,FUR-FU-10003981,4.992,First Class,1,Bank Transfer
6166,3/19/2011,3/19/2011,3/21/2011,MC-17605,FUR-FU-10002508,20.016,First Class,3,Credit Card
6167,3/19/2011,3/19/2011,3/21/2011,MC-17605,TEC-AC-10002647,170.24,First Class,4,Bank Transfer
6168,4/20/2012,4/20/2012,4/25/2012,ES-14020,OFF-PA-10002377,117.456,Standard Class,4,Credit Card
6169,9/19/2012,9/19/2012,9/22/2012,RW-19540,OFF-PA-10004530,22.96,Second Class,2,PayPal
6170,8/27/2011,8/27/2011,8/30/2011,MM-17920,OFF-PA-10002986,13.36,Second Class,4,PayPal
6171,12/20/2013,12/20/2013,12/25/2013,MH-17440,OFF-BI-10000948,34.248,Second Class,2,Credit Card
6172,12/20/2013,12/20/2013,12/25/2013,MH-17440,OFF-AR-10001545,3.52,Second Class,1,Bank Transfer
6173,8/2/2011,8/2/2011,8/8/2011,NZ-18565,OFF-BI-10001758,26.7,Standard Class,1,Credit Card
6174,8/2/2011,8/2/2011,8/8/2011,NZ-18565,TEC-AC-10003237,21.2,Standard Class,1,Credit Card
6175,8/2/2011,8/2/2011,8/8/2011,NZ-18565,OFF-ST-10002011,838.38,Standard Class,1,Bank Transfer
6176,9/21/2012,9/21/2012,9/26/2012,GB-14575,FUR-CH-10000309,1690.04,Standard Class,5,Bank Transfer
6177,9/21/2012,9/21/2012,9/26/2012,GB-14575,OFF-ST-10002444,85.96,Standard Class,3,Bank Transfer
6178,9/21/2012,9/21/2012,9/26/2012,GB-14575,OFF-EN-10001453,121.96,Standard Class,4,Credit Card
6179,9/21/2012,9/21/2012,9/26/2012,GB-14575,OFF-PA-10001801,23.92,Standard Class,5,PayPal
6180,9/21/2012,9/21/2012,9/26/2012,GB-14575,OFF-ST-10000563,63.96,Standard Class,1,Credit Card
6181,9/21/2012,9/21/2012,9/26/2012,GB-14575,TEC-PH-10000369,629.95,Standard Class,3,Credit Card
6182,9/21/2012,9/21/2012,9/26/2012,GB-14575,TEC-PH-10002538,113.73,Standard Class,2,Bank Transfer
6183,9/21/2012,9/21/2012,9/26/2012,GB-14575,OFF-BI-10000050,14.6,Standard Class,3,Credit Card
6184,9/21/2012,9/21/2012,9/26/2012,GB-14575,OFF-ST-10004186,887.84,Standard Class,3,Bank Transfer
6185,12/12/2013,12/12/2013,12/14/2013,DB-13270,FUR-CH-10004218,403.92,First Class,5,Bank Transfer
6186,8/7/2012,8/7/2012,8/12/2012,JK-15625,OFF-AR-10002952,106.8,Standard Class,3,PayPal
6187,11/15/2012,11/15/2012,11/17/2012,MH-17785,OFF-ST-10003058,70.95,First Class,2,PayPal
6188,11/15/2012,11/15/2012,11/17/2012,MH-17785,OFF-BI-10003963,34.944,First Class,5,PayPal
6189,11/15/2012,11/15/2012,11/17/2012,MH-17785,OFF-AR-10001955,119.04,First Class,4,Credit Card
6190,4/5/2014,4/5/2014,4/9/2014,AM-10705,TEC-PH-10004345,383.84,Standard Class,1,Bank Transfer
6191,12/25/2013,12/25/2013,12/29/2013,JM-15535,FUR-FU-10003192,799.56,Standard Class,3,PayPal
6192,12/14/2014,12/14/2014,12/14/2014,MW-18220,OFF-ST-10001325,31.44,Same Day,4,Bank Transfer
6193,12/23/2014,12/23/2014,12/27/2014,AG-10330,OFF-PA-10000019,25.92,Standard Class,2,PayPal
6194,12/23/2014,12/23/2014,12/27/2014,AG-10330,OFF-BI-10003429,6.33,Standard Class,5,PayPal
6195,12/23/2014,12/23/2014,12/27/2014,AG-10330,OFF-PA-10000176,75.88,Standard Class,5,Bank Transfer
6196,10/22/2014,10/22/2014,10/29/2014,CM-12160,TEC-PH-10004165,329.988,Standard Class,4,Credit Card
6197,10/22/2014,10/22/2014,10/29/2014,CM-12160,OFF-ST-10000352,71.376,Standard Class,5,Bank Transfer
6198,11/13/2012,11/13/2012,11/17/2012,RA-19915,OFF-PA-10000726,63.77,Standard Class,1,Credit Card
6199,11/13/2012,11/13/2012,11/17/2012,RA-19915,TEC-PH-10001536,50.97,Standard Class,4,Credit Card
6200,11/13/2012,11/13/2012,11/17/2012,RA-19915,OFF-PA-10001790,96.08,Standard Class,1,Credit Card
6201,4/16/2012,4/16/2012,4/20/2012,SB-20185,TEC-CO-10001766,1439.968,Standard Class,2,Bank Transfer
6202,4/16/2012,4/16/2012,4/20/2012,SB-20185,TEC-AC-10004396,43.56,Standard Class,5,PayPal
6203,12/17/2013,12/17/2013,12/24/2013,PK-19075,FUR-CH-10001708,563.92,Standard Class,4,PayPal
6204,10/22/2013,10/22/2013,10/28/2013,SV-20935,TEC-PH-10001305,235.152,Standard Class,3,Credit Card
6205,12/2/2014,12/2/2014,12/4/2014,MG-17650,FUR-FU-10002885,7.712,First Class,1,Bank Transfer
6206,10/21/2013,10/21/2013,10/25/2013,CM-12445,OFF-PA-10000726,51.016,Second Class,3,Credit Card
6207,10/21/2013,10/21/2013,10/25/2013,CM-12445,OFF-FA-10003112,25.248,Second Class,3,Credit Card
6208,10/21/2013,10/21/2013,10/25/2013,CM-12445,FUR-CH-10002372,56.686,Second Class,3,Credit Card
6209,9/30/2014,9/30/2014,10/4/2014,ME-18010,OFF-ST-10000563,51.168,Standard Class,5,PayPal
6210,8/19/2014,8/19/2014,8/26/2014,YS-21880,OFF-BI-10003925,2793.528,Standard Class,1,Credit Card
6211,8/19/2014,8/19/2014,8/26/2014,YS-21880,OFF-ST-10003306,1000.02,Standard Class,1,PayPal
6212,8/19/2014,8/19/2014,8/26/2014,YS-21880,FUR-FU-10001475,65.94,Standard Class,1,PayPal
6213,11/13/2014,11/13/2014,11/17/2014,MB-17305,OFF-FA-10003495,18.24,Second Class,5,PayPal
6214,11/13/2014,11/13/2014,11/17/2014,MB-17305,OFF-AP-10004708,76.12,Second Class,1,PayPal
6215,10/11/2011,10/11/2011,10/15/2011,AS-10240,OFF-EN-10001219,7.64,Standard Class,4,PayPal
6216,11/28/2012,11/28/2012,12/3/2012,MC-17425,FUR-FU-10000087,68.16,Standard Class,2,PayPal
6217,11/28/2012,11/28/2012,12/3/2012,MC-17425,OFF-EN-10001539,62.24,Standard Class,2,Credit Card
6218,7/27/2012,7/27/2012,8/2/2012,PG-18820,TEC-PH-10004897,29.97,Standard Class,3,Credit Card
6219,10/21/2013,10/21/2013,10/27/2013,JS-16030,TEC-PH-10001300,125.7,Standard Class,4,PayPal
6220,10/21/2013,10/21/2013,10/27/2013,JS-16030,TEC-PH-10001557,191.98,Standard Class,1,PayPal
6221,10/21/2013,10/21/2013,10/27/2013,JS-16030,OFF-ST-10000617,20.86,Standard Class,3,Credit Card
6222,9/15/2014,9/15/2014,9/19/2014,JB-16000,OFF-LA-10000121,56.7,Second Class,3,PayPal
6223,12/24/2014,12/24/2014,12/28/2014,DK-12985,FUR-FU-10000087,72.704,Standard Class,3,PayPal
6224,12/24/2014,12/24/2014,12/28/2014,DK-12985,OFF-AR-10000422,12.264,Standard Class,2,Bank Transfer
6225,12/24/2014,12/24/2014,12/28/2014,DK-12985,OFF-ST-10004123,218.352,Standard Class,5,Bank Transfer
6226,10/5/2012,10/5/2012,10/9/2012,JF-15490,FUR-BO-10003660,66.294,Standard Class,4,Bank Transfer
6227,10/5/2012,10/5/2012,10/9/2012,JF-15490,FUR-CH-10000422,291.168,Standard Class,4,Bank Transfer
6228,11/2/2011,11/2/2011,11/7/2011,PO-18850,TEC-PH-10002923,88.776,Standard Class,2,Bank Transfer
6229,1/22/2013,1/22/2013,1/27/2013,BT-11530,TEC-PH-10004093,110.376,Standard Class,1,PayPal
6230,1/22/2013,1/22/2013,1/27/2013,BT-11530,TEC-AC-10000171,55.176,Standard Class,5,Bank Transfer
6231,7/12/2014,7/12/2014,7/18/2014,NW-18400,OFF-AR-10001166,30.32,Standard Class,1,Bank Transfer
6232,9/12/2014,9/12/2014,9/12/2014,JF-15415,FUR-CH-10003199,177.568,Same Day,1,Bank Transfer
6233,9/12/2014,9/12/2014,9/12/2014,JF-15415,OFF-PA-10002005,19.44,Same Day,5,Credit Card
6234,9/12/2014,9/12/2014,9/12/2014,JF-15415,OFF-PA-10004101,71.28,Same Day,1,Bank Transfer
6235,9/12/2014,9/12/2014,9/12/2014,JF-15415,OFF-BI-10004600,1471.96,Same Day,2,PayPal
6236,9/12/2014,9/12/2014,9/12/2014,JF-15415,TEC-PH-10000127,79.96,Same Day,5,PayPal
6237,2/23/2013,2/23/2013,2/27/2013,AC-10420,OFF-EN-10004386,57.576,Standard Class,2,Credit Card
6238,1/22/2013,1/22/2013,1/29/2013,TB-21280,OFF-BI-10004506,26.336,Standard Class,2,PayPal
6239,12/12/2012,12/12/2012,12/16/2012,HA-14905,FUR-FU-10004597,166.5,Standard Class,3,Bank Transfer
6240,12/12/2012,12/12/2012,12/16/2012,HA-14905,OFF-ST-10001496,360.38,Standard Class,2,PayPal
6241,10/30/2013,10/30/2013,11/2/2013,LH-17155,OFF-BI-10004236,11.744,Second Class,2,Bank Transfer
6242,5/29/2014,5/29/2014,6/1/2014,LO-17170,FUR-FU-10001185,247.44,Second Class,3,Credit Card
6243,12/21/2011,12/21/2011,12/28/2011,DP-13390,OFF-BI-10000977,18.24,Standard Class,4,Bank Transfer
6244,11/25/2013,11/25/2013,11/29/2013,CR-12580,OFF-SU-10004782,25.35,Standard Class,2,Credit Card
6245,11/20/2012,11/20/2012,11/25/2012,KB-16405,OFF-AR-10002067,119.04,Standard Class,5,PayPal
6246,11/20/2012,11/20/2012,11/25/2012,KB-16405,FUR-FU-10002364,22.14,Standard Class,5,PayPal
6247,11/20/2012,11/20/2012,11/25/2012,KB-16405,TEC-AC-10002018,13.98,Standard Class,4,PayPal
6248,5/30/2014,5/30/2014,6/5/2014,ML-17410,OFF-BI-10000632,43.41,Standard Class,3,PayPal
6249,5/30/2014,5/30/2014,6/5/2014,ML-17410,FUR-FU-10003981,6.24,Standard Class,4,Credit Card
6250,5/30/2014,5/30/2014,6/5/2014,ML-17410,OFF-AP-10001564,465.16,Standard Class,4,PayPal
6251,5/30/2014,5/30/2014,6/5/2014,ML-17410,OFF-PA-10004082,7.98,Standard Class,3,PayPal
6252,12/2/2011,12/2/2011,12/4/2011,MC-17575,OFF-AP-10004249,2.394,First Class,4,Credit Card
6253,4/7/2011,4/7/2011,4/7/2011,VM-21685,OFF-PA-10003441,58.32,Same Day,1,PayPal
6254,4/7/2011,4/7/2011,4/7/2011,VM-21685,TEC-PH-10004922,200.97,Same Day,3,PayPal
6255,9/8/2012,9/8/2012,9/14/2012,VW-21775,FUR-FU-10001731,21.36,Standard Class,2,PayPal
6256,9/10/2014,9/10/2014,9/16/2014,GK-14620,OFF-LA-10000134,9.856,Standard Class,2,Credit Card
6257,9/6/2012,9/6/2012,9/8/2012,AT-10435,OFF-BI-10003166,3.444,Second Class,5,Credit Card
6258,11/3/2014,11/3/2014,11/7/2014,AR-10825,OFF-SU-10000646,384.592,Second Class,5,Credit Card
6259,3/28/2012,3/28/2012,3/30/2012,JH-15820,OFF-EN-10004459,22.92,Second Class,5,PayPal
6260,8/13/2012,8/13/2012,8/17/2012,RA-19285,OFF-BI-10003529,11.36,Second Class,5,PayPal
6261,5/12/2012,5/12/2012,5/18/2012,RO-19780,OFF-BI-10002949,14.592,Standard Class,5,Bank Transfer
6262,7/24/2014,7/24/2014,7/28/2014,LR-17035,OFF-LA-10001158,41.4,Standard Class,3,Bank Transfer
6263,9/25/2013,9/25/2013,9/27/2013,MK-17905,OFF-BI-10004584,442.372,First Class,2,Credit Card
6264,5/6/2014,5/6/2014,5/11/2014,YS-21880,OFF-BI-10004965,34.5,Standard Class,3,Credit Card
6265,10/7/2013,10/7/2013,10/7/2013,JH-15910,OFF-BI-10004654,28.85,Same Day,3,PayPal
6266,11/3/2011,11/3/2011,11/8/2011,AT-10735,OFF-PA-10000141,3.488,Standard Class,3,Bank Transfer
6267,11/3/2011,11/3/2011,11/8/2011,AT-10735,OFF-PA-10001019,143.856,Standard Class,3,Bank Transfer
6268,10/1/2012,10/1/2012,10/4/2012,RM-19675,TEC-PH-10002496,311.98,Second Class,5,Credit Card
6269,10/1/2012,10/1/2012,10/4/2012,RM-19675,OFF-BI-10000829,22.45,Second Class,3,PayPal
6270,12/3/2014,12/3/2014,12/7/2014,BB-11545,TEC-PH-10001448,39.992,Standard Class,2,Credit Card
6271,12/3/2014,12/3/2014,12/7/2014,BB-11545,FUR-CH-10004983,1159.056,Standard Class,1,Credit Card
6272,12/3/2014,12/3/2014,12/7/2014,BB-11545,OFF-AR-10004022,179.9,Standard Class,5,Credit Card
6273,12/12/2014,12/12/2014,12/13/2014,AS-10285,TEC-AC-10001284,116.312,First Class,5,PayPal
6274,7/18/2013,7/18/2013,7/23/2013,DK-13375,FUR-FU-10001847,12.42,Second Class,1,PayPal
6275,7/18/2013,7/18/2013,7/23/2013,DK-13375,TEC-AC-10004595,428.4,Second Class,5,Bank Transfer
6276,7/18/2013,7/18/2013,7/23/2013,DK-13375,FUR-FU-10004164,24.75,Second Class,2,PayPal
6277,7/18/2013,7/18/2013,7/23/2013,DK-13375,OFF-LA-10001074,87.71,Second Class,3,Bank Transfer
6278,7/18/2013,7/18/2013,7/23/2013,DK-13375,OFF-ST-10000604,69.52,Second Class,4,Bank Transfer
6279,7/18/2013,7/18/2013,7/23/2013,DK-13375,TEC-PH-10000148,20.784,Second Class,4,Credit Card
6280,7/18/2013,7/18/2013,7/23/2013,DK-13375,OFF-BI-10000042,12.816,Second Class,2,Bank Transfer
6281,5/13/2014,5/13/2014,5/17/2014,JH-15910,OFF-LA-10000443,5.904,Standard Class,4,Credit Card
6282,11/20/2012,11/20/2012,11/26/2012,JK-15205,FUR-FU-10002874,63.824,Standard Class,4,Credit Card
6283,11/20/2012,11/20/2012,11/26/2012,JK-15205,OFF-ST-10003994,141.552,Standard Class,2,PayPal
6284,9/25/2013,9/25/2013,9/29/2013,EH-13765,OFF-EN-10001453,304.9,Standard Class,2,Credit Card
6285,9/25/2013,9/25/2013,9/29/2013,EH-13765,FUR-CH-10000988,563.24,Standard Class,2,PayPal
6286,10/22/2013,10/22/2013,10/27/2013,VW-21775,FUR-TA-10003238,661.176,Standard Class,1,Bank Transfer
6287,10/25/2013,10/25/2013,11/1/2013,CG-12040,TEC-PH-10001061,239.976,Standard Class,2,Bank Transfer
6288,7/8/2011,7/8/2011,7/12/2011,EB-13705,FUR-TA-10003715,502.488,Standard Class,2,Credit Card
6289,7/8/2011,7/8/2011,7/12/2011,EB-13705,OFF-BI-10001597,196.704,Standard Class,1,Bank Transfer
6290,3/13/2012,3/13/2012,3/18/2012,NF-18595,FUR-CH-10004063,915.136,Second Class,3,Bank Transfer
6291,3/13/2012,3/13/2012,3/18/2012,NF-18595,FUR-FU-10001979,327.76,Second Class,5,Credit Card
6292,12/3/2014,12/3/2014,12/6/2014,ME-17725,FUR-CH-10001854,701.96,First Class,5,Bank Transfer
6293,4/22/2012,4/22/2012,4/26/2012,AZ-10750,TEC-PH-10002923,88.776,Standard Class,4,Credit Card
6294,4/22/2012,4/22/2012,4/26/2012,AZ-10750,OFF-AR-10004691,64.14,Standard Class,3,PayPal
6295,9/16/2011,9/16/2011,9/19/2011,RF-19345,OFF-BI-10002931,33.552,First Class,1,Bank Transfer
6296,12/28/2011,12/28/2011,1/1/2012,AJ-10780,OFF-AP-10002651,1737.18,Standard Class,3,Credit Card
6297,12/28/2011,12/28/2011,1/1/2012,AJ-10780,OFF-ST-10000689,704.25,Standard Class,3,PayPal
6298,12/28/2011,12/28/2011,1/1/2012,AJ-10780,OFF-PA-10003302,141.76,Standard Class,1,Bank Transfer
6299,10/21/2011,10/21/2011,10/26/2011,SF-20965,OFF-BI-10001460,36.36,Standard Class,5,Bank Transfer
6300,12/1/2014,12/1/2014,12/4/2014,MZ-17335,FUR-FU-10003489,25.83,First Class,2,Bank Transfer
6301,6/6/2011,6/6/2011,6/12/2011,SB-20170,OFF-BI-10002794,24.588,Standard Class,1,Bank Transfer
6302,6/6/2011,6/6/2011,6/12/2011,SB-20170,OFF-EN-10000461,13.984,Standard Class,1,Bank Transfer
6303,11/24/2014,11/24/2014,11/28/2014,AH-10210,TEC-PH-10001305,195.96,Standard Class,4,Bank Transfer
6304,6/19/2014,6/19/2014,6/21/2014,NK-18490,OFF-PA-10000167,74.352,Second Class,5,Credit Card
6305,5/6/2014,5/6/2014,5/6/2014,AI-10855,OFF-PA-10002947,6.68,Same Day,2,PayPal
6306,11/5/2013,11/5/2013,11/7/2013,TP-21565,OFF-SU-10002301,17.584,Second Class,5,Credit Card
6307,11/5/2013,11/5/2013,11/7/2013,TP-21565,FUR-CH-10003298,104.784,Second Class,4,PayPal
6308,11/5/2013,11/5/2013,11/7/2013,TP-21565,OFF-PA-10004353,47.952,Second Class,4,Credit Card
6309,11/5/2013,11/5/2013,11/7/2013,TP-21565,FUR-CH-10000229,650.352,Second Class,1,PayPal
6310,11/5/2013,11/5/2013,11/7/2013,TP-21565,OFF-LA-10003930,629.184,Second Class,4,PayPal
6311,11/5/2013,11/5/2013,11/7/2013,TP-21565,OFF-PA-10000176,15.176,Second Class,1,PayPal
6312,9/11/2011,9/11/2011,9/16/2011,LW-17125,FUR-FU-10004006,127.95,Standard Class,1,Credit Card
6313,2/17/2014,2/17/2014,2/22/2014,NG-18355,OFF-ST-10001932,579.51,Standard Class,1,Credit Card
6314,2/17/2014,2/17/2014,2/22/2014,NG-18355,TEC-PH-10000923,14.99,Standard Class,3,PayPal
6315,11/24/2011,11/24/2011,11/29/2011,NG-18355,OFF-AR-10000380,151.92,Standard Class,5,Credit Card
6316,11/24/2011,11/24/2011,11/29/2011,NG-18355,OFF-LA-10003930,196.62,Standard Class,3,Bank Transfer
6317,11/24/2011,11/24/2011,11/29/2011,NG-18355,OFF-PA-10001815,144.12,Standard Class,2,PayPal
6318,11/24/2011,11/24/2011,11/29/2011,NG-18355,OFF-PA-10004082,15.96,Standard Class,3,PayPal
6319,11/26/2014,11/26/2014,11/30/2014,EB-13750,TEC-PH-10004071,39.96,Second Class,3,PayPal
6320,11/26/2014,11/26/2014,11/30/2014,EB-13750,OFF-PA-10002377,34.08,Second Class,2,Credit Card
6321,9/29/2014,9/29/2014,10/3/2014,SP-20860,OFF-PA-10001800,10.368,Standard Class,3,PayPal
6322,10/13/2011,10/13/2011,10/17/2011,SP-20545,OFF-BI-10002764,7.752,Standard Class,2,Credit Card
6323,6/3/2011,6/3/2011,6/7/2011,RB-19795,OFF-EN-10004459,15.28,Second Class,3,Bank Transfer
6324,6/17/2011,6/17/2011,6/23/2011,DB-13660,TEC-MA-10000423,65.97,Standard Class,2,Credit Card
6325,10/29/2012,10/29/2012,11/2/2012,NB-18655,OFF-PA-10002986,33.4,Standard Class,3,PayPal
6326,10/29/2012,10/29/2012,11/2/2012,NB-18655,OFF-EN-10001434,210.84,Standard Class,4,Bank Transfer
6327,1/21/2011,1/21/2011,1/27/2011,XP-21865,OFF-ST-10000760,13.98,Standard Class,2,Credit Card
6328,1/21/2011,1/21/2011,1/27/2011,XP-21865,FUR-FU-10002918,272.94,Standard Class,1,Bank Transfer
6329,1/21/2011,1/21/2011,1/27/2011,XP-21865,OFF-BI-10000605,19.05,Standard Class,2,Credit Card
6330,1/21/2011,1/21/2011,1/27/2011,XP-21865,OFF-AP-10002311,247.716,Standard Class,5,Credit Card
6331,1/21/2011,1/21/2011,1/27/2011,XP-21865,OFF-ST-10003123,66.58,Standard Class,5,Credit Card
6332,1/21/2011,1/21/2011,1/27/2011,XP-21865,OFF-AR-10004456,43.92,Standard Class,5,PayPal
6333,1/21/2011,1/21/2011,1/27/2011,XP-21865,FUR-FU-10002268,14.73,Standard Class,3,PayPal
6334,1/21/2011,1/21/2011,1/27/2011,XP-21865,OFF-BI-10004364,29.7,Standard Class,4,Bank Transfer
6335,7/11/2011,7/11/2011,7/15/2011,MH-17455,OFF-PA-10001970,49.12,Standard Class,4,Bank Transfer
6336,7/11/2011,7/11/2011,7/15/2011,MH-17455,OFF-BI-10002954,18.28,Standard Class,1,Credit Card
6337,8/31/2013,8/31/2013,9/7/2013,BG-11740,FUR-FU-10000672,47.04,Standard Class,2,Bank Transfer
6338,8/31/2013,8/31/2013,9/7/2013,BG-11740,TEC-PH-10004908,339.96,Standard Class,3,Credit Card
6339,10/6/2014,10/6/2014,10/10/2014,TS-21370,TEC-PH-10003095,87.8,Standard Class,2,PayPal
6340,10/6/2014,10/6/2014,10/10/2014,TS-21370,FUR-CH-10002880,221.382,Standard Class,1,Credit Card
6341,10/6/2014,10/6/2014,10/10/2014,TS-21370,TEC-MA-10001047,5199.96,Standard Class,2,Bank Transfer
6342,1/1/2014,1/1/2014,1/3/2014,DB-13660,OFF-ST-10002554,156.512,First Class,5,PayPal
6343,3/7/2012,3/7/2012,3/10/2012,EM-14140,TEC-AC-10004469,119.85,First Class,3,PayPal
6344,3/7/2012,3/7/2012,3/10/2012,EM-14140,OFF-BI-10000309,30.44,First Class,4,Bank Transfer
6345,3/7/2012,3/7/2012,3/10/2012,EM-14140,OFF-BI-10001765,69.28,First Class,3,Bank Transfer
6346,3/7/2012,3/7/2012,3/10/2012,EM-14140,TEC-PH-10001619,587.97,First Class,3,Credit Card
6347,10/21/2014,10/21/2014,10/21/2014,RB-19465,OFF-LA-10002034,24.55,Same Day,5,PayPal
6348,5/1/2012,5/1/2012,5/6/2012,PO-18850,OFF-BI-10000309,12.176,Standard Class,5,Bank Transfer
6349,5/1/2012,5/1/2012,5/6/2012,PO-18850,OFF-ST-10000876,37.32,Standard Class,5,PayPal
6350,5/1/2012,5/1/2012,5/6/2012,PO-18850,OFF-SU-10002573,35.06,Standard Class,2,PayPal
6351,9/4/2014,9/4/2014,9/9/2014,AG-10900,FUR-FU-10004622,108.4,Standard Class,1,Credit Card
6352,11/4/2014,11/4/2014,11/9/2014,BF-11275,TEC-PH-10002549,361.376,Standard Class,5,PayPal
6353,9/13/2012,9/13/2012,9/19/2012,HG-14845,OFF-BI-10004209,2.412,Standard Class,2,PayPal
6354,9/6/2012,9/6/2012,9/12/2012,BS-11590,OFF-AP-10001962,8.39,Standard Class,2,PayPal
6355,9/6/2012,9/6/2012,9/12/2012,BS-11590,TEC-PH-10002922,337.98,Standard Class,4,Credit Card
6356,10/6/2011,10/6/2011,10/13/2011,JD-16015,OFF-ST-10000642,83.92,Standard Class,4,Bank Transfer
6357,1/24/2014,1/24/2014,1/29/2014,CS-12250,OFF-BI-10001757,19.68,Standard Class,4,Credit Card
6358,1/24/2014,1/24/2014,1/29/2014,CS-12250,OFF-PA-10004621,25.92,Standard Class,5,Credit Card
6359,1/24/2014,1/24/2014,1/29/2014,CS-12250,OFF-PA-10002262,6.48,Standard Class,1,PayPal
6360,1/24/2014,1/24/2014,1/29/2014,CS-12250,TEC-PH-10004100,86.352,Standard Class,5,PayPal
6361,12/10/2012,12/10/2012,12/15/2012,FC-14245,OFF-AR-10003582,56.3,Standard Class,2,PayPal
6362,11/25/2011,11/25/2011,11/30/2011,SE-20110,OFF-AR-10003179,51.016,Standard Class,4,Bank Transfer
6363,11/22/2014,11/22/2014,11/26/2014,CK-12205,OFF-BI-10001670,150.8,Standard Class,4,PayPal
6364,11/22/2014,11/22/2014,11/26/2014,CK-12205,TEC-MA-10002073,1039.992,Standard Class,2,PayPal
6365,11/22/2014,11/22/2014,11/26/2014,CK-12205,OFF-PA-10003797,51.84,Standard Class,1,Bank Transfer
6366,4/5/2014,4/5/2014,4/6/2014,DS-13030,TEC-PH-10004006,41.22,First Class,2,Credit Card
6367,4/5/2014,4/5/2014,4/6/2014,DS-13030,OFF-SU-10000646,240.37,First Class,4,Credit Card
6368,4/5/2014,4/5/2014,4/6/2014,DS-13030,TEC-PH-10002262,119.02,First Class,2,PayPal
6369,5/20/2014,5/20/2014,5/25/2014,SA-20830,OFF-BI-10002082,133.12,Standard Class,1,Credit Card
6370,10/4/2013,10/4/2013,10/8/2013,TP-21565,FUR-FU-10001756,38.08,Standard Class,3,PayPal
6371,11/22/2013,11/22/2013,11/22/2013,JK-16120,FUR-BO-10002598,113.568,Same Day,2,PayPal
6372,10/4/2014,10/4/2014,10/6/2014,CC-12430,FUR-FU-10001934,83.92,Second Class,2,PayPal
6373,10/4/2014,10/4/2014,10/6/2014,CC-12430,OFF-AR-10001130,6.63,Second Class,2,Credit Card
6374,10/4/2014,10/4/2014,10/6/2014,CC-12430,TEC-AC-10002049,371.97,Second Class,2,PayPal
6375,4/29/2011,4/29/2011,5/3/2011,LA-16780,FUR-CH-10001394,561.584,Standard Class,5,PayPal
6376,4/29/2011,4/29/2011,5/3/2011,LA-16780,OFF-ST-10000798,99.92,Standard Class,2,Bank Transfer
6377,10/8/2013,10/8/2013,10/11/2013,AW-10930,OFF-LA-10000134,4.928,First Class,1,Bank Transfer
6378,12/16/2013,12/16/2013,12/23/2013,BP-11230,FUR-FU-10002364,14.76,Standard Class,3,Bank Transfer
6379,4/11/2014,4/11/2014,4/15/2014,DB-13360,TEC-AC-10004571,99.99,Standard Class,1,Bank Transfer
6380,4/11/2014,4/11/2014,4/15/2014,DB-13360,OFF-ST-10003692,286.15,Standard Class,5,Bank Transfer
6381,4/8/2011,4/8/2011,4/13/2011,PC-19000,OFF-FA-10001883,49.792,Standard Class,3,Credit Card
6382,3/30/2013,3/30/2013,4/3/2013,TB-21595,FUR-BO-10004015,299.975,Standard Class,5,PayPal
6383,3/30/2013,3/30/2013,4/3/2013,TB-21595,TEC-PH-10000141,158.376,Standard Class,4,Bank Transfer
6384,1/16/2014,1/16/2014,1/19/2014,TB-21250,OFF-BI-10001597,32.784,First Class,1,Credit Card
6385,1/16/2014,1/16/2014,1/19/2014,TB-21250,TEC-AC-10003628,47.984,First Class,1,Credit Card
6386,1/16/2014,1/16/2014,1/19/2014,TB-21250,TEC-AC-10002331,62.592,First Class,5,Credit Card
6387,1/16/2014,1/16/2014,1/19/2014,TB-21250,OFF-BI-10001098,4.276,First Class,5,PayPal
6388,1/31/2011,1/31/2011,2/5/2011,MV-18190,OFF-PA-10001204,10.56,Standard Class,1,PayPal
6389,1/31/2011,1/31/2011,2/5/2011,MV-18190,OFF-ST-10000991,229.94,Standard Class,4,Credit Card
6390,2/7/2012,2/7/2012,2/11/2012,DK-12835,OFF-EN-10000056,311.15,Standard Class,1,Bank Transfer
6391,2/7/2012,2/7/2012,2/11/2012,DK-12835,OFF-PA-10003349,12.96,Standard Class,1,Bank Transfer
6392,12/15/2013,12/15/2013,12/20/2013,PK-19075,OFF-PA-10001471,14.62,Standard Class,4,Credit Card
6393,12/15/2013,12/15/2013,12/20/2013,PK-19075,OFF-LA-10003190,5.76,Standard Class,1,Credit Card
6394,12/15/2013,12/15/2013,12/20/2013,PK-19075,OFF-FA-10000621,21.48,Standard Class,1,PayPal
6395,12/15/2013,12/15/2013,12/20/2013,PK-19075,FUR-FU-10002937,396.92,Standard Class,1,Bank Transfer
6396,12/15/2013,12/15/2013,12/20/2013,PK-19075,OFF-ST-10004507,17.15,Standard Class,2,Bank Transfer
6397,12/15/2013,12/15/2013,12/20/2013,PK-19075,OFF-BI-10000279,23.12,Standard Class,2,Bank Transfer
6398,11/1/2014,11/1/2014,11/5/2014,AH-10120,OFF-AR-10003651,5.248,Standard Class,2,Credit Card
6399,8/7/2014,8/7/2014,8/13/2014,GM-14455,TEC-PH-10003601,824.95,Standard Class,4,Bank Transfer
6400,8/7/2014,8/7/2014,8/13/2014,GM-14455,OFF-LA-10002195,24.64,Standard Class,1,Credit Card
6401,8/7/2014,8/7/2014,8/13/2014,GM-14455,OFF-AR-10000380,227.88,Standard Class,2,Credit Card
6402,5/31/2014,5/31/2014,6/1/2014,BD-11725,FUR-BO-10000330,241.96,First Class,4,Bank Transfer
6403,5/31/2014,5/31/2014,6/1/2014,BD-11725,OFF-BI-10000591,3.89,First Class,5,Credit Card
6404,5/31/2014,5/31/2014,6/1/2014,BD-11725,FUR-FU-10001731,8.01,First Class,5,Bank Transfer
6405,11/30/2012,11/30/2012,12/5/2012,RM-19375,TEC-PH-10001198,177.48,Standard Class,2,Bank Transfer
6406,9/1/2014,9/1/2014,9/3/2014,BW-11110,FUR-CH-10002331,569.568,Second Class,1,Bank Transfer
6407,9/1/2014,9/1/2014,9/3/2014,BW-11110,OFF-ST-10002370,149.73,Second Class,3,Bank Transfer
6408,5/15/2014,5/15/2014,5/16/2014,GT-14710,FUR-CH-10003981,899.43,First Class,4,Bank Transfer
6409,5/15/2014,5/15/2014,5/16/2014,GT-14710,OFF-AR-10001446,46.2,First Class,5,Bank Transfer
6410,5/15/2014,5/15/2014,5/16/2014,GT-14710,OFF-PA-10000300,47.952,First Class,1,Bank Transfer
6411,5/15/2014,5/15/2014,5/16/2014,GT-14710,TEC-PH-10004071,7.992,First Class,5,PayPal
6412,5/15/2014,5/15/2014,5/16/2014,GT-14710,OFF-PA-10003134,76.864,First Class,3,Bank Transfer
6413,8/18/2014,8/18/2014,8/24/2014,AH-10120,OFF-BI-10002735,102.93,Standard Class,5,Bank Transfer
6414,8/18/2014,8/18/2014,8/24/2014,AH-10120,TEC-AC-10004510,98.16,Standard Class,2,Bank Transfer
6415,11/11/2014,11/11/2014,11/15/2014,DR-12940,OFF-BI-10004099,11.52,Second Class,2,Bank Transfer
6416,8/22/2014,8/22/2014,8/22/2014,DL-13495,OFF-PA-10003395,83.88,Same Day,1,Credit Card
6417,3/9/2013,3/9/2013,3/13/2013,BD-11620,TEC-PH-10002890,108.576,Standard Class,1,Credit Card
6418,3/9/2013,3/9/2013,3/13/2013,BD-11620,OFF-FA-10004968,5.984,Standard Class,5,PayPal
6419,11/1/2013,11/1/2013,11/6/2013,HW-14935,OFF-SU-10001218,21.96,Standard Class,5,Bank Transfer
6420,11/1/2013,11/1/2013,11/6/2013,HW-14935,FUR-CH-10002084,368.97,Standard Class,1,PayPal
6421,11/1/2013,11/1/2013,11/6/2013,HW-14935,OFF-AR-10004269,12.39,Standard Class,2,PayPal
6422,11/1/2013,11/1/2013,11/6/2013,HW-14935,OFF-ST-10001128,332.94,Standard Class,5,Credit Card
6423,7/26/2011,7/26/2011,8/1/2011,JO-15145,TEC-AC-10002006,111.93,Standard Class,5,Credit Card
6424,10/24/2012,10/24/2012,10/27/2012,RD-19660,FUR-CH-10003956,454.272,First Class,3,Bank Transfer
6425,8/20/2014,8/20/2014,8/25/2014,DO-13645,OFF-PA-10000552,19.44,Standard Class,4,Bank Transfer
6426,5/24/2013,5/24/2013,5/28/2013,CC-12370,TEC-CO-10004722,8399.976,Standard Class,4,Bank Transfer
6427,5/24/2013,5/24/2013,5/28/2013,CC-12370,OFF-BI-10004308,6.294,Standard Class,2,Credit Card
6428,5/24/2013,5/24/2013,5/28/2013,CC-12370,OFF-PA-10000029,10.368,Standard Class,4,Bank Transfer
6429,5/24/2013,5/24/2013,5/28/2013,CC-12370,TEC-PH-10004080,122.382,Standard Class,1,Bank Transfer
6430,11/3/2011,11/3/2011,11/7/2011,SH-20395,OFF-ST-10001558,25.984,Standard Class,2,PayPal
6431,11/3/2011,11/3/2011,11/7/2011,SH-20395,FUR-TA-10001768,945.036,Standard Class,5,Credit Card
6432,11/3/2011,11/3/2011,11/7/2011,SH-20395,OFF-BI-10002982,14.301,Standard Class,2,Bank Transfer
6433,11/3/2011,11/3/2011,11/7/2011,SH-20395,FUR-FU-10001468,410.352,Standard Class,4,Bank Transfer
6434,3/30/2012,3/30/2012,4/4/2012,FC-14335,OFF-PA-10001838,23.52,Standard Class,3,PayPal
6435,3/30/2012,3/30/2012,4/4/2012,FC-14335,TEC-PH-10002890,180.96,Standard Class,1,Bank Transfer
6436,5/28/2014,5/28/2014,5/30/2014,JG-15160,FUR-FU-10004963,35,First Class,3,Bank Transfer
6437,5/28/2014,5/28/2014,5/30/2014,JG-15160,OFF-ST-10000025,477.15,First Class,4,PayPal
6438,5/28/2014,5/28/2014,5/30/2014,JG-15160,TEC-PH-10004389,302.376,First Class,1,PayPal
6439,12/15/2014,12/15/2014,12/20/2014,LC-16885,FUR-TA-10000577,974.988,Standard Class,3,Credit Card
6440,10/4/2011,10/4/2011,10/6/2011,CC-12220,FUR-CH-10003298,589.41,First Class,4,Credit Card
6441,10/14/2013,10/14/2013,10/21/2013,BW-11110,OFF-AR-10001860,34.7,Standard Class,5,PayPal
6442,10/14/2013,10/14/2013,10/21/2013,BW-11110,OFF-ST-10003123,99.87,Standard Class,3,Credit Card
6443,10/14/2013,10/14/2013,10/21/2013,BW-11110,OFF-PA-10001295,37.94,Standard Class,2,Bank Transfer
6444,10/14/2013,10/14/2013,10/21/2013,BW-11110,OFF-LA-10000407,24.9,Standard Class,5,PayPal
6445,10/14/2013,10/14/2013,10/21/2013,BW-11110,FUR-FU-10003535,82.26,Standard Class,1,Credit Card
6446,3/5/2012,3/5/2012,3/10/2012,JJ-15445,OFF-FA-10000611,7.104,Standard Class,2,PayPal
6447,3/5/2014,3/5/2014,3/7/2014,TT-21460,FUR-FU-10004848,103.5,Second Class,1,Bank Transfer
6448,3/5/2014,3/5/2014,3/7/2014,TT-21460,OFF-LA-10002381,2.464,Second Class,2,PayPal
6449,3/5/2014,3/5/2014,3/7/2014,TT-21460,OFF-ST-10000918,8.72,Second Class,4,PayPal
6450,9/25/2012,9/25/2012,9/29/2012,EH-13990,OFF-BI-10000822,10.76,Standard Class,1,PayPal
6451,9/25/2012,9/25/2012,9/29/2012,EH-13990,OFF-PA-10002222,45.68,Standard Class,4,PayPal
6452,9/25/2012,9/25/2012,9/29/2012,EH-13990,OFF-AR-10004930,6.7,Standard Class,1,PayPal
6453,12/19/2012,12/19/2012,12/23/2012,PR-18880,TEC-PH-10001750,158.376,Second Class,5,Bank Transfer
6454,10/8/2012,10/8/2012,10/13/2012,BT-11680,OFF-AR-10000657,3.44,Standard Class,1,Bank Transfer
6455,8/1/2014,8/1/2014,8/4/2014,EC-14050,OFF-ST-10003442,56.56,First Class,3,Bank Transfer
6456,8/1/2014,8/1/2014,8/4/2014,EC-14050,FUR-FU-10003142,36.96,First Class,1,Bank Transfer
6457,8/5/2011,8/5/2011,8/11/2011,SP-20650,TEC-PH-10002468,135.99,Standard Class,2,PayPal
6458,8/5/2011,8/5/2011,8/11/2011,SP-20650,OFF-AR-10004165,15.96,Standard Class,1,Bank Transfer
6459,5/15/2014,5/15/2014,5/18/2014,AJ-10780,OFF-AR-10001919,3.76,First Class,4,PayPal
6460,5/15/2014,5/15/2014,5/18/2014,AJ-10780,OFF-AR-10003045,14.7,First Class,5,PayPal
6461,5/15/2014,5/15/2014,5/18/2014,AJ-10780,OFF-AR-10003338,37.2,First Class,2,Bank Transfer
6462,5/15/2014,5/15/2014,5/18/2014,AJ-10780,TEC-AC-10003280,89.97,First Class,3,PayPal
6463,5/15/2014,5/15/2014,5/18/2014,AJ-10780,FUR-CH-10003298,261.96,First Class,4,PayPal
6464,5/15/2014,5/15/2014,5/18/2014,AJ-10780,OFF-LA-10004544,74,First Class,1,PayPal
6465,9/23/2013,9/23/2013,9/29/2013,AS-10630,FUR-FU-10004586,13.28,Standard Class,5,Credit Card
6466,11/13/2012,11/13/2012,11/17/2012,AA-10375,OFF-ST-10003572,84.96,Standard Class,2,Credit Card
6467,5/23/2014,5/23/2014,5/26/2014,EH-13945,TEC-AC-10002331,68.46,Second Class,5,Credit Card
6468,12/3/2013,12/3/2013,12/9/2013,DB-13270,OFF-ST-10000142,2079.4,Standard Class,4,PayPal
6469,12/3/2013,12/3/2013,12/9/2013,DB-13270,TEC-PH-10000441,629.95,Standard Class,5,PayPal
6470,12/3/2013,12/3/2013,12/9/2013,DB-13270,FUR-FU-10004864,72.42,Standard Class,4,Bank Transfer
6471,8/29/2012,8/29/2012,9/2/2012,CC-12100,TEC-PH-10001750,131.98,Standard Class,3,Bank Transfer
6472,8/29/2012,8/29/2012,9/2/2012,CC-12100,TEC-AC-10004510,114.52,Standard Class,2,Credit Card
6473,6/6/2011,6/6/2011,6/10/2011,VT-21700,OFF-LA-10001074,100.24,Standard Class,1,Bank Transfer
6474,3/19/2013,3/19/2013,3/21/2013,DB-13060,OFF-AP-10003590,871.8,Second Class,2,PayPal
6475,1/15/2011,1/15/2011,1/16/2011,BS-11590,FUR-BO-10003433,61.96,First Class,4,PayPal
6476,6/4/2014,6/4/2014,6/11/2014,NR-18550,OFF-BI-10002432,4.554,Standard Class,5,Bank Transfer
6477,6/4/2014,6/4/2014,6/11/2014,NR-18550,OFF-AP-10003622,5.2,Standard Class,3,Bank Transfer
6478,6/4/2014,6/4/2014,6/11/2014,NR-18550,TEC-AC-10003832,205.992,Standard Class,2,PayPal
6479,6/4/2014,6/4/2014,6/11/2014,NR-18550,OFF-PA-10000809,15.552,Standard Class,4,Bank Transfer
6480,6/4/2014,6/4/2014,6/11/2014,NR-18550,TEC-PH-10000441,503.96,Standard Class,2,Bank Transfer
6481,6/4/2014,6/4/2014,6/11/2014,NR-18550,OFF-AP-10002287,24.472,Standard Class,1,Bank Transfer
6482,6/4/2014,6/4/2014,6/11/2014,NR-18550,FUR-BO-10002824,241.568,Standard Class,4,Bank Transfer
6483,6/4/2014,6/4/2014,6/11/2014,NR-18550,TEC-AC-10002942,110.4,Standard Class,3,Credit Card
6484,6/4/2014,6/4/2014,6/10/2014,KN-16390,FUR-TA-10001932,384.768,Standard Class,3,Bank Transfer
6485,6/4/2014,6/4/2014,6/10/2014,KN-16390,TEC-MA-10003173,78.66,Standard Class,2,PayPal
6486,6/4/2014,6/4/2014,6/10/2014,KN-16390,OFF-PA-10004156,45.36,Standard Class,5,Bank Transfer
6487,3/21/2012,3/21/2012,3/26/2012,JW-16075,OFF-AP-10002945,962.08,Standard Class,5,Credit Card
6488,3/21/2012,3/21/2012,3/26/2012,JW-16075,OFF-BI-10000948,12.843,Standard Class,3,Bank Transfer
6489,3/21/2012,3/21/2012,3/26/2012,JW-16075,OFF-PA-10002254,295.456,Standard Class,2,PayPal
6490,9/20/2014,9/20/2014,9/25/2014,JM-15535,OFF-PA-10004782,32.4,Standard Class,2,PayPal
6491,9/15/2011,9/15/2011,9/19/2011,MF-18250,FUR-FU-10000222,103.936,Standard Class,2,Bank Transfer
6492,11/21/2013,11/21/2013,11/26/2013,FA-14230,FUR-BO-10004695,289.568,Standard Class,1,PayPal
6493,11/21/2013,11/21/2013,11/26/2013,FA-14230,OFF-ST-10003327,39.72,Standard Class,5,Credit Card
6494,11/21/2013,11/21/2013,11/26/2013,FA-14230,TEC-PH-10003357,244.768,Standard Class,5,PayPal
6495,10/29/2014,10/29/2014,11/2/2014,KH-16510,TEC-AC-10002167,24,Second Class,5,Credit Card
6496,10/29/2014,10/29/2014,11/2/2014,KH-16510,OFF-PA-10001937,15.552,Second Class,2,Bank Transfer
6497,10/29/2014,10/29/2014,11/2/2014,KH-16510,TEC-AC-10004510,26.176,Second Class,5,Credit Card
6498,7/24/2012,7/24/2012,7/28/2012,SS-20515,FUR-FU-10001487,20.94,Standard Class,5,Credit Card
6499,7/24/2012,7/24/2012,7/28/2012,SS-20515,OFF-BI-10000069,135.09,Standard Class,2,PayPal
6500,7/24/2012,7/24/2012,7/28/2012,SS-20515,TEC-AC-10003289,279.86,Standard Class,5,Credit Card
6501,7/24/2012,7/24/2012,7/28/2012,SS-20515,OFF-BI-10000069,90.06,Standard Class,3,PayPal
6502,11/2/2011,11/2/2011,11/6/2011,LC-17050,TEC-PH-10001299,539.964,Standard Class,5,Bank Transfer
6503,11/2/2011,11/2/2011,11/6/2011,LC-17050,TEC-PH-10001552,50.232,Standard Class,5,Credit Card
6504,11/2/2011,11/2/2011,11/6/2011,LC-17050,OFF-BI-10001098,19.242,Standard Class,1,PayPal
6505,11/18/2014,11/18/2014,11/23/2014,VW-21775,OFF-ST-10000142,1247.64,Second Class,2,Credit Card
6506,6/27/2013,6/27/2013,7/1/2013,LD-16855,OFF-AR-10001547,5.304,Standard Class,1,Bank Transfer
6507,10/10/2013,10/10/2013,10/12/2013,SP-20545,OFF-PA-10001593,19.136,Second Class,4,PayPal
6508,10/10/2013,10/10/2013,10/12/2013,SP-20545,FUR-FU-10004071,332.832,Second Class,4,PayPal
6509,12/21/2014,12/21/2014,12/27/2014,DK-13150,OFF-PA-10001970,279.9,Standard Class,2,PayPal
6510,12/21/2014,12/21/2014,12/27/2014,DK-13150,OFF-BI-10001524,50.352,Standard Class,1,Credit Card
6511,12/21/2014,12/21/2014,12/27/2014,DK-13150,OFF-PA-10004156,34.02,Standard Class,3,PayPal
6512,3/7/2014,3/7/2014,3/11/2014,FC-14245,OFF-AR-10003158,23.88,Standard Class,4,Credit Card
6513,3/7/2014,3/7/2014,3/11/2014,FC-14245,OFF-LA-10004559,11.52,Standard Class,4,Credit Card
6514,3/7/2014,3/7/2014,3/11/2014,FC-14245,OFF-PA-10001033,286.93,Standard Class,4,PayPal
6515,3/7/2014,3/7/2014,3/11/2014,FC-14245,TEC-PH-10001336,206.384,Standard Class,4,Credit Card
6516,9/16/2014,9/16/2014,9/20/2014,RD-19480,FUR-CH-10002961,218.352,Standard Class,3,PayPal
6517,9/16/2014,9/16/2014,9/20/2014,RD-19480,FUR-FU-10001488,529.9,Standard Class,4,Bank Transfer
6518,9/16/2014,9/16/2014,9/20/2014,RD-19480,OFF-AR-10001915,99.3,Standard Class,4,Bank Transfer
6519,9/16/2014,9/16/2014,9/20/2014,RD-19480,OFF-AP-10001205,108.96,Standard Class,3,Credit Card
6520,9/16/2014,9/16/2014,9/20/2014,RD-19480,OFF-BI-10004528,2.688,Standard Class,2,Credit Card
6521,1/17/2014,1/17/2014,1/19/2014,AR-10540,OFF-BI-10004995,5443.96,Second Class,4,Bank Transfer
6522,1/17/2014,1/17/2014,1/19/2014,AR-10540,FUR-CH-10004626,302.67,Second Class,1,Credit Card
6523,1/17/2014,1/17/2014,1/19/2014,AR-10540,OFF-PA-10001260,56.07,Second Class,2,Credit Card
6524,7/8/2013,7/8/2013,7/14/2013,CC-12100,OFF-LA-10002945,10.08,Standard Class,3,PayPal
6525,7/8/2013,7/8/2013,7/14/2013,CC-12100,TEC-PH-10002310,59.994,Standard Class,4,PayPal
6526,7/8/2013,7/8/2013,7/14/2013,CC-12100,OFF-BI-10001525,5.715,Standard Class,1,Credit Card
6527,7/8/2013,7/8/2013,7/14/2013,CC-12100,OFF-BI-10001308,9.42,Standard Class,5,PayPal
6528,12/24/2013,12/24/2013,12/29/2013,CA-11965,TEC-CO-10002095,1999.96,Second Class,1,Credit Card
6529,12/22/2011,12/22/2011,12/26/2011,BT-11530,OFF-ST-10004946,216.4,Standard Class,1,Credit Card
6530,2/24/2011,2/24/2011,2/28/2011,MG-17875,OFF-LA-10004425,6.936,Standard Class,5,Credit Card
6531,2/24/2011,2/24/2011,2/28/2011,MG-17875,OFF-BI-10000320,4.428,Standard Class,2,Bank Transfer
6532,12/5/2014,12/5/2014,12/9/2014,TP-21130,OFF-AR-10001315,8.8,Standard Class,3,PayPal
6533,12/5/2014,12/5/2014,12/9/2014,TP-21130,TEC-AC-10004595,142.8,Standard Class,4,PayPal
6534,12/5/2014,12/5/2014,12/9/2014,TP-21130,TEC-AC-10001539,399.95,Standard Class,3,Credit Card
6535,11/17/2011,11/17/2011,11/22/2011,GT-14710,OFF-BI-10001359,2152.776,Standard Class,4,Bank Transfer
6536,11/17/2011,11/17/2011,11/22/2011,GT-14710,FUR-BO-10002213,4007.84,Standard Class,2,Credit Card
6537,10/20/2011,10/20/2011,10/23/2011,FH-14365,FUR-TA-10003008,328.59,First Class,4,PayPal
6538,10/20/2011,10/20/2011,10/23/2011,FH-14365,OFF-ST-10000934,98.352,First Class,2,Credit Card
6539,10/25/2012,10/25/2012,10/30/2012,HK-14890,TEC-PH-10004042,158.99,Standard Class,5,Bank Transfer
6540,10/25/2012,10/25/2012,10/30/2012,HK-14890,FUR-CH-10002439,291.1,Standard Class,1,Credit Card
6541,11/17/2014,11/17/2014,11/20/2014,CC-12220,OFF-PA-10001363,73.68,First Class,3,Bank Transfer
6542,11/17/2014,11/17/2014,11/20/2014,CC-12220,FUR-FU-10003394,139.92,First Class,4,Credit Card
6543,11/17/2014,11/17/2014,11/20/2014,CC-12220,TEC-PH-10003171,107.88,First Class,5,Bank Transfer
6544,11/17/2014,11/17/2014,11/20/2014,CC-12220,OFF-ST-10003123,33.29,First Class,5,PayPal
6545,5/15/2014,5/15/2014,5/19/2014,DP-13000,OFF-BI-10003007,58.17,Standard Class,5,Credit Card
6546,5/15/2014,5/15/2014,5/19/2014,DP-13000,OFF-LA-10000973,5.04,Standard Class,5,Bank Transfer
6547,5/15/2014,5/15/2014,5/19/2014,DP-13000,OFF-PA-10000483,24.784,Standard Class,5,PayPal
6548,3/1/2011,3/1/2011,3/5/2011,VF-21715,FUR-CH-10000863,634.116,Standard Class,2,PayPal
6549,3/1/2011,3/1/2011,3/5/2011,VF-21715,OFF-PA-10003036,17.472,Standard Class,1,Credit Card
6550,7/30/2012,7/30/2012,8/1/2012,GH-14410,FUR-CH-10002304,155.88,First Class,3,Bank Transfer
6551,11/1/2012,11/1/2012,11/3/2012,JH-16180,FUR-CH-10000422,327.564,Second Class,1,PayPal
6552,12/17/2014,12/17/2014,12/22/2014,RB-19465,OFF-PA-10002986,13.36,Second Class,5,PayPal
6553,12/17/2014,12/17/2014,12/22/2014,RB-19465,OFF-ST-10002289,158.9,Second Class,5,Credit Card
6554,10/20/2011,10/20/2011,10/22/2011,LS-16975,TEC-AC-10001606,319.968,Second Class,3,Credit Card
6555,10/20/2011,10/20/2011,10/22/2011,LS-16975,OFF-ST-10003805,505.32,Second Class,3,PayPal
6556,10/20/2011,10/20/2011,10/22/2011,LS-16975,OFF-PA-10002109,3.808,Second Class,4,PayPal
6557,10/20/2011,10/20/2011,10/22/2011,LS-16975,OFF-BI-10000632,8.682,Second Class,3,PayPal
6558,10/20/2011,10/20/2011,10/22/2011,LS-16975,OFF-LA-10003510,24.424,Second Class,1,PayPal
6559,6/5/2012,6/5/2012,6/10/2012,EB-13750,FUR-CH-10004997,1522.638,Standard Class,5,Bank Transfer
6560,7/22/2013,7/22/2013,7/27/2013,DK-12835,OFF-EN-10003001,419.9,Standard Class,5,Bank Transfer
6561,7/22/2013,7/22/2013,7/27/2013,DK-12835,OFF-LA-10003766,3.15,Standard Class,5,PayPal
6562,4/1/2014,4/1/2014,4/3/2014,SC-20260,OFF-AP-10003040,33.62,First Class,5,PayPal
6563,5/7/2011,5/7/2011,5/12/2011,CT-11995,OFF-BI-10001078,16.14,Standard Class,2,Bank Transfer
6564,5/7/2011,5/7/2011,5/12/2011,CT-11995,FUR-TA-10003469,194.25,Standard Class,3,Bank Transfer
6565,5/7/2011,5/7/2011,5/12/2011,CT-11995,OFF-AR-10002578,8.64,Standard Class,3,PayPal
6566,5/7/2011,5/7/2011,5/12/2011,CT-11995,FUR-CH-10004675,872.32,Standard Class,1,Credit Card
6567,2/6/2014,2/6/2014,2/9/2014,CB-12025,OFF-BI-10004632,243.992,Second Class,4,PayPal
6568,2/6/2014,2/6/2014,2/9/2014,CB-12025,OFF-AR-10003087,7.12,Second Class,2,PayPal
6569,4/18/2011,4/18/2011,4/22/2011,KM-16720,OFF-AR-10001868,2.688,Standard Class,5,Bank Transfer
6570,4/18/2011,4/18/2011,4/22/2011,KM-16720,FUR-CH-10002602,317.058,Standard Class,1,Credit Card
6571,4/18/2011,4/18/2011,4/22/2011,KM-16720,OFF-EN-10000056,149.352,Standard Class,1,PayPal
6572,4/18/2011,4/18/2011,4/22/2011,KM-16720,TEC-AC-10000474,227.976,Standard Class,5,Bank Transfer
6573,5/11/2013,5/11/2013,5/17/2013,RD-19720,OFF-PA-10003971,11.96,Standard Class,3,PayPal
6574,11/26/2013,11/26/2013,12/1/2013,BP-11050,OFF-ST-10000689,563.4,Standard Class,5,PayPal
6575,11/26/2013,11/26/2013,12/1/2013,BP-11050,TEC-MA-10004255,319.92,Standard Class,3,Bank Transfer
6576,3/4/2014,3/4/2014,3/9/2014,EJ-13720,TEC-AC-10000990,1049.44,Standard Class,5,Credit Card
6577,3/4/2014,3/4/2014,3/9/2014,EJ-13720,FUR-CH-10003968,170.352,Standard Class,2,Bank Transfer
6578,12/6/2012,12/6/2012,12/11/2012,RO-19780,TEC-PH-10001615,173.94,Second Class,4,PayPal
6579,8/25/2011,8/25/2011,8/30/2011,MW-18220,TEC-PH-10000895,1007.944,Standard Class,3,Credit Card
6580,10/23/2013,10/23/2013,10/23/2013,MS-17530,OFF-PA-10003001,6.68,Same Day,4,Bank Transfer
6581,10/23/2013,10/23/2013,10/23/2013,MS-17530,OFF-AR-10002766,8.34,Same Day,2,PayPal
6582,10/23/2013,10/23/2013,10/23/2013,MS-17530,FUR-FU-10003095,101.94,Same Day,1,Bank Transfer
6583,8/8/2013,8/8/2013,8/12/2013,DW-13585,TEC-AC-10003610,179.97,Standard Class,5,Credit Card
6584,7/22/2014,7/22/2014,7/28/2014,AM-10705,OFF-AR-10003727,101.94,Standard Class,1,Credit Card
6585,7/22/2014,7/22/2014,7/28/2014,AM-10705,TEC-PH-10002660,271.96,Standard Class,5,PayPal
6586,7/22/2014,7/22/2014,7/28/2014,AM-10705,FUR-FU-10003274,8.8,Standard Class,3,Credit Card
6587,7/22/2014,7/22/2014,7/28/2014,AM-10705,OFF-AR-10003829,19.68,Standard Class,4,Bank Transfer
6588,7/22/2014,7/22/2014,7/28/2014,AM-10705,FUR-BO-10003441,302.94,Standard Class,5,Credit Card
6589,7/22/2014,7/22/2014,7/28/2014,AM-10705,OFF-BI-10003355,14.94,Standard Class,4,Bank Transfer
6590,7/22/2014,7/22/2014,7/28/2014,AM-10705,OFF-SU-10003505,231.72,Standard Class,1,Bank Transfer
6591,3/23/2011,3/23/2011,3/26/2011,BG-11740,OFF-LA-10004484,9.912,First Class,5,PayPal
6592,4/30/2012,4/30/2012,5/6/2012,KB-16585,OFF-AR-10000658,34.65,Standard Class,3,Credit Card
6593,4/30/2012,4/30/2012,5/6/2012,KB-16585,TEC-PH-10000347,19.8,Standard Class,3,Credit Card
6594,6/14/2013,6/14/2013,6/17/2013,GT-14710,OFF-BI-10001989,33.568,Second Class,2,Bank Transfer
6595,5/4/2012,5/4/2012,5/11/2012,SV-20815,OFF-AR-10001897,125.93,Standard Class,4,Bank Transfer
6596,4/24/2014,4/24/2014,4/27/2014,GG-14650,OFF-BI-10000285,11.76,First Class,5,Bank Transfer
6597,4/24/2014,4/24/2014,4/27/2014,GG-14650,OFF-PA-10001804,5.344,First Class,5,Credit Card
6598,6/6/2011,6/6/2011,6/12/2011,SV-20785,OFF-BI-10002557,1.365,Standard Class,3,Credit Card
6599,6/6/2011,6/6/2011,6/12/2011,SV-20785,OFF-PA-10002319,62.016,Standard Class,1,Bank Transfer
6600,12/2/2011,12/2/2011,12/7/2011,ON-18715,FUR-FU-10003849,60.72,Standard Class,1,Credit Card
6601,12/2/2011,12/2/2011,12/7/2011,ON-18715,OFF-PA-10002923,146.82,Standard Class,3,Credit Card
6602,12/2/2011,12/2/2011,12/7/2011,ON-18715,FUR-CH-10004754,239.84,Standard Class,5,Credit Card
6603,12/2/2011,12/2/2011,12/7/2011,ON-18715,OFF-LA-10000634,15.66,Standard Class,4,PayPal
6604,6/18/2014,6/18/2014,6/21/2014,RA-19945,OFF-ST-10001418,146.352,First Class,5,Bank Transfer
6605,5/27/2013,5/27/2013,6/1/2013,SV-20785,OFF-FA-10003467,5.94,Standard Class,4,PayPal
6606,5/27/2013,5/27/2013,6/1/2013,SV-20785,OFF-PA-10001293,45.36,Standard Class,2,Credit Card
6607,5/27/2013,5/27/2013,6/1/2013,SV-20785,TEC-PH-10003885,211.168,Standard Class,4,PayPal
6608,5/27/2013,5/27/2013,6/1/2013,SV-20785,FUR-CH-10004860,484.704,Standard Class,5,PayPal
6609,5/27/2013,5/27/2013,6/1/2013,SV-20785,TEC-MA-10002428,371.976,Standard Class,4,Credit Card
6610,3/10/2012,3/10/2012,3/10/2012,KB-16585,OFF-ST-10002406,89.82,Same Day,4,Credit Card
6611,10/21/2013,10/21/2013,10/23/2013,AG-10495,OFF-BI-10004209,19.296,First Class,2,Credit Card
6612,4/21/2012,4/21/2012,4/28/2012,JK-16090,FUR-CH-10001891,191.96,Standard Class,5,PayPal
6613,4/21/2012,4/21/2012,4/28/2012,JK-16090,OFF-BI-10002215,21.3,Standard Class,1,Credit Card
6614,4/21/2012,4/21/2012,4/28/2012,JK-16090,TEC-PH-10002103,469.95,Standard Class,5,Bank Transfer
6615,4/21/2012,4/21/2012,4/28/2012,JK-16090,FUR-FU-10003394,209.88,Standard Class,4,Credit Card
6616,6/18/2013,6/18/2013,6/20/2013,MV-18190,FUR-BO-10004218,239.666,First Class,4,PayPal
6617,6/18/2013,6/18/2013,6/20/2013,MV-18190,OFF-LA-10000081,22.5,First Class,4,PayPal
6618,6/18/2013,6/18/2013,6/20/2013,MV-18190,OFF-PA-10001497,219.84,First Class,3,Bank Transfer
6619,1/14/2014,1/14/2014,1/19/2014,CP-12085,OFF-PA-10004983,32.4,Second Class,1,Bank Transfer
6620,1/14/2014,1/14/2014,1/19/2014,CP-12085,OFF-AR-10004010,209.94,Second Class,2,Credit Card
6621,1/14/2014,1/14/2014,1/19/2014,CP-12085,OFF-SU-10002881,4164.05,Second Class,3,Credit Card
6622,1/14/2014,1/14/2014,1/19/2014,CP-12085,FUR-BO-10001608,212.94,Second Class,1,PayPal
6623,9/6/2011,9/6/2011,9/9/2011,VP-21760,FUR-FU-10001487,41.88,First Class,4,Bank Transfer
6624,9/6/2011,9/6/2011,9/9/2011,VP-21760,OFF-LA-10001934,58.48,First Class,5,Bank Transfer
6625,1/19/2012,1/19/2012,1/23/2012,PM-18940,FUR-TA-10002855,102.438,Standard Class,1,Credit Card
6626,1/19/2012,1/19/2012,1/23/2012,PM-18940,FUR-CH-10004875,199.304,Standard Class,2,PayPal
6627,12/14/2011,12/14/2011,12/21/2011,TB-21400,TEC-MA-10001127,6999.96,Standard Class,5,Credit Card
6628,5/23/2011,5/23/2011,5/27/2011,EH-13990,OFF-PA-10003177,12.96,Standard Class,2,Credit Card
6629,9/19/2012,9/19/2012,9/22/2012,GW-14605,TEC-PH-10000011,279.86,Second Class,5,PayPal
6630,10/2/2012,10/2/2012,10/6/2012,NP-18685,OFF-BI-10001757,7.38,Standard Class,3,PayPal
6631,12/26/2013,12/26/2013,12/31/2013,JE-15715,FUR-CH-10000847,698.352,Standard Class,2,PayPal
6632,12/26/2013,12/26/2013,12/31/2013,JE-15715,FUR-TA-10001307,1747.25,Standard Class,1,Credit Card
6633,5/7/2013,5/7/2013,5/9/2013,BE-11455,OFF-AP-10001205,54.48,Second Class,1,Bank Transfer
6634,10/25/2013,10/25/2013,10/25/2013,SS-20590,TEC-AC-10001838,199.99,Same Day,1,Bank Transfer
6635,5/7/2014,5/7/2014,5/7/2014,MB-18085,OFF-BI-10003982,68.541,Same Day,5,Credit Card
6636,5/7/2014,5/7/2014,5/7/2014,MB-18085,TEC-PH-10004977,627.168,Same Day,1,Credit Card
6637,5/7/2014,5/7/2014,5/7/2014,MB-18085,OFF-LA-10003510,122.12,Same Day,5,Bank Transfer
6638,11/28/2014,11/28/2014,12/1/2014,RP-19390,OFF-AR-10001573,6.99,Second Class,5,PayPal
6639,11/28/2014,11/28/2014,12/1/2014,RP-19390,OFF-BI-10001196,107.424,Second Class,1,PayPal
6640,10/31/2011,10/31/2011,11/2/2011,AJ-10780,FUR-TA-10003954,1421.664,Second Class,1,Credit Card
6641,8/6/2014,8/6/2014,8/10/2014,PO-18865,OFF-BI-10001989,125.88,Standard Class,1,Bank Transfer
6642,8/6/2014,8/6/2014,8/10/2014,PO-18865,TEC-AC-10001714,79.78,Standard Class,5,PayPal
6643,8/6/2014,8/6/2014,8/10/2014,PO-18865,OFF-LA-10003498,133.2,Standard Class,3,Credit Card
6644,8/10/2012,8/10/2012,8/16/2012,WB-21850,TEC-PH-10000576,438.368,Standard Class,3,PayPal
6645,8/10/2012,8/10/2012,8/16/2012,WB-21850,TEC-PH-10004188,139.944,Standard Class,2,Credit Card
6646,8/10/2012,8/10/2012,8/16/2012,WB-21850,OFF-AP-10001469,133.472,Standard Class,4,Credit Card
6647,12/16/2013,12/16/2013,12/22/2013,MP-18175,FUR-TA-10003473,564.195,Standard Class,4,Bank Transfer
6648,12/16/2013,12/16/2013,12/22/2013,MP-18175,OFF-AP-10001205,87.168,Standard Class,3,Credit Card
6649,9/9/2014,9/9/2014,9/12/2014,BF-11020,OFF-BI-10002429,42.616,First Class,2,Credit Card
6650,9/9/2014,9/9/2014,9/12/2014,BF-11020,TEC-CO-10001943,319.984,First Class,3,Bank Transfer
6651,9/9/2014,9/9/2014,9/12/2014,BF-11020,OFF-FA-10004854,45.92,First Class,4,Credit Card
6652,9/9/2014,9/9/2014,9/12/2014,BF-11020,FUR-FU-10001095,21.184,First Class,5,Credit Card
6653,9/9/2014,9/9/2014,9/12/2014,BF-11020,OFF-PA-10000061,20.736,First Class,4,Bank Transfer
6654,9/9/2014,9/9/2014,9/12/2014,BF-11020,FUR-CH-10003535,213.43,First Class,3,Credit Card
6655,2/21/2014,2/21/2014,2/28/2014,KM-16375,TEC-PH-10004447,333.576,Standard Class,2,Bank Transfer
6656,2/21/2014,2/21/2014,2/28/2014,KM-16375,TEC-AC-10001114,31.992,Standard Class,2,PayPal
6657,2/21/2014,2/21/2014,2/28/2014,KM-16375,OFF-ST-10000563,51.168,Standard Class,1,Credit Card
6658,2/21/2014,2/21/2014,2/28/2014,KM-16375,OFF-EN-10004846,10.64,Standard Class,3,Bank Transfer
6659,2/21/2014,2/21/2014,2/28/2014,KM-16375,FUR-FU-10002253,68.704,Standard Class,2,Credit Card
6660,2/21/2014,2/21/2014,2/28/2014,KM-16375,FUR-TA-10001039,386.91,Standard Class,5,PayPal
6661,8/8/2012,8/8/2012,8/10/2012,DB-13405,OFF-AR-10004587,39.66,Second Class,5,Bank Transfer
6662,8/8/2012,8/8/2012,8/10/2012,DB-13405,OFF-AP-10004336,113.92,Second Class,3,Credit Card
6663,8/8/2012,8/8/2012,8/10/2012,DB-13405,OFF-BI-10001718,447.86,Second Class,4,Credit Card
6664,10/27/2014,10/27/2014,11/2/2014,OT-18730,FUR-TA-10001520,356.85,Standard Class,1,Credit Card
6665,10/27/2014,10/27/2014,11/2/2014,OT-18730,OFF-EN-10002831,251.58,Standard Class,4,PayPal
6666,7/15/2013,7/15/2013,7/19/2013,JS-15880,OFF-PA-10001497,219.84,Second Class,4,PayPal
6667,5/13/2014,5/13/2014,5/15/2014,CA-12775,FUR-FU-10000719,42.85,Second Class,2,Credit Card
6668,5/13/2014,5/13/2014,5/15/2014,CA-12775,OFF-LA-10002271,6.16,Second Class,2,Credit Card
6669,5/13/2014,5/13/2014,5/15/2014,CA-12775,OFF-SU-10004661,17,Second Class,3,PayPal
6670,5/13/2014,5/13/2014,5/15/2014,CA-12775,TEC-AC-10004859,87.4,Second Class,2,Credit Card
6671,5/26/2014,5/26/2014,5/30/2014,MH-18115,OFF-BI-10002824,29.84,Standard Class,1,Bank Transfer
6672,8/23/2011,8/23/2011,8/27/2011,RB-19645,OFF-BI-10001575,49.568,Second Class,3,Credit Card
6673,9/11/2012,9/11/2012,9/16/2012,SB-20290,OFF-AR-10000380,265.86,Standard Class,2,Bank Transfer
6674,9/5/2012,9/5/2012,9/12/2012,TW-21025,FUR-FU-10000820,67.96,Standard Class,1,PayPal
6675,11/21/2012,11/21/2012,11/23/2012,DL-13330,OFF-AR-10003759,10.92,Second Class,1,Bank Transfer
6676,11/21/2012,11/21/2012,11/23/2012,DL-13330,TEC-MA-10002930,83.9,Second Class,2,PayPal
6677,11/21/2012,11/21/2012,11/23/2012,DL-13330,OFF-AP-10004052,19.75,Second Class,3,Credit Card
6678,11/21/2012,11/21/2012,11/23/2012,DL-13330,TEC-AC-10000990,393.54,Second Class,1,PayPal
6679,10/10/2011,10/10/2011,10/14/2011,SD-20485,FUR-FU-10003724,46.872,Standard Class,2,Bank Transfer
6680,9/3/2014,9/3/2014,9/8/2014,TB-21055,OFF-ST-10000918,10.9,Second Class,2,Credit Card
6681,9/3/2014,9/3/2014,9/8/2014,TB-21055,OFF-PA-10000157,79.92,Second Class,4,Bank Transfer
6682,9/3/2014,9/3/2014,9/8/2014,TB-21055,OFF-PA-10002499,146.82,Second Class,2,PayPal
6683,1/2/2014,1/2/2014,1/3/2014,DP-13390,OFF-BI-10002012,3.6,First Class,2,Credit Card
6684,11/5/2011,11/5/2011,11/10/2011,DE-13255,FUR-FU-10000320,20.04,Standard Class,5,PayPal
6685,12/17/2012,12/17/2012,12/22/2012,MC-18100,OFF-ST-10003716,180.016,Standard Class,3,Credit Card
6686,12/17/2012,12/17/2012,12/22/2012,MC-18100,FUR-FU-10000965,41.552,Standard Class,2,PayPal
6687,12/17/2012,12/17/2012,12/22/2012,MC-18100,OFF-AR-10003829,13.12,Standard Class,5,PayPal
6688,5/14/2012,5/14/2012,5/21/2012,HG-15025,OFF-ST-10003470,1117.92,Standard Class,1,Credit Card
6689,3/11/2014,3/11/2014,3/16/2014,CM-11815,TEC-AC-10004568,111.96,Second Class,1,Bank Transfer
6690,12/3/2014,12/3/2014,12/10/2014,RP-19855,OFF-AR-10000817,12.16,Standard Class,5,Bank Transfer
6691,8/1/2014,8/1/2014,8/6/2014,LS-17200,OFF-BI-10003460,17.52,Standard Class,1,PayPal
6692,8/1/2014,8/1/2014,8/6/2014,LS-17200,OFF-AP-10002472,155.88,Standard Class,2,Bank Transfer
6693,8/12/2014,8/12/2014,8/14/2014,DR-12940,OFF-BI-10000632,477.51,Second Class,5,Credit Card
6694,10/1/2014,10/1/2014,10/3/2014,CC-12475,OFF-PA-10000062,164.88,Second Class,2,PayPal
6695,8/27/2013,8/27/2013,8/31/2013,SS-20515,TEC-AC-10002006,47.97,Standard Class,5,PayPal
6696,12/3/2013,12/3/2013,12/8/2013,JF-15190,OFF-BI-10004318,415.176,Standard Class,2,Credit Card
6697,12/3/2013,12/3/2013,12/8/2013,JF-15190,OFF-BI-10004236,35.232,Standard Class,3,PayPal
6698,12/3/2013,12/3/2013,12/8/2013,JF-15190,OFF-PA-10000062,54.96,Standard Class,1,PayPal
6699,7/22/2014,7/22/2014,7/26/2014,SW-20455,OFF-PA-10003205,16.34,Standard Class,2,Bank Transfer
6700,7/22/2014,7/22/2014,7/26/2014,SW-20455,FUR-CH-10000988,225.296,Standard Class,3,Credit Card
6701,7/22/2014,7/22/2014,7/26/2014,SW-20455,OFF-BI-10001524,50.352,Standard Class,5,PayPal
6702,5/20/2012,5/20/2012,5/24/2012,SG-20470,FUR-FU-10001986,163.136,Standard Class,4,PayPal
6703,5/20/2012,5/20/2012,5/24/2012,SG-20470,OFF-BI-10001031,6.408,Standard Class,4,PayPal
6704,6/23/2012,6/23/2012,6/28/2012,CS-12355,TEC-PH-10002468,217.584,Standard Class,4,PayPal
6705,6/23/2012,6/23/2012,6/28/2012,CS-12355,OFF-FA-10003059,5.43,Standard Class,1,Credit Card
6706,6/23/2012,6/23/2012,6/28/2012,CS-12355,TEC-PH-10003931,143.976,Standard Class,4,Credit Card
6707,9/11/2013,9/11/2013,9/16/2013,SC-20695,TEC-PH-10003505,519.68,Standard Class,4,Credit Card
6708,4/13/2011,4/13/2011,4/18/2011,BF-11170,OFF-LA-10002368,7.83,Standard Class,5,Bank Transfer
6709,11/14/2012,11/14/2012,11/19/2012,GZ-14470,FUR-CH-10004287,883.84,Standard Class,1,Credit Card
6710,11/14/2012,11/14/2012,11/19/2012,GZ-14470,FUR-CH-10001891,230.352,Standard Class,2,Credit Card
6711,12/10/2013,12/10/2013,12/13/2013,SP-20650,OFF-BI-10002133,273.92,First Class,2,PayPal
6712,8/19/2014,8/19/2014,8/22/2014,PJ-19015,OFF-AR-10001419,9.912,Second Class,4,Credit Card
6713,12/15/2014,12/15/2014,12/15/2014,DB-13060,FUR-FU-10002298,266.352,Same Day,4,PayPal
6714,12/15/2014,12/15/2014,12/15/2014,DB-13060,FUR-FU-10004091,56.328,Same Day,3,Bank Transfer
6715,12/15/2014,12/15/2014,12/15/2014,DB-13060,TEC-AC-10004510,39.264,Same Day,5,Credit Card
6716,12/15/2014,12/15/2014,12/15/2014,DB-13060,OFF-AR-10002987,95.232,Same Day,1,Bank Transfer
6717,4/9/2013,4/9/2013,4/16/2013,CK-12325,OFF-FA-10002280,30,Standard Class,1,Bank Transfer
6718,4/9/2013,4/9/2013,4/16/2013,CK-12325,OFF-PA-10001934,25.92,Standard Class,1,Bank Transfer
6719,4/9/2013,4/9/2013,4/16/2013,CK-12325,FUR-FU-10003268,159.92,Standard Class,3,PayPal
6720,12/17/2013,12/17/2013,12/20/2013,SF-20065,OFF-AP-10004859,34.944,First Class,3,Bank Transfer
6721,9/20/2014,9/20/2014,9/25/2014,DP-13105,TEC-AC-10000057,149.95,Standard Class,3,Credit Card
6722,9/20/2014,9/20/2014,9/25/2014,DP-13105,OFF-AR-10000914,23.32,Standard Class,2,PayPal
6723,9/20/2014,9/20/2014,9/25/2014,DP-13105,OFF-AR-10004956,16.74,Standard Class,3,Bank Transfer
6724,9/5/2014,9/5/2014,9/7/2014,VM-21835,OFF-FA-10001843,14.82,Second Class,2,PayPal
6725,9/13/2013,9/13/2013,9/17/2013,SF-20200,OFF-FA-10000585,10.47,Standard Class,2,Credit Card
6726,9/13/2013,9/13/2013,9/17/2013,SF-20200,OFF-LA-10003720,11.07,Standard Class,5,Bank Transfer
6727,9/13/2013,9/13/2013,9/17/2013,SF-20200,OFF-BI-10000301,20.704,Standard Class,1,PayPal
6728,8/11/2014,8/11/2014,8/16/2014,SC-20695,OFF-PA-10003302,177.2,Second Class,3,PayPal
6729,11/5/2013,11/5/2013,11/10/2013,MF-17665,FUR-FU-10001889,50.496,Standard Class,4,Credit Card
6730,6/18/2012,6/18/2012,6/20/2012,BV-11245,OFF-BI-10002982,6.129,First Class,5,PayPal
6731,6/18/2012,6/18/2012,6/20/2012,BV-11245,FUR-CH-10002965,643.136,First Class,4,Credit Card
6732,6/18/2012,6/18/2012,6/20/2012,BV-11245,OFF-PA-10001937,20.736,First Class,2,Bank Transfer
6733,7/4/2011,7/4/2011,7/7/2011,KE-16420,OFF-PA-10001977,177.536,First Class,2,Bank Transfer
6734,7/4/2011,7/4/2011,7/7/2011,KE-16420,OFF-AP-10000692,32.432,First Class,2,Credit Card
6735,12/20/2012,12/20/2012,12/25/2012,EM-14200,OFF-LA-10004093,11.696,Standard Class,4,PayPal
6736,4/11/2013,4/11/2013,4/18/2013,BT-11680,OFF-AP-10004980,113.76,Standard Class,5,PayPal
6737,4/11/2013,4/11/2013,4/18/2013,BT-11680,OFF-ST-10001932,579.51,Standard Class,2,Credit Card
6738,4/11/2013,4/11/2013,4/18/2013,BT-11680,OFF-ST-10000636,150.66,Standard Class,5,PayPal
6739,4/11/2013,4/11/2013,4/18/2013,BT-11680,OFF-BI-10000069,48.032,Standard Class,1,Bank Transfer
6740,5/26/2011,5/26/2011,5/31/2011,MM-18055,OFF-ST-10001837,102.624,Standard Class,3,Credit Card
6741,5/26/2011,5/26/2011,5/31/2011,MM-18055,FUR-CH-10003981,359.772,Standard Class,1,PayPal
6742,5/26/2011,5/26/2011,5/31/2011,MM-18055,OFF-AR-10000716,13.392,Standard Class,5,Credit Card
6743,7/7/2014,7/7/2014,7/12/2014,PO-18850,FUR-CH-10001146,122.136,Standard Class,5,Credit Card
6744,2/16/2012,2/16/2012,2/20/2012,SP-20860,OFF-PA-10002751,35.88,Standard Class,5,PayPal
6745,6/17/2014,6/17/2014,6/19/2014,CS-12355,TEC-AC-10001606,479.952,Second Class,1,Credit Card
6746,6/17/2014,6/17/2014,6/19/2014,CS-12355,OFF-AR-10001427,23.92,Second Class,2,PayPal
6747,11/14/2014,11/14/2014,11/17/2014,KB-16600,TEC-PH-10004389,629.95,First Class,1,PayPal
6748,12/12/2014,12/12/2014,12/16/2014,AA-10375,OFF-BI-10002498,14.952,Standard Class,4,Credit Card
6749,12/12/2014,12/12/2014,12/16/2014,AA-10375,OFF-PA-10002245,17.94,Standard Class,4,PayPal
6750,12/12/2014,12/12/2014,12/16/2014,AA-10375,TEC-PH-10004522,116.98,Standard Class,1,PayPal
6751,6/29/2013,6/29/2013,7/1/2013,BP-11155,FUR-CH-10003535,121.96,Second Class,2,Bank Transfer
6752,6/29/2013,6/29/2013,7/1/2013,BP-11155,OFF-AP-10000595,8.74,Second Class,4,Credit Card
6753,6/29/2013,6/29/2013,7/1/2013,BP-11155,OFF-PA-10003039,61.96,Second Class,2,Bank Transfer
6754,6/29/2013,6/29/2013,7/1/2013,BP-11155,OFF-BI-10002003,7.96,Second Class,3,Bank Transfer
6755,6/29/2013,6/29/2013,7/1/2013,BP-11155,OFF-AP-10002311,275.24,Second Class,2,PayPal
6756,9/16/2014,9/16/2014,9/20/2014,TC-21145,FUR-FU-10002445,47.4,Standard Class,3,Bank Transfer
6757,9/16/2014,9/16/2014,9/20/2014,TC-21145,FUR-CH-10003606,512.96,Standard Class,2,Credit Card
6758,9/16/2014,9/16/2014,9/20/2014,TC-21145,TEC-PH-10002115,395.94,Standard Class,2,Credit Card
6759,9/16/2014,9/16/2014,9/20/2014,TC-21145,OFF-ST-10000934,81.96,Standard Class,2,Bank Transfer
6760,12/3/2014,12/3/2014,12/9/2014,BG-11035,OFF-AR-10003903,32.776,Standard Class,3,Credit Card
6761,6/27/2014,6/27/2014,7/1/2014,DO-13435,OFF-ST-10004123,272.94,Standard Class,2,Bank Transfer
6762,7/25/2013,7/25/2013,7/27/2013,DB-12970,FUR-CH-10001708,253.764,Second Class,5,Credit Card
6763,9/3/2013,9/3/2013,9/9/2013,RL-19615,OFF-LA-10000240,29.24,Standard Class,1,Bank Transfer
6764,9/3/2013,9/3/2013,9/9/2013,RL-19615,OFF-ST-10002485,35.168,Standard Class,5,PayPal
6765,9/3/2013,9/3/2013,9/9/2013,RL-19615,TEC-MA-10003230,1362.9,Standard Class,1,Bank Transfer
6766,4/21/2014,4/21/2014,4/25/2014,SJ-20215,FUR-CH-10002602,317.058,Standard Class,3,PayPal
6767,4/21/2014,4/21/2014,4/25/2014,SJ-20215,OFF-AR-10001683,15.76,Standard Class,5,Bank Transfer
6768,4/21/2014,4/21/2014,4/25/2014,SJ-20215,FUR-FU-10002456,14.56,Standard Class,3,PayPal
6769,8/12/2011,8/12/2011,8/16/2011,CS-12175,OFF-BI-10002854,196.21,Standard Class,2,Credit Card
6770,9/20/2014,9/20/2014,9/24/2014,JP-16135,OFF-AR-10002445,35.4,Standard Class,4,Bank Transfer
6771,12/10/2014,12/10/2014,12/14/2014,NC-18535,OFF-PA-10004359,419.4,Standard Class,3,Credit Card
6772,12/10/2014,12/10/2014,12/14/2014,NC-18535,OFF-BI-10000279,13.005,Standard Class,5,Bank Transfer
6773,11/5/2013,11/5/2013,11/9/2013,CW-11905,OFF-BI-10003314,7.712,Standard Class,5,PayPal
6774,11/5/2013,11/5/2013,11/9/2013,CW-11905,OFF-BI-10000494,4.176,Standard Class,4,Credit Card
6775,11/5/2013,11/5/2013,11/9/2013,CW-11905,OFF-PA-10000295,38.88,Standard Class,3,PayPal
6776,3/29/2012,3/29/2012,4/4/2012,CM-12115,OFF-PA-10002615,17.64,Standard Class,4,PayPal
6777,9/6/2013,9/6/2013,9/12/2013,PT-19090,OFF-ST-10003479,93.456,Standard Class,1,Bank Transfer
6778,1/29/2014,1/29/2014,2/2/2014,CL-12700,TEC-AC-10002800,449.91,Standard Class,5,Bank Transfer
6779,9/4/2013,9/4/2013,9/9/2013,HF-14995,FUR-BO-10003159,344.94,Second Class,3,Bank Transfer
6780,9/4/2013,9/4/2013,9/9/2013,HF-14995,FUR-FU-10002364,14.76,Second Class,4,Bank Transfer
6781,9/4/2013,9/4/2013,9/9/2013,HF-14995,OFF-BI-10003350,12.76,Second Class,3,PayPal
6782,9/4/2013,9/4/2013,9/9/2013,HF-14995,OFF-LA-10004093,58.48,Second Class,4,PayPal
6783,7/26/2014,7/26/2014,7/29/2014,JC-15775,FUR-FU-10000732,20.096,Second Class,5,Credit Card
6784,7/26/2014,7/26/2014,7/29/2014,JC-15775,OFF-SU-10004884,37.752,Second Class,4,Credit Card
6785,7/26/2014,7/26/2014,7/29/2014,JC-15775,FUR-TA-10001771,138.588,Second Class,3,PayPal
6786,7/26/2014,7/26/2014,7/29/2014,JC-15775,OFF-ST-10000060,259.92,Second Class,3,Credit Card
6787,7/26/2014,7/26/2014,7/29/2014,JC-15775,OFF-PA-10004100,20.736,Second Class,1,Credit Card
6788,9/13/2012,9/13/2012,9/20/2012,JH-15910,FUR-FU-10003975,129.93,Standard Class,1,Bank Transfer
6789,9/13/2012,9/13/2012,9/20/2012,JH-15910,OFF-PA-10001712,69.93,Standard Class,5,Credit Card
6790,9/7/2012,9/7/2012,9/9/2012,CC-12610,OFF-AR-10001953,140.736,Second Class,2,PayPal
6791,11/17/2013,11/17/2013,11/18/2013,IM-15055,OFF-BI-10004967,8.32,First Class,4,PayPal
6792,11/11/2013,11/11/2013,11/16/2013,BF-11170,FUR-FU-10003731,9.98,Standard Class,4,Credit Card
6793,8/15/2011,8/15/2011,8/18/2011,CS-12355,OFF-BI-10001989,62.94,First Class,4,Bank Transfer
6794,11/16/2012,11/16/2012,11/20/2012,MC-17605,OFF-ST-10000344,21.488,Standard Class,4,Bank Transfer
6795,11/16/2012,11/16/2012,11/20/2012,MC-17605,TEC-PH-10001051,239.976,Standard Class,3,PayPal
6796,11/16/2012,11/16/2012,11/20/2012,MC-17605,FUR-FU-10001215,34.504,Standard Class,5,Credit Card
6797,8/25/2012,8/25/2012,8/25/2012,MC-18100,FUR-FU-10001473,20.104,Same Day,1,PayPal
6798,8/25/2012,8/25/2012,8/25/2012,MC-18100,OFF-BI-10000315,3.798,Same Day,5,PayPal
6799,8/25/2012,8/25/2012,8/25/2012,MC-18100,FUR-FU-10002240,7.88,Same Day,4,PayPal
6800,12/26/2013,12/26/2013,1/2/2014,LW-16825,FUR-TA-10002607,35.445,Standard Class,3,Credit Card
6801,12/26/2013,12/26/2013,1/2/2014,LW-16825,TEC-MA-10003356,269.97,Standard Class,4,Credit Card
6802,12/26/2013,12/26/2013,1/2/2014,LW-16825,TEC-AC-10002217,45.12,Standard Class,5,Bank Transfer
6803,12/26/2013,12/26/2013,1/2/2014,LW-16825,TEC-AC-10004353,100.8,Standard Class,3,Bank Transfer
6804,12/26/2013,12/26/2013,1/2/2014,LW-16825,FUR-CH-10004754,47.968,Standard Class,4,Credit Card
6805,10/5/2011,10/5/2011,10/6/2011,KH-16510,TEC-AC-10002800,99.98,First Class,3,Credit Card
6806,11/22/2011,11/22/2011,11/25/2011,RB-19645,OFF-PA-10001752,9.96,First Class,1,Credit Card
6807,12/26/2014,12/26/2014,12/30/2014,GD-14590,OFF-BI-10003314,3.856,Standard Class,4,PayPal
6808,3/31/2012,3/31/2012,4/5/2012,EB-13705,OFF-PA-10000357,98.376,Standard Class,5,PayPal
6809,3/31/2012,3/31/2012,4/5/2012,EB-13705,FUR-FU-10001085,22.38,Standard Class,1,PayPal
6810,9/15/2014,9/15/2014,9/16/2014,PS-18760,OFF-BI-10000301,3.882,First Class,4,PayPal
6811,9/15/2014,9/15/2014,9/16/2014,PS-18760,TEC-MA-10002930,12.585,First Class,3,Credit Card
6812,9/15/2014,9/15/2014,9/16/2014,PS-18760,FUR-CH-10002372,113.372,First Class,4,Credit Card
6813,9/15/2014,9/15/2014,9/16/2014,PS-18760,OFF-BI-10003707,18.312,First Class,4,Credit Card
6814,9/15/2014,9/15/2014,9/16/2014,PS-18760,FUR-FU-10001057,127.936,First Class,5,PayPal
6815,9/15/2014,9/15/2014,9/16/2014,PS-18760,TEC-MA-10001681,241.17,First Class,1,Credit Card
6816,6/17/2011,6/17/2011,6/21/2011,GH-14425,FUR-FU-10003981,6.24,Standard Class,4,Bank Transfer
6817,6/17/2011,6/17/2011,6/21/2011,GH-14425,OFF-FA-10000624,17.9,Standard Class,1,Bank Transfer
6818,6/17/2011,6/17/2011,6/21/2011,GH-14425,OFF-BI-10004995,3266.376,Standard Class,5,Credit Card
6819,12/29/2014,12/29/2014,1/2/2015,LO-17170,OFF-BI-10003784,1.68,Standard Class,1,PayPal
6820,12/29/2014,12/29/2014,1/2/2015,LO-17170,FUR-FU-10004586,7.968,Standard Class,5,Bank Transfer
6821,12/29/2014,12/29/2014,1/2/2015,LO-17170,FUR-CH-10004698,113.372,Standard Class,4,Credit Card
6822,12/29/2014,12/29/2014,1/2/2015,LO-17170,FUR-FU-10001935,2.96,Standard Class,3,Credit Card
6823,11/3/2014,11/3/2014,11/8/2014,CS-12505,OFF-AP-10003040,168.1,Standard Class,4,PayPal
6824,7/25/2012,7/25/2012,7/29/2012,YS-21880,OFF-EN-10001335,98.46,Standard Class,5,PayPal
6825,7/25/2012,7/25/2012,7/29/2012,YS-21880,FUR-TA-10002041,358.58,Standard Class,2,PayPal
6826,10/3/2013,10/3/2013,10/10/2013,TC-20980,OFF-ST-10001558,32.48,Standard Class,5,Bank Transfer
6827,10/3/2013,10/3/2013,10/10/2013,TC-20980,TEC-CO-10004722,17499.95,Standard Class,4,Credit Card
6828,10/3/2013,10/3/2013,10/10/2013,TC-20980,OFF-BI-10004600,735.98,Standard Class,2,Credit Card
6829,10/3/2013,10/3/2013,10/10/2013,TC-20980,OFF-BI-10003712,34.37,Standard Class,3,PayPal
6830,10/3/2013,10/3/2013,10/10/2013,TC-20980,OFF-AR-10001958,33.96,Standard Class,5,Bank Transfer
6831,12/25/2013,12/25/2013,12/28/2013,PW-19030,TEC-PH-10001750,197.97,Second Class,5,Bank Transfer
6832,7/22/2014,7/22/2014,7/28/2014,CS-11860,OFF-AP-10002287,17.48,Standard Class,1,Credit Card
6833,10/10/2012,10/10/2012,10/17/2012,DP-13165,OFF-AR-10003183,8.016,Standard Class,2,Bank Transfer
6834,9/9/2013,9/9/2013,9/9/2013,PJ-19015,FUR-TA-10003008,146.04,Same Day,2,Bank Transfer
6835,11/21/2013,11/21/2013,11/25/2013,BM-11575,TEC-AC-10004803,27.88,Standard Class,1,Credit Card
6836,10/16/2014,10/16/2014,10/21/2014,DL-13495,OFF-LA-10003510,152.65,Standard Class,5,Bank Transfer
6837,10/16/2014,10/16/2014,10/21/2014,DL-13495,FUR-FU-10000087,22.72,Standard Class,5,Credit Card
6838,7/6/2012,7/6/2012,7/12/2012,BF-10975,OFF-AR-10003732,11.12,Standard Class,2,Bank Transfer
6839,2/6/2014,2/6/2014,2/10/2014,FC-14335,OFF-AP-10000275,1640.7,Standard Class,3,PayPal
6840,2/6/2014,2/6/2014,2/10/2014,FC-14335,TEC-PH-10003505,371.2,Standard Class,5,Bank Transfer
6841,12/6/2012,12/6/2012,12/7/2012,MP-18175,OFF-BI-10002852,14.832,First Class,5,Bank Transfer
6842,9/13/2013,9/13/2013,9/18/2013,AJ-10795,TEC-AC-10004877,20.7,Standard Class,3,PayPal
6843,9/13/2013,9/13/2013,9/18/2013,AJ-10795,OFF-FA-10002975,11.34,Standard Class,4,PayPal
6844,9/13/2013,9/13/2013,9/18/2013,AJ-10795,OFF-ST-10000419,67.9,Standard Class,5,Credit Card
6845,9/13/2013,9/13/2013,9/18/2013,AJ-10795,FUR-CH-10002073,1059.12,Standard Class,3,PayPal
6846,7/6/2011,7/6/2011,7/12/2011,BC-11125,FUR-CH-10000155,478.48,Standard Class,1,PayPal
6847,5/10/2013,5/10/2013,5/15/2013,RS-19420,OFF-PA-10001260,32.04,Standard Class,5,Credit Card
6848,7/19/2013,7/19/2013,7/23/2013,NP-18670,TEC-PH-10001924,55.992,Standard Class,4,PayPal
6849,6/19/2013,6/19/2013,6/22/2013,BT-11440,OFF-PA-10003134,76.864,First Class,3,Credit Card
6850,4/20/2011,4/20/2011,4/25/2011,BP-11230,FUR-FU-10000409,59.92,Standard Class,1,Credit Card
6851,1/8/2013,1/8/2013,1/12/2013,JO-15145,FUR-BO-10002545,1565.88,Standard Class,5,PayPal
6852,1/8/2013,1/8/2013,1/12/2013,JO-15145,OFF-BI-10001460,106.05,Standard Class,3,Bank Transfer
6853,12/24/2014,12/24/2014,12/29/2014,MF-18250,OFF-ST-10001328,62.04,Second Class,3,PayPal
6854,12/24/2014,12/24/2014,12/29/2014,MF-18250,TEC-PH-10003601,494.97,Second Class,2,Bank Transfer
6855,12/24/2014,12/24/2014,12/29/2014,MF-18250,OFF-ST-10001522,367.96,Second Class,3,Bank Transfer
6856,12/24/2014,12/24/2014,12/29/2014,MF-18250,OFF-PA-10001994,44.96,Second Class,3,PayPal
6857,12/24/2014,12/24/2014,12/29/2014,MF-18250,OFF-EN-10001453,182.94,Second Class,1,Bank Transfer
6858,4/18/2014,4/18/2014,4/23/2014,PS-18760,OFF-PA-10004911,28.14,Standard Class,2,Bank Transfer
6859,4/18/2014,4/18/2014,4/23/2014,PS-18760,OFF-LA-10001404,7.38,Standard Class,1,PayPal
6860,4/18/2014,4/18/2014,4/23/2014,PS-18760,OFF-FA-10001561,10.9,Standard Class,4,PayPal
6861,4/18/2014,4/18/2014,4/23/2014,PS-18760,TEC-AC-10001383,274.89,Standard Class,3,Bank Transfer
6862,4/18/2014,4/18/2014,4/23/2014,PS-18760,OFF-LA-10003190,23.04,Standard Class,1,Bank Transfer
6863,4/18/2014,4/18/2014,4/23/2014,PS-18760,FUR-CH-10003774,218.352,Standard Class,4,Bank Transfer
6864,12/2/2014,12/2/2014,12/9/2014,MY-17380,OFF-PA-10000520,10.368,Standard Class,5,Credit Card
6865,8/22/2013,8/22/2013,8/29/2013,SC-20230,OFF-BI-10004465,12.672,Standard Class,5,PayPal
6866,8/22/2013,8/22/2013,8/29/2013,SC-20230,TEC-PH-10003555,91.96,Standard Class,2,Bank Transfer
6867,8/22/2013,8/22/2013,8/29/2013,SC-20230,TEC-AC-10000844,254.97,Standard Class,1,Credit Card
6868,8/22/2013,8/22/2013,8/29/2013,SC-20230,TEC-PH-10003187,31.984,Standard Class,1,PayPal
6869,8/22/2013,8/22/2013,8/29/2013,SC-20230,FUR-TA-10003569,2887.056,Standard Class,3,PayPal
6870,8/22/2013,8/22/2013,8/29/2013,SC-20230,OFF-PA-10003848,12.96,Standard Class,2,PayPal
6871,8/22/2013,8/22/2013,8/29/2013,SC-20230,OFF-PA-10002606,47.52,Standard Class,3,PayPal
6872,12/6/2013,12/6/2013,12/9/2013,RF-19345,OFF-LA-10004853,11.952,Second Class,4,PayPal
6873,12/16/2012,12/16/2012,12/19/2012,SG-20080,OFF-PA-10004948,4.98,First Class,1,Credit Card
6874,10/17/2011,10/17/2011,10/22/2011,TB-21520,OFF-BI-10003676,10.78,Second Class,4,Credit Card
6875,10/17/2011,10/17/2011,10/22/2011,TB-21520,TEC-AC-10001314,119.976,Second Class,4,PayPal
6876,9/6/2013,9/6/2013,9/11/2013,MM-17920,OFF-LA-10004545,25.06,Standard Class,4,Bank Transfer
6877,9/6/2013,9/6/2013,9/11/2013,MM-17920,FUR-TA-10003238,1652.94,Standard Class,3,Credit Card
6878,10/15/2012,10/15/2012,10/15/2012,CG-12520,FUR-FU-10004952,131.376,Same Day,4,Bank Transfer
6879,10/15/2012,10/15/2012,10/15/2012,CG-12520,OFF-PA-10003001,5.344,Same Day,5,Bank Transfer
6880,12/1/2012,12/1/2012,12/5/2012,TW-21025,FUR-CH-10001215,2003.92,Second Class,1,Credit Card
6881,12/1/2012,12/1/2012,12/5/2012,TW-21025,OFF-PA-10004255,32.4,Second Class,5,Credit Card
6882,12/1/2012,12/1/2012,12/5/2012,TW-21025,FUR-TA-10001705,1913.4,Second Class,2,Credit Card
6883,12/1/2012,12/1/2012,12/5/2012,TW-21025,OFF-ST-10002554,146.73,Second Class,2,Credit Card
6884,12/1/2012,12/1/2012,12/5/2012,TW-21025,OFF-PA-10002222,114.2,Second Class,5,Bank Transfer
6885,5/31/2012,5/31/2012,6/4/2012,BD-11320,FUR-CH-10002320,2567.84,Standard Class,2,Credit Card
6886,9/11/2014,9/11/2014,9/18/2014,HA-14905,TEC-AC-10003499,37.056,Standard Class,5,Bank Transfer
6887,9/11/2014,9/11/2014,9/18/2014,HA-14905,TEC-PH-10003580,259.896,Standard Class,3,PayPal
6888,4/26/2014,4/26/2014,5/3/2014,LL-16840,OFF-PA-10004675,19.05,Standard Class,4,Credit Card
6889,4/26/2014,4/26/2014,5/3/2014,LL-16840,OFF-BI-10000666,73.344,Standard Class,1,PayPal
6890,9/19/2014,9/19/2014,9/23/2014,SS-20140,TEC-PH-10001552,95.68,Standard Class,1,PayPal
6891,9/19/2014,9/19/2014,9/23/2014,SS-20140,OFF-PA-10000673,50.96,Standard Class,1,PayPal
6892,9/19/2014,9/19/2014,9/23/2014,SS-20140,OFF-AR-10000380,113.94,Standard Class,2,PayPal
6893,9/19/2014,9/19/2014,9/23/2014,SS-20140,OFF-PA-10003848,25.92,Standard Class,3,Bank Transfer
6894,9/19/2014,9/19/2014,9/23/2014,SS-20140,FUR-FU-10002963,20.32,Standard Class,3,Bank Transfer
6895,9/19/2014,9/19/2014,9/23/2014,SS-20140,TEC-PH-10002447,411.98,Standard Class,3,PayPal
6896,9/19/2014,9/19/2014,9/23/2014,SS-20140,OFF-SU-10004261,34.48,Standard Class,2,PayPal
6897,9/19/2014,9/19/2014,9/23/2014,SS-20140,OFF-PA-10003228,244.55,Standard Class,2,PayPal
6898,8/19/2014,8/19/2014,8/26/2014,CK-12205,OFF-BI-10004817,10.782,Standard Class,4,PayPal
6899,5/24/2012,5/24/2012,5/26/2012,VS-21820,FUR-CH-10002880,602.651,Second Class,1,PayPal
6900,5/24/2012,5/24/2012,5/26/2012,VS-21820,OFF-BI-10001249,7.656,Second Class,4,Credit Card
6901,9/7/2012,9/7/2012,9/11/2012,TN-21040,TEC-AC-10002402,559.93,Standard Class,5,Bank Transfer
6902,7/25/2014,7/25/2014,7/25/2014,HR-14830,TEC-CO-10001449,2399.96,Same Day,2,Bank Transfer
6903,9/3/2014,9/3/2014,9/9/2014,JS-15595,OFF-FA-10002280,16,Standard Class,1,Credit Card
6904,9/3/2014,9/3/2014,9/9/2014,JS-15595,OFF-AP-10003278,5.588,Standard Class,2,PayPal
6905,9/3/2014,9/3/2014,9/9/2014,JS-15595,OFF-ST-10003994,235.92,Standard Class,3,Bank Transfer
6906,12/7/2014,12/7/2014,12/9/2014,BN-11470,OFF-ST-10003221,10.68,Second Class,3,Bank Transfer
6907,5/21/2014,5/21/2014,5/21/2014,AR-10405,OFF-BI-10002225,41.28,Same Day,5,PayPal
6908,9/28/2013,9/28/2013,10/4/2013,SW-20455,TEC-PH-10002584,1001.584,Standard Class,2,Bank Transfer
6909,12/11/2014,12/11/2014,12/16/2014,JE-16165,FUR-FU-10002364,14.76,Standard Class,2,Bank Transfer
6910,9/13/2011,9/13/2011,9/18/2011,LH-16900,OFF-BI-10004022,2.502,Second Class,3,Bank Transfer
6911,7/30/2014,7/30/2014,8/3/2014,VG-21790,FUR-BO-10004709,115.96,Standard Class,4,PayPal
6912,8/2/2014,8/2/2014,8/6/2014,EM-13960,OFF-ST-10004340,186.54,Second Class,4,PayPal
6913,5/3/2014,5/3/2014,5/6/2014,EM-13825,TEC-AC-10001714,159.56,Second Class,3,Credit Card
6914,6/12/2012,6/12/2012,6/16/2012,JH-15910,TEC-PH-10002844,55.984,Standard Class,2,Bank Transfer
6915,12/22/2011,12/22/2011,12/29/2011,NP-18700,OFF-ST-10000585,132.16,Standard Class,3,PayPal
6916,12/22/2011,12/22/2011,12/29/2011,NP-18700,OFF-BI-10002824,17.904,Standard Class,5,PayPal
6917,12/22/2011,12/22/2011,12/29/2011,NP-18700,OFF-PA-10001289,124.032,Standard Class,1,Credit Card
6918,12/16/2011,12/16/2011,12/21/2011,SH-20635,FUR-CH-10001854,1403.92,Standard Class,3,Bank Transfer
6919,4/17/2013,4/17/2013,4/19/2013,BM-11785,OFF-SU-10003567,28.8,Second Class,1,Credit Card
6920,5/21/2012,5/21/2012,5/28/2012,HG-14965,OFF-BI-10001597,24.588,Standard Class,4,Credit Card
6921,2/27/2014,2/27/2014,3/3/2014,BM-11140,OFF-AP-10003287,356.79,Standard Class,5,Credit Card
6922,4/5/2014,4/5/2014,4/11/2014,PS-19045,OFF-EN-10001532,16.98,Standard Class,1,PayPal
6923,3/16/2012,3/16/2012,3/19/2012,MS-17710,OFF-LA-10003930,491.55,Second Class,2,Credit Card
6924,3/16/2012,3/16/2012,3/19/2012,MS-17710,OFF-EN-10003845,7.38,Second Class,4,Bank Transfer
6925,11/30/2012,11/30/2012,12/4/2012,JL-15235,OFF-PA-10002659,23.66,Standard Class,1,Credit Card
6926,11/30/2012,11/30/2012,12/4/2012,JL-15235,FUR-BO-10001608,681.408,Standard Class,5,Credit Card
6927,7/29/2013,7/29/2013,8/4/2013,KM-16660,OFF-LA-10000305,18.9,Standard Class,1,PayPal
6928,6/24/2013,6/24/2013,6/26/2013,RD-19900,OFF-ST-10003638,93.68,Second Class,4,PayPal
6929,6/24/2013,6/24/2013,6/26/2013,RD-19900,OFF-LA-10001934,21.93,Second Class,5,PayPal
6930,6/24/2013,6/24/2013,6/26/2013,RD-19900,TEC-PH-10003012,862.344,Second Class,2,Bank Transfer
6931,6/24/2013,6/24/2013,6/26/2013,RD-19900,OFF-PA-10001019,19.98,Second Class,2,Bank Transfer
6932,7/14/2011,7/14/2011,7/18/2011,ST-20530,TEC-PH-10002070,13.494,Standard Class,1,PayPal
6933,7/14/2011,7/14/2011,7/18/2011,ST-20530,TEC-PH-10002583,23.988,Standard Class,1,Credit Card
6934,7/14/2011,7/14/2011,7/18/2011,ST-20530,FUR-FU-10001057,31.984,Standard Class,1,PayPal
6935,7/14/2011,7/14/2011,7/18/2011,ST-20530,OFF-AR-10001044,41.584,Standard Class,3,Bank Transfer
6936,12/1/2014,12/1/2014,12/4/2014,BP-11095,TEC-AC-10001767,95.976,Second Class,3,PayPal
6937,9/3/2013,9/3/2013,9/5/2013,TA-21385,FUR-FU-10000277,84.272,First Class,2,Credit Card
6938,6/15/2011,6/15/2011,6/15/2011,PS-18760,OFF-PA-10001952,36.544,Same Day,1,Credit Card
6939,11/6/2013,11/6/2013,11/10/2013,NP-18700,TEC-AC-10004420,479.72,Standard Class,4,Bank Transfer
6940,6/27/2014,6/27/2014,7/1/2014,SC-20260,OFF-BI-10001071,102.368,Standard Class,5,Credit Card
6941,6/27/2014,6/27/2014,7/1/2014,SC-20260,OFF-SU-10002503,28.4,Standard Class,4,Credit Card
6942,6/27/2014,6/27/2014,7/1/2014,SC-20260,OFF-ST-10001490,713.88,Standard Class,3,PayPal
6943,6/27/2014,6/27/2014,7/1/2014,SC-20260,OFF-PA-10003790,68.52,Standard Class,1,PayPal
6944,7/25/2012,7/25/2012,7/30/2012,RD-19930,TEC-PH-10004094,623.96,Standard Class,2,Bank Transfer
6945,9/23/2011,9/23/2011,9/27/2011,TH-21115,OFF-BI-10004876,11.12,Standard Class,2,PayPal
6946,10/1/2013,10/1/2013,10/5/2013,GM-14680,FUR-BO-10003034,523.92,Standard Class,2,PayPal
6947,11/9/2012,11/9/2012,11/13/2012,JO-15550,OFF-FA-10000490,2.48,Standard Class,2,Credit Card
6948,4/25/2012,4/25/2012,4/29/2012,ZC-21910,OFF-ST-10002574,221.024,Standard Class,1,PayPal
6949,4/25/2012,4/25/2012,4/29/2012,ZC-21910,FUR-CH-10003535,128.058,Standard Class,1,Credit Card
6950,11/20/2014,11/20/2014,11/20/2014,AP-10720,OFF-BI-10001628,58.408,Same Day,4,Bank Transfer
6951,11/20/2014,11/20/2014,11/20/2014,AP-10720,FUR-TA-10001676,79.974,Same Day,3,PayPal
6952,11/20/2012,11/20/2012,11/24/2012,GK-14620,TEC-MA-10002790,479.988,Standard Class,4,PayPal
6953,10/2/2012,10/2/2012,10/3/2012,HM-14980,OFF-BI-10001757,11.808,First Class,1,Bank Transfer
6954,10/2/2012,10/2/2012,10/3/2012,HM-14980,OFF-BI-10004828,53.568,First Class,3,PayPal
6955,10/2/2012,10/2/2012,10/3/2012,HM-14980,TEC-PH-10000369,503.96,First Class,4,Bank Transfer
6956,4/25/2012,4/25/2012,5/2/2012,LS-16945,OFF-EN-10003862,21.34,Standard Class,5,Credit Card
6957,7/15/2013,7/15/2013,7/20/2013,AR-10570,OFF-BI-10003963,36.4,Standard Class,5,Bank Transfer
6958,7/15/2013,7/15/2013,7/20/2013,AR-10570,FUR-FU-10004848,51.75,Standard Class,1,Bank Transfer
6959,9/27/2012,9/27/2012,9/29/2012,RH-19510,OFF-ST-10001328,15.51,Second Class,1,Credit Card
6960,9/27/2012,9/27/2012,9/29/2012,RH-19510,OFF-PA-10002377,146.82,Second Class,5,PayPal
6961,9/27/2012,9/27/2012,9/29/2012,RH-19510,OFF-PA-10003441,12.96,Second Class,4,PayPal
6962,11/11/2014,11/11/2014,11/11/2014,TB-21190,OFF-AR-10002221,7.8,Same Day,2,Bank Transfer
6963,7/17/2013,7/17/2013,7/21/2013,JD-15895,OFF-EN-10001509,10.2,Second Class,3,PayPal
6964,7/17/2013,7/17/2013,7/21/2013,JD-15895,OFF-AR-10003338,22.32,Second Class,1,PayPal
6965,7/17/2013,7/17/2013,7/21/2013,JD-15895,OFF-BI-10004728,24.1,Second Class,3,Credit Card
6966,7/17/2013,7/17/2013,7/21/2013,JD-15895,TEC-AC-10000358,75.98,Second Class,3,PayPal
6967,7/17/2013,7/17/2013,7/21/2013,JD-15895,OFF-BI-10002764,6.46,Second Class,5,Credit Card
6968,7/17/2013,7/17/2013,7/21/2013,JD-15895,OFF-PA-10001461,60.12,Second Class,5,Credit Card
6969,10/16/2012,10/16/2012,10/20/2012,MP-17965,TEC-PH-10004165,824.97,Second Class,3,Credit Card
6970,1/10/2013,1/10/2013,1/13/2013,JB-16000,FUR-FU-10000010,24.85,Second Class,5,Bank Transfer
6971,9/20/2014,9/20/2014,9/26/2014,AB-10105,OFF-ST-10000321,12.624,Standard Class,2,PayPal
6972,9/20/2014,9/20/2014,9/26/2014,AB-10105,TEC-AC-10000109,89.584,Standard Class,5,PayPal
6973,9/20/2014,9/20/2014,9/26/2014,AB-10105,TEC-PH-10002415,471.92,Standard Class,5,PayPal
6974,9/20/2014,9/20/2014,9/26/2014,AB-10105,OFF-BI-10001460,18.18,Standard Class,5,Credit Card
6975,9/16/2014,9/16/2014,9/20/2014,CC-12145,OFF-AR-10002987,31.744,Standard Class,2,Bank Transfer
6976,6/28/2012,6/28/2012,7/2/2012,CY-12745,OFF-LA-10000443,5.904,Standard Class,3,Credit Card
6977,6/28/2012,6/28/2012,7/2/2012,CY-12745,FUR-FU-10004306,621.76,Standard Class,5,PayPal
6978,11/26/2013,11/26/2013,11/29/2013,EP-13915,TEC-PH-10002564,59.98,First Class,1,Credit Card
6979,11/26/2014,11/26/2014,11/30/2014,DL-13315,OFF-PA-10003724,48.87,Second Class,4,PayPal
6980,1/15/2014,1/15/2014,1/20/2014,SO-20335,OFF-PA-10000483,154.9,Standard Class,2,Credit Card
6981,11/7/2011,11/7/2011,11/8/2011,BP-11095,OFF-FA-10000611,5.92,First Class,4,Credit Card
6982,11/7/2011,11/7/2011,11/8/2011,BP-11095,OFF-PA-10000246,30.18,First Class,5,PayPal
6983,9/2/2013,9/2/2013,9/6/2013,JA-15970,OFF-BI-10004728,24.1,Standard Class,5,Bank Transfer
6984,9/2/2013,9/2/2013,9/6/2013,JA-15970,TEC-PH-10002365,8.78,Standard Class,4,PayPal
6985,9/2/2013,9/2/2013,9/6/2013,JA-15970,OFF-AP-10002457,376.74,Standard Class,2,Bank Transfer
6986,9/2/2013,9/2/2013,9/6/2013,JA-15970,OFF-BI-10000320,29.52,Standard Class,3,Bank Transfer
6987,9/2/2013,9/2/2013,9/6/2013,JA-15970,OFF-AR-10004999,11.96,Standard Class,3,PayPal
6988,9/2/2013,9/2/2013,9/6/2013,JA-15970,OFF-BI-10001116,26.4,Standard Class,1,Credit Card
6989,11/12/2014,11/12/2014,11/17/2014,BB-11545,OFF-AP-10002651,1158.12,Second Class,4,Credit Card
6990,12/12/2014,12/12/2014,12/14/2014,DK-13375,OFF-AP-10001634,1.392,First Class,5,Credit Card
6991,11/8/2012,11/8/2012,11/13/2012,RH-19600,OFF-AP-10003266,44.43,Second Class,5,Credit Card
6992,11/8/2012,11/8/2012,11/13/2012,RH-19600,TEC-PH-10002890,226.2,Second Class,5,PayPal
6993,11/8/2012,11/8/2012,11/13/2012,RH-19600,FUR-FU-10000308,186.54,Second Class,2,Credit Card
6994,11/8/2012,11/8/2012,11/13/2012,RH-19600,OFF-AR-10000380,265.86,Second Class,5,Bank Transfer
6995,11/8/2012,11/8/2012,11/13/2012,RH-19600,OFF-AR-10000122,27.9,Second Class,3,Bank Transfer
6996,11/19/2012,11/19/2012,11/26/2012,AG-10300,OFF-AP-10004868,31.08,Standard Class,5,Credit Card
6997,12/24/2014,12/24/2014,12/26/2014,JB-15400,OFF-BI-10004002,13.84,Second Class,1,Bank Transfer
6998,12/24/2014,12/24/2014,12/26/2014,JB-15400,OFF-PA-10004475,175.872,Second Class,5,PayPal
6999,9/17/2013,9/17/2013,9/23/2013,BC-11125,OFF-PA-10002195,12.96,Standard Class,4,PayPal
7000,5/27/2014,5/27/2014,5/30/2014,KC-16675,OFF-AP-10002670,208.44,First Class,4,Bank Transfer
7001,5/27/2014,5/27/2014,5/30/2014,KC-16675,OFF-SU-10004498,25.76,First Class,4,Bank Transfer
7002,3/30/2012,3/30/2012,4/3/2012,DR-12940,FUR-CH-10003298,366.744,Standard Class,2,Bank Transfer
7003,8/19/2011,8/19/2011,8/21/2011,DW-13195,FUR-FU-10000723,289.24,Second Class,2,Credit Card
7004,8/19/2011,8/19/2011,8/21/2011,DW-13195,OFF-BI-10000632,69.456,Second Class,1,Bank Transfer
7005,12/23/2011,12/23/2011,12/28/2011,ME-18010,OFF-PA-10000223,5.184,Standard Class,3,Credit Card
7006,11/1/2012,11/1/2012,11/5/2012,JF-15490,FUR-CH-10001545,205.164,Standard Class,2,PayPal
7007,12/15/2011,12/15/2011,12/21/2011,SP-20860,FUR-FU-10001546,8.544,Standard Class,2,PayPal
7008,8/21/2012,8/21/2012,8/25/2012,KN-16390,OFF-BI-10001098,12.828,Standard Class,4,PayPal
7009,8/21/2012,8/21/2012,8/25/2012,KN-16390,FUR-CH-10003379,598.458,Standard Class,1,Credit Card
7010,8/21/2012,8/21/2012,8/25/2012,KN-16390,FUR-FU-10000193,25.984,Standard Class,5,Credit Card
7011,5/23/2011,5/23/2011,5/27/2011,GT-14710,OFF-BI-10000829,17.96,Standard Class,5,Credit Card
7012,5/23/2011,5/23/2011,5/27/2011,GT-14710,OFF-SU-10003002,5.04,Standard Class,2,Bank Transfer
7013,5/23/2011,5/23/2011,5/27/2011,GT-14710,OFF-AP-10002118,208.16,Standard Class,5,Bank Transfer
7014,12/10/2014,12/10/2014,12/12/2014,DB-12910,FUR-BO-10001519,148.257,Second Class,1,Bank Transfer
7015,3/11/2011,3/11/2011,3/13/2011,FM-14215,OFF-AP-10002578,146.76,Second Class,1,Credit Card
7016,3/11/2011,3/11/2011,3/13/2011,FM-14215,TEC-AC-10000710,32.96,Second Class,4,Credit Card
7017,3/11/2011,3/11/2011,3/13/2011,FM-14215,TEC-PH-10000984,587.97,Second Class,2,Bank Transfer
7018,3/11/2011,3/11/2011,3/13/2011,FM-14215,OFF-PA-10000213,14.94,Second Class,2,Bank Transfer
7019,6/24/2013,6/24/2013,6/28/2013,SM-20005,OFF-LA-10003720,25.83,Second Class,3,Credit Card
7020,8/23/2011,8/23/2011,8/27/2011,AP-10915,OFF-PA-10001837,15.552,Standard Class,1,Bank Transfer
7021,8/23/2011,8/23/2011,8/27/2011,AP-10915,OFF-SU-10004661,6.8,Standard Class,4,PayPal
7022,8/23/2011,8/23/2011,8/27/2011,AP-10915,FUR-FU-10003274,4.224,Standard Class,1,PayPal
7023,8/23/2011,8/23/2011,8/27/2011,AP-10915,TEC-PH-10000149,143.64,Standard Class,4,Credit Card
7024,8/23/2011,8/23/2011,8/27/2011,AP-10915,OFF-PA-10000019,31.104,Standard Class,2,Bank Transfer
7025,8/23/2011,8/23/2011,8/27/2011,AP-10915,OFF-PA-10001125,223.056,Standard Class,2,PayPal
7026,2/7/2014,2/7/2014,2/13/2014,SP-20545,TEC-PH-10002538,227.46,Standard Class,3,Credit Card
7027,2/7/2014,2/7/2014,2/13/2014,SP-20545,OFF-BI-10000279,46.24,Standard Class,5,Credit Card
7028,1/30/2014,1/30/2014,2/6/2014,RD-19585,OFF-LA-10001045,5.22,Standard Class,1,Bank Transfer
7029,12/21/2013,12/21/2013,12/24/2013,MC-17575,OFF-PA-10003673,33.9,Second Class,4,PayPal
7030,11/12/2013,11/12/2013,11/17/2013,EB-13750,OFF-ST-10002562,28.14,Standard Class,4,PayPal
7031,11/12/2013,11/12/2013,11/17/2013,EB-13750,TEC-AC-10002305,36,Standard Class,1,Bank Transfer
7032,11/12/2013,11/12/2013,11/17/2013,EB-13750,OFF-AR-10003373,92.94,Standard Class,2,PayPal
7033,11/12/2013,11/12/2013,11/17/2013,EB-13750,FUR-CH-10003774,245.646,Standard Class,2,Credit Card
7034,11/12/2013,11/12/2013,11/17/2013,EB-13750,OFF-BI-10001510,55.008,Standard Class,3,Bank Transfer
7035,11/12/2013,11/12/2013,11/17/2013,EB-13750,OFF-BI-10004236,35.232,Standard Class,1,PayPal
7036,11/10/2014,11/10/2014,11/14/2014,JE-15610,FUR-CH-10004675,523.392,Standard Class,4,Credit Card
7037,5/2/2011,5/2/2011,5/4/2011,CS-11860,TEC-CO-10004202,479.984,Second Class,4,Bank Transfer
7038,9/23/2014,9/23/2014,9/28/2014,PB-19105,OFF-PA-10004255,12.96,Standard Class,5,Credit Card
7039,9/23/2014,9/23/2014,9/28/2014,PB-19105,OFF-AR-10003896,17.94,Standard Class,1,Bank Transfer
7040,12/18/2014,12/18/2014,12/24/2014,AT-10735,OFF-ST-10002276,166.72,Standard Class,4,Bank Transfer
7041,12/18/2014,12/18/2014,12/24/2014,AT-10735,OFF-BI-10001617,24.816,Standard Class,5,PayPal
7042,12/18/2014,12/18/2014,12/24/2014,AT-10735,FUR-FU-10000308,124.36,Standard Class,1,PayPal
7043,7/19/2014,7/19/2014,7/24/2014,SV-20365,TEC-CO-10001943,599.97,Standard Class,5,Bank Transfer
7044,7/19/2014,7/19/2014,7/24/2014,SV-20365,FUR-CH-10002647,198.744,Standard Class,3,Bank Transfer
7045,7/19/2014,7/19/2014,7/24/2014,SV-20365,OFF-SU-10004768,9.184,Standard Class,5,PayPal
7046,11/4/2013,11/4/2013,11/10/2013,PJ-18835,OFF-PA-10002160,9.248,Standard Class,3,PayPal
7047,4/8/2011,4/8/2011,4/12/2011,NM-18445,FUR-TA-10003748,99.592,Standard Class,5,PayPal
7048,4/8/2011,4/8/2011,4/12/2011,NM-18445,TEC-AC-10001908,399.96,Standard Class,5,Credit Card
7049,8/15/2013,8/15/2013,8/17/2013,TR-21325,OFF-PA-10000552,15.552,First Class,2,Bank Transfer
7050,9/25/2011,9/25/2011,9/30/2011,BF-11005,OFF-AR-10003179,14.576,Standard Class,2,PayPal
7051,12/12/2013,12/12/2013,12/12/2013,WB-21850,OFF-BI-10004593,209.6,Same Day,4,PayPal
7052,12/12/2013,12/12/2013,12/12/2013,WB-21850,OFF-AR-10000914,23.32,Same Day,1,Credit Card
7053,12/12/2013,12/12/2013,12/12/2013,WB-21850,OFF-PA-10000241,30.98,Same Day,5,Bank Transfer
7054,12/12/2013,12/12/2013,12/12/2013,WB-21850,TEC-AC-10000057,119.96,Same Day,5,PayPal
7055,12/12/2013,12/12/2013,12/12/2013,WB-21850,FUR-CH-10003774,363.92,Same Day,3,PayPal
7056,12/12/2013,12/12/2013,12/12/2013,WB-21850,OFF-BI-10002824,35.808,Same Day,3,PayPal
7057,12/12/2013,12/12/2013,12/12/2013,WB-21850,OFF-BI-10004001,122.688,Same Day,3,Credit Card
7058,12/12/2013,12/12/2013,12/12/2013,WB-21850,FUR-TA-10004619,892.136,Same Day,2,Credit Card
7059,12/12/2013,12/12/2013,12/12/2013,WB-21850,OFF-ST-10000636,50.22,Same Day,4,Bank Transfer
7060,12/12/2013,12/12/2013,12/12/2013,WB-21850,OFF-AP-10001469,83.42,Same Day,4,PayPal
7061,12/12/2013,12/12/2013,12/12/2013,WB-21850,OFF-BI-10002897,5.872,Same Day,3,Credit Card
7062,2/3/2012,2/3/2012,2/5/2012,KH-16630,OFF-BI-10002432,12.144,Second Class,4,Bank Transfer
7063,12/30/2013,12/30/2013,1/1/2014,KL-16645,OFF-EN-10002592,27.792,Second Class,3,Bank Transfer
7064,9/1/2014,9/1/2014,9/6/2014,MG-17890,OFF-SU-10002522,6.208,Standard Class,5,Bank Transfer
7065,2/5/2014,2/5/2014,2/10/2014,JF-15355,OFF-AP-10003971,32.67,Standard Class,1,PayPal
7066,12/6/2011,12/6/2011,12/8/2011,RS-19765,OFF-ST-10001496,1261.33,First Class,5,Credit Card
7067,5/31/2013,5/31/2013,6/4/2013,NL-18310,OFF-PA-10004782,38.88,Standard Class,4,PayPal
7068,5/22/2013,5/22/2013,5/27/2013,AS-10285,OFF-BI-10000343,1.964,Standard Class,5,Bank Transfer
7069,5/22/2013,5/22/2013,5/27/2013,AS-10285,OFF-PA-10003591,82.656,Standard Class,5,Bank Transfer
7070,8/9/2011,8/9/2011,8/14/2011,GM-14500,OFF-PA-10001667,5.98,Standard Class,2,Bank Transfer
7071,9/6/2013,9/6/2013,9/11/2013,SU-20665,OFF-PA-10004971,9.248,Second Class,1,PayPal
7072,7/24/2013,7/24/2013,7/29/2013,CK-12205,OFF-AR-10001216,4.448,Standard Class,1,Bank Transfer
7073,7/24/2013,7/24/2013,7/29/2013,CK-12205,OFF-PA-10004355,5.184,Standard Class,2,PayPal
7074,7/24/2013,7/24/2013,7/29/2013,CK-12205,OFF-AR-10001953,175.92,Standard Class,2,PayPal
7075,7/24/2013,7/24/2013,7/29/2013,CK-12205,OFF-BI-10004364,4.752,Standard Class,4,PayPal
7076,7/24/2013,7/24/2013,7/29/2013,CK-12205,OFF-SU-10001165,13.344,Standard Class,5,Credit Card
7077,5/13/2013,5/13/2013,5/18/2013,JM-15580,OFF-EN-10001141,54.9,Standard Class,5,Bank Transfer
7078,9/3/2013,9/3/2013,9/7/2013,JE-15715,OFF-BI-10000014,22.911,Standard Class,5,Bank Transfer
7079,9/3/2013,9/3/2013,9/7/2013,JE-15715,OFF-AP-10000159,309.456,Standard Class,3,PayPal
7080,9/3/2013,9/3/2013,9/7/2013,JE-15715,OFF-AR-10003560,19.456,Standard Class,1,Credit Card
7081,9/3/2013,9/3/2013,9/7/2013,JE-15715,FUR-TA-10001768,472.518,Standard Class,5,Bank Transfer
7082,9/3/2013,9/3/2013,9/7/2013,JE-15715,TEC-AC-10002049,1012.68,Standard Class,2,PayPal
7083,9/3/2013,9/3/2013,9/7/2013,JE-15715,OFF-BI-10003166,17.22,Standard Class,4,Credit Card
7084,7/22/2014,7/22/2014,7/26/2014,AR-10825,OFF-AR-10003469,3.52,Second Class,2,Credit Card
7085,7/22/2014,7/22/2014,7/26/2014,AR-10825,TEC-PH-10002549,1626.192,Second Class,2,Credit Card
7086,9/26/2014,9/26/2014,9/29/2014,AH-10075,OFF-BI-10003476,8.595,First Class,3,Credit Card
7087,9/26/2014,9/26/2014,9/29/2014,AH-10075,OFF-SU-10000157,190.896,First Class,2,Credit Card
7088,8/4/2014,8/4/2014,8/7/2014,GA-14515,OFF-ST-10003123,99.87,Second Class,5,PayPal
7089,10/25/2012,10/25/2012,10/27/2012,JF-15415,OFF-AR-10001955,79.36,Second Class,1,PayPal
7090,6/16/2014,6/16/2014,6/20/2014,KH-16690,TEC-PH-10001809,119.96,Second Class,4,Bank Transfer
7091,1/9/2012,1/9/2012,1/13/2012,CC-12685,OFF-PA-10000474,106.32,Standard Class,2,Bank Transfer
7092,1/9/2012,1/9/2012,1/13/2012,CC-12685,OFF-AP-10001205,163.44,Standard Class,3,Credit Card
7093,1/9/2012,1/9/2012,1/13/2012,CC-12685,OFF-AR-10004691,42.76,Standard Class,4,Credit Card
7094,1/9/2012,1/9/2012,1/13/2012,CC-12685,OFF-PA-10004996,51.55,Standard Class,1,PayPal
7095,2/9/2012,2/9/2012,2/13/2012,JF-15565,TEC-AC-10001908,479.952,Second Class,4,Bank Transfer
7096,8/20/2013,8/20/2013,8/21/2013,RP-19390,OFF-BI-10000666,146.688,First Class,1,Bank Transfer
7097,8/20/2013,8/20/2013,8/21/2013,RP-19390,OFF-BI-10004318,276.784,First Class,5,Credit Card
7098,8/20/2013,8/20/2013,8/21/2013,RP-19390,OFF-BI-10003429,25.32,First Class,2,Bank Transfer
7099,11/7/2014,11/7/2014,11/11/2014,CD-11980,OFF-PA-10003302,318.96,Standard Class,3,Bank Transfer
7100,12/26/2012,12/26/2012,12/30/2012,DF-13135,OFF-PA-10003302,212.64,Second Class,3,PayPal
7101,11/23/2011,11/23/2011,11/28/2011,SM-20005,OFF-EN-10002621,23.472,Standard Class,1,Bank Transfer
7102,8/2/2013,8/2/2013,8/6/2013,SG-20890,OFF-PA-10000249,19.648,Second Class,4,PayPal
7103,9/21/2011,9/21/2011,9/24/2011,LH-16750,OFF-BI-10000050,6.57,First Class,4,Bank Transfer
7104,9/5/2014,9/5/2014,9/9/2014,EJ-14155,OFF-ST-10003805,421.1,Standard Class,4,Bank Transfer
7105,6/20/2014,6/20/2014,6/22/2014,KH-16330,FUR-CH-10000785,760.116,Second Class,5,PayPal
7106,6/20/2014,6/20/2014,6/22/2014,KH-16330,FUR-FU-10004909,38.784,Second Class,2,Credit Card
7107,6/20/2014,6/20/2014,6/22/2014,KH-16330,TEC-AC-10001553,122.328,Second Class,4,Credit Card
7108,4/20/2013,4/20/2013,4/27/2013,KM-16720,TEC-PH-10004774,25.98,Standard Class,2,Bank Transfer
7109,4/20/2013,4/20/2013,4/27/2013,KM-16720,OFF-AR-10004582,3.28,Standard Class,4,PayPal
7110,4/20/2013,4/20/2013,4/27/2013,KM-16720,OFF-ST-10000991,459.88,Standard Class,1,Bank Transfer
7111,4/20/2013,4/20/2013,4/27/2013,KM-16720,OFF-SU-10002522,7.76,Standard Class,5,Credit Card
7112,4/20/2013,4/20/2013,4/27/2013,KM-16720,OFF-AR-10004022,71.96,Standard Class,2,Credit Card
7113,4/20/2013,4/20/2013,4/27/2013,KM-16720,OFF-SU-10001218,54.9,Standard Class,3,Bank Transfer
7114,4/20/2013,4/20/2013,4/27/2013,KM-16720,OFF-BI-10000174,9.28,Standard Class,5,Credit Card
7115,5/6/2013,5/6/2013,5/7/2013,LW-16990,FUR-TA-10003392,1685.88,First Class,2,Credit Card
7116,5/6/2013,5/6/2013,5/7/2013,LW-16990,OFF-BI-10001890,5.728,First Class,1,PayPal
7117,10/18/2011,10/18/2011,10/23/2011,IG-15085,OFF-PA-10000167,61.96,Second Class,5,PayPal
7118,10/18/2011,10/18/2011,10/23/2011,IG-15085,OFF-BI-10003784,1.344,Second Class,2,PayPal
7119,2/14/2014,2/14/2014,2/18/2014,JP-15460,OFF-PA-10001184,17.94,Standard Class,1,PayPal
7120,11/18/2014,11/18/2014,11/25/2014,GG-14650,OFF-BI-10002103,13.904,Standard Class,5,Credit Card
7121,1/21/2011,1/21/2011,1/27/2011,MM-18280,OFF-BI-10003091,67.194,Standard Class,3,Credit Card
7122,12/2/2014,12/2/2014,12/9/2014,SO-20335,OFF-PA-10001593,41.86,Standard Class,1,Bank Transfer
7123,12/2/2014,12/2/2014,12/9/2014,SO-20335,FUR-BO-10002598,141.96,Standard Class,3,Credit Card
7124,8/9/2012,8/9/2012,8/16/2012,MF-18250,FUR-FU-10000320,10.02,Standard Class,5,Credit Card
7125,8/9/2012,8/9/2012,8/16/2012,MF-18250,OFF-PA-10001815,144.12,Standard Class,2,Bank Transfer
7126,9/28/2013,9/28/2013,9/30/2013,JG-15160,OFF-PA-10003971,17.94,Second Class,5,Credit Card
7127,9/28/2013,9/28/2013,9/30/2013,JG-15160,OFF-AR-10004685,13.89,Second Class,1,Bank Transfer
7128,11/15/2013,11/15/2013,11/21/2013,JM-16195,OFF-PA-10001609,16.45,Standard Class,2,Credit Card
7129,11/15/2013,11/15/2013,11/21/2013,JM-16195,FUR-FU-10000550,19.92,Standard Class,3,Credit Card
7130,4/17/2013,4/17/2013,4/23/2013,PK-19075,TEC-AC-10004209,35.168,Standard Class,1,Credit Card
7131,4/17/2013,4/17/2013,4/23/2013,PK-19075,OFF-PA-10003022,123.088,Standard Class,5,Bank Transfer
7132,11/27/2014,11/27/2014,12/2/2014,TT-21460,FUR-TA-10001039,257.94,Standard Class,3,PayPal
7133,11/27/2014,11/27/2014,12/2/2014,TT-21460,TEC-PH-10002624,1879.96,Standard Class,5,PayPal
7134,11/27/2014,11/27/2014,12/2/2014,TT-21460,FUR-FU-10001473,27.46,Standard Class,4,Bank Transfer
7135,11/27/2014,11/27/2014,12/2/2014,TT-21460,TEC-PH-10001819,89.98,Standard Class,5,PayPal
7136,11/27/2014,11/27/2014,12/2/2014,TT-21460,FUR-CH-10004287,828.6,Standard Class,2,Credit Card
7137,11/20/2012,11/20/2012,11/27/2012,SS-20875,OFF-BI-10004728,7.23,Standard Class,1,Credit Card
7138,11/20/2012,11/20/2012,11/27/2012,SS-20875,OFF-ST-10000918,17.44,Standard Class,2,Credit Card
7139,11/20/2012,11/20/2012,11/27/2012,SS-20875,OFF-BI-10004593,62.88,Standard Class,4,Bank Transfer
7140,11/20/2012,11/20/2012,11/27/2012,SS-20875,FUR-BO-10001337,290.352,Standard Class,4,PayPal
7141,9/8/2014,9/8/2014,9/8/2014,TG-21640,TEC-AC-10002473,113.52,Same Day,4,PayPal
7142,9/8/2014,9/8/2014,9/8/2014,TG-21640,FUR-FU-10003623,135.3,Same Day,2,Bank Transfer
7143,11/24/2011,11/24/2011,11/29/2011,HP-14815,FUR-FU-10002045,111.15,Standard Class,2,PayPal
7144,3/12/2014,3/12/2014,3/17/2014,MH-17290,TEC-PH-10002555,776.85,Standard Class,3,Credit Card
7145,3/12/2014,3/12/2014,3/17/2014,MH-17290,OFF-BI-10002794,12.294,Standard Class,3,PayPal
7146,3/12/2014,3/12/2014,3/17/2014,MH-17290,FUR-TA-10004086,154.764,Standard Class,5,PayPal
7147,3/12/2014,3/12/2014,3/17/2014,MH-17290,OFF-ST-10004946,43.28,Standard Class,2,Credit Card
7148,6/13/2013,6/13/2013,6/18/2013,CB-12415,OFF-PA-10000241,92.94,Standard Class,4,Bank Transfer
7149,6/13/2013,6/13/2013,6/18/2013,CB-12415,OFF-AP-10004036,52.56,Standard Class,1,PayPal
7150,6/26/2012,6/26/2012,6/30/2012,VD-21670,TEC-PH-10001578,971.88,Standard Class,5,Bank Transfer
7151,12/23/2014,12/23/2014,12/27/2014,SR-20425,FUR-CH-10002647,141.96,Standard Class,4,PayPal
7152,12/23/2014,12/23/2014,12/26/2014,AG-10330,FUR-TA-10003008,182.55,Second Class,4,Credit Card
7153,10/9/2011,10/9/2011,10/15/2011,BP-11095,OFF-PA-10004071,88.768,Standard Class,3,Credit Card
7154,12/10/2012,12/10/2012,12/15/2012,JW-16075,OFF-AP-10004980,53.088,Standard Class,2,Bank Transfer
7155,12/25/2012,12/25/2012,12/27/2012,LH-16900,FUR-FU-10000747,275.88,Second Class,2,Bank Transfer
7156,12/25/2012,12/25/2012,12/27/2012,LH-16900,OFF-BI-10004492,157.9,Second Class,5,Credit Card
7157,4/30/2014,4/30/2014,5/5/2014,KT-16480,OFF-LA-10004055,4.91,Standard Class,3,Bank Transfer
7158,3/29/2013,3/29/2013,4/1/2013,CC-12220,OFF-ST-10002485,87.92,Second Class,2,PayPal
7159,3/29/2013,3/29/2013,4/1/2013,CC-12220,OFF-PA-10001243,5.98,Second Class,4,PayPal
7160,5/13/2012,5/13/2012,5/18/2012,BF-11170,TEC-PH-10004447,222.384,Second Class,5,PayPal
7161,5/13/2012,5/13/2012,5/18/2012,BF-11170,OFF-FA-10002280,16,Second Class,3,PayPal
7162,7/4/2011,7/4/2011,7/9/2011,MS-17770,OFF-PA-10004734,21.84,Standard Class,1,PayPal
7163,7/4/2011,7/4/2011,7/9/2011,MS-17770,OFF-BI-10000145,15.6,Standard Class,1,Bank Transfer
7164,4/22/2011,4/22/2011,4/24/2011,AH-10030,OFF-EN-10004773,247.84,Second Class,4,PayPal
7165,4/22/2011,4/22/2011,4/24/2011,AH-10030,OFF-BI-10004970,9.912,Second Class,5,Bank Transfer
7166,9/20/2013,9/20/2013,9/23/2013,CK-12595,OFF-ST-10000604,69.52,First Class,3,Bank Transfer
7167,7/22/2011,7/22/2011,7/24/2011,NP-18325,OFF-AR-10003190,11.52,Second Class,4,Bank Transfer
7168,7/22/2011,7/22/2011,7/24/2011,NP-18325,FUR-CH-10000155,717.72,Second Class,4,Credit Card
7169,7/22/2011,7/22/2011,7/24/2011,NP-18325,OFF-ST-10003058,236.5,Second Class,4,PayPal
7170,7/22/2011,7/22/2011,7/24/2011,NP-18325,FUR-TA-10004767,170.352,Second Class,4,Credit Card
7171,10/9/2014,10/9/2014,10/15/2014,GM-14440,FUR-CH-10002372,145.764,Standard Class,3,Credit Card
7172,4/26/2014,4/26/2014,4/28/2014,SG-20605,TEC-AC-10000158,107.97,Second Class,4,PayPal
7173,3/27/2014,3/27/2014,3/31/2014,HK-14890,TEC-AC-10000158,143.96,Standard Class,5,Credit Card
7174,3/27/2014,3/27/2014,3/31/2014,HK-14890,TEC-CO-10002313,2399.96,Standard Class,5,PayPal
7175,3/27/2014,3/27/2014,3/31/2014,HK-14890,OFF-PA-10002581,74.352,Standard Class,1,Credit Card
7176,3/27/2014,3/27/2014,3/31/2014,HK-14890,OFF-AP-10001205,87.168,Standard Class,2,PayPal
7177,3/27/2014,3/27/2014,3/31/2014,HK-14890,OFF-ST-10000344,32.232,Standard Class,5,Credit Card
7178,5/5/2014,5/5/2014,5/11/2014,MY-18295,OFF-BI-10002897,2.202,Standard Class,4,Bank Transfer
7179,5/5/2014,5/5/2014,5/11/2014,MY-18295,OFF-BI-10003694,9.396,Standard Class,4,Bank Transfer
7180,11/15/2013,11/15/2013,11/19/2013,RC-19960,TEC-PH-10001644,89.97,Standard Class,4,Bank Transfer
7181,1/7/2011,1/7/2011,1/8/2011,JO-15145,OFF-AR-10002399,12.78,First Class,5,Bank Transfer
7182,12/28/2013,12/28/2013,12/31/2013,MW-18220,TEC-AC-10003063,40,Second Class,5,PayPal
7183,5/1/2014,5/1/2014,5/5/2014,NZ-18565,OFF-BI-10002071,23.24,Standard Class,1,Credit Card
7184,4/22/2014,4/22/2014,4/24/2014,JM-15250,FUR-CH-10004218,908.82,First Class,5,Credit Card
7185,8/18/2014,8/18/2014,8/25/2014,ED-13885,OFF-SU-10000432,5.552,Standard Class,2,PayPal
7186,8/18/2014,8/18/2014,8/25/2014,ED-13885,OFF-AR-10003183,8.016,Standard Class,4,Bank Transfer
7187,8/18/2014,8/18/2014,8/25/2014,ED-13885,FUR-CH-10002017,74.592,Standard Class,5,Credit Card
7188,8/18/2014,8/18/2014,8/25/2014,ED-13885,FUR-FU-10003247,16.784,Standard Class,4,PayPal
7189,8/18/2014,8/18/2014,8/25/2014,ED-13885,OFF-AP-10001563,38.864,Standard Class,1,PayPal
7190,11/13/2013,11/13/2013,11/16/2013,DW-13480,TEC-PH-10004908,203.976,First Class,4,PayPal
7191,11/13/2013,11/13/2013,11/16/2013,DW-13480,FUR-TA-10003392,674.352,First Class,3,Bank Transfer
7192,10/2/2013,10/2/2013,10/7/2013,JK-15205,OFF-BI-10004140,5.388,Second Class,1,Credit Card
7193,10/2/2013,10/2/2013,10/7/2013,JK-15205,OFF-AR-10003631,30.976,Second Class,4,Bank Transfer
7194,2/12/2013,2/12/2013,2/14/2013,JS-15880,OFF-ST-10003716,1350.12,First Class,3,PayPal
7195,2/12/2013,2/12/2013,2/14/2013,JS-15880,OFF-BI-10003274,15.92,First Class,3,Bank Transfer
7196,11/14/2013,11/14/2013,11/18/2013,PO-19180,FUR-FU-10004848,19.54,Standard Class,5,PayPal
7197,4/26/2011,4/26/2011,4/30/2011,MH-17290,OFF-AR-10003504,21.4,Standard Class,2,PayPal
7198,4/26/2011,4/26/2011,4/30/2011,MH-17290,OFF-LA-10000305,12.6,Standard Class,3,Bank Transfer
7199,8/11/2012,8/11/2012,8/15/2012,PO-19180,OFF-AR-10001427,11.96,Standard Class,4,Bank Transfer
7200,8/11/2012,8/11/2012,8/15/2012,PO-19180,TEC-PH-10004614,138,Standard Class,5,Bank Transfer
7201,11/28/2013,11/28/2013,12/4/2013,HF-14995,TEC-PH-10001944,116.76,Standard Class,4,Bank Transfer
7202,11/28/2013,11/28/2013,12/4/2013,HF-14995,FUR-TA-10001039,331.023,Standard Class,2,PayPal
7203,10/29/2013,10/29/2013,10/29/2013,VB-21745,FUR-FU-10003806,756.8,Same Day,4,Credit Card
7204,12/29/2011,12/29/2011,1/2/2012,MG-17890,FUR-FU-10002111,8.736,Standard Class,5,Bank Transfer
7205,9/10/2012,9/10/2012,9/17/2012,BO-11425,OFF-AR-10000817,6.08,Standard Class,4,PayPal
7206,10/3/2014,10/3/2014,10/7/2014,CM-12115,FUR-FU-10001424,17.46,Standard Class,2,Credit Card
7207,10/3/2014,10/3/2014,10/7/2014,CM-12115,TEC-MA-10002930,369.16,Standard Class,2,Credit Card
7208,9/12/2013,9/12/2013,9/14/2013,LC-16930,OFF-AR-10003759,2.912,First Class,4,Credit Card
7209,9/12/2013,9/12/2013,9/14/2013,LC-16930,OFF-PA-10001837,20.736,First Class,1,Bank Transfer
7210,9/12/2013,9/12/2013,9/14/2013,LC-16930,OFF-PA-10001667,9.568,First Class,4,Bank Transfer
7211,6/3/2013,6/3/2013,6/7/2013,EH-13765,OFF-PA-10000246,30.18,Standard Class,3,Credit Card
7212,6/3/2013,6/3/2013,6/7/2013,EH-13765,OFF-BI-10001078,51.648,Standard Class,5,Credit Card
7213,6/3/2013,6/3/2013,6/7/2013,EH-13765,OFF-BI-10000138,11.232,Standard Class,1,Credit Card
7214,10/16/2014,10/16/2014,10/20/2014,MC-17275,OFF-LA-10002034,14.73,Standard Class,4,Credit Card
7215,9/27/2012,9/27/2012,9/30/2012,HW-14935,OFF-AR-10000127,16.4,Second Class,5,PayPal
7216,9/27/2012,9/27/2012,9/30/2012,HW-14935,OFF-PA-10003172,25.92,Second Class,1,PayPal
7217,5/3/2012,5/3/2012,5/6/2012,LC-16870,OFF-AR-10001246,8.82,First Class,5,Bank Transfer
7218,5/3/2012,5/3/2012,5/6/2012,LC-16870,OFF-BI-10002026,62.496,First Class,1,Bank Transfer
7219,5/3/2012,5/3/2012,5/6/2012,LC-16870,TEC-AC-10000844,339.96,First Class,1,PayPal
7220,5/3/2012,5/3/2012,5/6/2012,LC-16870,OFF-BI-10001575,49.568,First Class,1,Credit Card
7221,1/10/2014,1/10/2014,1/14/2014,BP-11290,OFF-BI-10004632,274.491,Standard Class,5,PayPal
7222,1/28/2014,1/28/2014,2/1/2014,TG-21310,TEC-PH-10000193,137.94,Standard Class,4,PayPal
7223,9/3/2014,9/3/2014,9/7/2014,MC-18100,TEC-AC-10003441,40.68,Standard Class,2,Credit Card
7224,7/15/2013,7/15/2013,7/19/2013,RB-19360,TEC-PH-10004093,110.376,Standard Class,3,PayPal
7225,7/15/2013,7/15/2013,7/19/2013,RB-19360,OFF-AP-10002998,151.62,Standard Class,1,Bank Transfer
7226,7/15/2013,7/15/2013,7/19/2013,RB-19360,FUR-FU-10000073,30.8,Standard Class,3,Bank Transfer
7227,2/25/2014,2/25/2014,3/1/2014,ES-14080,OFF-PA-10001125,123.92,Standard Class,2,PayPal
7228,2/25/2014,2/25/2014,3/1/2014,ES-14080,TEC-AC-10003033,1319.8,Standard Class,1,PayPal
7229,7/20/2011,7/20/2011,7/22/2011,RD-19720,OFF-BI-10002498,89.712,First Class,4,Bank Transfer
7230,7/20/2011,7/20/2011,7/22/2011,RD-19720,OFF-PA-10004569,22.83,First Class,4,Credit Card
7231,3/14/2014,3/14/2014,3/16/2014,SC-20380,OFF-BI-10002353,30.88,First Class,2,Credit Card
7232,3/14/2014,3/14/2014,3/16/2014,SC-20380,OFF-AP-10001564,465.16,First Class,2,Bank Transfer
7233,3/14/2014,3/14/2014,3/16/2014,SC-20380,OFF-PA-10003673,27.12,First Class,2,Credit Card
7234,3/9/2013,3/9/2013,3/13/2013,GB-14575,FUR-FU-10003347,113.6,Standard Class,2,PayPal
7235,3/9/2013,3/9/2013,3/13/2013,GB-14575,OFF-PA-10001934,12.96,Standard Class,5,Bank Transfer
7236,3/9/2013,3/9/2013,3/13/2013,GB-14575,OFF-BI-10000632,69.456,Standard Class,4,PayPal
7237,12/7/2011,12/7/2011,12/10/2011,FP-14320,OFF-AR-10003190,8.64,First Class,5,PayPal
7238,7/11/2013,7/11/2013,7/11/2013,EA-14035,TEC-MA-10000904,341.991,Same Day,2,Bank Transfer
7239,12/25/2013,12/25/2013,12/31/2013,SC-20305,FUR-FU-10000771,43.96,Standard Class,5,Credit Card
7240,12/25/2013,12/25/2013,12/31/2013,SC-20305,OFF-EN-10001990,39.76,Standard Class,1,PayPal
7241,4/24/2014,4/24/2014,4/26/2014,JF-15355,FUR-FU-10002445,66.36,Second Class,3,Credit Card
7242,4/24/2014,4/24/2014,4/26/2014,JF-15355,OFF-BI-10003638,92.88,Second Class,5,PayPal
7243,4/24/2014,4/24/2014,4/26/2014,JF-15355,FUR-FU-10004864,24.14,Second Class,3,PayPal
7244,8/18/2014,8/18/2014,8/23/2014,TP-21415,FUR-CH-10002024,4416.174,Second Class,2,PayPal
7245,5/23/2014,5/23/2014,5/26/2014,RL-19615,OFF-AR-10002445,49.56,First Class,4,PayPal
7246,2/10/2014,2/10/2014,2/14/2014,SB-20170,OFF-ST-10001370,354.9,Standard Class,3,PayPal
7247,3/3/2011,3/3/2011,3/8/2011,JS-15595,OFF-LA-10000305,15.12,Standard Class,4,Credit Card
7248,3/3/2011,3/3/2011,3/8/2011,JS-15595,FUR-BO-10001972,302.45,Standard Class,2,Credit Card
7249,3/3/2011,3/3/2011,3/8/2011,JS-15595,OFF-ST-10002486,44.672,Standard Class,3,Bank Transfer
7250,6/4/2012,6/4/2012,6/9/2012,BP-11155,TEC-AC-10001874,119.98,Second Class,5,PayPal
7251,6/4/2012,6/4/2012,6/9/2012,BP-11155,TEC-AC-10003870,989.97,Second Class,1,Credit Card
7252,8/28/2013,8/28/2013,9/3/2013,EM-13825,OFF-LA-10002473,9.216,Standard Class,3,PayPal
7253,9/13/2013,9/13/2013,9/19/2013,SC-20695,OFF-PA-10003790,68.52,Standard Class,3,Credit Card
7254,5/31/2013,5/31/2013,6/5/2013,EM-14140,OFF-AP-10002684,364.74,Standard Class,1,Credit Card
7255,5/31/2013,5/31/2013,6/5/2013,EM-14140,FUR-FU-10001037,47.4,Standard Class,2,Bank Transfer
7256,5/31/2013,5/31/2013,6/5/2013,EM-14140,OFF-ST-10000876,49.76,Standard Class,2,Credit Card
7257,5/31/2013,5/31/2013,6/5/2013,EM-14140,OFF-AR-10003732,5.56,Standard Class,4,Credit Card
7258,5/31/2013,5/31/2013,6/5/2013,EM-14140,OFF-PA-10000994,629.1,Standard Class,2,Credit Card
7259,5/31/2013,5/31/2013,6/5/2013,EM-14140,OFF-AR-10000940,14.7,Standard Class,3,Bank Transfer
7260,5/31/2013,5/31/2013,6/5/2013,EM-14140,OFF-PA-10004888,45.36,Standard Class,3,Credit Card
7261,5/31/2013,5/31/2013,6/5/2013,EM-14140,TEC-PH-10000441,125.99,Standard Class,1,Credit Card
7262,6/11/2014,6/11/2014,6/14/2014,GZ-14545,OFF-AR-10001231,14.7,Second Class,5,Bank Transfer
7263,10/23/2014,10/23/2014,10/29/2014,ML-17395,TEC-PH-10003988,32.7,Standard Class,1,PayPal
7264,10/23/2014,10/23/2014,10/29/2014,ML-17395,OFF-EN-10003068,31.68,Standard Class,3,PayPal
7265,6/14/2014,6/14/2014,6/18/2014,PG-18895,OFF-AR-10004260,181.86,Standard Class,4,Credit Card
7266,11/23/2011,11/23/2011,11/26/2011,DK-12835,FUR-CH-10001973,155.372,Second Class,2,Bank Transfer
7267,8/17/2014,8/17/2014,8/17/2014,SJ-20215,OFF-BI-10002824,13.428,Same Day,2,Bank Transfer
7268,8/17/2014,8/17/2014,8/17/2014,SJ-20215,OFF-ST-10004950,67.136,Same Day,4,PayPal
7269,1/14/2013,1/14/2013,1/20/2013,AG-10675,OFF-PA-10004039,89.568,Standard Class,5,Bank Transfer
7270,1/14/2013,1/14/2013,1/20/2013,AG-10675,FUR-FU-10003374,315.776,Standard Class,1,PayPal
7271,9/17/2013,9/17/2013,9/23/2013,KD-16495,FUR-BO-10001918,273.666,Standard Class,5,Credit Card
7272,9/17/2013,9/17/2013,9/23/2013,KD-16495,OFF-AP-10002287,17.48,Standard Class,3,PayPal
7273,10/11/2013,10/11/2013,10/15/2013,EB-13975,OFF-SU-10004498,20.608,Standard Class,4,Bank Transfer
7274,10/11/2013,10/11/2013,10/15/2013,EB-13975,OFF-BI-10002557,4.095,Standard Class,3,Bank Transfer
7275,11/13/2012,11/13/2012,11/17/2012,AW-10930,TEC-PH-10004908,339.96,Standard Class,3,PayPal
7276,11/13/2012,11/13/2012,11/17/2012,AW-10930,FUR-FU-10000794,63.98,Standard Class,1,PayPal
7277,11/2/2011,11/2/2011,11/6/2011,JK-16120,TEC-AC-10004171,799.92,Standard Class,2,Credit Card
7278,7/20/2013,7/20/2013,7/22/2013,TC-21535,TEC-PH-10002070,35.984,First Class,1,Credit Card
7279,7/20/2013,7/20/2013,7/22/2013,TC-21535,TEC-AC-10003095,389.97,First Class,1,Credit Card
7280,5/15/2013,5/15/2013,5/15/2013,TH-21235,TEC-AC-10003832,185.528,Same Day,5,Credit Card
7281,2/21/2012,2/21/2012,2/27/2012,PW-19240,OFF-BI-10003527,2541.98,Standard Class,2,Bank Transfer
7282,10/17/2014,10/17/2014,10/22/2014,GH-14410,TEC-MA-10001148,599.985,Standard Class,2,PayPal
7283,6/23/2014,6/23/2014,6/30/2014,JK-15730,OFF-BI-10002432,3.036,Standard Class,1,Bank Transfer
7284,9/10/2014,9/10/2014,9/14/2014,LC-17140,OFF-AR-10001374,25.92,Standard Class,1,Credit Card
7285,9/10/2014,9/10/2014,9/14/2014,LC-17140,FUR-FU-10000723,66.112,Standard Class,1,Credit Card
7286,10/15/2014,10/15/2014,10/20/2014,BK-11260,TEC-AC-10003614,46.36,Standard Class,2,Bank Transfer
7287,6/21/2013,6/21/2013,6/26/2013,BS-11365,TEC-AC-10004877,6.9,Standard Class,4,Bank Transfer
7288,6/21/2013,6/21/2013,6/26/2013,BS-11365,FUR-FU-10004270,57.69,Standard Class,4,Bank Transfer
7289,9/2/2011,9/2/2011,9/7/2011,AG-10525,TEC-MA-10002210,559.71,Standard Class,2,Bank Transfer
7290,1/30/2013,1/30/2013,1/31/2013,SC-20725,OFF-ST-10000675,305.01,First Class,3,PayPal
7291,1/30/2013,1/30/2013,1/31/2013,SC-20725,OFF-BI-10004781,50.784,First Class,4,PayPal
7292,1/30/2013,1/30/2013,1/31/2013,SC-20725,OFF-LA-10004689,26.01,First Class,4,Bank Transfer
7293,12/5/2014,12/5/2014,12/10/2014,LR-16915,TEC-MA-10001856,649,Standard Class,5,PayPal
7294,1/23/2013,1/23/2013,1/29/2013,CB-12415,FUR-FU-10000719,59.99,Standard Class,3,Credit Card
7295,5/26/2012,5/26/2012,5/31/2012,RD-19900,FUR-FU-10003849,20.24,Standard Class,5,Bank Transfer
7296,5/4/2011,5/4/2011,5/5/2011,NC-18340,OFF-AR-10001725,37.84,First Class,5,Credit Card
7297,5/4/2011,5/4/2011,5/5/2011,NC-18340,OFF-FA-10000840,5.472,First Class,3,PayPal
7298,2/10/2012,2/10/2012,2/14/2012,NB-18655,OFF-ST-10000943,77.24,Second Class,1,PayPal
7299,11/18/2011,11/18/2011,11/21/2011,JK-15730,FUR-TA-10002533,292.1,First Class,1,PayPal
7300,11/18/2011,11/18/2011,11/21/2011,JK-15730,FUR-FU-10001546,8.544,First Class,1,Bank Transfer
7301,11/18/2011,11/18/2011,11/21/2011,JK-15730,FUR-BO-10003546,424.116,First Class,1,Credit Card
7302,11/18/2011,11/18/2011,11/21/2011,JK-15730,OFF-BI-10004728,2.892,First Class,3,PayPal
7303,11/18/2011,11/18/2011,11/21/2011,JK-15730,OFF-ST-10000025,381.72,First Class,5,Bank Transfer
7304,9/5/2014,9/5/2014,9/9/2014,DO-13645,FUR-CH-10003817,97.184,Standard Class,1,PayPal
7305,9/5/2014,9/5/2014,9/9/2014,DO-13645,OFF-PA-10000289,10.368,Standard Class,3,Bank Transfer
7306,3/29/2011,3/29/2011,4/2/2011,MG-18145,FUR-TA-10001889,890.841,Standard Class,4,Credit Card
7307,11/6/2013,11/6/2013,11/8/2013,LH-17155,TEC-AC-10002305,72,Second Class,4,Credit Card
7308,11/6/2013,11/6/2013,11/8/2013,LH-17155,FUR-CH-10004875,113.888,Second Class,1,Credit Card
7309,11/6/2013,11/6/2013,11/8/2013,LH-17155,OFF-EN-10001434,158.13,Second Class,1,PayPal
7310,6/11/2014,6/11/2014,6/15/2014,MM-18280,OFF-FA-10004395,14.13,Second Class,2,Credit Card
7311,8/10/2012,8/10/2012,8/14/2012,BD-11320,OFF-BI-10004632,64.75,Standard Class,3,Bank Transfer
7312,10/9/2012,10/9/2012,10/13/2012,SC-20575,OFF-BI-10000145,1.872,Standard Class,4,Bank Transfer
7313,10/9/2012,10/9/2012,10/13/2012,SC-20575,OFF-BI-10002498,11.214,Standard Class,4,Bank Transfer
7314,10/9/2012,10/9/2012,10/13/2012,SC-20575,OFF-AR-10001761,37.376,Standard Class,5,Bank Transfer
7315,5/29/2013,5/29/2013,6/3/2013,TN-21040,TEC-PH-10001817,286.4,Standard Class,5,PayPal
7316,5/12/2014,5/12/2014,5/17/2014,ZC-21910,OFF-AR-10004456,43.92,Second Class,1,Bank Transfer
7317,10/17/2013,10/17/2013,10/21/2013,NB-18655,FUR-TA-10001539,142.182,Standard Class,5,PayPal
7318,11/18/2014,11/18/2014,11/22/2014,KH-16330,OFF-PA-10003205,19.608,Standard Class,2,Credit Card
7319,11/18/2014,11/18/2014,11/22/2014,KH-16330,OFF-BI-10002813,4.158,Standard Class,3,Bank Transfer
7320,11/27/2014,11/27/2014,11/30/2014,MN-17935,TEC-PH-10002310,979.95,Second Class,3,Bank Transfer
7321,11/27/2014,11/27/2014,11/30/2014,MN-17935,FUR-FU-10003623,135.3,Second Class,1,Bank Transfer
7322,9/4/2014,9/4/2014,9/8/2014,MY-18295,OFF-PA-10003424,8.904,Standard Class,5,Bank Transfer
7323,9/4/2014,9/4/2014,9/8/2014,MY-18295,TEC-AC-10004353,100.8,Standard Class,4,PayPal
7324,12/6/2014,12/6/2014,12/9/2014,CS-11950,FUR-FU-10001934,41.96,First Class,3,Credit Card
7325,12/6/2014,12/6/2014,12/9/2014,CS-11950,OFF-LA-10003766,9.45,First Class,4,Bank Transfer
7326,11/11/2014,11/11/2014,11/18/2014,MC-17845,OFF-AP-10004540,400.8,Standard Class,2,Bank Transfer
7327,11/11/2014,11/11/2014,11/18/2014,MC-17845,OFF-BI-10001543,28.792,Standard Class,5,PayPal
7328,3/18/2011,3/18/2011,3/24/2011,SC-20050,FUR-FU-10004597,111,Standard Class,1,PayPal
7329,3/18/2011,3/18/2011,3/24/2011,SC-20050,TEC-MA-10001148,1279.968,Standard Class,3,Bank Transfer
7330,3/18/2011,3/18/2011,3/24/2011,SC-20050,OFF-ST-10000078,1856.19,Standard Class,1,Credit Card
7331,11/13/2013,11/13/2013,11/14/2013,SP-20650,FUR-FU-10001037,22.752,First Class,1,Bank Transfer
7332,10/27/2014,10/27/2014,10/31/2014,SC-20440,TEC-PH-10001433,61.542,Standard Class,5,Bank Transfer
7333,10/27/2014,10/27/2014,10/31/2014,SC-20440,OFF-BI-10003007,81.438,Standard Class,4,PayPal
7334,4/11/2012,4/11/2012,4/17/2012,PR-18880,FUR-FU-10001290,67.36,Standard Class,3,Credit Card
7335,4/11/2012,4/11/2012,4/17/2012,PR-18880,FUR-FU-10000087,54.528,Standard Class,2,PayPal
7336,12/25/2012,12/25/2012,12/30/2012,JK-15625,TEC-AC-10002049,843.9,Standard Class,1,Bank Transfer
7337,12/25/2012,12/25/2012,12/30/2012,JK-15625,FUR-BO-10002613,449.568,Standard Class,1,Credit Card
7338,9/22/2014,9/22/2014,9/24/2014,BM-11575,OFF-ST-10004950,15.51,First Class,1,Bank Transfer
7339,12/20/2011,12/20/2011,12/23/2011,SM-20950,FUR-CH-10004875,192.186,Second Class,4,Bank Transfer
7340,7/18/2012,7/18/2012,7/21/2012,KC-16255,OFF-AR-10003190,5.76,First Class,1,PayPal
7341,7/26/2011,7/26/2011,8/1/2011,SG-20470,FUR-CH-10000553,67.88,Standard Class,4,Bank Transfer
7342,7/26/2011,7/26/2011,8/1/2011,SG-20470,OFF-LA-10002762,162.89,Standard Class,5,PayPal
7343,7/26/2011,7/26/2011,8/1/2011,SG-20470,FUR-FU-10000719,25.71,Standard Class,1,PayPal
7344,12/26/2011,12/26/2011,1/1/2012,TB-21520,OFF-ST-10000563,191.88,Standard Class,3,Credit Card
7345,12/12/2014,12/12/2014,12/18/2014,DV-13045,FUR-TA-10004289,721.875,Standard Class,2,Bank Transfer
7346,12/12/2014,12/12/2014,12/18/2014,DV-13045,TEC-PH-10003555,73.568,Standard Class,4,Bank Transfer
7347,12/12/2014,12/12/2014,12/18/2014,DV-13045,OFF-AR-10001958,13.584,Standard Class,1,PayPal
7348,12/12/2014,12/12/2014,12/18/2014,DV-13045,FUR-CH-10000225,64.784,Standard Class,5,Bank Transfer
7349,3/3/2011,3/3/2011,3/7/2011,SC-20020,OFF-AP-10002534,176.772,Standard Class,5,Bank Transfer
7350,10/22/2014,10/22/2014,10/28/2014,JB-15400,OFF-BI-10000301,38.82,Standard Class,5,Credit Card
7351,10/22/2014,10/22/2014,10/28/2014,JB-15400,OFF-BI-10003460,21.9,Standard Class,5,Bank Transfer
7352,11/11/2014,11/11/2014,11/17/2014,GH-14425,TEC-AC-10001772,111.79,Standard Class,2,PayPal
7353,3/17/2014,3/17/2014,3/19/2014,MG-17650,TEC-PH-10003505,445.44,Second Class,4,PayPal
7354,9/23/2013,9/23/2013,9/30/2013,RD-19660,OFF-LA-10004484,16.52,Standard Class,3,Bank Transfer
7355,2/7/2014,2/7/2014,2/14/2014,SN-20560,OFF-PA-10001593,29.9,Standard Class,4,Bank Transfer
7356,12/31/2012,12/31/2012,1/2/2013,AH-10690,OFF-BI-10004139,116.4,Second Class,4,PayPal
7357,10/10/2013,10/10/2013,10/15/2013,MZ-17335,OFF-AR-10001315,1.408,Standard Class,4,Credit Card
7358,10/10/2013,10/10/2013,10/15/2013,MZ-17335,FUR-FU-10001488,169.568,Standard Class,4,Credit Card
7359,12/30/2011,12/30/2011,1/3/2012,AR-10345,TEC-PH-10002170,251.964,Second Class,3,Credit Card
7360,12/30/2011,12/30/2011,1/3/2012,AR-10345,FUR-TA-10004575,523.764,Second Class,3,PayPal
7361,4/13/2013,4/13/2013,4/15/2013,JF-15295,OFF-PA-10000809,19.44,First Class,5,Credit Card
7362,4/13/2013,4/13/2013,4/15/2013,JF-15295,FUR-CH-10000225,194.352,First Class,4,Credit Card
7363,4/13/2013,4/13/2013,4/15/2013,JF-15295,OFF-BI-10003707,36.624,First Class,4,Credit Card
7364,11/29/2013,11/29/2013,12/5/2013,DS-13180,TEC-PH-10004539,340.182,Standard Class,3,Credit Card
7365,11/29/2013,11/29/2013,12/5/2013,DS-13180,OFF-FA-10004076,12.672,Standard Class,2,Credit Card
7366,11/29/2013,11/29/2013,12/5/2013,DS-13180,OFF-BI-10003166,6.888,Standard Class,4,Credit Card
7367,11/29/2013,11/29/2013,12/5/2013,DS-13180,OFF-ST-10002301,32.544,Standard Class,1,Bank Transfer
7368,11/29/2013,11/29/2013,12/5/2013,DS-13180,FUR-CH-10002647,347.802,Standard Class,1,PayPal
7369,4/16/2014,4/16/2014,4/18/2014,BP-11095,OFF-BI-10004654,15.57,First Class,4,Bank Transfer
7370,3/9/2012,3/9/2012,3/11/2012,TG-21310,OFF-LA-10001175,4.608,Second Class,4,Bank Transfer
7371,10/28/2011,10/28/2011,11/1/2011,BT-11395,TEC-PH-10001336,257.98,Standard Class,5,PayPal
7372,1/8/2014,1/8/2014,1/10/2014,JF-15190,OFF-ST-10000760,153.78,Second Class,5,Bank Transfer
7373,1/8/2014,1/8/2014,1/10/2014,JF-15190,OFF-ST-10002301,61.02,Second Class,2,PayPal
7374,1/8/2014,1/8/2014,1/10/2014,JF-15190,OFF-SU-10004884,110.11,Second Class,4,Credit Card
7375,1/8/2014,1/8/2014,1/10/2014,JF-15190,OFF-FA-10003112,7.89,Second Class,4,PayPal
7376,8/14/2014,8/14/2014,8/21/2014,MK-17905,OFF-BI-10000069,36.024,Standard Class,3,Credit Card
7377,11/3/2014,11/3/2014,11/6/2014,GG-14650,OFF-AR-10001958,54.336,First Class,2,PayPal
7378,9/19/2011,9/19/2011,9/23/2011,MC-18130,OFF-ST-10001321,92.52,Standard Class,1,Bank Transfer
7379,5/31/2012,5/31/2012,5/31/2012,ML-18265,OFF-AR-10003504,10.272,Same Day,2,PayPal
7380,9/14/2013,9/14/2013,9/19/2013,AG-10270,OFF-ST-10000419,40.74,Standard Class,5,Bank Transfer
7381,9/14/2013,9/14/2013,9/19/2013,AG-10270,OFF-LA-10004559,14.4,Standard Class,3,PayPal
7382,9/14/2013,9/14/2013,9/19/2013,AG-10270,TEC-PH-10001644,149.95,Standard Class,5,PayPal
7383,9/14/2013,9/14/2013,9/19/2013,AG-10270,OFF-SU-10004782,16.9,Standard Class,4,PayPal
7384,9/14/2013,9/14/2013,9/19/2013,AG-10270,OFF-PA-10002250,17.61,Standard Class,1,PayPal
7385,9/14/2013,9/14/2013,9/19/2013,AG-10270,OFF-AP-10001394,378,Standard Class,4,Bank Transfer
7386,9/14/2013,9/14/2013,9/19/2013,AG-10270,OFF-PA-10001838,17.64,Standard Class,3,PayPal
7387,9/14/2013,9/14/2013,9/19/2013,AG-10270,OFF-ST-10004340,373.08,Standard Class,2,Credit Card
7388,9/14/2013,9/14/2013,9/19/2013,AG-10270,FUR-FU-10003664,1336.44,Standard Class,1,Bank Transfer
7389,9/14/2013,9/14/2013,9/19/2013,AG-10270,TEC-PH-10004897,29.97,Standard Class,3,PayPal
7390,11/30/2014,11/30/2014,12/4/2014,TT-21070,FUR-CH-10000454,390.368,Standard Class,5,PayPal
7391,11/30/2014,11/30/2014,12/4/2014,TT-21070,FUR-FU-10004017,101.52,Standard Class,4,Bank Transfer
7392,12/5/2014,12/5/2014,12/8/2014,LT-16765,OFF-PA-10000241,74.352,Second Class,3,Bank Transfer
7393,5/3/2014,5/3/2014,5/7/2014,DD-13570,OFF-PA-10003016,15.7,Standard Class,1,Bank Transfer
7394,5/3/2014,5/3/2014,5/7/2014,DD-13570,OFF-AR-10001615,59.52,Standard Class,4,Credit Card
7395,5/3/2014,5/3/2014,5/7/2014,DD-13570,OFF-PA-10002713,34.4,Standard Class,4,Credit Card
7396,12/26/2013,12/26/2013,12/31/2013,DB-12970,FUR-TA-10002958,313.176,Standard Class,2,Credit Card
7397,12/26/2013,12/26/2013,12/31/2013,DB-12970,FUR-CH-10003746,866.646,Standard Class,5,PayPal
7398,9/30/2011,9/30/2011,9/30/2011,DM-12955,OFF-AP-10003217,795.408,Same Day,4,Credit Card
7399,7/12/2011,7/12/2011,7/15/2011,ME-17725,OFF-PA-10001526,35.856,Second Class,3,Credit Card
7400,7/12/2011,7/12/2011,7/15/2011,ME-17725,TEC-AC-10002857,23.84,Second Class,3,PayPal
7401,9/9/2013,9/9/2013,9/14/2013,TR-21325,FUR-FU-10003039,43.13,Standard Class,4,PayPal
7402,9/9/2013,9/9/2013,9/14/2013,TR-21325,OFF-PA-10002615,30.87,Standard Class,5,PayPal
7403,8/7/2014,8/7/2014,8/11/2014,SH-20395,OFF-SU-10002573,70.12,Standard Class,5,PayPal
7404,5/14/2012,5/14/2012,5/19/2012,CB-12535,FUR-BO-10004015,509.9575,Standard Class,2,PayPal
7405,5/14/2012,5/14/2012,5/19/2012,CB-12535,FUR-FU-10001979,122.91,Standard Class,4,Bank Transfer
7406,5/14/2012,5/14/2012,5/19/2012,CB-12535,FUR-CH-10003833,97.568,Standard Class,3,Credit Card
7407,5/14/2012,5/14/2012,5/19/2012,CB-12535,FUR-CH-10004495,722.352,Standard Class,2,PayPal
7408,1/21/2014,1/21/2014,1/22/2014,ML-17410,OFF-LA-10001613,11.52,First Class,4,PayPal
7409,5/31/2013,5/31/2013,6/7/2013,JG-15310,FUR-FU-10003247,167.84,Standard Class,5,PayPal
7410,4/8/2011,4/8/2011,4/12/2011,JS-15880,FUR-TA-10004442,172.11,Standard Class,5,Credit Card
7411,7/23/2011,7/23/2011,7/24/2011,AG-10270,TEC-AC-10001314,99.98,First Class,4,Credit Card
7412,5/31/2014,5/31/2014,6/4/2014,MG-17890,TEC-PH-10001619,156.792,Standard Class,5,PayPal
7413,5/31/2014,5/31/2014,6/4/2014,MG-17890,TEC-AC-10002323,35.36,Standard Class,3,Credit Card
7414,5/31/2014,5/31/2014,6/4/2014,MG-17890,FUR-FU-10000820,13.592,Standard Class,2,PayPal
7415,3/14/2013,3/14/2013,3/16/2013,SC-20770,FUR-CH-10004287,386.68,Second Class,2,Credit Card
7416,3/14/2013,3/14/2013,3/16/2013,SC-20770,TEC-AC-10000474,379.96,Second Class,1,Bank Transfer
7417,3/14/2013,3/14/2013,3/16/2013,SC-20770,TEC-PH-10001494,539.91,Second Class,3,Bank Transfer
7418,3/14/2013,3/14/2013,3/16/2013,SC-20770,OFF-PA-10004996,41.24,Second Class,5,Credit Card
7419,3/14/2013,3/14/2013,3/16/2013,SC-20770,OFF-BI-10004318,51.897,Second Class,2,Credit Card
7420,3/14/2013,3/14/2013,3/16/2013,SC-20770,OFF-ST-10002574,552.56,Second Class,4,Bank Transfer
7421,3/14/2013,3/14/2013,3/16/2013,SC-20770,OFF-BI-10002353,23.16,Second Class,3,PayPal
7422,3/14/2013,3/14/2013,3/16/2013,SC-20770,OFF-ST-10003641,126.08,Second Class,1,PayPal
7423,3/14/2013,3/14/2013,3/16/2013,SC-20770,TEC-MA-10001148,449.1,Second Class,5,PayPal
7424,4/11/2014,4/11/2014,4/15/2014,BS-11755,OFF-AP-10000026,195.104,Standard Class,5,Credit Card
7425,4/11/2014,4/11/2014,4/15/2014,BS-11755,FUR-FU-10003878,36.672,Standard Class,4,Bank Transfer
7426,6/26/2013,6/26/2013,6/28/2013,LC-17140,FUR-CH-10001146,85.246,Second Class,2,PayPal
7427,6/26/2013,6/26/2013,6/28/2013,LC-17140,FUR-FU-10003919,32.712,Second Class,2,Bank Transfer
7428,3/17/2011,3/17/2011,3/21/2011,MH-17440,OFF-BI-10000605,11.43,Standard Class,3,Credit Card
7429,3/17/2011,3/17/2011,3/21/2011,MH-17440,OFF-BI-10000309,30.44,Standard Class,3,Bank Transfer
7430,3/17/2011,3/17/2011,3/21/2011,MH-17440,OFF-PA-10003349,12.96,Standard Class,2,Credit Card
7431,3/17/2011,3/17/2011,3/21/2011,MH-17440,OFF-PA-10003063,16,Standard Class,1,PayPal
7432,3/17/2011,3/17/2011,3/21/2011,MH-17440,OFF-AP-10003971,32.67,Standard Class,4,Credit Card
7433,8/9/2011,8/9/2011,8/13/2011,RD-19720,OFF-FA-10004838,4.464,Standard Class,1,Bank Transfer
7434,8/9/2011,8/9/2011,8/13/2011,RD-19720,OFF-BI-10001097,9.345,Standard Class,2,Credit Card
7435,7/26/2012,7/26/2012,7/31/2012,BP-11095,OFF-BI-10000605,9.144,Standard Class,5,Credit Card
7436,7/26/2012,7/26/2012,7/31/2012,BP-11095,OFF-BI-10003314,23.136,Standard Class,4,PayPal
7437,7/26/2012,7/26/2012,7/31/2012,BP-11095,OFF-AR-10002067,99.2,Standard Class,5,Credit Card
7438,2/16/2011,2/16/2011,2/20/2011,BF-11020,OFF-BI-10001031,21.36,Standard Class,1,Bank Transfer
7439,3/24/2012,3/24/2012,3/27/2012,CP-12085,FUR-FU-10003832,46.9,Second Class,4,PayPal
7440,9/3/2014,9/3/2014,9/7/2014,JL-15235,OFF-BI-10000138,18.72,Standard Class,1,PayPal
7441,9/3/2014,9/3/2014,9/7/2014,JL-15235,FUR-TA-10004607,236.528,Standard Class,4,Credit Card
7442,11/16/2012,11/16/2012,11/18/2012,JG-15805,OFF-LA-10003148,18.9,First Class,1,PayPal
7443,12/9/2011,12/9/2011,12/11/2011,VP-21760,OFF-PA-10001804,10.688,First Class,5,Bank Transfer
7444,12/9/2011,12/9/2011,12/11/2011,VP-21760,OFF-ST-10000036,237.096,First Class,3,Bank Transfer
7445,2/4/2014,2/4/2014,2/8/2014,RD-19810,OFF-PA-10001166,5.184,Second Class,1,Bank Transfer
7446,2/4/2014,2/4/2014,2/8/2014,RD-19810,OFF-PA-10001033,65.584,Second Class,1,Bank Transfer
7447,2/4/2014,2/4/2014,2/8/2014,RD-19810,FUR-FU-10004597,22.2,Second Class,1,PayPal
7448,2/4/2014,2/4/2014,2/8/2014,RD-19810,OFF-PA-10000418,419.4,Second Class,2,PayPal
7449,11/12/2014,11/12/2014,11/15/2014,MH-18025,FUR-FU-10004090,88.92,First Class,1,Bank Transfer
7450,9/18/2014,9/18/2014,9/23/2014,SJ-20125,OFF-AR-10000390,9.912,Second Class,2,Credit Card
7451,9/18/2014,9/18/2014,9/23/2014,SJ-20125,FUR-CH-10003774,318.43,Second Class,4,PayPal
7452,9/18/2014,9/18/2014,9/23/2014,SJ-20125,OFF-BI-10002412,5.8,Second Class,2,PayPal
7453,9/18/2014,9/18/2014,9/23/2014,SJ-20125,TEC-PH-10002415,1415.76,Second Class,1,PayPal
7454,6/26/2014,6/26/2014,7/2/2014,FM-14380,TEC-PH-10003505,148.48,Standard Class,5,PayPal
7455,7/31/2013,7/31/2013,8/5/2013,KH-16360,OFF-LA-10003663,9.248,Standard Class,4,Credit Card
7456,7/31/2013,7/31/2013,8/5/2013,KH-16360,OFF-ST-10001780,1036.624,Standard Class,2,Credit Card
7457,4/16/2012,4/16/2012,4/18/2012,LL-16840,TEC-PH-10002033,569.64,First Class,4,Bank Transfer
7458,4/16/2012,4/16/2012,4/18/2012,LL-16840,OFF-BI-10001036,9.14,First Class,3,Bank Transfer
7459,4/16/2012,4/16/2012,4/18/2012,LL-16840,FUR-FU-10001468,1196.86,First Class,2,PayPal
7460,4/16/2012,4/16/2012,4/18/2012,LL-16840,FUR-BO-10001519,523.26,First Class,4,Bank Transfer
7461,4/11/2012,4/11/2012,4/14/2012,AR-10540,TEC-CO-10001943,639.968,Second Class,3,Bank Transfer
7462,4/11/2012,4/11/2012,4/14/2012,AR-10540,OFF-PA-10003127,52.76,Second Class,4,Credit Card
7463,2/27/2012,2/27/2012,3/1/2012,NP-18670,TEC-AC-10002076,538.92,Second Class,5,Credit Card
7464,9/9/2013,9/9/2013,9/16/2013,LP-17095,OFF-AR-10003338,14.88,Standard Class,5,Credit Card
7465,9/9/2013,9/9/2013,9/16/2013,LP-17095,OFF-PA-10004610,34.24,Standard Class,1,PayPal
7466,9/9/2013,9/9/2013,9/16/2013,LP-17095,OFF-ST-10001272,261.74,Standard Class,2,Bank Transfer
7467,5/20/2013,5/20/2013,5/24/2013,AH-10690,OFF-AP-10001366,87.84,Standard Class,1,Bank Transfer
7468,11/12/2014,11/12/2014,11/16/2014,TB-21190,FUR-FU-10001424,34.92,Second Class,1,PayPal
7469,9/15/2011,9/15/2011,9/20/2011,AA-10315,OFF-PA-10000349,14.94,Standard Class,5,Credit Card
7470,9/15/2011,9/15/2011,9/20/2011,AA-10315,FUR-FU-10002456,14.56,Standard Class,3,PayPal
7471,9/15/2012,9/15/2012,9/20/2012,AC-10615,OFF-BI-10002609,3.576,Standard Class,1,Bank Transfer
7472,9/15/2012,9/15/2012,9/20/2012,AC-10615,OFF-ST-10001522,147.184,Standard Class,2,Bank Transfer
7473,7/2/2013,7/2/2013,7/4/2013,EM-14140,TEC-CO-10000971,1499.95,First Class,5,Bank Transfer
7474,4/11/2013,4/11/2013,4/16/2013,QJ-19255,OFF-AR-10000034,13.568,Standard Class,2,PayPal
7475,1/7/2011,1/7/2011,1/11/2011,ME-17320,FUR-CH-10004063,2573.82,Standard Class,1,Bank Transfer
7476,1/7/2011,1/7/2011,1/11/2011,ME-17320,OFF-BI-10004632,609.98,Standard Class,5,Credit Card
7477,1/7/2011,1/7/2011,1/11/2011,ME-17320,OFF-AR-10001662,5.48,Standard Class,5,Bank Transfer
7478,1/7/2011,1/7/2011,1/11/2011,ME-17320,TEC-PH-10004977,391.98,Standard Class,2,Bank Transfer
7479,1/7/2011,1/7/2011,1/11/2011,ME-17320,TEC-PH-10004539,755.96,Standard Class,4,PayPal
7480,1/7/2011,1/7/2011,1/11/2011,ME-17320,OFF-FA-10001883,31.12,Standard Class,3,Bank Transfer
7481,1/7/2011,1/7/2011,1/11/2011,ME-17320,OFF-PA-10000955,6.54,Standard Class,3,Credit Card
7482,9/2/2013,9/2/2013,9/4/2013,LB-16795,OFF-EN-10002500,12.78,Second Class,2,PayPal
7483,9/23/2011,9/23/2011,9/30/2011,JP-16135,OFF-BI-10004654,18.464,Standard Class,5,PayPal
7484,12/15/2011,12/15/2011,12/17/2011,EB-13705,FUR-CH-10003774,445.802,Second Class,2,Bank Transfer
7485,12/29/2014,12/29/2014,1/3/2015,CS-12400,OFF-AR-10004707,2.48,Standard Class,4,PayPal
7486,12/29/2014,12/29/2014,1/3/2015,CS-12400,OFF-BI-10004040,25.9,Standard Class,4,Bank Transfer
7487,12/19/2012,12/19/2012,12/24/2012,PM-19135,OFF-PA-10001184,29.9,Second Class,4,PayPal
7488,12/19/2012,12/19/2012,12/24/2012,PM-19135,TEC-AC-10004145,2249.91,Second Class,2,Bank Transfer
7489,12/19/2012,12/19/2012,12/24/2012,PM-19135,FUR-TA-10003473,1053.164,Second Class,3,Bank Transfer
7490,11/6/2014,11/6/2014,11/10/2014,AA-10645,OFF-PA-10003172,12.96,Standard Class,3,PayPal
7491,9/10/2012,9/10/2012,9/16/2012,FA-14230,FUR-FU-10003799,106.68,Standard Class,4,Credit Card
7492,11/17/2014,11/17/2014,11/17/2014,CM-12190,TEC-PH-10002583,119.94,Same Day,1,PayPal
7493,9/12/2014,9/12/2014,9/17/2014,CC-12475,OFF-PA-10004239,10.272,Standard Class,4,Credit Card
7494,9/12/2014,9/12/2014,9/17/2014,CC-12475,FUR-TA-10002855,512.19,Standard Class,1,PayPal
7495,9/12/2014,9/12/2014,9/17/2014,CC-12475,OFF-AP-10001626,1.556,Standard Class,5,Credit Card
7496,7/15/2014,7/15/2014,7/19/2014,TC-21295,OFF-BI-10004022,4.448,Standard Class,3,PayPal
7497,7/15/2014,7/15/2014,7/19/2014,TC-21295,FUR-FU-10003601,276.69,Standard Class,5,PayPal
7498,7/15/2014,7/15/2014,7/19/2014,TC-21295,OFF-FA-10000490,4.96,Standard Class,5,PayPal
7499,7/15/2014,7/15/2014,7/19/2014,TC-21295,OFF-AR-10004042,71.92,Standard Class,5,PayPal
7500,7/15/2014,7/15/2014,7/19/2014,TC-21295,FUR-FU-10002960,18.84,Standard Class,4,PayPal
7501,7/15/2014,7/15/2014,7/19/2014,TC-21295,TEC-AC-10000991,140.97,Standard Class,5,PayPal
7502,7/15/2014,7/15/2014,7/19/2014,TC-21295,TEC-PH-10004977,470.376,Standard Class,5,Bank Transfer
7503,3/31/2014,3/31/2014,3/31/2014,TB-21400,OFF-AR-10000817,6.08,Same Day,1,Credit Card
7504,3/31/2014,3/31/2014,3/31/2014,TB-21400,TEC-PH-10002447,164.792,Same Day,2,PayPal
7505,1/31/2013,1/31/2013,2/4/2013,JK-15325,OFF-EN-10003134,23.36,Second Class,2,Bank Transfer
7506,6/9/2014,6/9/2014,6/14/2014,BW-11200,OFF-BI-10000309,12.176,Standard Class,4,Bank Transfer
7507,11/2/2011,11/2/2011,11/6/2011,SH-20395,TEC-PH-10001615,46.384,Standard Class,1,Bank Transfer
7508,11/2/2011,11/2/2011,11/6/2011,SH-20395,OFF-ST-10003208,362.92,Standard Class,1,Bank Transfer
7509,7/15/2014,7/15/2014,7/19/2014,JL-15835,OFF-PA-10000605,9.248,Standard Class,4,Bank Transfer
7510,7/15/2014,7/15/2014,7/19/2014,JL-15835,TEC-PH-10000560,1889.946,Standard Class,5,Bank Transfer
7511,7/15/2014,7/15/2014,7/19/2014,JL-15835,OFF-ST-10003455,62.04,Standard Class,3,Bank Transfer
7512,7/15/2014,7/15/2014,7/19/2014,JL-15835,FUR-FU-10002937,396.92,Standard Class,2,Credit Card
7513,7/15/2014,7/15/2014,7/19/2014,JL-15835,OFF-ST-10001837,239.456,Standard Class,5,Credit Card
7514,7/15/2014,7/15/2014,7/19/2014,JL-15835,OFF-AR-10004757,13.12,Standard Class,5,Bank Transfer
7515,12/10/2014,12/10/2014,12/13/2014,JL-15835,OFF-BI-10004236,29.36,Second Class,5,PayPal
7516,12/10/2014,12/10/2014,12/13/2014,JL-15835,OFF-AP-10000159,214.9,Second Class,4,PayPal
7517,12/10/2014,12/10/2014,12/13/2014,JL-15835,OFF-BI-10003274,15.92,Second Class,5,Credit Card
7518,12/10/2014,12/10/2014,12/13/2014,JL-15835,TEC-AC-10001013,146.45,Second Class,1,PayPal
7519,12/10/2014,12/10/2014,12/13/2014,JL-15835,OFF-ST-10004963,15.14,Second Class,3,Credit Card
7520,12/10/2014,12/10/2014,12/13/2014,JL-15835,OFF-LA-10004409,5.76,Second Class,3,Bank Transfer
7521,12/10/2014,12/10/2014,12/13/2014,JL-15835,TEC-CO-10001046,1399.98,Second Class,1,Credit Card
7522,9/6/2013,9/6/2013,9/12/2013,MD-17350,OFF-BI-10002824,8.952,Standard Class,2,PayPal
7523,9/6/2013,9/6/2013,9/12/2013,MD-17350,OFF-BI-10001757,8.856,Standard Class,1,Credit Card
7524,9/6/2013,9/6/2013,9/12/2013,MD-17350,FUR-CH-10004477,85.246,Standard Class,1,Bank Transfer
7525,9/10/2011,9/10/2011,9/16/2011,CL-12565,OFF-EN-10003072,21.728,Standard Class,1,Bank Transfer
7526,9/10/2011,9/10/2011,9/16/2011,CL-12565,FUR-CH-10003973,1487.04,Standard Class,1,PayPal
7527,9/27/2014,9/27/2014,9/27/2014,RA-19885,OFF-EN-10001028,71.88,Same Day,3,Bank Transfer
7528,9/27/2014,9/27/2014,9/27/2014,RA-19885,FUR-FU-10003829,9.24,Same Day,4,Bank Transfer
7529,9/27/2014,9/27/2014,9/27/2014,RA-19885,OFF-PA-10002245,35.88,Same Day,5,Bank Transfer
7530,9/27/2014,9/27/2014,9/27/2014,RA-19885,OFF-BI-10002215,17.04,Same Day,5,Credit Card
7531,9/27/2014,9/27/2014,9/27/2014,RA-19885,OFF-BI-10003925,931.176,Same Day,3,Credit Card
7532,6/18/2013,6/18/2013,6/20/2013,LC-16885,FUR-FU-10002298,266.352,First Class,3,Bank Transfer
7533,6/18/2013,6/18/2013,6/20/2013,LC-16885,FUR-CH-10004853,483.136,First Class,3,PayPal
7534,2/26/2014,2/26/2014,3/2/2014,SW-20245,FUR-CH-10002880,196.784,Standard Class,1,Credit Card
7535,2/26/2014,2/26/2014,3/2/2014,SW-20245,FUR-BO-10004709,231.92,Standard Class,2,PayPal
7536,4/1/2014,4/1/2014,4/8/2014,HG-14965,OFF-SU-10004231,29.7,Standard Class,4,PayPal
7537,12/4/2014,12/4/2014,12/9/2014,MV-17485,FUR-FU-10000820,13.592,Standard Class,4,Credit Card
7538,2/19/2013,2/19/2013,2/22/2013,GT-14710,OFF-PA-10001736,70.88,Second Class,2,PayPal
7539,12/3/2014,12/3/2014,12/7/2014,BS-11380,OFF-ST-10003306,114.288,Standard Class,2,Bank Transfer
7540,12/3/2014,12/3/2014,12/7/2014,BS-11380,OFF-BI-10003707,36.624,Standard Class,5,Bank Transfer
7541,12/3/2014,12/3/2014,12/7/2014,BS-11380,FUR-BO-10003546,242.352,Standard Class,1,Bank Transfer
7542,12/3/2014,12/3/2014,12/7/2014,BS-11380,TEC-PH-10000213,49.616,Standard Class,4,Credit Card
7543,12/3/2014,12/3/2014,12/7/2014,BS-11380,FUR-FU-10001488,508.704,Standard Class,4,Bank Transfer
7544,12/3/2014,12/3/2014,12/7/2014,BS-11380,TEC-PH-10004833,57.36,Standard Class,5,PayPal
7545,12/3/2014,12/3/2014,12/7/2014,BS-11380,FUR-CH-10002335,906.68,Standard Class,4,Credit Card
7546,10/10/2011,10/10/2011,10/15/2011,CM-12715,TEC-PH-10001128,719.952,Standard Class,1,PayPal
7547,10/10/2011,10/10/2011,10/15/2011,CM-12715,TEC-PH-10004667,755.944,Standard Class,4,PayPal
7548,10/10/2011,10/10/2011,10/15/2011,CM-12715,OFF-BI-10004817,11.98,Standard Class,2,Credit Card
7549,10/10/2011,10/10/2011,10/15/2011,CM-12715,OFF-BI-10004140,0.898,Standard Class,2,Credit Card
7550,9/6/2013,9/6/2013,9/8/2013,EM-13825,FUR-FU-10004671,21.204,First Class,1,PayPal
7551,11/20/2011,11/20/2011,11/25/2011,KH-16330,OFF-EN-10002592,34.74,Standard Class,1,Bank Transfer
7552,11/20/2011,11/20/2011,11/25/2011,KH-16330,TEC-PH-10004447,833.94,Standard Class,1,Bank Transfer
7553,11/20/2011,11/20/2011,11/25/2011,KH-16330,OFF-BI-10003669,12.96,Standard Class,5,PayPal
7554,11/20/2011,11/20/2011,11/25/2011,KH-16330,OFF-PA-10000223,25.92,Standard Class,2,PayPal
7555,5/10/2011,5/10/2011,5/14/2011,AF-10885,FUR-BO-10004467,349.965,Second Class,2,Credit Card
7556,5/10/2011,5/10/2011,5/14/2011,AF-10885,OFF-AR-10000716,22.32,Second Class,1,Credit Card
7557,11/28/2014,11/28/2014,12/3/2014,JR-16210,OFF-PA-10003641,158.28,Standard Class,3,Credit Card
7558,11/28/2014,11/28/2014,12/3/2014,JR-16210,OFF-BI-10004519,497.94,Standard Class,3,PayPal
7559,11/1/2011,11/1/2011,11/5/2011,DL-12925,OFF-AP-10002518,533.94,Standard Class,4,PayPal
7560,11/1/2011,11/1/2011,11/5/2011,DL-12925,OFF-PA-10000806,167.94,Standard Class,3,Bank Transfer
7561,11/1/2011,11/1/2011,11/5/2011,DL-12925,FUR-FU-10003142,31.68,Standard Class,4,Credit Card
7562,12/31/2013,12/31/2013,1/2/2014,BD-11605,FUR-CH-10000454,170.786,First Class,4,Bank Transfer
7563,9/4/2013,9/4/2013,9/8/2013,RB-19570,FUR-BO-10003894,198.744,Standard Class,3,Credit Card
7564,10/6/2014,10/6/2014,10/8/2014,RB-19795,TEC-AC-10001714,63.824,First Class,3,Bank Transfer
7565,1/30/2013,1/30/2013,2/1/2013,TB-21250,FUR-CH-10001190,435.168,Second Class,3,PayPal
7566,1/30/2013,1/30/2013,2/1/2013,TB-21250,FUR-BO-10000468,48.58,Second Class,5,PayPal
7567,4/22/2014,4/22/2014,4/24/2014,KN-16390,TEC-AC-10001998,47.976,First Class,3,Bank Transfer
7568,4/22/2014,4/22/2014,4/24/2014,KN-16390,OFF-PA-10001534,20.736,First Class,1,PayPal
7569,12/5/2011,12/5/2011,12/10/2011,RL-19615,OFF-AR-10003045,26.46,Standard Class,3,Bank Transfer
7570,12/5/2011,12/5/2011,12/10/2011,RL-19615,OFF-PA-10001363,49.12,Standard Class,5,Credit Card
7571,12/5/2011,12/5/2011,12/10/2011,RL-19615,OFF-FA-10002280,15,Standard Class,2,Bank Transfer
7572,10/21/2011,10/21/2011,10/26/2011,FH-14275,OFF-ST-10003479,194.7,Standard Class,2,PayPal
7573,10/21/2011,10/21/2011,10/26/2011,FH-14275,FUR-TA-10004607,591.32,Standard Class,4,Bank Transfer
7574,10/21/2011,10/21/2011,10/26/2011,FH-14275,OFF-AR-10001022,2.84,Standard Class,3,Bank Transfer
7575,12/8/2012,12/8/2012,12/12/2012,YS-21880,OFF-ST-10004186,221.96,Standard Class,5,Credit Card
7576,12/8/2012,12/8/2012,12/12/2012,YS-21880,TEC-AC-10000865,236,Standard Class,2,PayPal
7577,11/2/2011,11/2/2011,11/7/2011,SW-20755,TEC-AC-10000023,41.94,Second Class,2,PayPal
7578,11/2/2011,11/2/2011,11/7/2011,SW-20755,TEC-PH-10001750,52.792,Second Class,1,Credit Card
7579,12/19/2013,12/19/2013,12/22/2013,PN-18775,FUR-CH-10004997,563.94,First Class,1,Bank Transfer
7580,11/23/2012,11/23/2012,11/27/2012,AT-10735,OFF-AP-10000275,2625.12,Second Class,2,Bank Transfer
7581,11/23/2012,11/23/2012,11/27/2012,AT-10735,OFF-AR-10004999,17.94,Second Class,1,PayPal
7582,8/13/2012,8/13/2012,8/16/2012,EJ-13720,OFF-ST-10003816,422.856,First Class,3,Bank Transfer
7583,4/16/2012,4/16/2012,4/21/2012,DM-13345,FUR-CH-10003968,127.764,Standard Class,4,Bank Transfer
7584,3/21/2011,3/21/2011,3/25/2011,KH-16690,TEC-PH-10000730,3499.93,Standard Class,3,Bank Transfer
7585,3/21/2011,3/21/2011,3/25/2011,KH-16690,OFF-LA-10004409,14.4,Standard Class,3,Bank Transfer
7586,3/21/2011,3/21/2011,3/25/2011,KH-16690,OFF-PA-10000675,122.97,Standard Class,5,Bank Transfer
7587,3/21/2011,3/21/2011,3/25/2011,KH-16690,OFF-AR-10001573,9.32,Standard Class,1,PayPal
7588,3/21/2011,3/21/2011,3/25/2011,KH-16690,OFF-BI-10001597,122.94,Standard Class,3,PayPal
7589,11/17/2014,11/17/2014,11/23/2014,MB-18085,FUR-FU-10001196,17.31,Standard Class,2,PayPal
7590,9/25/2012,9/25/2012,9/29/2012,DK-12895,OFF-AR-10004602,128.744,Standard Class,1,Credit Card
7591,9/6/2013,9/6/2013,9/10/2013,DB-13210,FUR-FU-10000260,58.248,Standard Class,2,PayPal
7592,9/6/2013,9/6/2013,9/10/2013,DB-13210,FUR-CH-10001146,71.246,Standard Class,5,PayPal
7593,9/6/2013,9/6/2013,9/10/2013,DB-13210,OFF-AR-10000896,7.872,Standard Class,2,PayPal
7594,9/6/2013,9/6/2013,9/10/2013,DB-13210,FUR-CH-10000309,887.271,Standard Class,1,Credit Card
7595,4/21/2014,4/21/2014,4/25/2014,CV-12295,OFF-BI-10001989,146.86,Standard Class,4,Credit Card
7596,4/21/2014,4/21/2014,4/25/2014,CV-12295,OFF-BI-10001036,36.56,Standard Class,2,Bank Transfer
7597,6/15/2012,6/15/2012,6/19/2012,GK-14620,TEC-PH-10002103,225.576,Standard Class,5,PayPal
7598,9/17/2011,9/17/2011,9/22/2011,JA-15970,OFF-AR-10001473,5.248,Standard Class,3,Bank Transfer
7599,9/17/2011,9/17/2011,9/22/2011,JA-15970,OFF-AR-10000411,38.256,Standard Class,5,Bank Transfer
7600,9/17/2011,9/17/2011,9/22/2011,JA-15970,OFF-PA-10000246,40.24,Standard Class,1,Bank Transfer
7601,9/17/2011,9/17/2011,9/22/2011,JA-15970,TEC-MA-10004086,29.925,Standard Class,2,Credit Card
7602,9/17/2011,9/17/2011,9/22/2011,JA-15970,OFF-PA-10003039,148.704,Standard Class,3,PayPal
7603,9/17/2011,9/17/2011,9/22/2011,JA-15970,TEC-AC-10004633,55.92,Standard Class,1,Credit Card
7604,7/9/2013,7/9/2013,7/13/2013,TH-21115,OFF-PA-10000289,12.96,Standard Class,4,Credit Card
7605,5/28/2013,5/28/2013,6/1/2013,BS-11665,FUR-FU-10003247,25.176,Standard Class,3,PayPal
7606,5/28/2013,5/28/2013,6/1/2013,BS-11665,FUR-FU-10002191,5.584,Standard Class,5,Bank Transfer
7607,5/28/2013,5/28/2013,6/1/2013,BS-11665,OFF-ST-10001496,1297.368,Standard Class,3,PayPal
7608,12/25/2014,12/25/2014,12/28/2014,NS-18505,OFF-ST-10000585,264.32,First Class,1,Credit Card
7609,5/4/2014,5/4/2014,5/8/2014,MK-18160,OFF-PA-10001166,25.92,Standard Class,5,PayPal
7610,5/4/2014,5/4/2014,5/8/2014,MK-18160,OFF-AR-10003651,22.96,Standard Class,2,PayPal
7611,2/23/2011,2/23/2011,2/25/2011,SA-20830,OFF-PA-10001800,19.44,First Class,4,Bank Transfer
7612,2/8/2012,2/8/2012,2/11/2012,BH-11710,OFF-PA-10000791,9.54,First Class,5,PayPal
7613,2/8/2012,2/8/2012,2/11/2012,BH-11710,OFF-FA-10000134,5.81,First Class,5,PayPal
7614,2/8/2012,2/8/2012,2/11/2012,BH-11710,OFF-AR-10001149,5.76,First Class,5,Credit Card
7615,8/24/2012,8/24/2012,8/28/2012,SC-20380,FUR-FU-10000010,14.91,Second Class,2,Credit Card
7616,11/30/2011,11/30/2011,12/4/2011,RF-19345,OFF-BI-10000201,6.642,Standard Class,4,Bank Transfer
7617,12/11/2013,12/11/2013,12/17/2013,CM-12235,OFF-PA-10001776,18.54,Standard Class,2,Credit Card
7618,12/11/2013,12/11/2013,12/17/2013,CM-12235,OFF-BI-10003656,679.96,Standard Class,3,Bank Transfer
7619,10/28/2014,10/28/2014,10/30/2014,JM-15655,FUR-TA-10001539,189.576,First Class,4,Bank Transfer
7620,10/28/2014,10/28/2014,10/30/2014,JM-15655,TEC-PH-10004100,71.96,First Class,5,PayPal
7621,11/25/2011,11/25/2011,11/29/2011,RB-19435,TEC-PH-10001580,539.92,Standard Class,2,Bank Transfer
7622,11/25/2011,11/25/2011,11/29/2011,RB-19435,FUR-CH-10002335,725.344,Standard Class,2,Bank Transfer
7623,11/25/2011,11/25/2011,11/29/2011,RB-19435,OFF-AR-10004707,7.44,Standard Class,4,PayPal
7624,7/14/2011,7/14/2011,7/20/2011,SS-20515,OFF-AP-10000576,39.48,Standard Class,1,Bank Transfer
7625,5/23/2012,5/23/2012,5/27/2012,NM-18445,OFF-AP-10001394,850.5,Second Class,1,PayPal
7626,5/23/2012,5/23/2012,5/27/2012,NM-18445,FUR-FU-10003724,75.33,Second Class,1,Credit Card
7627,11/21/2012,11/21/2012,11/23/2012,EM-14095,OFF-AP-10002867,325.632,Second Class,4,PayPal
7628,11/21/2012,11/21/2012,11/23/2012,EM-14095,TEC-AC-10002718,23.344,Second Class,2,Credit Card
7629,11/21/2012,11/21/2012,11/23/2012,EM-14095,OFF-LA-10003121,16.52,Second Class,2,Bank Transfer
7630,3/30/2011,3/30/2011,4/1/2011,MP-17470,OFF-EN-10002230,335.72,First Class,2,Credit Card
7631,3/30/2011,3/30/2011,4/1/2011,MP-17470,TEC-PH-10001819,251.944,First Class,2,Bank Transfer
7632,3/30/2011,3/30/2011,4/1/2011,MP-17470,FUR-CH-10002304,127.302,First Class,1,Credit Card
7633,12/30/2014,12/30/2014,1/2/2015,KH-16360,FUR-CH-10002602,1207.84,Second Class,5,PayPal
7634,12/30/2014,12/30/2014,1/2/2015,KH-16360,OFF-BI-10002414,12.53,Second Class,4,Bank Transfer
7635,12/30/2014,12/30/2014,1/2/2015,KH-16360,OFF-AR-10003696,34.58,Second Class,2,Bank Transfer
7636,12/30/2014,12/30/2014,1/2/2015,KH-16360,FUR-CH-10004495,300.98,Second Class,5,Bank Transfer
7637,12/30/2014,12/30/2014,1/2/2015,KH-16360,FUR-CH-10001270,258.75,Second Class,1,PayPal
7638,3/3/2014,3/3/2014,3/9/2014,DB-13555,OFF-AR-10001615,59.52,Standard Class,4,Credit Card
7639,3/3/2014,3/3/2014,3/9/2014,DB-13555,OFF-EN-10003286,57.96,Standard Class,4,PayPal
7640,3/3/2014,3/3/2014,3/9/2014,DB-13555,FUR-BO-10003660,441.96,Standard Class,2,Bank Transfer
7641,3/3/2014,3/3/2014,3/9/2014,DB-13555,OFF-PA-10002764,68.04,Standard Class,2,Credit Card
7642,10/7/2013,10/7/2013,10/8/2013,LB-16795,TEC-MA-10001695,703.71,First Class,2,Credit Card
7643,10/7/2013,10/7/2013,10/8/2013,LB-16795,OFF-BI-10002824,17.904,First Class,1,Credit Card
7644,10/7/2013,10/7/2013,10/8/2013,LB-16795,OFF-BI-10002571,11.976,First Class,5,PayPal
7645,10/7/2013,10/7/2013,10/8/2013,LB-16795,TEC-AC-10001553,67.96,First Class,2,Credit Card
7646,4/5/2012,4/5/2012,4/11/2012,CA-11965,FUR-CH-10003973,892.224,Standard Class,5,PayPal
7647,9/9/2011,9/9/2011,9/13/2011,DL-12925,TEC-MA-10002073,1299.99,Standard Class,3,Credit Card
7648,3/16/2013,3/16/2013,3/17/2013,FC-14335,OFF-BI-10003529,4.544,First Class,1,PayPal
7649,3/16/2013,3/16/2013,3/17/2013,FC-14335,FUR-CH-10000309,1352.032,First Class,5,Bank Transfer
7650,12/27/2012,12/27/2012,12/31/2012,DB-13120,FUR-TA-10004154,1548.99,Standard Class,4,Credit Card
7651,12/27/2012,12/27/2012,12/31/2012,DB-13120,OFF-EN-10003286,19.872,Standard Class,5,PayPal
7652,8/8/2014,8/8/2014,8/9/2014,CK-12205,TEC-AC-10001552,119.448,First Class,4,Bank Transfer
7653,8/8/2014,8/8/2014,8/9/2014,CK-12205,OFF-ST-10002790,118.16,First Class,3,PayPal
7654,3/22/2012,3/22/2012,3/27/2012,FW-14395,OFF-AR-10003217,19.56,Standard Class,5,PayPal
7655,11/30/2012,11/30/2012,12/2/2012,JM-15865,FUR-FU-10002813,80.96,Second Class,1,Bank Transfer
7656,11/30/2012,11/30/2012,12/2/2012,JM-15865,OFF-PA-10003848,25.92,Second Class,3,Bank Transfer
7657,4/15/2011,4/15/2011,4/15/2011,PS-18970,OFF-AP-10000240,106.96,Same Day,3,PayPal
7658,4/15/2011,4/15/2011,4/15/2011,PS-18970,FUR-FU-10004091,187.76,Same Day,2,PayPal
7659,7/31/2014,7/31/2014,8/3/2014,TC-21475,OFF-BI-10001071,76.776,First Class,1,PayPal
7660,6/2/2014,6/2/2014,6/6/2014,CV-12805,OFF-BI-10003676,53.9,Standard Class,4,PayPal
7661,1/8/2011,1/8/2011,1/13/2011,VS-21820,FUR-FU-10004864,76.728,Standard Class,1,Credit Card
7662,1/8/2011,1/8/2011,1/13/2011,VS-21820,OFF-BI-10003708,10.43,Standard Class,2,PayPal
7663,9/30/2014,9/30/2014,10/2/2014,SC-20575,OFF-AR-10002067,99.2,First Class,3,Bank Transfer
7664,9/14/2014,9/14/2014,9/20/2014,SG-20605,OFF-AR-10003158,15.92,Standard Class,1,PayPal
7665,10/22/2011,10/22/2011,10/26/2011,NB-18580,FUR-FU-10000193,129.92,Standard Class,4,PayPal
7666,10/5/2013,10/5/2013,10/9/2013,DR-12940,OFF-BI-10000977,30.4,Standard Class,3,Bank Transfer
7667,10/5/2013,10/5/2013,10/9/2013,DR-12940,TEC-CO-10001449,5399.91,Standard Class,2,Credit Card
7668,10/5/2013,10/5/2013,10/9/2013,DR-12940,OFF-ST-10000136,119.1,Standard Class,3,Bank Transfer
7669,11/27/2012,11/27/2012,11/29/2012,MA-17560,OFF-PA-10000743,40.08,Second Class,3,Credit Card
7670,11/27/2012,11/27/2012,11/29/2012,MA-17560,OFF-PA-10001019,59.94,Second Class,2,Credit Card
7671,11/27/2012,11/27/2012,11/29/2012,MA-17560,TEC-AC-10003095,259.98,Second Class,4,Credit Card
7672,11/27/2012,11/27/2012,11/29/2012,MA-17560,FUR-BO-10002916,170.98,Second Class,1,Credit Card
7673,11/27/2012,11/27/2012,11/29/2012,MA-17560,FUR-FU-10002506,38.97,Second Class,4,PayPal
7674,11/27/2012,11/27/2012,11/29/2012,MA-17560,OFF-PA-10003823,154.9,Second Class,1,Credit Card
7675,11/27/2012,11/27/2012,11/29/2012,MA-17560,FUR-TA-10004619,446.068,Second Class,5,Credit Card
7676,5/7/2014,5/7/2014,5/10/2014,TS-21655,OFF-AP-10001271,152.94,Second Class,2,Credit Card
7677,10/8/2011,10/8/2011,10/8/2011,JG-15115,TEC-AC-10002331,23.472,Same Day,3,Bank Transfer
7678,12/31/2011,12/31/2011,1/7/2012,KM-16375,OFF-PA-10003228,195.64,Standard Class,1,PayPal
7679,12/31/2011,12/31/2011,1/7/2012,KM-16375,OFF-PA-10002586,14.94,Standard Class,3,Credit Card
7680,12/31/2011,12/31/2011,1/7/2012,KM-16375,TEC-AC-10002049,1687.8,Standard Class,3,Bank Transfer
7681,12/31/2011,12/31/2011,1/7/2012,KM-16375,FUR-BO-10000362,341.96,Standard Class,3,PayPal
7682,12/31/2011,12/31/2011,1/7/2012,KM-16375,FUR-CH-10004218,605.88,Standard Class,4,Credit Card
7683,4/28/2012,4/28/2012,5/1/2012,SD-20485,OFF-AP-10003779,186.732,First Class,4,Bank Transfer
7684,4/28/2012,4/28/2012,5/1/2012,SD-20485,OFF-BI-10003527,3812.97,First Class,3,Bank Transfer
7685,2/14/2012,2/14/2012,2/21/2012,TT-21070,OFF-BI-10002897,26.424,Standard Class,1,Bank Transfer
7686,2/14/2012,2/14/2012,2/21/2012,TT-21070,TEC-PH-10002584,625.99,Standard Class,5,PayPal
7687,11/26/2013,11/26/2013,11/30/2013,BB-11545,FUR-TA-10001095,1568.61,Standard Class,4,Bank Transfer
7688,11/26/2013,11/26/2013,11/30/2013,BB-11545,OFF-BI-10004002,17.3,Standard Class,3,PayPal
7689,11/26/2013,11/26/2013,11/30/2013,BB-11545,TEC-AC-10004518,160,Standard Class,5,PayPal
7690,7/16/2014,7/16/2014,7/18/2014,RS-19420,OFF-AP-10002191,179.94,First Class,1,Credit Card
7691,7/16/2014,7/16/2014,7/18/2014,RS-19420,FUR-TA-10004575,872.94,First Class,5,Bank Transfer
7692,7/16/2014,7/16/2014,7/18/2014,RS-19420,OFF-PA-10003177,12.96,First Class,5,Bank Transfer
7693,12/29/2011,12/29/2011,1/3/2012,AI-10855,OFF-LA-10003923,88.8,Standard Class,4,PayPal
7694,12/29/2011,12/29/2011,1/3/2012,AI-10855,TEC-PH-10001051,319.968,Standard Class,1,Bank Transfer
7695,3/23/2013,3/23/2013,3/23/2013,MC-17275,FUR-CH-10004754,167.888,Same Day,5,PayPal
7696,7/3/2014,7/3/2014,7/6/2014,AH-10120,OFF-PA-10000357,163.96,First Class,2,Credit Card
7697,7/3/2014,7/3/2014,7/6/2014,AH-10120,OFF-BI-10001787,5.232,First Class,1,PayPal
7698,12/15/2014,12/15/2014,12/19/2014,BF-11170,TEC-CO-10002313,1199.98,Standard Class,1,Bank Transfer
7699,12/15/2014,12/15/2014,12/19/2014,BF-11170,OFF-ST-10002790,73.85,Standard Class,4,Bank Transfer
7700,12/15/2014,12/15/2014,12/19/2014,BF-11170,OFF-SU-10001664,25.71,Standard Class,5,PayPal
7701,12/15/2014,12/15/2014,12/19/2014,BF-11170,OFF-FA-10001332,17.28,Standard Class,1,PayPal
7702,12/15/2014,12/15/2014,12/19/2014,BF-11170,FUR-TA-10003473,526.582,Standard Class,2,PayPal
7703,8/27/2013,8/27/2013,9/3/2013,AA-10480,OFF-PA-10000605,11.56,Standard Class,5,Credit Card
7704,8/27/2013,8/27/2013,9/3/2013,AA-10480,TEC-PH-10002170,209.97,Standard Class,4,PayPal
7705,8/27/2013,8/27/2013,9/3/2013,AA-10480,FUR-TA-10004147,447.84,Standard Class,5,Bank Transfer
7706,8/27/2013,8/27/2013,9/3/2013,AA-10480,TEC-AC-10003911,479.97,Standard Class,4,Credit Card
7707,8/27/2013,8/27/2013,9/3/2013,AA-10480,OFF-AR-10002578,8.64,Standard Class,4,Bank Transfer
7708,10/16/2014,10/16/2014,10/20/2014,SV-20815,OFF-AR-10001761,11.68,Standard Class,4,PayPal
7709,10/25/2011,10/25/2011,10/29/2011,EH-14185,TEC-AC-10001553,40.776,Standard Class,3,Credit Card
7710,10/25/2011,10/25/2011,10/29/2011,EH-14185,OFF-BI-10000309,13.698,Standard Class,3,PayPal
7711,4/2/2012,4/2/2012,4/7/2012,JL-15850,TEC-PH-10003095,87.8,Standard Class,3,PayPal
7712,10/29/2014,10/29/2014,10/31/2014,JM-15250,FUR-FU-10001876,77.952,Second Class,4,PayPal
7713,10/29/2014,10/29/2014,10/31/2014,JM-15250,OFF-ST-10001522,147.184,Second Class,2,PayPal
7714,10/29/2014,10/29/2014,10/31/2014,JM-15250,OFF-PA-10000300,47.952,Second Class,1,Bank Transfer
7715,12/5/2011,12/5/2011,12/7/2011,JB-15925,OFF-AP-10001469,250.26,First Class,3,Credit Card
7716,11/4/2014,11/4/2014,11/9/2014,PB-19105,TEC-AC-10001553,40.776,Standard Class,5,Bank Transfer
7717,1/6/2012,1/6/2012,1/12/2012,SP-20620,OFF-PA-10004041,29.6,Standard Class,2,Credit Card
7718,1/6/2012,1/6/2012,1/12/2012,SP-20620,OFF-BI-10002764,1.938,Standard Class,3,Bank Transfer
7719,9/10/2014,9/10/2014,9/15/2014,MC-17605,TEC-AC-10001114,159.96,Standard Class,5,Credit Card
7720,1/5/2012,1/5/2012,1/10/2012,BG-11695,OFF-AR-10001615,59.52,Standard Class,1,PayPal
7721,1/5/2012,1/5/2012,1/10/2012,BG-11695,OFF-EN-10000461,17.48,Standard Class,3,PayPal
7722,1/5/2012,1/5/2012,1/10/2012,BG-11695,OFF-BI-10004506,13.168,Standard Class,3,Credit Card
7723,4/17/2014,4/17/2014,4/21/2014,JO-15550,OFF-AP-10000027,40.74,Standard Class,1,Credit Card
7724,9/10/2012,9/10/2012,9/14/2012,AR-10345,FUR-CH-10003981,179.886,Standard Class,2,Bank Transfer
7725,9/26/2013,9/26/2013,9/30/2013,TS-21505,OFF-AP-10003849,286.256,Standard Class,5,Credit Card
7726,9/26/2013,9/26/2013,9/30/2013,TS-21505,OFF-ST-10004963,24.224,Standard Class,5,PayPal
7727,9/26/2013,9/26/2013,9/30/2013,TS-21505,OFF-ST-10002574,331.536,Standard Class,2,Bank Transfer
7728,3/16/2012,3/16/2012,3/20/2012,JK-15640,OFF-AR-10001761,17.52,Second Class,3,PayPal
7729,11/27/2013,11/27/2013,12/3/2013,GA-14515,OFF-AR-10000716,17.856,Standard Class,2,Credit Card
7730,9/27/2013,9/27/2013,10/2/2013,TN-21040,TEC-AC-10002637,431.976,Standard Class,1,Bank Transfer
7731,6/14/2014,6/14/2014,6/20/2014,TW-21025,FUR-CH-10003774,291.136,Standard Class,3,PayPal
7732,9/19/2014,9/19/2014,9/22/2014,PA-19060,OFF-EN-10000927,114.848,First Class,1,Credit Card
7733,6/3/2014,6/3/2014,6/9/2014,JD-15790,OFF-PA-10000743,10.688,Standard Class,2,Credit Card
7734,5/16/2013,5/16/2013,5/20/2013,MN-17935,OFF-PA-10000697,15.232,Second Class,5,Bank Transfer
7735,9/16/2014,9/16/2014,9/21/2014,GM-14500,OFF-AR-10004441,12.42,Standard Class,1,Credit Card
7736,8/23/2013,8/23/2013,8/27/2013,DG-13300,OFF-PA-10001870,19.44,Standard Class,4,Bank Transfer
7737,5/30/2011,5/30/2011,6/6/2011,JG-15160,OFF-BI-10003684,70.368,Standard Class,3,Bank Transfer
7738,12/19/2014,12/19/2014,12/21/2014,AG-10330,OFF-AR-10001315,12.672,First Class,4,Bank Transfer
7739,7/31/2014,7/31/2014,8/7/2014,JF-15355,TEC-PH-10003589,89.95,Standard Class,5,Bank Transfer
7740,11/21/2011,11/21/2011,11/26/2011,SC-20680,OFF-PA-10001609,6.58,Standard Class,3,PayPal
7741,11/21/2011,11/21/2011,11/26/2011,SC-20680,TEC-AC-10000474,94.99,Standard Class,4,Credit Card
7742,9/24/2012,9/24/2012,9/26/2012,CM-11935,TEC-PH-10003095,35.12,Second Class,2,Bank Transfer
7743,8/21/2014,8/21/2014,8/28/2014,KT-16480,OFF-PA-10001639,25.92,Standard Class,4,Credit Card
7744,6/18/2013,6/18/2013,6/23/2013,CP-12340,OFF-BI-10002003,7.96,Standard Class,5,Credit Card
7745,6/18/2013,6/18/2013,6/23/2013,CP-12340,TEC-PH-10004539,566.97,Standard Class,1,Bank Transfer
7746,6/18/2013,6/18/2013,6/23/2013,CP-12340,OFF-AR-10003829,9.84,Standard Class,3,PayPal
7747,12/19/2012,12/19/2012,12/23/2012,EK-13795,TEC-AC-10004761,25.488,Standard Class,1,PayPal
7748,5/31/2012,5/31/2012,6/2/2012,CW-11905,OFF-FA-10003472,7.56,Second Class,4,Bank Transfer
7749,6/18/2012,6/18/2012,6/24/2012,KH-16510,FUR-FU-10003464,60.84,Standard Class,2,Bank Transfer
7750,6/18/2012,6/18/2012,6/24/2012,KH-16510,OFF-ST-10003716,450.04,Standard Class,2,Credit Card
7751,6/18/2012,6/18/2012,6/24/2012,KH-16510,OFF-BI-10004002,34.6,Standard Class,2,PayPal
7752,6/18/2012,6/18/2012,6/24/2012,KH-16510,TEC-PH-10002496,467.97,Standard Class,2,Bank Transfer
7753,6/18/2012,6/18/2012,6/24/2012,KH-16510,OFF-BI-10004826,33.02,Standard Class,4,Bank Transfer
7754,11/30/2012,11/30/2012,12/3/2012,AB-10600,FUR-FU-10001546,17.088,First Class,3,PayPal
7755,12/21/2012,12/21/2012,12/23/2012,AH-10075,OFF-AR-10001919,3.008,Second Class,4,Bank Transfer
7756,11/18/2014,11/18/2014,11/22/2014,CK-12595,OFF-PA-10002558,268.24,Standard Class,1,PayPal
7757,11/18/2014,11/18/2014,11/22/2014,CK-12595,TEC-AC-10003174,431.16,Standard Class,3,Bank Transfer
7758,11/14/2014,11/14/2014,11/17/2014,SP-20620,TEC-PH-10003988,43.6,Second Class,5,Credit Card
7759,11/14/2014,11/14/2014,11/17/2014,SP-20620,FUR-FU-10004845,154.95,Second Class,3,PayPal
7760,10/25/2013,10/25/2013,10/29/2013,JP-15460,OFF-PA-10003072,15.552,Standard Class,1,Credit Card
7761,12/6/2011,12/6/2011,12/11/2011,BG-11035,OFF-PA-10003641,42.208,Standard Class,2,Credit Card
7762,12/4/2014,12/4/2014,12/7/2014,CC-12550,OFF-PA-10003729,10.368,First Class,3,PayPal
7763,9/27/2014,9/27/2014,9/29/2014,SL-20155,OFF-AR-10003251,2.224,First Class,1,PayPal
7764,2/3/2012,2/3/2012,2/7/2012,FO-14305,OFF-EN-10003286,74.52,Standard Class,1,PayPal
7765,8/13/2014,8/13/2014,8/13/2014,BB-11545,OFF-AR-10004078,17.52,Same Day,3,Bank Transfer
7766,8/13/2014,8/13/2014,8/13/2014,BB-11545,FUR-CH-10002331,1779.9,Same Day,1,Credit Card
7767,8/13/2014,8/13/2014,8/13/2014,BB-11545,OFF-AR-10001953,219.9,Same Day,4,PayPal
7768,8/24/2012,8/24/2012,8/26/2012,DO-13435,OFF-AR-10002053,7.152,First Class,1,Bank Transfer
7769,11/13/2014,11/13/2014,11/18/2014,LB-16735,OFF-PA-10003651,26.72,Standard Class,4,Credit Card
7770,8/2/2013,8/2/2013,8/2/2013,TS-21205,TEC-PH-10002885,1039.728,Same Day,2,Bank Transfer
7771,8/2/2013,8/2/2013,8/2/2013,TS-21205,OFF-AP-10002892,45.96,Same Day,5,Credit Card
7772,11/26/2013,11/26/2013,12/3/2013,CS-12505,OFF-BI-10000545,456.588,Standard Class,1,Credit Card
7773,11/26/2013,11/26/2013,12/3/2013,CS-12505,TEC-MA-10000418,4499.985,Standard Class,1,PayPal
7774,11/26/2013,11/26/2013,12/3/2013,CS-12505,TEC-AC-10000926,59.976,Standard Class,5,Credit Card
7775,4/14/2013,4/14/2013,4/16/2013,SP-20920,OFF-EN-10001509,6.12,First Class,2,Bank Transfer
7776,12/27/2011,12/27/2011,12/31/2011,CD-12790,OFF-AP-10001366,10.98,Standard Class,1,Bank Transfer
7777,12/27/2011,12/27/2011,12/31/2011,CD-12790,OFF-FA-10003485,7.86,Standard Class,1,Credit Card
7778,12/27/2011,12/27/2011,12/31/2011,CD-12790,OFF-ST-10004507,51.45,Standard Class,1,Credit Card
7779,12/27/2011,12/27/2011,12/31/2011,CD-12790,OFF-BI-10002353,37.056,Standard Class,3,Bank Transfer
7780,4/19/2013,4/19/2013,4/23/2013,RF-19840,OFF-AP-10001271,203.92,Standard Class,4,Credit Card
7781,4/19/2013,4/19/2013,4/23/2013,RF-19840,TEC-PH-10004924,29.56,Standard Class,4,Credit Card
7782,3/8/2012,3/8/2012,3/12/2012,FO-14305,OFF-BI-10002706,8.568,Standard Class,4,Credit Card
7783,11/5/2013,11/5/2013,11/7/2013,ER-13855,OFF-ST-10003442,45.248,Second Class,3,PayPal
7784,11/5/2013,11/5/2013,11/7/2013,ER-13855,FUR-TA-10002533,876.3,Second Class,5,Bank Transfer
7785,11/5/2013,11/5/2013,11/7/2013,ER-13855,OFF-SU-10003505,185.376,Second Class,3,Credit Card
7786,11/29/2011,11/29/2011,12/6/2011,PB-19150,OFF-LA-10002762,25.06,Standard Class,3,PayPal
7787,5/18/2013,5/18/2013,5/21/2013,LW-17215,OFF-BI-10000279,2.89,First Class,2,PayPal
7788,5/18/2013,5/18/2013,5/21/2013,LW-17215,OFF-FA-10000936,7.896,First Class,4,PayPal
7789,5/18/2013,5/18/2013,5/21/2013,LW-17215,FUR-FU-10004973,22.608,First Class,3,Credit Card
7790,5/18/2013,5/18/2013,5/21/2013,LW-17215,OFF-PA-10000791,30.528,First Class,2,Bank Transfer
7791,9/20/2014,9/20/2014,9/20/2014,FG-14260,OFF-BI-10001132,4.842,Same Day,4,PayPal
7792,12/20/2013,12/20/2013,12/25/2013,BP-11050,OFF-BI-10002012,1.8,Standard Class,3,PayPal
7793,10/13/2014,10/13/2014,10/16/2014,SP-20860,TEC-AC-10001383,39.984,First Class,1,PayPal
7794,12/12/2012,12/12/2012,12/15/2012,JD-15895,OFF-PA-10002036,32.4,Second Class,4,Credit Card
7795,12/12/2012,12/12/2012,12/15/2012,JD-15895,OFF-PA-10002377,97.88,Second Class,3,PayPal
7796,7/12/2012,7/12/2012,7/18/2012,FM-14380,TEC-PH-10000526,307.168,Standard Class,1,PayPal
7797,10/2/2012,10/2/2012,10/6/2012,MP-17965,OFF-BI-10001078,26.9,Standard Class,5,Bank Transfer
7798,3/25/2014,3/25/2014,3/28/2014,HR-14830,OFF-EN-10004483,47.01,First Class,3,Bank Transfer
7799,3/25/2014,3/25/2014,3/28/2014,HR-14830,TEC-PH-10002624,469.99,First Class,4,Bank Transfer
7800,3/25/2014,3/25/2014,3/28/2014,HR-14830,FUR-CH-10003396,207.846,First Class,3,PayPal
7801,6/2/2014,6/2/2014,6/7/2014,BW-11065,OFF-ST-10002756,324.744,Standard Class,2,Credit Card
7802,3/24/2011,3/24/2011,3/29/2011,MS-17710,FUR-FU-10002813,40.48,Second Class,3,Credit Card
7803,9/22/2012,9/22/2012,9/26/2012,SJ-20125,OFF-LA-10003714,12,Standard Class,5,Bank Transfer
7804,9/22/2012,9/22/2012,9/26/2012,SJ-20125,OFF-ST-10003716,720.064,Standard Class,3,Bank Transfer
7805,9/22/2012,9/22/2012,9/26/2012,SJ-20125,OFF-ST-10002289,25.424,Standard Class,1,Credit Card
7806,9/22/2012,9/22/2012,9/26/2012,SJ-20125,OFF-AR-10001315,2.816,Standard Class,5,PayPal
7807,9/22/2012,9/22/2012,9/26/2012,SJ-20125,OFF-BI-10000042,3.204,Standard Class,3,Credit Card
7808,1/8/2013,1/8/2013,1/13/2013,VS-21820,OFF-BI-10004236,30.828,Standard Class,3,PayPal
7809,1/8/2013,1/8/2013,1/13/2013,VS-21820,OFF-AR-10001955,47.616,Standard Class,2,Credit Card
7810,1/8/2013,1/8/2013,1/13/2013,VS-21820,TEC-PH-10004080,108.784,Standard Class,2,Credit Card
7811,2/14/2013,2/14/2013,2/15/2013,DK-13090,OFF-PA-10000791,4.77,First Class,4,Credit Card
7812,2/14/2013,2/14/2013,2/15/2013,DK-13090,OFF-AR-10001770,7.98,First Class,5,PayPal
7813,2/14/2013,2/14/2013,2/15/2013,DK-13090,FUR-TA-10002356,550.431,First Class,2,Bank Transfer
7814,2/14/2013,2/14/2013,2/15/2013,DK-13090,FUR-FU-10003274,10.56,First Class,5,Bank Transfer
7815,6/9/2014,6/9/2014,6/11/2014,MG-17680,FUR-BO-10004834,1497.666,First Class,5,Bank Transfer
7816,6/9/2014,6/9/2014,6/11/2014,MG-17680,TEC-PH-10000307,17.52,First Class,1,PayPal
7817,10/22/2013,10/22/2013,10/27/2013,DP-13390,OFF-AR-10002240,113.22,Second Class,5,Credit Card
7818,10/22/2013,10/22/2013,10/27/2013,DP-13390,OFF-PA-10001801,35.88,Second Class,4,Bank Transfer
7819,10/22/2013,10/22/2013,10/27/2013,DP-13390,OFF-BI-10001120,4535.976,Second Class,3,PayPal
7820,1/27/2014,1/27/2014,1/31/2014,CJ-12010,OFF-FA-10000611,11.84,Standard Class,1,Bank Transfer
7821,12/9/2014,12/9/2014,12/11/2014,CW-11905,OFF-ST-10000036,592.74,Second Class,2,Bank Transfer
7822,10/22/2013,10/22/2013,10/25/2013,GW-14605,OFF-ST-10004950,111.672,Second Class,5,Credit Card
7823,8/26/2011,8/26/2011,9/1/2011,PP-18955,OFF-AR-10003770,8.64,Standard Class,3,Bank Transfer
7824,8/26/2011,8/26/2011,9/1/2011,PP-18955,TEC-AC-10002800,149.97,Standard Class,5,Bank Transfer
7825,5/16/2011,5/16/2011,5/23/2011,PW-19030,FUR-CH-10002439,232.88,Standard Class,3,Bank Transfer
7826,2/3/2012,2/3/2012,2/7/2012,PW-19030,FUR-CH-10004218,90.882,Standard Class,5,Bank Transfer
7827,11/1/2014,11/1/2014,11/6/2014,CY-12745,TEC-PH-10004042,508.768,Standard Class,4,Bank Transfer
7828,11/1/2014,11/1/2014,11/6/2014,CY-12745,OFF-EN-10001137,9.912,Standard Class,1,Bank Transfer
7829,4/26/2012,4/26/2012,5/1/2012,BW-11110,FUR-CH-10002017,63.936,Standard Class,2,Bank Transfer
7830,4/26/2012,4/26/2012,5/1/2012,BW-11110,OFF-AR-10000588,59.52,Standard Class,2,Credit Card
7831,4/26/2012,4/26/2012,5/1/2012,BW-11110,TEC-PH-10003174,311.976,Standard Class,4,Credit Card
7832,4/26/2012,4/26/2012,5/1/2012,BW-11110,OFF-BI-10001524,50.352,Standard Class,4,PayPal
7833,5/10/2013,5/10/2013,5/14/2013,MB-18085,TEC-PH-10001552,19.136,Standard Class,2,Credit Card
7834,1/24/2012,1/24/2012,1/28/2012,CR-12820,OFF-AR-10004757,13.12,Standard Class,2,Credit Card
7835,4/13/2012,4/13/2012,4/17/2012,EB-14110,FUR-TA-10002530,241.568,Second Class,1,PayPal
7836,4/13/2012,4/13/2012,4/17/2012,EB-14110,TEC-PH-10001494,479.92,Second Class,2,Bank Transfer
7837,9/25/2012,9/25/2012,9/30/2012,SH-19975,FUR-CH-10004289,307.136,Standard Class,4,PayPal
7838,9/25/2012,9/25/2012,9/30/2012,SH-19975,OFF-LA-10002945,12.6,Standard Class,1,Credit Card
7839,9/25/2012,9/25/2012,9/30/2012,SH-19975,TEC-AC-10002567,159.98,Standard Class,4,Bank Transfer
7840,3/28/2011,3/28/2011,4/2/2011,CV-12295,OFF-EN-10001509,6.12,Standard Class,1,PayPal
7841,3/28/2011,3/28/2011,4/2/2011,CV-12295,FUR-TA-10003954,1184.72,Standard Class,2,Bank Transfer
7842,7/18/2013,7/18/2013,7/23/2013,AT-10735,OFF-AP-10002892,45.96,Standard Class,3,Credit Card
7843,4/19/2011,4/19/2011,4/23/2011,AG-10390,OFF-BI-10003638,58.05,Second Class,4,PayPal
7844,4/19/2011,4/19/2011,4/23/2011,AG-10390,OFF-PA-10001569,71.28,Second Class,4,Bank Transfer
7845,7/22/2014,7/22/2014,7/26/2014,GM-14500,FUR-TA-10001676,124.404,Standard Class,1,PayPal
7846,9/27/2012,9/27/2012,10/2/2012,JK-15205,OFF-PA-10001125,154.9,Standard Class,3,Credit Card
7847,9/27/2012,9/27/2012,10/2/2012,JK-15205,TEC-PH-10002496,1871.88,Standard Class,1,Credit Card
7848,2/27/2013,2/27/2013,3/3/2013,DW-13540,FUR-FU-10004053,16.192,Standard Class,1,Credit Card
7849,5/3/2013,5/3/2013,5/7/2013,AS-10090,OFF-ST-10000321,18.936,Standard Class,3,PayPal
7850,5/3/2013,5/3/2013,5/7/2013,AS-10090,OFF-ST-10002957,12.672,Standard Class,3,PayPal
7851,5/3/2013,5/3/2013,5/7/2013,AS-10090,OFF-LA-10000973,5.04,Standard Class,4,Bank Transfer
7852,12/9/2011,12/9/2011,12/15/2011,TS-21205,OFF-PA-10000143,8.448,Standard Class,1,PayPal
7853,12/9/2011,12/9/2011,12/15/2011,TS-21205,OFF-AP-10003287,20.388,Standard Class,3,PayPal
7854,12/25/2012,12/25/2012,12/29/2012,SM-20320,OFF-PA-10001526,9.96,Standard Class,1,Bank Transfer
7855,12/8/2014,12/8/2014,12/13/2014,BH-11710,OFF-AP-10004540,320.64,Standard Class,2,Credit Card
7856,12/8/2014,12/8/2014,12/13/2014,BH-11710,TEC-AC-10001266,52,Standard Class,1,Bank Transfer
7857,5/30/2011,5/30/2011,6/1/2011,LW-16825,OFF-BI-10004233,25.584,First Class,2,Bank Transfer
7858,5/30/2011,5/30/2011,6/1/2011,LW-16825,TEC-PH-10003505,464,First Class,2,Bank Transfer
7859,5/30/2011,5/30/2011,6/1/2011,LW-16825,OFF-AP-10001005,235.95,First Class,2,PayPal
7860,5/30/2011,5/30/2011,6/1/2011,LW-16825,OFF-PA-10001712,39.96,First Class,3,PayPal
7861,3/3/2014,3/3/2014,3/7/2014,JA-15970,OFF-BI-10002353,18.528,Standard Class,2,PayPal
7862,10/12/2012,10/12/2012,10/17/2012,KA-16525,TEC-AC-10003038,17.9,Standard Class,2,PayPal
7863,10/12/2012,10/12/2012,10/17/2012,KA-16525,OFF-ST-10000934,81.96,Standard Class,5,PayPal
7864,7/14/2012,7/14/2012,7/19/2012,TG-21310,OFF-ST-10002743,272.736,Second Class,4,Bank Transfer
7865,7/14/2012,7/14/2012,7/19/2012,TG-21310,OFF-PA-10001846,18.496,Second Class,4,Bank Transfer
7866,7/14/2012,7/14/2012,7/19/2012,TG-21310,FUR-CH-10004287,441.92,Second Class,3,Bank Transfer
7867,7/14/2012,7/14/2012,7/19/2012,TG-21310,FUR-BO-10001608,127.764,Second Class,5,Credit Card
7868,11/19/2011,11/19/2011,11/24/2011,DB-13360,OFF-PA-10000357,166.44,Second Class,5,Bank Transfer
7869,5/28/2013,5/28/2013,6/3/2013,LS-17245,OFF-PA-10000575,13.38,Standard Class,2,PayPal
7870,7/4/2014,7/4/2014,7/10/2014,MO-17950,TEC-AC-10002167,24,Standard Class,1,Bank Transfer
7871,9/26/2014,9/26/2014,9/30/2014,CA-11965,OFF-EN-10004459,24.448,Standard Class,3,PayPal
7872,10/4/2013,10/4/2013,10/8/2013,DB-12910,OFF-LA-10002271,6.16,Standard Class,4,PayPal
7873,10/4/2013,10/4/2013,10/8/2013,DB-12910,FUR-CH-10004063,915.136,Standard Class,2,Bank Transfer
7874,10/4/2013,10/4/2013,10/8/2013,DB-12910,OFF-PA-10004610,8.56,Standard Class,5,Bank Transfer
7875,10/4/2013,10/4/2013,10/8/2013,DB-12910,OFF-PA-10001878,97.82,Standard Class,5,Credit Card
7876,9/10/2014,9/10/2014,9/16/2014,DK-12835,OFF-PA-10002036,31.104,Standard Class,5,Credit Card
7877,9/10/2014,9/10/2014,9/16/2014,DK-12835,OFF-AP-10003278,11.176,Standard Class,4,Credit Card
7878,3/12/2012,3/12/2012,3/18/2012,EB-14170,OFF-LA-10001641,5.04,Standard Class,3,Credit Card
7879,11/30/2013,11/30/2013,12/5/2013,DR-12940,FUR-FU-10003806,242.176,Second Class,4,Bank Transfer
7880,6/15/2013,6/15/2013,6/22/2013,JS-15685,FUR-TA-10003392,337.176,Standard Class,2,PayPal
7881,12/4/2014,12/4/2014,12/7/2014,LC-16870,OFF-AR-10003856,13.344,Second Class,5,Bank Transfer
7882,12/4/2014,12/4/2014,12/7/2014,LC-16870,TEC-AC-10002006,76.752,Second Class,2,Credit Card
7883,12/4/2014,12/4/2014,12/7/2014,LC-16870,TEC-AC-10002006,102.336,Second Class,2,PayPal
7884,12/4/2014,12/4/2014,12/7/2014,LC-16870,OFF-PA-10002246,10.32,Second Class,3,PayPal
7885,12/4/2014,12/4/2014,12/7/2014,LC-16870,OFF-SU-10004782,47.32,Second Class,3,Credit Card
7886,12/4/2014,12/4/2014,12/7/2014,LC-16870,FUR-FU-10004351,23.376,Second Class,2,PayPal
7887,12/4/2014,12/4/2014,12/7/2014,LC-16870,FUR-FU-10004270,16.72,Second Class,4,PayPal
7888,12/4/2014,12/4/2014,12/7/2014,LC-16870,FUR-FU-10004053,16.192,Second Class,1,Bank Transfer
7889,8/17/2013,8/17/2013,8/23/2013,JP-15520,OFF-PA-10000019,32.4,Standard Class,4,Credit Card
7890,12/26/2013,12/26/2013,12/30/2013,TS-21655,OFF-AR-10003811,19.89,Standard Class,2,Credit Card
7891,12/26/2013,12/26/2013,12/30/2013,TS-21655,TEC-AC-10001838,399.98,Standard Class,3,Bank Transfer
7892,12/26/2013,12/26/2013,12/30/2013,TS-21655,FUR-FU-10003553,343.85,Standard Class,1,Bank Transfer
7893,12/26/2013,12/26/2013,12/30/2013,TS-21655,OFF-PA-10003302,106.32,Standard Class,4,Credit Card
7894,7/24/2014,7/24/2014,7/31/2014,NM-18445,OFF-BI-10002412,13.92,Standard Class,2,Bank Transfer
7895,6/22/2014,6/22/2014,6/26/2014,EH-14125,OFF-BI-10002852,82.4,Standard Class,2,Bank Transfer
7896,6/22/2014,6/22/2014,6/26/2014,EH-14125,OFF-BI-10000145,6.24,Standard Class,4,PayPal
7897,6/22/2014,6/22/2014,6/26/2014,EH-14125,OFF-PA-10001970,447.84,Standard Class,2,Bank Transfer
7898,8/14/2014,8/14/2014,8/19/2014,DC-12850,OFF-AP-10001563,272.048,Standard Class,3,Bank Transfer
7899,8/14/2014,8/14/2014,8/19/2014,DC-12850,OFF-BI-10001359,1614.582,Standard Class,2,Credit Card
7900,8/14/2014,8/14/2014,8/19/2014,DC-12850,OFF-FA-10003495,24.32,Standard Class,2,Credit Card
7901,8/14/2014,8/14/2014,8/19/2014,DC-12850,TEC-AC-10003709,1.584,Standard Class,5,Credit Card
7902,8/14/2014,8/14/2014,8/19/2014,DC-12850,FUR-FU-10003268,31.984,Standard Class,1,PayPal
7903,8/14/2014,8/14/2014,8/19/2014,DC-12850,OFF-EN-10003845,14.76,Standard Class,2,Bank Transfer
7904,8/14/2014,8/14/2014,8/19/2014,DC-12850,FUR-CH-10002073,423.648,Standard Class,5,Credit Card
7905,11/7/2012,11/7/2012,11/13/2012,DO-13645,OFF-PA-10001357,76.64,Standard Class,3,Credit Card
7906,10/15/2012,10/15/2012,10/22/2012,LS-16975,OFF-EN-10001415,4.464,Standard Class,3,Credit Card
7907,10/15/2012,10/15/2012,10/22/2012,LS-16975,OFF-BI-10002813,3.96,Standard Class,1,Credit Card
7908,7/31/2013,7/31/2013,8/3/2013,RW-19630,OFF-AP-10003849,715.64,First Class,1,PayPal
7909,12/4/2013,12/4/2013,12/8/2013,RD-19720,FUR-TA-10004147,268.704,Standard Class,2,Credit Card
7910,12/4/2013,12/4/2013,12/8/2013,RD-19720,OFF-AR-10001662,21.92,Standard Class,4,Credit Card
7911,12/4/2013,12/4/2013,12/8/2013,RD-19720,OFF-ST-10001558,48.72,Standard Class,2,Bank Transfer
7912,12/4/2013,12/4/2013,12/8/2013,RD-19720,FUR-BO-10001337,205.666,Standard Class,2,Credit Card
7913,4/29/2013,4/29/2013,5/1/2013,RB-19570,FUR-FU-10001602,30.344,Second Class,3,PayPal
7914,8/26/2014,8/26/2014,8/28/2014,JE-15715,OFF-ST-10003996,25.696,First Class,1,Credit Card
7915,6/18/2014,6/18/2014,6/22/2014,SR-20740,TEC-MA-10003673,3404.5,Standard Class,3,Credit Card
7916,6/18/2014,6/18/2014,6/22/2014,SR-20740,TEC-AC-10004992,101.34,Standard Class,4,Bank Transfer
7917,11/20/2012,11/20/2012,11/24/2012,PO-19195,FUR-CH-10002880,344.372,Standard Class,2,Credit Card
7918,9/5/2014,9/5/2014,9/9/2014,JK-16120,OFF-AR-10000380,30.384,Second Class,2,Bank Transfer
7919,7/4/2012,7/4/2012,7/8/2012,JP-16135,OFF-BI-10002706,22.848,Second Class,5,PayPal
7920,9/16/2014,9/16/2014,9/22/2014,Dp-13240,OFF-ST-10000943,38.62,Standard Class,4,Credit Card
7921,9/16/2014,9/16/2014,9/22/2014,Dp-13240,TEC-AC-10001090,59.98,Standard Class,2,PayPal
7922,3/14/2014,3/14/2014,3/18/2014,JB-16000,OFF-BI-10002026,174.3,Standard Class,1,Bank Transfer
7923,9/25/2014,9/25/2014,9/30/2014,PP-18955,TEC-PH-10000526,383.96,Standard Class,2,Credit Card
7924,9/25/2014,9/25/2014,9/30/2014,PP-18955,OFF-BI-10004002,15.57,Standard Class,2,Credit Card
7925,8/14/2013,8/14/2013,8/17/2013,RF-19840,OFF-BI-10002309,22.32,First Class,1,Bank Transfer
7926,8/14/2013,8/14/2013,8/17/2013,RF-19840,OFF-LA-10003923,103.6,First Class,3,PayPal
7927,11/21/2014,11/21/2014,11/25/2014,KH-16330,TEC-AC-10003433,2.97,Second Class,2,PayPal
7928,11/21/2014,11/21/2014,11/25/2014,KH-16330,TEC-PH-10001363,569.99,Second Class,4,Credit Card
7929,11/21/2014,11/21/2014,11/25/2014,KH-16330,FUR-FU-10000820,50.97,Second Class,4,PayPal
7930,7/26/2014,7/26/2014,7/28/2014,EM-14200,FUR-TA-10004767,298.116,First Class,4,Credit Card
7931,3/26/2013,3/26/2013,3/28/2013,DK-12835,OFF-AR-10001955,59.52,Second Class,4,Bank Transfer
7932,7/16/2013,7/16/2013,7/21/2013,MC-17425,FUR-CH-10004886,230.28,Standard Class,3,Bank Transfer
7933,7/16/2013,7/16/2013,7/21/2013,MC-17425,OFF-PA-10003641,105.52,Standard Class,5,PayPal
7934,8/18/2014,8/18/2014,8/25/2014,RW-19540,OFF-EN-10003134,23.36,Standard Class,2,Bank Transfer
7935,8/18/2014,8/18/2014,8/25/2014,RW-19540,TEC-PH-10002564,71.976,Standard Class,3,PayPal
7936,8/18/2014,8/18/2014,8/25/2014,RW-19540,OFF-PA-10003893,8.56,Standard Class,5,Credit Card
7937,8/18/2014,8/18/2014,8/25/2014,RW-19540,OFF-BI-10000174,13.92,Standard Class,5,PayPal
7938,8/18/2014,8/18/2014,8/25/2014,RW-19540,OFF-AP-10001058,2518.29,Standard Class,2,Bank Transfer
7939,8/18/2014,8/18/2014,8/25/2014,RW-19540,OFF-ST-10001496,540.57,Standard Class,5,PayPal
7940,8/18/2014,8/18/2014,8/25/2014,RW-19540,OFF-BI-10004230,221.056,Standard Class,1,PayPal
7941,12/15/2013,12/15/2013,12/18/2013,DS-13180,FUR-CH-10001146,81.424,First Class,2,Bank Transfer
7942,12/15/2013,12/15/2013,12/18/2013,DS-13180,OFF-ST-10001590,134.8,First Class,4,PayPal
7943,12/26/2014,12/26/2014,1/2/2015,GA-14725,OFF-BI-10003684,39.582,Standard Class,4,Bank Transfer
7944,12/26/2014,12/26/2014,1/2/2015,GA-14725,OFF-SU-10000946,44.688,Standard Class,4,Credit Card
7945,12/26/2014,12/26/2014,1/2/2015,GA-14725,OFF-AR-10001615,31.744,Standard Class,4,PayPal
7946,12/26/2014,12/26/2014,1/2/2015,GA-14725,OFF-BI-10001597,40.98,Standard Class,3,Bank Transfer
7947,12/26/2014,12/26/2014,1/2/2015,GA-14725,OFF-BI-10001116,3.168,Standard Class,1,Bank Transfer
7948,3/1/2011,3/1/2011,3/5/2011,SC-20380,OFF-FA-10004395,18.84,Standard Class,4,PayPal
7949,3/1/2011,3/1/2011,3/5/2011,SC-20380,FUR-CH-10001270,362.25,Standard Class,5,Bank Transfer
7950,3/1/2011,3/1/2011,3/5/2011,SC-20380,FUR-FU-10001095,63.552,Standard Class,5,Bank Transfer
7951,3/1/2011,3/1/2011,3/5/2011,SC-20380,OFF-ST-10001469,129.552,Standard Class,4,PayPal
7952,11/19/2012,11/19/2012,11/24/2012,KD-16345,OFF-BI-10003196,5.984,Standard Class,1,Credit Card
7953,11/19/2012,11/19/2012,11/24/2012,KD-16345,TEC-PH-10002200,861.76,Standard Class,1,PayPal
7954,4/1/2011,4/1/2011,4/6/2011,KH-16330,OFF-ST-10000636,66.96,Standard Class,2,PayPal
7955,4/1/2011,4/1/2011,4/6/2011,KH-16330,OFF-BI-10000145,6.24,Standard Class,4,Bank Transfer
7956,10/6/2014,10/6/2014,10/11/2014,GG-14650,FUR-CH-10001190,435.168,Standard Class,3,Credit Card
7957,10/6/2014,10/6/2014,10/11/2014,GG-14650,OFF-FA-10002780,14.9,Standard Class,1,Bank Transfer
7958,10/6/2014,10/6/2014,10/11/2014,GG-14650,OFF-AP-10004052,15.8,Standard Class,5,PayPal
7959,10/6/2014,10/6/2014,10/11/2014,GG-14650,FUR-FU-10004666,72.9,Standard Class,1,Credit Card
7960,10/6/2014,10/6/2014,10/11/2014,GG-14650,FUR-TA-10004086,206.352,Standard Class,3,Bank Transfer
7961,10/6/2014,10/6/2014,10/11/2014,GG-14650,TEC-PH-10000702,7.992,Standard Class,2,Bank Transfer
7962,11/19/2014,11/19/2014,11/24/2014,JS-15685,OFF-ST-10002301,81.36,Second Class,2,PayPal
7963,11/19/2014,11/19/2014,11/24/2014,JS-15685,OFF-BI-10001636,20.232,Second Class,3,PayPal
7964,11/19/2014,11/19/2014,11/24/2014,JS-15685,OFF-AP-10002684,389.056,Second Class,5,PayPal
7965,11/19/2014,11/19/2014,11/24/2014,JS-15685,OFF-PA-10004609,20.736,Second Class,1,PayPal
7966,11/19/2014,11/19/2014,11/24/2014,JS-15685,OFF-PA-10003309,41.472,Second Class,5,PayPal
7967,3/23/2012,3/23/2012,3/30/2012,BP-11095,OFF-PA-10000380,33.36,Standard Class,5,Credit Card
7968,10/11/2013,10/11/2013,10/13/2013,CC-12610,FUR-BO-10001567,90.882,First Class,2,Bank Transfer
7969,10/11/2013,10/11/2013,10/13/2013,CC-12610,TEC-PH-10002583,15.992,First Class,5,Credit Card
7970,10/11/2013,10/11/2013,10/13/2013,CC-12610,FUR-CH-10004853,120.784,First Class,3,Bank Transfer
7971,8/16/2012,8/16/2012,8/20/2012,SP-20860,TEC-PH-10003580,519.792,Standard Class,3,Credit Card
7972,8/16/2012,8/16/2012,8/20/2012,SP-20860,TEC-AC-10004227,31.176,Standard Class,5,PayPal
7973,8/16/2012,8/16/2012,8/20/2012,SP-20860,OFF-PA-10002787,10.368,Standard Class,2,Credit Card
7974,8/16/2012,8/16/2012,8/20/2012,SP-20860,OFF-BI-10003981,2.724,Standard Class,2,PayPal
7975,8/16/2012,8/16/2012,8/20/2012,SP-20860,FUR-FU-10001488,254.352,Standard Class,1,PayPal
7976,8/16/2012,8/16/2012,8/20/2012,SP-20860,OFF-BI-10003727,3.762,Standard Class,3,Bank Transfer
7977,8/16/2012,8/16/2012,8/20/2012,SP-20860,OFF-PA-10000130,10.272,Standard Class,1,Bank Transfer
7978,5/31/2011,5/31/2011,6/5/2011,JK-15625,TEC-PH-10002680,659.97,Standard Class,3,Credit Card
7979,5/31/2011,5/31/2011,6/5/2011,JK-15625,TEC-PH-10002538,113.73,Standard Class,1,PayPal
7980,8/27/2012,8/27/2012,8/31/2012,CC-12100,OFF-BI-10001249,5.104,Standard Class,1,PayPal
7981,1/4/2011,1/4/2011,1/8/2011,DP-13000,OFF-PA-10000174,16.448,Standard Class,2,Bank Transfer
7982,9/10/2011,9/10/2011,9/13/2011,SF-20065,OFF-AP-10004532,81.92,First Class,4,Credit Card
7983,9/10/2011,9/10/2011,9/13/2011,SF-20065,FUR-FU-10001986,254.9,First Class,4,PayPal
7984,1/23/2014,1/23/2014,1/26/2014,EH-13765,OFF-FA-10002975,15.12,Second Class,3,Bank Transfer
7985,1/23/2014,1/23/2014,1/26/2014,EH-13765,OFF-AR-10003481,7.872,Second Class,1,PayPal
7986,4/22/2013,4/22/2013,4/25/2013,DN-13690,OFF-BI-10004967,8.32,First Class,1,Bank Transfer
7987,7/21/2013,7/21/2013,7/24/2013,PJ-19015,TEC-PH-10003589,89.95,Second Class,4,Bank Transfer
7988,8/24/2013,8/24/2013,8/30/2013,MA-17560,OFF-LA-10002945,25.2,Standard Class,4,Credit Card
7989,8/24/2013,8/24/2013,8/30/2013,MA-17560,OFF-LA-10003537,37.59,Standard Class,2,Credit Card
7990,8/24/2013,8/24/2013,8/30/2013,MA-17560,OFF-ST-10002406,14.97,Standard Class,1,Bank Transfer
7991,8/24/2013,8/24/2013,8/30/2013,MA-17560,TEC-AC-10003433,1.98,Standard Class,1,Credit Card
7992,6/15/2013,6/15/2013,6/18/2013,VM-21835,OFF-BI-10002082,39.936,First Class,3,Credit Card
7993,6/15/2013,6/15/2013,6/18/2013,VM-21835,TEC-AC-10000521,18.464,First Class,2,PayPal
7994,11/20/2012,11/20/2012,11/23/2012,MM-18055,OFF-BI-10001982,4.896,Second Class,1,Bank Transfer
7995,11/20/2012,11/20/2012,11/23/2012,MM-18055,FUR-BO-10002268,145.764,Second Class,4,Credit Card
7996,11/20/2012,11/20/2012,11/23/2012,MM-18055,OFF-BI-10001758,9.612,Second Class,2,Credit Card
7997,11/4/2014,11/4/2014,11/6/2014,CR-12580,TEC-AC-10004469,199.75,First Class,4,Credit Card
7998,11/4/2014,11/4/2014,11/6/2014,CR-12580,FUR-TA-10001095,1673.184,First Class,1,Bank Transfer
7999,5/4/2011,5/4/2011,5/7/2011,BS-11365,FUR-FU-10001852,12.18,First Class,3,Credit Card
8000,5/4/2011,5/4/2011,5/7/2011,BS-11365,OFF-AP-10000696,57.68,First Class,4,Bank Transfer
8001,11/8/2012,11/8/2012,11/12/2012,RD-19585,TEC-PH-10003885,263.96,Standard Class,4,Bank Transfer
8002,12/12/2012,12/12/2012,12/15/2012,KD-16270,TEC-AC-10002926,299.94,First Class,5,PayPal
8003,12/12/2012,12/12/2012,12/15/2012,KD-16270,OFF-SU-10001225,25.76,First Class,3,Credit Card
8004,12/1/2011,12/1/2011,12/3/2011,AA-10645,TEC-PH-10004434,271.9,First Class,2,Credit Card
8005,12/1/2011,12/1/2011,12/3/2011,AA-10645,FUR-FU-10003878,45.84,First Class,4,PayPal
8006,12/1/2011,12/1/2011,12/3/2011,AA-10645,FUR-FU-10002268,9.82,First Class,5,Credit Card
8007,10/8/2013,10/8/2013,10/12/2013,MC-18100,OFF-FA-10001883,93.36,Standard Class,3,PayPal
8008,11/17/2012,11/17/2012,11/24/2012,AA-10645,OFF-ST-10002756,541.24,Standard Class,5,Credit Card
8009,11/17/2012,11/17/2012,11/24/2012,AA-10645,OFF-PA-10000474,106.32,Standard Class,1,Credit Card
8010,11/17/2012,11/17/2012,11/24/2012,AA-10645,FUR-CH-10002073,1323.9,Standard Class,5,PayPal
8011,3/17/2011,3/17/2011,3/20/2011,QJ-19255,OFF-PA-10003641,126.624,Second Class,5,Credit Card
8012,6/20/2012,6/20/2012,6/23/2012,JM-16195,TEC-PH-10002070,125.944,First Class,4,Bank Transfer
8013,5/26/2014,5/26/2014,5/26/2014,TB-21625,OFF-BI-10004519,663.92,Same Day,5,Bank Transfer
8014,5/26/2014,5/26/2014,5/26/2014,TB-21625,TEC-AC-10002167,120,Same Day,3,Credit Card
8015,5/26/2014,5/26/2014,5/26/2014,TB-21625,OFF-FA-10000936,3.29,Same Day,2,PayPal
8016,5/26/2014,5/26/2014,5/26/2014,TB-21625,FUR-FU-10000732,18.84,Same Day,2,Bank Transfer
8017,9/9/2011,9/9/2011,9/11/2011,NF-18595,FUR-FU-10002501,60.672,First Class,1,PayPal
8018,9/9/2011,9/9/2011,9/11/2011,NF-18595,OFF-AR-10000634,30.816,First Class,4,PayPal
8019,10/18/2014,10/18/2014,10/20/2014,BF-11020,TEC-PH-10001700,52.792,Second Class,1,Bank Transfer
8020,11/3/2014,11/3/2014,11/6/2014,NP-18670,OFF-AP-10001962,83.9,First Class,5,PayPal
8021,11/3/2014,11/3/2014,11/6/2014,NP-18670,OFF-PA-10001838,11.76,First Class,4,Credit Card
8022,7/21/2011,7/21/2011,7/25/2011,HM-14860,OFF-AP-10000124,4.992,Standard Class,2,PayPal
8023,7/21/2011,7/21/2011,7/25/2011,HM-14860,OFF-EN-10003567,87.92,Standard Class,1,Bank Transfer
8024,7/21/2011,7/21/2011,7/25/2011,HM-14860,FUR-CH-10004997,657.93,Standard Class,1,Credit Card
8025,7/21/2011,7/21/2011,7/25/2011,HM-14860,OFF-BI-10000494,1.044,Standard Class,4,PayPal
8026,9/11/2012,9/11/2012,9/15/2012,DM-13525,FUR-FU-10000277,210.68,Second Class,3,Bank Transfer
8027,9/11/2012,9/11/2012,9/15/2012,DM-13525,OFF-ST-10003641,78.8,Second Class,1,Bank Transfer
8028,9/11/2012,9/11/2012,9/15/2012,DM-13525,TEC-AC-10001998,19.99,Second Class,2,Credit Card
8029,9/11/2012,9/11/2012,9/15/2012,DM-13525,OFF-ST-10001932,772.68,Second Class,1,PayPal
8030,10/22/2013,10/22/2013,10/26/2013,JF-15565,TEC-AC-10002323,106.08,Standard Class,3,Credit Card
8031,1/7/2013,1/7/2013,1/11/2013,NM-18520,FUR-FU-10004270,23.076,Standard Class,5,Bank Transfer
8032,1/7/2013,1/7/2013,1/11/2013,NM-18520,OFF-PA-10004621,25.92,Standard Class,5,Credit Card
8033,6/25/2012,6/25/2012,6/28/2012,MV-17485,OFF-PA-10001019,47.952,First Class,2,PayPal
8034,6/25/2012,6/25/2012,6/28/2012,MV-17485,OFF-BI-10000201,0.984,First Class,2,Credit Card
8035,6/25/2012,6/25/2012,6/28/2012,MV-17485,FUR-FU-10004587,75.384,First Class,3,Credit Card
8036,6/25/2012,6/25/2012,6/28/2012,MV-17485,OFF-LA-10001613,4.608,First Class,3,Bank Transfer
8037,9/20/2012,9/20/2012,9/22/2012,AG-10270,OFF-BI-10001308,37.68,First Class,3,Bank Transfer
8038,7/11/2014,7/11/2014,7/15/2014,BF-11275,OFF-AP-10003278,41.91,Standard Class,4,PayPal
8039,7/1/2014,7/1/2014,7/3/2014,JC-15775,FUR-BO-10003966,435.999,Second Class,1,PayPal
8040,8/22/2014,8/22/2014,8/26/2014,CM-11815,FUR-CH-10004698,388.704,Second Class,4,Credit Card
8041,8/22/2014,8/22/2014,8/26/2014,CM-11815,OFF-ST-10000025,572.58,Second Class,3,PayPal
8042,8/22/2014,8/22/2014,8/26/2014,CM-11815,TEC-AC-10000682,33.18,Second Class,1,PayPal
8043,3/12/2014,3/12/2014,3/16/2014,PV-18985,TEC-AC-10001772,63.88,Standard Class,1,PayPal
8044,3/12/2014,3/12/2014,3/16/2014,PV-18985,FUR-FU-10001379,26.72,Standard Class,1,PayPal
8045,9/16/2014,9/16/2014,9/18/2014,DO-13645,OFF-BI-10002794,295.056,Second Class,3,Bank Transfer
8046,9/21/2013,9/21/2013,9/25/2013,HA-14905,OFF-AP-10001005,393.25,Standard Class,3,Credit Card
8047,12/16/2013,12/16/2013,12/18/2013,SH-20395,OFF-BI-10000201,2.214,Second Class,3,Bank Transfer
8048,11/4/2014,11/4/2014,11/7/2014,JM-16195,OFF-PA-10003673,16.272,Second Class,5,Credit Card
8049,7/4/2013,7/4/2013,7/8/2013,DK-13225,OFF-AP-10000938,706.86,Standard Class,2,Credit Card
8050,9/26/2011,9/26/2011,9/30/2011,CM-12715,OFF-BI-10003274,5.97,Standard Class,2,PayPal
8051,9/26/2011,9/26/2011,9/30/2011,CM-12715,FUR-FU-10001095,21.184,Standard Class,4,Credit Card
8052,9/26/2011,9/26/2011,9/30/2011,CM-12715,OFF-AP-10001492,41.376,Standard Class,1,PayPal
8053,7/14/2011,7/14/2011,7/17/2011,BF-10975,OFF-AR-10004999,17.94,Second Class,2,PayPal
8054,9/29/2014,9/29/2014,10/6/2014,SF-20965,OFF-BI-10004094,2.655,Standard Class,2,Bank Transfer
8055,8/28/2012,8/28/2012,9/4/2012,CB-12025,OFF-ST-10001490,892.35,Standard Class,5,PayPal
8056,8/28/2012,8/28/2012,9/4/2012,CB-12025,FUR-BO-10004695,307.666,Standard Class,5,PayPal
8057,8/28/2012,8/28/2012,9/4/2012,CB-12025,OFF-ST-10000736,728.82,Standard Class,3,Bank Transfer
8058,8/28/2012,8/28/2012,9/4/2012,CB-12025,OFF-BI-10001617,41.36,Standard Class,5,PayPal
8059,8/28/2012,8/28/2012,9/4/2012,CB-12025,TEC-PH-10003589,43.176,Standard Class,2,Credit Card
8060,8/28/2012,8/28/2012,9/4/2012,CB-12025,FUR-FU-10003981,4.16,Standard Class,3,Bank Transfer
8061,9/20/2012,9/20/2012,9/26/2012,TC-20980,OFF-PA-10001970,61.4,Standard Class,4,Bank Transfer
8062,9/20/2012,9/20/2012,9/26/2012,TC-20980,OFF-BI-10002437,24.448,Standard Class,4,Credit Card
8063,11/8/2013,11/8/2013,11/10/2013,LW-17215,TEC-PH-10000586,263.96,First Class,2,PayPal
8064,11/8/2013,11/8/2013,11/10/2013,LW-17215,TEC-PH-10003811,359.97,First Class,1,PayPal
8065,11/8/2013,11/8/2013,11/10/2013,LW-17215,OFF-PA-10004983,12.96,First Class,5,PayPal
8066,11/8/2013,11/8/2013,11/10/2013,LW-17215,OFF-ST-10003479,116.82,First Class,2,Bank Transfer
8067,11/8/2013,11/8/2013,11/10/2013,LW-17215,OFF-BI-10004318,276.784,First Class,5,Credit Card
8068,10/20/2012,10/20/2012,10/24/2012,NS-18640,TEC-AC-10002567,239.97,Standard Class,3,PayPal
8069,10/20/2012,10/20/2012,10/24/2012,NS-18640,FUR-FU-10001731,16.02,Standard Class,2,Bank Transfer
8070,1/2/2014,1/2/2014,1/6/2014,JM-15250,OFF-ST-10002743,454.56,Standard Class,4,Bank Transfer
8071,1/2/2014,1/2/2014,1/6/2014,JM-15250,FUR-FU-10002116,141.42,Standard Class,4,Bank Transfer
8072,1/2/2014,1/2/2014,1/6/2014,JM-15250,FUR-CH-10003199,310.744,Standard Class,4,Credit Card
8073,1/2/2014,1/2/2014,1/6/2014,JM-15250,OFF-AR-10003158,12.736,Standard Class,4,Credit Card
8074,1/2/2014,1/2/2014,1/6/2014,JM-15250,OFF-BI-10000301,6.47,Standard Class,4,Credit Card
8075,1/2/2014,1/2/2014,1/6/2014,JM-15250,OFF-BI-10000343,13.748,Standard Class,4,PayPal
8076,1/2/2014,1/2/2014,1/6/2014,JM-15250,OFF-AP-10004708,15.224,Standard Class,1,Credit Card
8077,6/23/2012,6/23/2012,6/29/2012,RF-19345,FUR-FU-10000794,27.42,Standard Class,1,PayPal
8078,6/23/2012,6/23/2012,6/29/2012,RF-19345,OFF-BI-10004519,165.98,Standard Class,3,PayPal
8079,6/23/2012,6/23/2012,6/29/2012,RF-19345,TEC-AC-10001590,75,Standard Class,1,Bank Transfer
8080,11/23/2013,11/23/2013,11/28/2013,CA-12055,OFF-BI-10001524,134.272,Standard Class,2,Credit Card
8081,10/26/2012,10/26/2012,11/1/2012,KH-16690,OFF-LA-10001474,146.544,Standard Class,4,Bank Transfer
8082,10/26/2012,10/26/2012,11/1/2012,KH-16690,OFF-PA-10001497,131.904,Standard Class,4,Bank Transfer
8083,10/26/2012,10/26/2012,11/1/2012,KH-16690,OFF-AP-10003287,203.88,Standard Class,1,PayPal
8084,10/26/2012,10/26/2012,11/1/2012,KH-16690,OFF-BI-10002982,14.301,Standard Class,3,Bank Transfer
8085,10/26/2012,10/26/2012,11/1/2012,KH-16690,OFF-ST-10001809,718.64,Standard Class,3,Bank Transfer
8086,10/21/2013,10/21/2013,10/27/2013,LC-16960,FUR-FU-10000246,61.1,Standard Class,3,PayPal
8087,4/29/2014,4/29/2014,5/3/2014,JL-15130,OFF-AP-10000252,28.08,Standard Class,4,Bank Transfer
8088,9/30/2013,9/30/2013,10/2/2013,DM-12955,OFF-AR-10002375,10.496,Second Class,2,Bank Transfer
8089,7/10/2012,7/10/2012,7/14/2012,MV-18190,OFF-BI-10003719,39.92,Standard Class,3,Bank Transfer
8090,8/7/2012,8/7/2012,8/9/2012,NS-18640,OFF-AP-10001492,77.58,First Class,2,Credit Card
8091,12/7/2011,12/7/2011,12/13/2011,AS-10630,OFF-ST-10000532,269.36,Standard Class,5,PayPal
8092,12/10/2012,12/10/2012,12/14/2012,MT-17815,OFF-LA-10001613,5.76,Standard Class,5,PayPal
8093,11/9/2014,11/9/2014,11/14/2014,SR-20425,OFF-AR-10002818,109.9,Second Class,3,Bank Transfer
8094,7/28/2014,7/28/2014,8/2/2014,DK-13375,FUR-FU-10001940,23.88,Second Class,3,Bank Transfer
8095,7/28/2014,7/28/2014,8/2/2014,DK-13375,OFF-PA-10003883,26.2,Second Class,3,PayPal
8096,7/28/2014,7/28/2014,8/2/2014,DK-13375,OFF-PA-10002787,12.96,Second Class,1,PayPal
8097,7/28/2014,7/28/2014,8/2/2014,DK-13375,TEC-AC-10000991,234.95,Second Class,3,Bank Transfer
8098,12/29/2014,12/29/2014,1/2/2015,SV-20935,OFF-ST-10003058,118.25,Standard Class,2,Bank Transfer
8099,12/29/2014,12/29/2014,1/2/2015,SV-20935,OFF-PA-10004239,4.28,Standard Class,1,PayPal
8100,3/11/2013,3/11/2013,3/14/2013,RH-19510,TEC-AC-10003038,26.85,First Class,1,Bank Transfer
8101,3/11/2013,3/11/2013,3/14/2013,RH-19510,TEC-MA-10000984,3357.6,First Class,3,PayPal
8102,5/22/2012,5/22/2012,5/26/2012,SB-20185,OFF-LA-10004484,8.26,Standard Class,1,Credit Card
8103,5/22/2012,5/22/2012,5/26/2012,SB-20185,TEC-MA-10004002,2973.32,Standard Class,2,Bank Transfer
8104,5/22/2012,5/22/2012,5/26/2012,SB-20185,OFF-ST-10002406,104.79,Standard Class,2,Credit Card
8105,5/22/2012,5/22/2012,5/26/2012,SB-20185,TEC-PH-10003645,775.728,Standard Class,3,Bank Transfer
8106,2/18/2014,2/18/2014,2/20/2014,CR-12820,FUR-BO-10001601,89.0664,First Class,3,Credit Card
8107,2/18/2014,2/18/2014,2/20/2014,CR-12820,OFF-AR-10000937,175.44,First Class,2,Credit Card
8108,2/18/2014,2/18/2014,2/20/2014,CR-12820,TEC-PH-10000038,438.336,First Class,1,PayPal
8109,12/9/2014,12/9/2014,12/16/2014,EG-13900,FUR-CH-10003396,215.544,Standard Class,4,Bank Transfer
8110,11/19/2014,11/19/2014,11/24/2014,RD-19930,OFF-EN-10002592,55.584,Standard Class,2,PayPal
8111,11/19/2014,11/19/2014,11/24/2014,RD-19930,FUR-CH-10000422,127.386,Standard Class,3,Bank Transfer
8112,12/2/2013,12/2/2013,12/4/2013,JM-15865,FUR-CH-10002647,248.43,Second Class,5,PayPal
8113,12/2/2013,12/2/2013,12/4/2013,JM-15865,OFF-AP-10004859,11.648,Second Class,3,Credit Card
8114,12/2/2013,12/2/2013,12/4/2013,JM-15865,FUR-CH-10004477,85.246,Second Class,3,Bank Transfer
8115,10/4/2014,10/4/2014,10/8/2014,LW-16825,OFF-AR-10004817,20.64,Second Class,2,Bank Transfer
8116,8/30/2014,8/30/2014,9/5/2014,RW-19540,FUR-FU-10003374,148.02,Standard Class,3,Bank Transfer
8117,11/25/2014,11/25/2014,11/25/2014,BG-11695,OFF-ST-10003123,33.29,Same Day,4,PayPal
8118,7/1/2014,7/1/2014,7/6/2014,TT-21220,OFF-PA-10000675,204.95,Standard Class,4,PayPal
8119,7/23/2014,7/23/2014,7/28/2014,EB-13930,FUR-CH-10004997,526.344,Standard Class,5,Bank Transfer
8120,11/12/2013,11/12/2013,11/17/2013,LP-17080,FUR-FU-10001934,41.96,Standard Class,5,Bank Transfer
8121,11/12/2013,11/12/2013,11/17/2013,LP-17080,FUR-CH-10004997,451.152,Standard Class,5,Bank Transfer
8122,11/12/2013,11/12/2013,11/17/2013,LP-17080,OFF-BI-10001890,31.504,Standard Class,2,Bank Transfer
8123,12/9/2011,12/9/2011,12/15/2011,FP-14320,OFF-EN-10002500,30.672,Standard Class,1,Credit Card
8124,12/9/2011,12/9/2011,12/15/2011,FP-14320,TEC-CO-10001766,1079.976,Standard Class,4,Bank Transfer
8125,9/8/2014,9/8/2014,9/13/2014,JA-15970,FUR-CH-10004860,161.568,Standard Class,1,Bank Transfer
8126,2/6/2012,2/6/2012,2/13/2012,TS-21655,OFF-BI-10002049,2.934,Standard Class,2,Bank Transfer
8127,2/6/2012,2/6/2012,2/13/2012,TS-21655,TEC-AC-10003499,18.528,Standard Class,5,Bank Transfer
8128,2/6/2012,2/6/2012,2/13/2012,TS-21655,OFF-ST-10003470,670.752,Standard Class,4,Credit Card
8129,8/27/2014,8/27/2014,9/2/2014,DP-13000,FUR-FU-10000222,64.96,Standard Class,3,PayPal
8130,7/20/2011,7/20/2011,7/23/2011,JD-15895,TEC-AC-10000023,41.94,First Class,1,PayPal
8131,7/20/2011,7/20/2011,7/23/2011,JD-15895,OFF-PA-10003971,11.96,First Class,1,PayPal
8132,7/20/2011,7/20/2011,7/23/2011,JD-15895,OFF-AR-10003481,13.12,First Class,5,Bank Transfer
8133,7/20/2011,7/20/2011,7/23/2011,JD-15895,OFF-ST-10001490,535.41,First Class,5,Credit Card
8134,10/8/2012,10/8/2012,10/13/2012,GH-14485,FUR-FU-10003708,72.78,Standard Class,4,Bank Transfer
8135,2/16/2012,2/16/2012,2/21/2012,RD-19585,OFF-PA-10001970,36.84,Standard Class,5,Bank Transfer
8136,2/16/2012,2/16/2012,2/21/2012,RD-19585,OFF-LA-10002762,87.71,Standard Class,3,Bank Transfer
8137,8/13/2013,8/13/2013,8/17/2013,CS-12490,FUR-TA-10002533,562.2925,Standard Class,3,Credit Card
8138,11/9/2011,11/9/2011,11/13/2011,BF-11215,FUR-FU-10004091,56.52,Standard Class,1,Bank Transfer
8139,7/19/2013,7/19/2013,7/23/2013,NK-18490,OFF-AR-10001545,11.264,Standard Class,3,PayPal
8140,7/19/2013,7/19/2013,7/23/2013,NK-18490,OFF-ST-10001476,284.08,Standard Class,4,PayPal
8141,7/19/2013,7/19/2013,7/23/2013,NK-18490,OFF-PA-10004971,18.496,Standard Class,2,PayPal
8142,2/5/2013,2/5/2013,2/10/2013,AZ-10750,OFF-LA-10003223,14.73,Standard Class,1,Credit Card
8143,2/5/2013,2/5/2013,2/10/2013,AZ-10750,OFF-ST-10004340,186.54,Standard Class,1,PayPal
8144,2/5/2013,2/5/2013,2/10/2013,AZ-10750,FUR-TA-10001095,557.728,Standard Class,4,Bank Transfer
8145,2/5/2013,2/5/2013,2/10/2013,AZ-10750,TEC-PH-10001448,159.968,Standard Class,5,Bank Transfer
8146,6/20/2011,6/20/2011,6/27/2011,Co-12640,OFF-AP-10001005,471.9,Standard Class,3,PayPal
8147,6/20/2011,6/20/2011,6/27/2011,Co-12640,OFF-AR-10003469,3.52,Standard Class,4,Credit Card
8148,6/10/2014,6/10/2014,6/15/2014,AG-10675,OFF-PA-10000249,49.12,Standard Class,5,PayPal
8149,12/28/2013,12/28/2013,1/1/2014,EM-14140,OFF-LA-10001613,20.16,Standard Class,4,Credit Card
8150,1/27/2011,1/27/2011,1/30/2011,CA-11965,OFF-BI-10001758,10.68,First Class,4,Credit Card
8151,1/27/2011,1/27/2011,1/30/2011,CA-11965,FUR-BO-10004409,141.96,First Class,2,Credit Card
8152,3/24/2014,3/24/2014,3/26/2014,RB-19360,OFF-ST-10001558,32.48,First Class,1,Credit Card
8153,3/24/2014,3/24/2014,3/26/2014,RB-19360,OFF-PA-10002986,20.04,First Class,5,Bank Transfer
8154,3/24/2014,3/24/2014,3/26/2014,RB-19360,TEC-CO-10004722,13999.96,First Class,2,PayPal
8155,3/21/2014,3/21/2014,3/25/2014,RD-19720,TEC-AC-10002842,238,Standard Class,2,PayPal
8156,3/21/2014,3/21/2014,3/25/2014,RD-19720,OFF-PA-10001125,61.96,Standard Class,2,Credit Card
8157,10/5/2013,10/5/2013,10/10/2013,MS-17830,FUR-TA-10002622,239.372,Standard Class,5,PayPal
8158,11/19/2013,11/19/2013,11/23/2013,PG-18820,TEC-AC-10002842,595,Standard Class,1,Credit Card
8159,12/27/2014,12/27/2014,1/2/2015,KB-16240,OFF-PA-10004285,16.032,Standard Class,4,Credit Card
8160,3/10/2013,3/10/2013,3/14/2013,RB-19465,TEC-AC-10004469,199.75,Standard Class,1,PayPal
8161,2/16/2013,2/16/2013,2/20/2013,JD-15790,FUR-CH-10001545,227.96,Standard Class,1,PayPal
8162,9/28/2012,9/28/2012,10/3/2012,JJ-15445,OFF-AP-10002578,293.52,Second Class,4,PayPal
8163,9/28/2012,9/28/2012,10/3/2012,JJ-15445,TEC-PH-10003012,307.98,Second Class,3,Credit Card
8164,11/2/2012,11/2/2012,11/6/2012,LT-17110,FUR-FU-10004909,96.96,Standard Class,4,PayPal
8165,11/2/2012,11/2/2012,11/6/2012,LT-17110,OFF-BI-10001524,117.488,Standard Class,2,PayPal
8166,11/2/2012,11/2/2012,11/6/2012,LT-17110,OFF-BI-10003355,11.952,Standard Class,2,Bank Transfer
8167,11/2/2012,11/2/2012,11/6/2012,LT-17110,FUR-BO-10004357,512.499,Standard Class,3,Bank Transfer
8168,8/1/2013,8/1/2013,8/6/2013,AH-10690,FUR-TA-10002774,863.128,Standard Class,1,PayPal
8169,11/7/2014,11/7/2014,11/14/2014,AB-10060,FUR-TA-10004575,2036.86,Standard Class,3,Credit Card
8170,11/7/2014,11/7/2014,11/14/2014,AB-10060,FUR-CH-10003312,449.568,Standard Class,2,PayPal
8171,11/7/2014,11/7/2014,11/14/2014,AB-10060,TEC-AC-10001465,108.96,Standard Class,3,PayPal
8172,2/14/2013,2/14/2013,2/19/2013,FM-14380,OFF-AR-10002240,264.18,Standard Class,5,PayPal
8173,7/9/2011,7/9/2011,7/13/2011,GH-14410,OFF-LA-10004559,2.88,Standard Class,5,Bank Transfer
8174,7/9/2011,7/9/2011,7/13/2011,GH-14410,OFF-BI-10003291,41.904,Standard Class,5,PayPal
8175,7/9/2011,7/9/2011,7/13/2011,GH-14410,OFF-ST-10001505,23.92,Standard Class,4,Bank Transfer
8176,1/30/2013,1/30/2013,2/4/2013,HE-14800,OFF-PA-10003892,156.512,Standard Class,5,PayPal
8177,9/23/2013,9/23/2013,9/26/2013,SZ-20035,OFF-ST-10002370,128.34,First Class,3,Bank Transfer
8178,12/23/2014,12/23/2014,12/25/2014,CM-12115,TEC-AC-10000474,474.95,First Class,2,PayPal
8179,9/3/2013,9/3/2013,9/9/2013,TG-21310,TEC-CO-10002095,999.98,Standard Class,2,PayPal
8180,8/2/2012,8/2/2012,8/6/2012,DK-12985,FUR-TA-10003469,277.5,Standard Class,4,PayPal
8181,11/21/2012,11/21/2012,11/25/2012,SS-20410,FUR-TA-10002958,1252.704,Standard Class,1,Bank Transfer
8182,11/21/2012,11/21/2012,11/25/2012,SS-20410,TEC-PH-10002923,110.97,Standard Class,4,Credit Card
8183,5/19/2014,5/19/2014,5/23/2014,BM-11575,FUR-FU-10004973,22.608,Standard Class,4,Bank Transfer
8184,5/19/2014,5/19/2014,5/23/2014,BM-11575,FUR-FU-10001918,1.892,Standard Class,5,Bank Transfer
8185,7/24/2014,7/24/2014,7/28/2014,MY-17380,OFF-PA-10003641,63.312,Standard Class,1,Bank Transfer
8186,9/13/2012,9/13/2012,9/17/2012,AG-10900,OFF-EN-10002621,7.824,Second Class,3,PayPal
8187,9/13/2012,9/13/2012,9/17/2012,AG-10900,FUR-CH-10003817,170.072,Second Class,4,Credit Card
8188,12/11/2013,12/11/2013,12/17/2013,BW-11110,OFF-PA-10000659,62.82,Standard Class,3,Credit Card
8189,10/2/2012,10/2/2012,10/5/2012,SG-20470,OFF-PA-10001870,19.44,Second Class,2,Bank Transfer
8190,10/2/2012,10/2/2012,10/5/2012,SG-20470,OFF-BI-10000320,7.38,Second Class,2,Credit Card
8191,11/18/2014,11/18/2014,11/22/2014,CC-12370,OFF-PA-10004735,38.88,Standard Class,3,PayPal
8192,11/18/2014,11/18/2014,11/22/2014,CC-12370,FUR-FU-10004091,187.76,Standard Class,4,Bank Transfer
8193,11/30/2012,11/30/2012,12/3/2012,LR-16915,OFF-BI-10000546,6.048,First Class,5,Bank Transfer
8194,11/30/2012,11/30/2012,12/3/2012,LR-16915,OFF-AP-10001293,98.352,First Class,1,Credit Card
8195,11/30/2012,11/30/2012,12/3/2012,LR-16915,FUR-FU-10000576,335.744,First Class,4,Bank Transfer
8196,12/6/2012,12/6/2012,12/11/2012,DB-13120,OFF-PA-10004519,8.96,Second Class,1,Credit Card
8197,9/6/2014,9/6/2014,9/10/2014,LP-17095,TEC-AC-10004568,89.568,Standard Class,4,Credit Card
8198,9/6/2014,9/6/2014,9/10/2014,LP-17095,OFF-AR-10001897,71.96,Standard Class,2,Bank Transfer
8199,9/6/2014,9/6/2014,9/10/2014,LP-17095,OFF-PA-10001800,15.552,Standard Class,5,Bank Transfer
8200,4/25/2014,4/25/2014,5/1/2014,AF-10870,OFF-BI-10001628,10.43,Standard Class,5,PayPal
8201,4/25/2014,4/25/2014,5/1/2014,AF-10870,OFF-ST-10004123,72.784,Standard Class,2,PayPal
8202,11/8/2012,11/8/2012,11/8/2012,KD-16495,OFF-ST-10000885,67.15,Same Day,3,Bank Transfer
8203,11/8/2012,11/8/2012,11/8/2012,KD-16495,TEC-PH-10004165,549.98,Same Day,2,PayPal
8204,11/8/2012,11/8/2012,11/8/2012,KD-16495,FUR-FU-10002240,11.82,Same Day,3,Bank Transfer
8205,11/8/2012,11/8/2012,11/8/2012,KD-16495,TEC-MA-10000045,4643.8,Same Day,5,PayPal
8206,11/8/2012,11/8/2012,11/8/2012,KD-16495,FUR-CH-10003746,577.764,Same Day,4,Bank Transfer
8207,4/26/2012,4/26/2012,4/30/2012,SA-20830,FUR-TA-10000577,191.5155,Standard Class,4,Bank Transfer
8208,4/26/2012,4/26/2012,4/30/2012,SA-20830,OFF-AR-10004757,2.624,Standard Class,1,Bank Transfer
8209,9/20/2012,9/20/2012,9/24/2012,BG-11035,OFF-BI-10000545,1369.764,Standard Class,5,Bank Transfer
8210,9/20/2012,9/20/2012,9/24/2012,BG-11035,OFF-ST-10001522,294.368,Standard Class,4,PayPal
8211,9/8/2014,9/8/2014,9/13/2014,DM-12955,OFF-AP-10001271,81.568,Standard Class,2,PayPal
8212,11/8/2013,11/8/2013,11/13/2013,MC-17845,FUR-FU-10002030,44.46,Standard Class,2,PayPal
8213,11/8/2013,11/8/2013,11/13/2013,MC-17845,OFF-ST-10001272,314.088,Standard Class,2,PayPal
8214,9/25/2012,9/25/2012,10/2/2012,ML-17395,OFF-BI-10001116,6.336,Standard Class,5,PayPal
8215,9/25/2012,9/25/2012,10/2/2012,ML-17395,OFF-PA-10004665,10.48,Standard Class,4,Bank Transfer
8216,9/25/2012,9/25/2012,10/2/2012,ML-17395,OFF-BI-10004506,2.469,Standard Class,1,Credit Card
8217,9/25/2012,9/25/2012,10/2/2012,ML-17395,OFF-BI-10001982,3.264,Standard Class,2,PayPal
8218,10/3/2011,10/3/2011,10/7/2011,RD-19930,OFF-FA-10002676,4.344,Standard Class,1,Bank Transfer
8219,10/3/2011,10/3/2011,10/7/2011,RD-19930,FUR-FU-10000758,31.776,Standard Class,4,Bank Transfer
8220,10/3/2011,10/3/2011,10/7/2011,RD-19930,OFF-LA-10002271,4.928,Standard Class,2,Credit Card
8221,10/3/2011,10/3/2011,10/7/2011,RD-19930,OFF-BI-10002609,1.788,Standard Class,4,PayPal
8222,10/3/2011,10/3/2011,10/7/2011,RD-19930,OFF-FA-10000254,15.072,Standard Class,4,PayPal
8223,2/19/2011,2/19/2011,2/25/2011,AB-10015,OFF-ST-10000321,12.624,Standard Class,1,PayPal
8224,6/13/2013,6/13/2013,6/17/2013,EA-14035,OFF-PA-10000241,185.88,Standard Class,2,Credit Card
8225,6/13/2013,6/13/2013,6/17/2013,EA-14035,OFF-PA-10004782,12.96,Standard Class,5,Credit Card
8226,11/2/2014,11/2/2014,11/5/2014,SF-20065,OFF-PA-10004243,189.7,Second Class,2,Bank Transfer
8227,11/2/2014,11/2/2014,11/5/2014,SF-20065,OFF-PA-10001033,40.99,Second Class,4,Bank Transfer
8228,4/5/2013,4/5/2013,4/9/2013,BC-11125,FUR-FU-10000723,82.64,Second Class,2,PayPal
8229,4/5/2013,4/5/2013,4/9/2013,BC-11125,OFF-ST-10003455,31.02,Second Class,1,PayPal
8230,4/5/2013,4/5/2013,4/9/2013,BC-11125,TEC-AC-10001109,89.97,Second Class,2,Bank Transfer
8231,7/1/2013,7/1/2013,7/3/2013,PF-19165,OFF-AR-10004344,35.97,Second Class,4,PayPal
8232,7/1/2013,7/1/2013,7/3/2013,PF-19165,FUR-BO-10004695,1266.86,Second Class,2,Credit Card
8233,9/22/2011,9/22/2011,9/28/2011,SE-20110,OFF-ST-10000675,169.45,Standard Class,5,PayPal
8234,9/22/2011,9/22/2011,9/28/2011,SE-20110,OFF-ST-10002301,40.68,Standard Class,5,Bank Transfer
8235,5/2/2014,5/2/2014,5/7/2014,CJ-12010,OFF-SU-10001212,3.328,Standard Class,1,Bank Transfer
8236,5/2/2014,5/2/2014,5/7/2014,CJ-12010,FUR-TA-10001889,933.262,Standard Class,5,PayPal
8237,5/2/2014,5/2/2014,5/7/2014,CJ-12010,FUR-CH-10002024,2803.92,Standard Class,1,PayPal
8238,10/21/2014,10/21/2014,10/21/2014,PT-19090,OFF-ST-10000617,4.768,Same Day,4,Credit Card
8239,10/21/2014,10/21/2014,10/21/2014,PT-19090,OFF-PA-10000380,6.672,Same Day,5,Bank Transfer
8240,10/21/2014,10/21/2014,10/21/2014,PT-19090,OFF-AR-10003251,4.448,Same Day,4,Bank Transfer
8241,10/21/2014,10/21/2014,10/21/2014,PT-19090,FUR-FU-10000175,43.936,Same Day,3,PayPal
8242,9/1/2011,9/1/2011,9/5/2011,LH-16900,OFF-BI-10004716,23.744,Standard Class,5,Credit Card
8243,9/1/2011,9/1/2011,9/5/2011,LH-16900,TEC-AC-10002842,357,Standard Class,4,PayPal
8244,8/12/2011,8/12/2011,8/16/2011,BW-11200,TEC-PH-10003691,806.336,Standard Class,1,PayPal
8245,8/12/2011,8/12/2011,8/16/2011,BW-11200,FUR-FU-10002878,85.44,Standard Class,2,Credit Card
8246,8/19/2011,8/19/2011,8/23/2011,BS-11365,OFF-ST-10000991,344.91,Standard Class,3,Credit Card
8247,5/10/2012,5/10/2012,5/10/2012,DP-13390,OFF-AP-10002439,70.97,Same Day,3,Credit Card
8248,5/10/2012,5/10/2012,5/10/2012,DP-13390,OFF-AR-10004602,36.784,Same Day,2,Credit Card
8249,5/11/2013,5/11/2013,5/14/2013,CS-12400,TEC-PH-10001795,743.988,Second Class,2,PayPal
8250,3/5/2012,3/5/2012,3/9/2012,MS-17365,OFF-BI-10002854,11.212,Second Class,2,Credit Card
8251,3/5/2012,3/5/2012,3/9/2012,MS-17365,FUR-FU-10000023,4.712,Second Class,2,Credit Card
8252,3/5/2012,3/5/2012,3/9/2012,MS-17365,OFF-AP-10000828,180.98,Second Class,3,Bank Transfer
8253,3/5/2012,3/5/2012,3/9/2012,MS-17365,OFF-ST-10000777,60.416,Second Class,1,Credit Card
8254,8/13/2014,8/13/2014,8/20/2014,DK-12895,TEC-CO-10000971,299.99,Standard Class,2,Credit Card
8255,8/13/2014,8/13/2014,8/20/2014,DK-12895,OFF-PA-10003134,192.16,Standard Class,3,Bank Transfer
8256,8/13/2014,8/13/2014,8/20/2014,DK-12895,TEC-PH-10002538,242.624,Standard Class,5,Bank Transfer
8257,8/13/2014,8/13/2014,8/20/2014,DK-12895,OFF-ST-10001228,46.74,Standard Class,5,Credit Card
8258,8/13/2014,8/13/2014,8/20/2014,DK-12895,TEC-AC-10000397,174.95,Standard Class,3,Credit Card
8259,8/13/2014,8/13/2014,8/20/2014,DK-12895,OFF-BI-10004308,100.704,Standard Class,5,Bank Transfer
8260,6/27/2013,6/27/2013,6/27/2013,SN-20560,OFF-PA-10000357,368.91,Same Day,2,PayPal
8261,6/27/2013,6/27/2013,6/27/2013,SN-20560,OFF-BI-10000773,8.02,Same Day,2,Credit Card
8262,6/27/2013,6/27/2013,6/27/2013,SN-20560,OFF-ST-10001837,171.04,Same Day,5,Credit Card
8263,12/16/2013,12/16/2013,12/20/2013,TC-21475,OFF-PA-10002552,19.44,Standard Class,3,Credit Card
8264,9/13/2012,9/13/2012,9/17/2012,AM-10705,OFF-BI-10000014,13.092,Standard Class,5,Credit Card
8265,12/30/2011,12/30/2011,1/4/2012,AJ-10960,OFF-AP-10004136,122.94,Standard Class,2,Credit Card
8266,12/30/2011,12/30/2011,1/4/2012,AJ-10960,OFF-BI-10003429,35.448,Standard Class,5,Credit Card
8267,4/29/2011,4/29/2011,5/4/2011,KH-16360,TEC-PH-10000376,19.98,Standard Class,4,Bank Transfer
8268,1/31/2014,1/31/2014,2/7/2014,LP-17095,FUR-TA-10003469,69.375,Standard Class,1,Credit Card
8269,1/31/2014,1/31/2014,2/7/2014,LP-17095,OFF-SU-10004231,31.68,Standard Class,4,PayPal
8270,1/31/2014,1/31/2014,2/7/2014,LP-17095,TEC-PH-10002584,2003.168,Standard Class,1,Bank Transfer
8271,1/31/2014,1/31/2014,2/7/2014,LP-17095,OFF-AR-10003602,9.344,Standard Class,4,Credit Card
8272,12/26/2013,12/26/2013,1/1/2014,JE-15715,FUR-CH-10002331,2563.056,Standard Class,4,Credit Card
8273,10/21/2013,10/21/2013,10/26/2013,MY-18295,FUR-CH-10001802,387.136,Standard Class,5,Credit Card
8274,6/13/2012,6/13/2012,6/15/2012,FC-14245,OFF-AR-10000634,3.424,Second Class,1,Credit Card
8275,7/1/2014,7/1/2014,7/5/2014,ND-18460,OFF-ST-10002615,1085.42,Standard Class,2,PayPal
8276,6/26/2012,6/26/2012,6/30/2012,DB-13360,OFF-PA-10004040,43.056,Standard Class,1,PayPal
8277,2/21/2013,2/21/2013,2/25/2013,LC-16960,OFF-BI-10003727,3.762,Standard Class,2,Credit Card
8278,2/21/2013,2/21/2013,2/25/2013,LC-16960,OFF-BI-10002026,34.86,Standard Class,3,PayPal
8279,2/21/2013,2/21/2013,2/25/2013,LC-16960,OFF-ST-10001496,432.456,Standard Class,2,Bank Transfer
8280,4/23/2014,4/23/2014,4/27/2014,BD-11725,OFF-ST-10003716,675.06,Standard Class,2,PayPal
8281,5/10/2014,5/10/2014,5/11/2014,MC-17605,OFF-EN-10002504,65.232,First Class,3,Credit Card
8282,5/10/2014,5/10/2014,5/11/2014,MC-17605,FUR-CH-10001270,207,First Class,4,PayPal
8283,12/21/2012,12/21/2012,12/26/2012,SZ-20035,TEC-MA-10004241,600.53,Second Class,1,Credit Card
8284,12/21/2012,12/21/2012,12/26/2012,SZ-20035,OFF-AR-10001468,59.904,Second Class,5,Credit Card
8285,12/21/2012,12/21/2012,12/26/2012,SZ-20035,TEC-AC-10003198,637.44,Second Class,5,PayPal
8286,12/21/2012,12/21/2012,12/26/2012,SZ-20035,FUR-FU-10003039,51.756,Second Class,2,PayPal
8287,8/12/2011,8/12/2011,8/16/2011,DH-13675,OFF-PA-10000295,31.104,Standard Class,1,Bank Transfer
8288,8/12/2011,8/12/2011,8/16/2011,DH-13675,OFF-AR-10004344,47.96,Standard Class,3,PayPal
8289,8/12/2011,8/12/2011,8/16/2011,DH-13675,TEC-AC-10002473,158.928,Standard Class,4,Credit Card
8290,8/12/2011,8/12/2011,8/16/2011,DH-13675,OFF-AP-10002403,211.248,Standard Class,4,PayPal
8291,8/12/2011,8/12/2011,8/16/2011,DH-13675,OFF-SU-10000432,5.552,Standard Class,3,PayPal
8292,8/12/2011,8/12/2011,8/16/2011,DH-13675,OFF-LA-10000443,2.952,Standard Class,2,Credit Card
8293,12/11/2012,12/11/2012,12/15/2012,LC-16885,OFF-BI-10003166,10.332,Standard Class,3,Credit Card
8294,11/4/2014,11/4/2014,11/8/2014,JO-15145,OFF-BI-10002393,18.368,Standard Class,5,Credit Card
8295,3/14/2014,3/14/2014,3/18/2014,MT-17815,TEC-PH-10001809,299.9,Standard Class,1,Credit Card
8296,5/31/2013,5/31/2013,6/4/2013,EB-13750,OFF-EN-10002600,26.55,Standard Class,1,Credit Card
8297,5/31/2013,5/31/2013,6/4/2013,EB-13750,TEC-AC-10000109,111.98,Standard Class,4,PayPal
8298,7/5/2012,7/5/2012,7/11/2012,RS-19765,FUR-FU-10003829,4.928,Standard Class,4,PayPal
8299,7/5/2012,7/5/2012,7/11/2012,RS-19765,OFF-LA-10003223,11.784,Standard Class,4,PayPal
8300,3/11/2011,3/11/2011,3/15/2011,RB-19435,OFF-AR-10001770,7.98,Standard Class,5,Credit Card
8301,4/20/2012,4/20/2012,4/24/2012,OT-18730,OFF-EN-10003296,180.96,Standard Class,3,Credit Card
8302,7/27/2014,7/27/2014,8/2/2014,GZ-14545,TEC-AC-10003870,1649.95,Standard Class,4,PayPal
8303,7/27/2014,7/27/2014,8/2/2014,GZ-14545,FUR-CH-10000665,362.352,Standard Class,4,Bank Transfer
8304,10/31/2011,10/31/2011,11/2/2011,NL-18310,TEC-PH-10003092,73.584,Second Class,4,PayPal
8305,11/4/2014,11/4/2014,11/10/2014,BG-11740,FUR-TA-10001086,486.368,Standard Class,2,PayPal
8306,8/12/2013,8/12/2013,8/17/2013,MT-18070,OFF-PA-10001870,32.4,Standard Class,1,Credit Card
8307,8/12/2013,8/12/2013,8/17/2013,MT-18070,OFF-BI-10003305,41.86,Standard Class,3,PayPal
8308,8/12/2013,8/12/2013,8/17/2013,MT-18070,OFF-BI-10003007,77.56,Standard Class,1,Bank Transfer
8309,7/26/2013,7/26/2013,7/26/2013,BC-11125,OFF-AR-10001419,37.17,Same Day,3,PayPal
8310,3/1/2011,3/1/2011,3/7/2011,GW-14605,OFF-ST-10003692,137.352,Standard Class,4,Credit Card
8311,3/1/2011,3/1/2011,3/7/2011,GW-14605,FUR-TA-10001866,376.509,Standard Class,2,PayPal
8312,1/27/2014,1/27/2014,2/1/2014,BD-11500,FUR-FU-10002157,62.72,Standard Class,2,Bank Transfer
8313,1/27/2014,1/27/2014,2/1/2014,BD-11500,TEC-PH-10001459,2939.93,Standard Class,1,Credit Card
8314,7/12/2011,7/12/2011,7/16/2011,PV-18985,FUR-CH-10002126,512.358,Standard Class,3,PayPal
8315,7/12/2011,7/12/2011,7/16/2011,PV-18985,OFF-FA-10001561,3.488,Standard Class,4,Credit Card
8316,7/12/2011,7/12/2011,7/16/2011,PV-18985,OFF-AR-10003158,22.288,Standard Class,3,PayPal
8317,7/12/2011,7/12/2011,7/16/2011,PV-18985,OFF-PA-10001804,16.032,Standard Class,1,PayPal
8318,4/12/2014,4/12/2014,4/17/2014,HM-14980,OFF-AR-10000422,1.752,Standard Class,4,PayPal
8319,4/12/2014,4/12/2014,4/17/2014,HM-14980,OFF-AR-10000127,20.992,Standard Class,4,Credit Card
8320,11/14/2014,11/14/2014,11/19/2014,EM-14065,OFF-ST-10004634,11.21,Standard Class,4,Bank Transfer
8321,12/5/2012,12/5/2012,12/6/2012,SF-20065,OFF-AR-10003582,45.04,First Class,2,Credit Card
8322,9/27/2013,9/27/2013,10/2/2013,SC-20380,OFF-BI-10002026,15.624,Standard Class,1,Credit Card
8323,11/20/2013,11/20/2013,11/26/2013,ND-18370,OFF-AP-10000595,8.74,Standard Class,1,PayPal
8324,11/20/2013,11/20/2013,11/26/2013,ND-18370,OFF-PA-10001509,44.75,Standard Class,3,Bank Transfer
8325,9/9/2014,9/9/2014,9/10/2014,FC-14245,OFF-ST-10001321,61.68,First Class,1,Credit Card
8326,9/9/2014,9/9/2014,9/10/2014,FC-14245,TEC-PH-10001750,158.376,First Class,2,Bank Transfer
8327,7/22/2014,7/22/2014,7/25/2014,KL-16555,OFF-BI-10001890,2.864,Second Class,5,PayPal
8328,7/22/2014,7/22/2014,7/25/2014,KL-16555,OFF-BI-10004224,94.192,Second Class,1,PayPal
8329,10/7/2014,10/7/2014,10/12/2014,XP-21865,OFF-PA-10001357,143.7,Standard Class,2,PayPal
8330,10/7/2014,10/7/2014,10/12/2014,XP-21865,OFF-PA-10004888,6.48,Standard Class,4,Bank Transfer
8331,11/8/2014,11/8/2014,11/12/2014,FP-14320,TEC-AC-10002370,7.88,Standard Class,5,Bank Transfer
8332,3/10/2013,3/10/2013,3/13/2013,PS-18760,OFF-ST-10004634,11.21,First Class,3,Bank Transfer
8333,3/10/2013,3/10/2013,3/13/2013,PS-18760,FUR-CH-10002647,354.9,First Class,2,PayPal
8334,3/10/2013,3/10/2013,3/13/2013,PS-18760,OFF-PA-10001801,17.94,First Class,2,Credit Card
8335,3/10/2013,3/10/2013,3/13/2013,PS-18760,OFF-BI-10004632,51.8,First Class,3,PayPal
8336,5/14/2014,5/14/2014,5/19/2014,CW-11905,OFF-BI-10002082,299.52,Second Class,5,Credit Card
8337,7/3/2013,7/3/2013,7/9/2013,KH-16360,OFF-AR-10003986,7.7,Standard Class,5,PayPal
8338,12/27/2011,12/27/2011,1/3/2012,TC-20980,OFF-PA-10001243,23.92,Standard Class,5,PayPal
8339,12/27/2011,12/27/2011,1/3/2012,TC-20980,TEC-AC-10003198,498,Standard Class,1,Bank Transfer
8340,4/14/2014,4/14/2014,4/18/2014,YS-21880,FUR-CH-10003774,436.704,Standard Class,1,Bank Transfer
8341,11/14/2011,11/14/2011,11/20/2011,CC-12220,OFF-PA-10002262,32.4,Standard Class,1,Credit Card
8342,6/12/2014,6/12/2014,6/15/2014,ZD-21925,OFF-AP-10004532,61.44,First Class,4,Credit Card
8343,11/26/2013,11/26/2013,12/1/2013,JK-15370,OFF-ST-10001325,73.36,Standard Class,5,Credit Card
8344,3/21/2011,3/21/2011,3/25/2011,GM-14440,OFF-LA-10004544,59.2,Standard Class,4,Bank Transfer
8345,3/21/2011,3/21/2011,3/25/2011,GM-14440,FUR-FU-10001473,32.952,Standard Class,5,Credit Card
8346,3/21/2011,3/21/2011,3/25/2011,GM-14440,FUR-CH-10000422,218.376,Standard Class,4,Bank Transfer
8347,4/30/2012,4/30/2012,5/4/2012,JW-15220,FUR-FU-10002960,31.4,Standard Class,3,Bank Transfer
8348,4/30/2012,4/30/2012,5/4/2012,JW-15220,FUR-FU-10002445,9.48,Standard Class,5,Bank Transfer
8349,4/30/2012,4/30/2012,5/4/2012,JW-15220,TEC-PH-10001300,209.5,Standard Class,5,PayPal
8350,4/30/2012,4/30/2012,5/4/2012,JW-15220,FUR-FU-10001025,24.3,Standard Class,3,Credit Card
8351,4/30/2012,4/30/2012,5/4/2012,JW-15220,OFF-PA-10002689,6.48,Standard Class,4,Credit Card
8352,5/4/2014,5/4/2014,5/9/2014,BO-11350,FUR-FU-10004245,32.448,Standard Class,1,Credit Card
8353,5/4/2014,5/4/2014,5/9/2014,BO-11350,OFF-BI-10003684,26.388,Standard Class,2,Credit Card
8354,5/4/2014,5/4/2014,5/9/2014,BO-11350,FUR-TA-10003748,373.47,Standard Class,5,Bank Transfer
8355,5/4/2014,5/4/2014,5/9/2014,BO-11350,OFF-BI-10002133,64.2,Standard Class,2,Bank Transfer
8356,5/4/2014,5/4/2014,5/9/2014,BO-11350,OFF-FA-10002280,8,Standard Class,2,PayPal
8357,8/27/2013,8/27/2013,8/31/2013,XP-21865,FUR-FU-10000308,186.54,Standard Class,2,PayPal
8358,4/11/2011,4/11/2011,4/18/2011,MM-18055,OFF-ST-10000876,87.08,Standard Class,1,Credit Card
8359,4/11/2011,4/11/2011,4/18/2011,MM-18055,TEC-PH-10000586,105.584,Standard Class,2,Bank Transfer
8360,4/11/2011,4/11/2011,4/18/2011,MM-18055,TEC-AC-10003399,217.44,Standard Class,2,Credit Card
8361,1/3/2014,1/3/2014,1/5/2014,TS-21655,OFF-AR-10001955,31.744,Second Class,5,Bank Transfer
8362,1/3/2014,1/3/2014,1/5/2014,TS-21655,OFF-AP-10000027,5.432,Second Class,3,Bank Transfer
8363,1/3/2014,1/3/2014,1/5/2014,TS-21655,FUR-TA-10002958,913.43,Second Class,5,Bank Transfer
8364,1/3/2014,1/3/2014,1/5/2014,TS-21655,OFF-ST-10002615,372.144,Second Class,2,Credit Card
8365,4/29/2014,4/29/2014,5/3/2014,JL-15235,TEC-PH-10002624,751.984,Standard Class,5,Bank Transfer
8366,1/31/2014,1/31/2014,2/3/2014,SZ-20035,TEC-PH-10002275,604.768,First Class,4,Credit Card
8367,9/7/2011,9/7/2011,9/12/2011,LR-17035,OFF-SU-10004290,27.36,Second Class,2,PayPal
8368,9/7/2011,9/7/2011,9/12/2011,LR-17035,OFF-PA-10000174,20.56,Second Class,5,PayPal
8369,9/7/2011,9/7/2011,9/12/2011,LR-17035,OFF-BI-10004308,83.92,Second Class,4,Credit Card
8370,6/12/2013,6/12/2013,6/17/2013,SV-20365,FUR-TA-10003473,902.712,Standard Class,2,Credit Card
8371,10/18/2013,10/18/2013,10/22/2013,MG-17890,FUR-BO-10003894,120.666,Standard Class,5,Credit Card
8372,12/27/2011,12/27/2011,12/30/2011,NC-18415,OFF-BI-10001658,4.984,First Class,1,PayPal
8373,11/25/2013,11/25/2013,12/2/2013,SC-20680,FUR-FU-10003535,82.26,Standard Class,1,Bank Transfer
8374,11/11/2013,11/11/2013,11/14/2013,RO-19780,OFF-ST-10000352,29.74,First Class,1,Credit Card
8375,1/5/2012,1/5/2012,1/10/2012,JL-15175,OFF-AP-10004859,87.36,Standard Class,4,Credit Card
8376,1/5/2012,1/5/2012,1/10/2012,JL-15175,OFF-BI-10001294,56.16,Standard Class,3,PayPal
8377,3/22/2014,3/22/2014,3/28/2014,PW-19030,OFF-AP-10001242,64.384,Standard Class,2,PayPal
8378,11/12/2012,11/12/2012,11/18/2012,MF-18250,OFF-ST-10002344,64.784,Standard Class,2,Credit Card
8379,11/12/2012,11/12/2012,11/18/2012,MF-18250,OFF-PA-10003349,15.552,Standard Class,3,PayPal
8380,11/12/2012,11/12/2012,11/18/2012,MF-18250,OFF-EN-10003055,223.888,Standard Class,5,PayPal
8381,9/9/2011,9/9/2011,9/14/2011,CC-12220,OFF-PA-10001622,10.896,Second Class,4,PayPal
8382,3/18/2013,3/18/2013,3/20/2013,AC-10660,TEC-PH-10003800,84.784,Second Class,2,PayPal
8383,2/8/2013,2/8/2013,2/15/2013,MH-17440,FUR-CH-10001270,241.5,Standard Class,5,PayPal
8384,11/27/2013,11/27/2013,11/29/2013,CD-12790,TEC-AC-10003447,59.97,First Class,5,PayPal
8385,11/27/2013,11/27/2013,11/29/2013,CD-12790,OFF-PA-10004285,13.36,First Class,5,PayPal
8386,9/5/2014,9/5/2014,9/9/2014,CV-12805,OFF-BI-10001757,11.808,Standard Class,1,PayPal
8387,5/28/2012,5/28/2012,6/3/2012,TB-21625,OFF-ST-10001558,16.24,Standard Class,1,Bank Transfer
8388,5/28/2012,5/28/2012,6/3/2012,TB-21625,OFF-ST-10001328,77.55,Standard Class,4,PayPal
8389,11/1/2011,11/1/2011,11/5/2011,DG-13300,OFF-AP-10004708,76.12,Standard Class,3,PayPal
8390,12/28/2013,12/28/2013,12/31/2013,RD-19810,OFF-FA-10000621,17.184,First Class,5,Bank Transfer
8391,12/5/2014,12/5/2014,12/7/2014,CS-12250,OFF-PA-10001838,11.76,First Class,4,Bank Transfer
8392,12/24/2014,12/24/2014,12/31/2014,JB-16045,FUR-FU-10001473,27.46,Standard Class,5,Bank Transfer
8393,12/2/2013,12/2/2013,12/7/2013,EJ-14155,TEC-PH-10000193,137.94,Second Class,5,PayPal
8394,12/2/2013,12/2/2013,12/7/2013,EJ-14155,FUR-FU-10002045,111.15,Second Class,1,Credit Card
8395,12/2/2013,12/2/2013,12/7/2013,EJ-14155,OFF-AP-10002945,901.95,Second Class,1,Bank Transfer
8396,12/2/2013,12/2/2013,12/7/2013,EJ-14155,FUR-TA-10001095,366.009,Second Class,1,PayPal
8397,6/30/2011,6/30/2011,6/30/2011,BD-11620,OFF-PA-10001144,310.688,Same Day,1,PayPal
8398,9/3/2011,9/3/2011,9/4/2011,MR-17545,OFF-BI-10004099,7.68,First Class,3,PayPal
8399,11/3/2014,11/3/2014,11/8/2014,SR-20425,FUR-CH-10001973,155.372,Second Class,2,Credit Card
8400,4/13/2012,4/13/2012,4/18/2012,TH-21100,OFF-ST-10000344,10.744,Standard Class,4,Credit Card
8401,12/5/2012,12/5/2012,12/9/2012,BD-11635,OFF-BI-10002026,232.4,Second Class,1,Credit Card
8402,12/5/2012,12/5/2012,12/9/2012,BD-11635,FUR-CH-10003535,164.646,Second Class,2,PayPal
8403,12/5/2012,12/5/2012,12/9/2012,BD-11635,OFF-PA-10004156,22.68,Second Class,2,Bank Transfer
8404,2/1/2013,2/1/2013,2/7/2013,SM-20950,OFF-PA-10002254,105.52,Standard Class,5,PayPal
8405,7/9/2014,7/9/2014,7/13/2014,HE-14800,FUR-FU-10003247,83.92,Standard Class,1,PayPal
8406,7/9/2014,7/9/2014,7/13/2014,HE-14800,TEC-AC-10002473,141.9,Standard Class,4,Credit Card
8407,7/9/2014,7/9/2014,7/13/2014,HE-14800,FUR-FU-10001057,39.98,Standard Class,3,Bank Transfer
8408,7/9/2014,7/9/2014,7/13/2014,HE-14800,OFF-AR-10001419,28.91,Standard Class,1,Bank Transfer
8409,7/9/2014,7/9/2014,7/13/2014,HE-14800,OFF-AR-10004010,174.95,Standard Class,1,Bank Transfer
8410,12/11/2012,12/11/2012,12/17/2012,JK-15640,OFF-BI-10004230,110.528,Standard Class,5,Credit Card
8411,11/16/2013,11/16/2013,11/16/2013,ON-18715,FUR-TA-10001768,630.024,Same Day,5,Credit Card
8412,5/10/2013,5/10/2013,5/13/2013,TH-21100,OFF-AR-10003514,27.86,Second Class,4,Credit Card
8413,3/11/2014,3/11/2014,3/15/2014,MD-17350,FUR-TA-10002228,933.408,Standard Class,5,PayPal
8414,12/18/2013,12/18/2013,12/22/2013,AH-10075,OFF-PA-10001972,51.84,Standard Class,5,Credit Card
8415,12/18/2013,12/18/2013,12/22/2013,AH-10075,TEC-AC-10002942,165.6,Standard Class,1,Credit Card
8416,4/7/2014,4/7/2014,4/13/2014,ML-17755,OFF-PA-10000474,106.32,Standard Class,4,Credit Card
8417,5/10/2014,5/10/2014,5/12/2014,LB-16795,OFF-BI-10004330,147.92,First Class,2,Credit Card
8418,5/10/2014,5/10/2014,5/12/2014,LB-16795,OFF-ST-10000604,104.28,First Class,2,Bank Transfer
8419,5/10/2014,5/10/2014,5/12/2014,LB-16795,FUR-TA-10004154,286.85,First Class,1,PayPal
8420,5/10/2014,5/10/2014,5/12/2014,LB-16795,OFF-ST-10000636,66.96,First Class,3,PayPal
8421,5/10/2014,5/10/2014,5/12/2014,LB-16795,TEC-AC-10004171,199.98,First Class,3,PayPal
8422,10/13/2014,10/13/2014,10/17/2014,NP-18670,TEC-AC-10002167,45,Standard Class,2,Credit Card
8423,10/13/2014,10/13/2014,10/17/2014,NP-18670,OFF-FA-10000621,17.9,Standard Class,4,PayPal
8424,10/13/2014,10/13/2014,10/17/2014,NP-18670,FUR-FU-10004053,40.48,Standard Class,5,Bank Transfer
8425,10/13/2014,10/13/2014,10/17/2014,NP-18670,FUR-BO-10003404,2154.9,Standard Class,5,Bank Transfer
8426,8/29/2013,8/29/2013,8/31/2013,EB-13750,OFF-BI-10004099,18.432,First Class,4,Bank Transfer
8427,10/2/2012,10/2/2012,10/7/2012,RP-19390,OFF-SU-10004290,10.944,Standard Class,5,Bank Transfer
8428,11/24/2014,11/24/2014,11/26/2014,DC-12850,OFF-SU-10001935,4.36,First Class,4,PayPal
8429,11/13/2014,11/13/2014,11/17/2014,DJ-13510,TEC-AC-10004227,62.352,Standard Class,1,PayPal
8430,12/20/2013,12/20/2013,12/22/2013,CL-12565,FUR-FU-10004904,303.92,Second Class,4,Bank Transfer
8431,3/30/2011,3/30/2011,4/5/2011,NC-18340,OFF-ST-10001511,129.3,Standard Class,1,Credit Card
8432,11/9/2014,11/9/2014,11/14/2014,KN-16450,FUR-FU-10003535,274.2,Standard Class,3,Credit Card
8433,9/14/2011,9/14/2011,9/18/2011,SC-20260,OFF-FA-10000053,6.048,Second Class,3,Bank Transfer
8434,9/14/2011,9/14/2011,9/18/2011,SC-20260,OFF-PA-10004610,6.848,Second Class,1,Credit Card
8435,9/14/2011,9/14/2011,9/18/2011,SC-20260,FUR-FU-10000550,9.96,Second Class,5,Bank Transfer
8436,9/14/2011,9/14/2011,9/18/2011,SC-20260,OFF-BI-10001721,8.552,Second Class,3,PayPal
8437,9/20/2012,9/20/2012,9/26/2012,AM-10705,OFF-BI-10004040,45.584,Standard Class,1,Credit Card
8438,12/10/2012,12/10/2012,12/16/2012,RA-19945,TEC-AC-10002550,25.488,Standard Class,1,Bank Transfer
8439,5/28/2011,5/28/2011,6/1/2011,MM-17260,OFF-BI-10003876,136.96,Standard Class,4,PayPal
8440,3/15/2014,3/15/2014,3/18/2014,BN-11470,TEC-PH-10000213,49.616,Second Class,5,PayPal
8441,12/9/2013,12/9/2013,12/13/2013,JB-16045,OFF-PA-10002615,10.584,Second Class,3,PayPal
8442,5/7/2014,5/7/2014,5/11/2014,DB-13615,OFF-PA-10002254,84.416,Standard Class,5,PayPal
8443,3/7/2013,3/7/2013,3/11/2013,JB-16045,TEC-PH-10004586,431.94,Standard Class,2,Bank Transfer
8444,3/7/2013,3/7/2013,3/11/2013,JB-16045,OFF-BI-10002982,2.043,Standard Class,3,PayPal
8445,3/7/2013,3/7/2013,3/11/2013,JB-16045,TEC-PH-10002538,68.238,Standard Class,1,Bank Transfer
8446,10/24/2014,10/24/2014,10/25/2014,AH-10075,FUR-TA-10001039,240.744,First Class,3,Bank Transfer
8447,10/24/2014,10/24/2014,10/25/2014,AH-10075,FUR-FU-10004963,35,First Class,1,PayPal
8448,10/24/2014,10/24/2014,10/25/2014,AH-10075,FUR-FU-10000277,210.68,First Class,3,Bank Transfer
8449,10/24/2014,10/24/2014,10/25/2014,AH-10075,FUR-TA-10004915,637.896,First Class,1,Credit Card
8450,10/24/2014,10/24/2014,10/25/2014,AH-10075,OFF-PA-10003724,43.44,First Class,3,Credit Card
8451,10/24/2014,10/24/2014,10/25/2014,AH-10075,OFF-AP-10002906,2.22,First Class,4,Bank Transfer
8452,4/28/2011,4/28/2011,4/30/2011,AI-10855,TEC-PH-10001459,1679.96,First Class,2,Credit Card
8453,4/19/2013,4/19/2013,4/24/2013,TH-21115,FUR-CH-10002880,344.372,Standard Class,5,Credit Card
8454,4/19/2013,4/19/2013,4/24/2013,TH-21115,OFF-ST-10001780,1554.936,Standard Class,5,Credit Card
8455,4/19/2013,4/19/2013,4/24/2013,TH-21115,FUR-FU-10004748,127.88,Standard Class,5,Bank Transfer
8456,5/23/2013,5/23/2013,5/30/2013,JE-15610,TEC-PH-10001918,222.384,Standard Class,1,Bank Transfer
8457,5/29/2014,5/29/2014,6/3/2014,TH-21235,FUR-CH-10001146,106.869,Second Class,1,Credit Card
8458,5/29/2014,5/29/2014,6/3/2014,TH-21235,OFF-BI-10004364,3.564,Second Class,3,Credit Card
8459,8/25/2011,8/25/2011,8/29/2011,JE-15715,OFF-BI-10002133,25.68,Standard Class,4,Bank Transfer
8460,8/25/2011,8/25/2011,8/29/2011,JE-15715,OFF-BI-10002225,12.384,Standard Class,3,Credit Card
8461,8/30/2011,8/30/2011,9/4/2011,AT-10735,OFF-BI-10002432,25.3,Standard Class,5,PayPal
8462,8/30/2011,8/30/2011,9/4/2011,AT-10735,OFF-ST-10000563,95.94,Standard Class,3,PayPal
8463,9/3/2012,9/3/2012,9/7/2012,JH-15820,OFF-LA-10001982,7.5,Second Class,3,PayPal
8464,3/28/2011,3/28/2011,4/1/2011,DR-12940,TEC-PH-10003273,302.376,Standard Class,4,Bank Transfer
8465,5/10/2012,5/10/2012,5/15/2012,AB-10165,TEC-AC-10002718,46.688,Standard Class,2,Credit Card
8466,4/9/2012,4/9/2012,4/14/2012,MC-18100,OFF-ST-10001505,17.94,Standard Class,3,Credit Card
8467,4/9/2012,4/9/2012,4/14/2012,IG-15085,OFF-AP-10000179,370.14,Standard Class,4,Bank Transfer
8468,9/20/2013,9/20/2013,9/24/2013,FH-14275,OFF-BI-10002309,8.928,Standard Class,4,PayPal
8469,11/12/2013,11/12/2013,11/18/2013,AS-10285,FUR-TA-10001950,2678.94,Standard Class,1,Credit Card
8470,4/24/2014,4/24/2014,4/28/2014,PN-18775,FUR-BO-10001972,387.136,Standard Class,1,Bank Transfer
8471,4/24/2014,4/24/2014,4/28/2014,PN-18775,TEC-AC-10002473,45.408,Standard Class,2,Bank Transfer
8472,4/24/2014,4/24/2014,4/28/2014,PN-18775,FUR-FU-10000193,77.952,Standard Class,2,PayPal
8473,4/24/2014,4/24/2014,4/28/2014,PN-18775,OFF-LA-10000081,3,Standard Class,4,Bank Transfer
8474,10/22/2012,10/22/2012,10/26/2012,GM-14500,OFF-ST-10000876,9.952,Second Class,3,Bank Transfer
8475,4/10/2014,4/10/2014,4/15/2014,NC-18625,OFF-BI-10004492,37.896,Standard Class,4,PayPal
8476,4/10/2014,4/10/2014,4/15/2014,NC-18625,OFF-PA-10001033,65.584,Standard Class,4,PayPal
8477,10/28/2014,10/28/2014,11/2/2014,TW-21025,OFF-PA-10004039,44.784,Standard Class,5,Credit Card
8478,10/30/2012,10/30/2012,10/30/2012,BF-11020,TEC-MA-10004552,1035.8,Same Day,1,Bank Transfer
8479,12/19/2014,12/19/2014,12/25/2014,TT-21460,OFF-AR-10002578,5.76,Standard Class,5,Bank Transfer
8480,3/13/2013,3/13/2013,3/17/2013,SW-20245,OFF-PA-10004022,19.98,Standard Class,5,Credit Card
8481,7/21/2011,7/21/2011,7/27/2011,PG-18820,TEC-PH-10004100,35.98,Standard Class,3,Credit Card
8482,5/25/2013,5/25/2013,5/29/2013,DP-13390,OFF-AR-10001860,16.656,Standard Class,5,Bank Transfer
8483,2/12/2014,2/12/2014,2/16/2014,DJ-13510,OFF-LA-10001297,20.7,Standard Class,2,Bank Transfer
8484,9/21/2013,9/21/2013,9/25/2013,EN-13780,OFF-BI-10004828,83.7,Standard Class,5,Credit Card
8485,9/25/2014,9/25/2014,9/25/2014,PB-19150,FUR-FU-10002759,199.8,Same Day,3,Credit Card
8486,3/28/2014,3/28/2014,4/1/2014,BD-11560,OFF-PA-10000740,45.68,Standard Class,5,Credit Card
8487,3/28/2014,3/28/2014,4/1/2014,BD-11560,OFF-PA-10001144,110.96,Standard Class,5,Credit Card
8488,3/28/2014,3/28/2014,4/1/2014,BD-11560,OFF-PA-10000859,11.94,Standard Class,1,PayPal
8489,2/2/2013,2/2/2013,2/4/2013,SE-20110,TEC-MA-10001127,8749.95,Second Class,1,PayPal
8490,2/2/2013,2/2/2013,2/4/2013,SE-20110,OFF-BI-10002557,36.4,Second Class,2,Credit Card
8491,2/2/2013,2/2/2013,2/4/2013,SE-20110,FUR-FU-10001731,18.69,Second Class,5,PayPal
8492,7/8/2014,7/8/2014,7/12/2014,AT-10735,OFF-FA-10001135,5.94,Standard Class,3,Bank Transfer
8493,10/23/2012,10/23/2012,10/28/2012,CC-12685,OFF-PA-10000069,60.736,Standard Class,5,PayPal
8494,10/23/2012,10/23/2012,10/28/2012,CC-12685,TEC-CO-10001943,479.976,Standard Class,3,Credit Card
8495,10/23/2012,10/23/2012,10/28/2012,CC-12685,OFF-BI-10000977,6.08,Standard Class,4,Bank Transfer
8496,12/3/2013,12/3/2013,12/9/2013,AS-10225,TEC-AC-10002942,165.6,Standard Class,2,PayPal
8497,3/5/2011,3/5/2011,3/8/2011,AB-10150,OFF-AR-10000588,59.52,Second Class,4,PayPal
8498,3/5/2011,3/5/2011,3/8/2011,AB-10150,TEC-AC-10002001,479.97,Second Class,3,PayPal
8499,3/5/2011,3/5/2011,3/8/2011,AB-10150,OFF-SU-10000381,18.62,Second Class,1,Credit Card
8500,3/5/2011,3/5/2011,3/8/2011,AB-10150,OFF-BI-10001617,49.632,Second Class,5,PayPal
8501,3/5/2011,3/5/2011,3/8/2011,AB-10150,OFF-PA-10001878,97.82,Second Class,3,Bank Transfer
8502,2/29/2012,2/29/2012,3/3/2012,DH-13075,TEC-PH-10000376,15.984,Second Class,4,Bank Transfer
8503,2/29/2012,2/29/2012,3/3/2012,DH-13075,FUR-CH-10003396,184.752,Second Class,4,Bank Transfer
8504,2/21/2011,2/21/2011,2/25/2011,SR-20740,OFF-PA-10003363,12.96,Standard Class,5,Bank Transfer
8505,5/3/2013,5/3/2013,5/7/2013,NR-18550,FUR-CH-10003298,366.744,Standard Class,2,PayPal
8506,3/9/2013,3/9/2013,3/13/2013,SJ-20125,OFF-BI-10001757,8.856,Standard Class,1,Bank Transfer
8507,3/9/2013,3/9/2013,3/13/2013,SJ-20125,TEC-AC-10004633,27.96,Standard Class,5,Bank Transfer
8508,3/9/2013,3/9/2013,3/13/2013,SJ-20125,OFF-EN-10001453,146.352,Standard Class,3,Bank Transfer
8509,12/11/2012,12/11/2012,12/14/2012,CA-12775,TEC-AC-10004761,175.23,First Class,2,Bank Transfer
8510,12/11/2012,12/11/2012,12/14/2012,CA-12775,TEC-PH-10003691,125.99,First Class,1,PayPal
8511,12/11/2012,12/11/2012,12/14/2012,CA-12775,OFF-BI-10004965,23,First Class,4,Bank Transfer
8512,12/23/2013,12/23/2013,12/27/2013,LC-16885,OFF-BI-10004233,25.584,Standard Class,5,Bank Transfer
8513,2/2/2013,2/2/2013,2/8/2013,NS-18640,FUR-FU-10003601,73.784,Standard Class,1,PayPal
8514,6/6/2014,6/6/2014,6/10/2014,NS-18640,OFF-PA-10002787,20.736,Standard Class,3,PayPal
8515,8/21/2012,8/21/2012,8/26/2012,HG-14965,OFF-AR-10003602,17.52,Standard Class,3,PayPal
8516,8/21/2012,8/21/2012,8/26/2012,HG-14965,OFF-AR-10002053,35.76,Standard Class,1,PayPal
8517,4/8/2013,4/8/2013,4/12/2013,SF-20200,OFF-AR-10002833,3.64,Standard Class,1,PayPal
8518,6/5/2014,6/5/2014,6/8/2014,EM-14065,FUR-FU-10002501,30.336,Second Class,5,PayPal
8519,12/5/2014,12/5/2014,12/11/2014,DO-13645,FUR-FU-10002506,12.99,Standard Class,4,PayPal
8520,12/5/2014,12/5/2014,12/11/2014,DO-13645,FUR-CH-10003817,182.22,Standard Class,4,Bank Transfer
8521,12/5/2014,12/5/2014,12/11/2014,DO-13645,FUR-CH-10004860,302.94,Standard Class,2,Bank Transfer
8522,1/11/2013,1/11/2013,1/15/2013,MP-17470,FUR-FU-10002268,54.992,Standard Class,5,Credit Card
8523,4/2/2013,4/2/2013,4/8/2013,MY-18295,TEC-PH-10000148,12.99,Standard Class,2,PayPal
8524,9/22/2014,9/22/2014,9/26/2014,DB-13615,OFF-PA-10004082,55.86,Standard Class,1,PayPal
8525,3/17/2014,3/17/2014,3/17/2014,SP-20920,TEC-PH-10004348,44.376,Same Day,3,PayPal
8526,3/17/2014,3/17/2014,3/17/2014,SP-20920,FUR-FU-10003424,51.264,Same Day,1,Credit Card
8527,3/17/2014,3/17/2014,3/17/2014,SP-20920,OFF-BI-10004654,5.193,Same Day,4,Bank Transfer
8528,3/17/2014,3/17/2014,3/17/2014,SP-20920,TEC-AC-10004571,159.984,Same Day,3,Credit Card
8529,3/17/2014,3/17/2014,3/17/2014,SP-20920,OFF-ST-10000675,54.224,Same Day,2,Credit Card
8530,11/11/2014,11/11/2014,11/18/2014,ME-17320,FUR-CH-10001714,241.424,Standard Class,3,Bank Transfer
8531,12/1/2013,12/1/2013,12/7/2013,BS-11755,OFF-PA-10000380,33.36,Standard Class,5,Credit Card
8532,12/1/2013,12/1/2013,12/7/2013,BS-11755,OFF-PA-10002713,13.76,Standard Class,4,PayPal
8533,12/1/2013,12/1/2013,12/7/2013,BS-11755,OFF-ST-10001370,496.86,Standard Class,2,PayPal
8534,12/1/2013,12/1/2013,12/7/2013,BS-11755,FUR-CH-10000513,389.97,Standard Class,5,PayPal
8535,1/13/2012,1/13/2012,1/15/2012,KS-16300,OFF-LA-10003223,9.82,Second Class,2,PayPal
8536,5/16/2011,5/16/2011,5/20/2011,CC-12475,TEC-AC-10002217,56.4,Standard Class,4,Credit Card
8537,6/7/2012,6/7/2012,6/11/2012,HD-14785,OFF-BI-10003707,18.312,Standard Class,4,PayPal
8538,6/7/2012,6/7/2012,6/11/2012,HD-14785,OFF-PA-10000552,25.92,Standard Class,5,Credit Card
8539,6/7/2012,6/7/2012,6/11/2012,HD-14785,OFF-AR-10003183,8.016,Standard Class,1,PayPal
8540,3/10/2014,3/10/2014,3/14/2014,KB-16315,TEC-CO-10000971,479.984,Standard Class,3,PayPal
8541,3/10/2014,3/10/2014,3/14/2014,KB-16315,OFF-BI-10003910,30.84,Standard Class,2,Bank Transfer
8542,12/22/2012,12/22/2012,12/23/2012,HR-14830,OFF-ST-10001172,33.568,First Class,1,PayPal
8543,12/22/2012,12/22/2012,12/23/2012,HR-14830,FUR-CH-10001270,422.625,First Class,2,PayPal
8544,8/6/2011,8/6/2011,8/11/2011,TB-21625,TEC-AC-10004571,199.98,Standard Class,3,Bank Transfer
8545,3/28/2013,3/28/2013,4/1/2013,DS-13180,FUR-FU-10004053,20.24,Standard Class,2,Credit Card
8546,3/28/2013,3/28/2013,4/1/2013,DS-13180,FUR-FU-10003731,39.92,Standard Class,5,Bank Transfer
8547,3/28/2013,3/28/2013,4/1/2013,DS-13180,OFF-BI-10000962,32.54,Standard Class,2,PayPal
8548,12/5/2012,12/5/2012,12/10/2012,GB-14530,TEC-AC-10001266,39,Standard Class,2,Bank Transfer
8549,12/5/2012,12/5/2012,12/10/2012,GB-14530,OFF-LA-10000452,12.6,Standard Class,2,Bank Transfer
8550,9/11/2012,9/11/2012,9/12/2012,GB-14530,FUR-FU-10000073,24.64,First Class,2,Credit Card
8551,7/17/2012,7/17/2012,7/24/2012,VB-21745,OFF-LA-10002368,6.264,Standard Class,3,PayPal
8552,7/17/2012,7/17/2012,7/24/2012,VB-21745,OFF-FA-10004248,14.432,Standard Class,2,Bank Transfer
8553,5/30/2011,5/30/2011,6/3/2011,MC-17425,TEC-CO-10004202,719.976,Standard Class,1,Bank Transfer
8554,11/14/2014,11/14/2014,11/21/2014,CB-12025,TEC-AC-10000927,239.92,Standard Class,2,Credit Card
8555,12/10/2013,12/10/2013,12/12/2013,PM-18940,FUR-TA-10002530,1056.86,First Class,4,Bank Transfer
8556,3/22/2012,3/22/2012,3/22/2012,DC-13285,TEC-AC-10002567,447.944,Same Day,3,PayPal
8557,3/22/2012,3/22/2012,3/22/2012,DC-13285,OFF-ST-10002182,150.408,Same Day,5,PayPal
8558,12/24/2013,12/24/2013,12/27/2013,LA-16780,TEC-PH-10004539,453.576,Second Class,2,Bank Transfer
8559,12/24/2013,12/24/2013,12/27/2013,LA-16780,OFF-LA-10002945,45.36,Second Class,4,Credit Card
8560,12/24/2013,12/24/2013,12/27/2013,LA-16780,TEC-PH-10004345,287.88,Second Class,4,Credit Card
8561,12/24/2013,12/24/2013,12/27/2013,LA-16780,TEC-PH-10004912,131.88,Second Class,2,Bank Transfer
8562,12/24/2013,12/24/2013,12/27/2013,LA-16780,FUR-FU-10000206,2.328,Second Class,2,Credit Card
8563,4/3/2013,4/3/2013,4/7/2013,DJ-13420,FUR-CH-10000847,1454.9,Second Class,1,Credit Card
8564,5/1/2014,5/1/2014,5/5/2014,MH-18115,OFF-BI-10000822,4.842,Standard Class,2,Credit Card
8565,5/1/2014,5/1/2014,5/5/2014,MH-18115,FUR-FU-10000747,220.704,Standard Class,2,Bank Transfer
8566,11/18/2013,11/18/2013,11/19/2013,BG-11035,TEC-PH-10002350,67.176,First Class,4,Credit Card
8567,11/18/2013,11/18/2013,11/19/2013,BG-11035,OFF-PA-10000697,15.232,First Class,3,Credit Card
8568,11/11/2013,11/11/2013,11/13/2013,SV-20365,OFF-PA-10002787,31.104,First Class,2,Credit Card
8569,12/7/2013,12/7/2013,12/13/2013,DP-13105,OFF-BI-10004318,968.744,Standard Class,1,PayPal
8570,12/7/2013,12/7/2013,12/13/2013,DP-13105,OFF-BI-10001721,222.352,Standard Class,4,Credit Card
8571,12/7/2013,12/7/2013,12/13/2013,DP-13105,TEC-CO-10004202,479.984,Standard Class,5,Credit Card
8572,4/4/2013,4/4/2013,4/4/2013,SR-20740,OFF-PA-10003893,10.272,Same Day,2,Credit Card
8573,11/28/2011,11/28/2011,12/2/2011,BT-11680,TEC-MA-10004679,998.85,Standard Class,4,PayPal
8574,10/20/2012,10/20/2012,10/22/2012,MS-17770,OFF-PA-10000249,24.56,First Class,5,Credit Card
8575,9/19/2011,9/19/2011,9/19/2011,JK-15640,OFF-FA-10000053,5.67,Same Day,4,Bank Transfer
8576,8/28/2014,8/28/2014,8/31/2014,ST-20530,OFF-AP-10000804,14.336,Second Class,1,Credit Card
8577,7/4/2014,7/4/2014,7/5/2014,TS-21505,FUR-FU-10004188,102.3,First Class,3,Credit Card
8578,12/23/2014,12/23/2014,12/27/2014,CM-12190,FUR-TA-10004915,607.52,Standard Class,2,PayPal
8579,12/23/2014,12/23/2014,12/27/2014,CM-12190,OFF-ST-10001228,31.16,Standard Class,4,Credit Card
8580,12/28/2013,12/28/2013,1/3/2014,JW-15955,OFF-LA-10002368,2.61,Standard Class,5,PayPal
8581,5/20/2011,5/20/2011,5/22/2011,MC-17590,FUR-FU-10003489,10.332,Second Class,3,Credit Card
8582,5/20/2011,5/20/2011,5/22/2011,MC-17590,OFF-PA-10000289,10.368,Second Class,4,Bank Transfer
8583,5/20/2011,5/20/2011,5/22/2011,MC-17590,TEC-AC-10004227,20.784,Second Class,2,Bank Transfer
8584,5/20/2011,5/20/2011,5/22/2011,MC-17590,OFF-ST-10000636,66.96,Second Class,1,PayPal
8585,2/5/2011,2/5/2011,2/9/2011,MH-17440,OFF-BI-10003676,17.248,Second Class,5,PayPal
8586,12/10/2014,12/10/2014,12/16/2014,RD-19720,OFF-BI-10001116,11.088,Standard Class,1,Credit Card
8587,7/12/2014,7/12/2014,7/19/2014,KB-16240,TEC-AC-10003832,1287.45,Standard Class,2,Bank Transfer
8588,7/12/2014,7/12/2014,7/19/2014,KB-16240,OFF-AP-10003040,168.1,Standard Class,1,Bank Transfer
8589,5/15/2012,5/15/2012,5/22/2012,FC-14335,OFF-ST-10002583,51.968,Standard Class,5,Credit Card
8590,1/30/2014,1/30/2014,2/2/2014,BD-11770,OFF-AR-10002053,4.768,First Class,5,PayPal
8591,9/30/2014,9/30/2014,10/2/2014,FH-14365,OFF-EN-10004846,7.98,First Class,3,Bank Transfer
8592,4/24/2014,4/24/2014,4/27/2014,SO-20335,OFF-EN-10003134,18.688,First Class,3,Bank Transfer
8593,4/24/2014,4/24/2014,4/27/2014,SO-20335,FUR-FU-10001025,11.664,First Class,3,Credit Card
8594,11/10/2014,11/10/2014,11/14/2014,PM-19135,TEC-AC-10002567,191.976,Standard Class,2,Credit Card
8595,11/10/2014,11/10/2014,11/14/2014,PM-19135,TEC-PH-10004094,499.168,Standard Class,1,PayPal
8596,5/5/2011,5/5/2011,5/7/2011,GD-14590,OFF-BI-10004364,11.88,First Class,4,Bank Transfer
8597,5/5/2011,5/5/2011,5/7/2011,GD-14590,OFF-PA-10000474,35.44,First Class,3,PayPal
8598,10/28/2013,10/28/2013,11/1/2013,PA-19060,OFF-BI-10004308,67.136,Standard Class,2,Credit Card
8599,11/26/2011,11/26/2011,12/1/2011,LS-17200,OFF-BI-10002012,4.32,Standard Class,2,Bank Transfer
8600,11/26/2011,11/26/2011,12/1/2011,LS-17200,OFF-PA-10002586,14.94,Standard Class,2,PayPal
8601,11/26/2011,11/26/2011,12/1/2011,LS-17200,OFF-AP-10000692,40.54,Standard Class,2,PayPal
8602,11/26/2011,11/26/2011,12/1/2011,LS-17200,OFF-BI-10001553,7.312,Standard Class,2,Credit Card
8603,12/31/2011,12/31/2011,12/31/2011,JL-15175,TEC-PH-10004908,475.944,Same Day,1,Credit Card
8604,1/3/2013,1/3/2013,1/8/2013,CA-12310,TEC-AC-10002217,30.08,Standard Class,3,Credit Card
8605,1/3/2013,1/3/2013,1/8/2013,CA-12310,TEC-AC-10002942,165.6,Standard Class,1,Credit Card
8606,1/3/2013,1/3/2013,1/8/2013,CA-12310,TEC-PH-10002890,180.96,Standard Class,2,Bank Transfer
8607,8/19/2014,8/19/2014,8/23/2014,CM-12160,TEC-AC-10003614,23.18,Standard Class,2,Bank Transfer
8608,6/4/2011,6/4/2011,6/9/2011,BT-11440,FUR-FU-10002878,56.96,Standard Class,1,Credit Card
8609,6/4/2011,6/4/2011,6/9/2011,BT-11440,OFF-AP-10001626,15.56,Standard Class,4,Bank Transfer
8610,6/4/2011,6/4/2011,6/9/2011,BT-11440,FUR-BO-10003272,353.568,Standard Class,4,Bank Transfer
8611,6/4/2011,6/4/2011,6/9/2011,BT-11440,FUR-FU-10002191,13.96,Standard Class,1,Credit Card
8612,11/14/2014,11/14/2014,11/18/2014,SE-20110,TEC-AC-10000682,82.95,Second Class,5,Bank Transfer
8613,1/28/2013,1/28/2013,2/1/2013,HG-14965,OFF-AR-10000588,39.68,Second Class,1,PayPal
8614,11/10/2013,11/10/2013,11/15/2013,PF-19165,TEC-AC-10002001,479.97,Standard Class,2,Bank Transfer
8615,9/11/2013,9/11/2013,9/15/2013,BD-11770,OFF-LA-10003720,7.38,Standard Class,5,Credit Card
8616,9/11/2013,9/11/2013,9/15/2013,BD-11770,OFF-BI-10004364,14.256,Standard Class,3,Credit Card
8617,9/11/2013,9/11/2013,9/15/2013,BD-11770,OFF-PA-10000100,81.98,Standard Class,2,Bank Transfer
8618,9/11/2013,9/11/2013,9/15/2013,BD-11770,OFF-BI-10004826,39.624,Standard Class,2,Credit Card
8619,3/4/2014,3/4/2014,3/9/2014,BT-11395,FUR-TA-10001520,399.672,Standard Class,2,Credit Card
8620,9/9/2014,9/9/2014,9/14/2014,EM-14095,OFF-ST-10001031,65.12,Second Class,3,Bank Transfer
8621,11/7/2014,11/7/2014,11/10/2014,LC-17050,FUR-FU-10003878,30.56,Second Class,2,PayPal
8622,5/14/2014,5/14/2014,5/19/2014,FH-14275,OFF-AP-10000358,20.768,Standard Class,4,PayPal
8623,11/28/2013,11/28/2013,12/2/2013,CM-12235,OFF-ST-10000876,39.808,Standard Class,4,Bank Transfer
8624,11/13/2012,11/13/2012,11/18/2012,FM-14380,OFF-BI-10004224,121.104,Standard Class,3,Credit Card
8625,11/13/2012,11/13/2012,11/18/2012,FM-14380,TEC-AC-10004568,111.96,Standard Class,5,Credit Card
8626,12/8/2012,12/8/2012,12/12/2012,HG-14965,OFF-PA-10000533,15.696,Standard Class,4,Bank Transfer
8627,9/7/2012,9/7/2012,9/12/2012,AG-10525,OFF-ST-10003638,70.26,Standard Class,3,Bank Transfer
8628,9/7/2012,9/7/2012,9/12/2012,AG-10525,TEC-AC-10002305,90,Standard Class,1,PayPal
8629,9/7/2012,9/7/2012,9/12/2012,AG-10525,OFF-BI-10000605,6.096,Standard Class,5,Bank Transfer
8630,9/7/2012,9/7/2012,9/12/2012,AG-10525,FUR-TA-10003569,481.176,Standard Class,1,Bank Transfer
8631,9/7/2012,9/7/2012,9/12/2012,AG-10525,OFF-FA-10003059,7.24,Standard Class,2,Bank Transfer
8632,7/29/2013,7/29/2013,7/30/2013,OT-18730,FUR-BO-10004409,177.45,First Class,3,PayPal
8633,7/29/2013,7/29/2013,7/30/2013,OT-18730,OFF-BI-10000545,1369.764,First Class,5,Credit Card
8634,7/29/2013,7/29/2013,7/30/2013,OT-18730,OFF-AP-10004052,9.48,First Class,5,PayPal
8635,8/26/2014,8/26/2014,8/30/2014,SV-20365,FUR-BO-10001798,130.98,Standard Class,2,Bank Transfer
8636,4/30/2011,4/30/2011,5/2/2011,JM-16195,OFF-AR-10004010,174.95,First Class,1,PayPal
8637,4/30/2011,4/30/2011,5/2/2011,JM-16195,OFF-ST-10000585,826,First Class,1,Credit Card
8638,4/28/2014,4/28/2014,5/3/2014,HM-14980,FUR-FU-10000397,139.58,Standard Class,4,Credit Card
8639,7/24/2014,7/24/2014,7/25/2014,PO-19180,TEC-AC-10000736,399.95,First Class,3,Bank Transfer
8640,12/13/2011,12/13/2011,12/15/2011,KC-16675,OFF-BI-10004970,12.39,Second Class,4,PayPal
8641,1/13/2014,1/13/2014,1/17/2014,DB-13120,OFF-BI-10000545,760.98,Standard Class,5,PayPal
8642,12/3/2014,12/3/2014,12/3/2014,SV-20935,OFF-BI-10001670,67.86,Same Day,3,Credit Card
8643,11/8/2012,11/8/2012,11/15/2012,NS-18640,OFF-FA-10000624,31.504,Standard Class,5,PayPal
8644,11/8/2012,11/8/2012,11/15/2012,NS-18640,OFF-LA-10002945,5.04,Standard Class,2,Credit Card
8645,11/8/2012,11/8/2012,11/15/2012,NS-18640,OFF-BI-10000315,39.879,Standard Class,5,Credit Card
8646,11/8/2012,11/8/2012,11/15/2012,NS-18640,FUR-FU-10000023,4.712,Standard Class,5,Credit Card
8647,11/26/2013,11/26/2013,11/30/2013,MH-17455,FUR-CH-10004698,194.352,Standard Class,4,Credit Card
8648,12/5/2012,12/5/2012,12/8/2012,RR-19525,FUR-CH-10004477,97.424,First Class,4,Bank Transfer
8649,7/30/2013,7/30/2013,8/4/2013,RH-19555,OFF-ST-10003816,704.76,Standard Class,1,Credit Card
8650,7/30/2013,7/30/2013,8/4/2013,RH-19555,OFF-BI-10002429,27.396,Standard Class,2,Bank Transfer
8651,9/13/2011,9/13/2011,9/13/2011,RP-19390,OFF-FA-10000840,5.7,Same Day,5,Bank Transfer
8652,9/13/2011,9/13/2011,9/13/2011,RP-19390,FUR-FU-10001918,14.19,Same Day,5,Credit Card
8653,9/13/2011,9/13/2011,9/13/2011,RP-19390,OFF-SU-10001574,7.3,Same Day,4,Credit Card
8654,9/13/2011,9/13/2011,9/13/2011,RP-19390,TEC-AC-10001606,199.98,Same Day,4,Credit Card
8655,9/13/2011,9/13/2011,9/13/2011,RP-19390,TEC-AC-10003399,144.96,Same Day,2,PayPal
8656,9/13/2011,9/13/2011,9/13/2011,RP-19390,TEC-AC-10000865,118,Same Day,4,Credit Card
8657,9/13/2011,9/13/2011,9/13/2011,RP-19390,OFF-PA-10002923,48.94,Same Day,2,Credit Card
8658,9/13/2011,9/13/2011,9/13/2011,RP-19390,OFF-AP-10004785,22.66,Same Day,4,Credit Card
8659,6/22/2013,6/22/2013,6/26/2013,KB-16600,OFF-BI-10003727,0.836,Standard Class,5,Credit Card
8660,9/4/2013,9/4/2013,9/9/2013,MH-17620,OFF-PA-10002246,30.96,Standard Class,5,Credit Card
8661,11/26/2014,11/26/2014,12/1/2014,HZ-14950,FUR-BO-10003965,723.92,Standard Class,2,Credit Card
8662,5/12/2012,5/12/2012,5/17/2012,JG-15160,FUR-FU-10000175,21.968,Standard Class,4,PayPal
8663,5/12/2012,5/12/2012,5/17/2012,JG-15160,TEC-PH-10001336,619.152,Standard Class,5,Credit Card
8664,5/12/2012,5/12/2012,5/17/2012,JG-15160,OFF-PA-10001954,127.904,Standard Class,3,Credit Card
8665,3/31/2014,3/31/2014,4/2/2014,AB-10165,FUR-FU-10004973,94.2,Second Class,3,PayPal
8666,11/18/2013,11/18/2013,11/19/2013,HJ-14875,OFF-SU-10004231,49.5,First Class,1,PayPal
8667,12/31/2013,12/31/2013,1/3/2014,CJ-11875,OFF-AR-10004269,16.52,First Class,5,Bank Transfer
8668,12/23/2013,12/23/2013,12/25/2013,ED-13885,OFF-BI-10004002,55.36,Second Class,2,PayPal
8669,12/23/2013,12/23/2013,12/25/2013,ED-13885,TEC-MA-10000752,11.56,Second Class,1,Bank Transfer
8670,12/20/2012,12/20/2012,12/25/2012,AI-10855,OFF-PA-10004947,17.12,Second Class,3,Credit Card
8671,12/27/2011,12/27/2011,1/1/2012,KB-16315,FUR-FU-10004904,182.352,Second Class,3,PayPal
8672,12/27/2011,12/27/2011,1/1/2012,KB-16315,OFF-ST-10002790,118.16,Second Class,5,PayPal
8673,2/17/2014,2/17/2014,2/22/2014,JS-16030,OFF-FA-10004854,18.368,Standard Class,2,Bank Transfer
8674,2/17/2014,2/17/2014,2/22/2014,JS-16030,FUR-CH-10004063,600.558,Standard Class,4,Credit Card
8675,2/17/2014,2/17/2014,2/22/2014,JS-16030,OFF-ST-10000642,50.352,Standard Class,3,Bank Transfer
8676,2/17/2014,2/17/2014,2/22/2014,JS-16030,OFF-AR-10004078,28.032,Standard Class,5,Credit Card
8677,2/17/2014,2/17/2014,2/22/2014,JS-16030,FUR-FU-10004270,7.692,Standard Class,2,PayPal
8678,10/25/2014,10/25/2014,10/27/2014,PO-18850,FUR-TA-10004607,517.405,First Class,4,PayPal
8679,9/3/2013,9/3/2013,9/8/2013,RD-19810,OFF-BI-10001132,8.608,Second Class,5,PayPal
8680,9/3/2013,9/3/2013,9/8/2013,RD-19810,TEC-AC-10001714,159.56,Second Class,3,Credit Card
8681,12/2/2013,12/2/2013,12/4/2013,JD-15895,OFF-AP-10002945,2104.55,Second Class,1,Bank Transfer
8682,12/2/2013,12/2/2013,12/4/2013,JD-15895,OFF-SU-10004664,40.7,Second Class,3,Credit Card
8683,11/5/2011,11/5/2011,11/10/2011,SR-20740,TEC-AC-10002550,47.79,Standard Class,1,Credit Card
8684,11/26/2014,11/26/2014,12/2/2014,TZ-21580,OFF-AR-10002335,5.16,Standard Class,4,Bank Transfer
8685,12/17/2013,12/17/2013,12/24/2013,TN-21040,TEC-AC-10001445,21.21,Standard Class,3,PayPal
8686,11/15/2014,11/15/2014,11/19/2014,PW-19030,OFF-ST-10003996,96.36,Second Class,1,Credit Card
8687,6/27/2013,6/27/2013,6/27/2013,AH-10075,OFF-SU-10003505,231.72,Same Day,2,Bank Transfer
8688,6/27/2013,6/27/2013,6/27/2013,AH-10075,OFF-FA-10000624,17.9,Same Day,1,PayPal
8689,6/27/2013,6/27/2013,6/27/2013,AH-10075,OFF-PA-10002870,12.48,Same Day,4,Bank Transfer
8690,12/26/2011,12/26/2011,12/30/2011,AY-10555,OFF-AR-10002257,8.016,Standard Class,5,Credit Card
8691,8/15/2013,8/15/2013,8/19/2013,SP-20650,TEC-PH-10003580,259.896,Standard Class,5,Credit Card
8692,8/15/2013,8/15/2013,8/19/2013,SP-20650,TEC-PH-10001530,247.188,Standard Class,4,Bank Transfer
8693,8/15/2013,8/15/2013,8/19/2013,SP-20650,TEC-AC-10000420,279.96,Standard Class,1,PayPal
8694,10/25/2013,10/25/2013,10/29/2013,ED-13885,TEC-AC-10000892,450,Standard Class,2,PayPal
8695,8/23/2011,8/23/2011,8/28/2011,CR-12625,OFF-PA-10001934,19.44,Second Class,3,Bank Transfer
8696,9/16/2014,9/16/2014,9/18/2014,CS-12400,FUR-TA-10003473,300.904,Second Class,1,Credit Card
8697,6/16/2014,6/16/2014,6/21/2014,TS-21205,TEC-PH-10001051,239.976,Standard Class,2,PayPal
8698,6/16/2014,6/16/2014,6/21/2014,TS-21205,FUR-FU-10004351,31.168,Standard Class,1,Bank Transfer
8699,6/16/2014,6/16/2014,6/21/2014,TS-21205,FUR-TA-10004152,120.96,Standard Class,5,Bank Transfer
8700,6/16/2014,6/16/2014,6/21/2014,TS-21205,TEC-PH-10000560,2239.936,Standard Class,5,PayPal
8701,6/16/2014,6/16/2014,6/21/2014,TS-21205,OFF-AP-10004249,76.608,Standard Class,5,Credit Card
8702,6/16/2014,6/16/2014,6/21/2014,TS-21205,OFF-ST-10001490,142.776,Standard Class,2,Bank Transfer
8703,6/16/2014,6/16/2014,6/21/2014,TS-21205,OFF-PA-10000312,91.36,Standard Class,2,Bank Transfer
8704,3/1/2012,3/1/2012,3/5/2012,RP-19390,OFF-AP-10002906,3.552,Standard Class,1,Bank Transfer
8705,7/24/2013,7/24/2013,7/27/2013,IL-15100,TEC-PH-10004100,115.136,First Class,2,Credit Card
8706,10/1/2011,10/1/2011,10/5/2011,NF-18475,OFF-FA-10000254,4.71,Standard Class,5,Bank Transfer
8707,9/8/2011,9/8/2011,9/13/2011,PP-18955,FUR-CH-10004289,172.764,Standard Class,3,Credit Card
8708,9/8/2011,9/8/2011,9/13/2011,PP-18955,OFF-AR-10003469,3.52,Standard Class,2,Bank Transfer
8709,11/16/2011,11/16/2011,11/18/2011,JD-16150,TEC-PH-10004188,79.968,First Class,2,Credit Card
8710,11/16/2011,11/16/2011,11/18/2011,JD-16150,FUR-BO-10004015,305.9745,First Class,1,Credit Card
8711,11/16/2011,11/16/2011,11/18/2011,JD-16150,OFF-ST-10000991,344.91,First Class,3,Bank Transfer
8712,3/3/2011,3/3/2011,3/7/2011,EJ-14155,FUR-TA-10002958,626.352,Standard Class,5,Bank Transfer
8713,12/3/2012,12/3/2012,12/7/2012,PW-19240,FUR-BO-10002213,359.499,Standard Class,5,Bank Transfer
8714,7/12/2014,7/12/2014,7/17/2014,TS-21430,TEC-PH-10000004,71.952,Standard Class,2,Credit Card
8715,7/12/2014,7/12/2014,7/17/2014,TS-21430,OFF-BI-10003708,29.8,Standard Class,1,Bank Transfer
8716,11/17/2014,11/17/2014,11/21/2014,BM-11650,OFF-BI-10002949,1.824,Second Class,3,PayPal
8717,6/13/2013,6/13/2013,6/17/2013,AW-10930,OFF-AP-10001242,64.384,Second Class,5,PayPal
8718,6/13/2013,6/13/2013,6/17/2013,AW-10930,FUR-FU-10001424,6.984,Second Class,2,Credit Card
8719,6/13/2013,6/13/2013,6/17/2013,AW-10930,OFF-AR-10003469,11.264,Second Class,1,Bank Transfer
8720,6/13/2013,6/13/2013,6/17/2013,AW-10930,OFF-PA-10000232,15.552,Second Class,3,Credit Card
8721,6/13/2013,6/13/2013,6/17/2013,AW-10930,FUR-CH-10000229,379.372,Second Class,1,PayPal
8722,6/13/2013,6/13/2013,6/17/2013,AW-10930,OFF-ST-10002562,67.536,Second Class,1,PayPal
8723,6/13/2013,6/13/2013,6/17/2013,AW-10930,OFF-BI-10001525,1.524,Second Class,4,Credit Card
8724,12/30/2013,12/30/2013,1/1/2014,MH-17290,OFF-PA-10002986,37.408,Second Class,1,Credit Card
8725,12/30/2013,12/30/2013,1/1/2014,MH-17290,OFF-PA-10000143,25.344,Second Class,5,Credit Card
8726,3/19/2014,3/19/2014,3/24/2014,SW-20275,OFF-AR-10003752,46.2,Standard Class,4,Bank Transfer
8727,12/27/2012,12/27/2012,12/31/2012,SP-20860,TEC-AC-10002370,4.728,Standard Class,5,Bank Transfer
8728,12/27/2012,12/27/2012,12/31/2012,SP-20860,FUR-FU-10002030,53.352,Standard Class,1,PayPal
8729,12/27/2012,12/27/2012,12/31/2012,SP-20860,FUR-BO-10002853,131.104,Standard Class,4,Bank Transfer
8730,12/27/2012,12/27/2012,12/31/2012,SP-20860,OFF-ST-10002562,22.512,Standard Class,5,Credit Card
8731,12/27/2012,12/27/2012,12/31/2012,SP-20860,TEC-AC-10004227,72.744,Standard Class,2,PayPal
8732,7/31/2012,7/31/2012,8/6/2012,SC-20695,OFF-SU-10002573,52.59,Standard Class,1,PayPal
8733,6/28/2014,6/28/2014,6/30/2014,PW-19030,OFF-PA-10003848,19.44,Second Class,1,PayPal
8734,6/28/2014,6/28/2014,6/30/2014,PW-19030,FUR-FU-10001290,126.3,Second Class,3,Credit Card
8735,6/28/2014,6/28/2014,6/30/2014,PW-19030,TEC-AC-10003832,1287.45,Second Class,2,PayPal
8736,2/8/2011,2/8/2011,2/11/2011,CS-12250,OFF-ST-10001558,64.96,Second Class,5,PayPal
8737,9/5/2013,9/5/2013,9/10/2013,RP-19855,OFF-ST-10001490,535.41,Standard Class,4,Credit Card
8738,4/7/2014,4/7/2014,4/11/2014,CS-12175,OFF-BI-10003669,8.1,Standard Class,5,Bank Transfer
8739,12/9/2014,12/9/2014,12/12/2014,MJ-17740,OFF-AR-10004441,13.248,First Class,3,PayPal
8740,12/9/2014,12/9/2014,12/12/2014,MJ-17740,TEC-PH-10001924,83.988,First Class,3,Credit Card
8741,7/25/2013,7/25/2013,7/26/2013,JG-15160,OFF-AR-10004456,73.2,First Class,5,Bank Transfer
8742,11/9/2012,11/9/2012,11/9/2012,AG-10765,OFF-BI-10001890,10.74,Same Day,5,PayPal
8743,10/2/2012,10/2/2012,10/4/2012,CK-12205,FUR-FU-10000629,11.032,First Class,3,Bank Transfer
8744,10/2/2012,10/2/2012,10/4/2012,CK-12205,TEC-AC-10002323,53.04,First Class,4,Credit Card
8745,11/22/2012,11/22/2012,11/25/2012,HD-14785,OFF-AR-10003056,17.12,Second Class,3,Credit Card
8746,11/22/2012,11/22/2012,11/25/2012,HD-14785,OFF-PA-10000300,59.94,Second Class,3,Bank Transfer
8747,2/3/2014,2/3/2014,2/8/2014,BO-11350,FUR-FU-10000293,210.58,Standard Class,2,Credit Card
8748,2/3/2014,2/3/2014,2/8/2014,BO-11350,OFF-BI-10003638,30.96,Standard Class,5,Bank Transfer
8749,2/3/2014,2/3/2014,2/8/2014,BO-11350,TEC-MA-10002109,239.984,Standard Class,5,Credit Card
8750,6/16/2012,6/16/2012,6/19/2012,LC-16885,OFF-BI-10003527,3050.376,First Class,3,Credit Card
8751,6/16/2012,6/16/2012,6/19/2012,LC-16885,TEC-PH-10004922,133.98,First Class,1,Bank Transfer
8752,5/6/2013,5/6/2013,5/10/2013,RB-19465,OFF-PA-10001001,93.248,Standard Class,3,Credit Card
8753,5/6/2013,5/6/2013,5/10/2013,RB-19465,TEC-PH-10001198,177.48,Standard Class,3,PayPal
8754,9/10/2014,9/10/2014,9/11/2014,JD-16015,OFF-LA-10000443,17.712,First Class,1,Credit Card
8755,9/10/2014,9/10/2014,9/11/2014,JD-16015,OFF-BI-10003669,4.86,First Class,4,Bank Transfer
8756,9/10/2014,9/10/2014,9/11/2014,JD-16015,OFF-BI-10001628,6.258,First Class,3,Credit Card
8757,7/23/2013,7/23/2013,7/27/2013,MF-17665,OFF-AP-10002350,37.68,Standard Class,4,Bank Transfer
8758,7/23/2013,7/23/2013,7/27/2013,MF-17665,OFF-PA-10004100,51.84,Standard Class,2,Credit Card
8759,7/23/2013,7/23/2013,7/27/2013,MF-17665,FUR-FU-10000794,27.42,Standard Class,2,Credit Card
8760,7/23/2013,7/23/2013,7/27/2013,MF-17665,OFF-BI-10002012,5.4,Standard Class,4,PayPal
8761,1/31/2013,1/31/2013,2/6/2013,BF-11170,OFF-BI-10003527,1270.99,Standard Class,1,Bank Transfer
8762,1/31/2013,1/31/2013,2/6/2013,BF-11170,OFF-EN-10004483,125.36,Standard Class,5,PayPal
8763,12/30/2013,12/30/2013,1/3/2014,FO-14305,OFF-ST-10003722,14.03,Standard Class,3,Credit Card
8764,12/30/2013,12/30/2013,1/3/2014,FO-14305,OFF-SU-10002557,27.96,Standard Class,2,Bank Transfer
8765,11/21/2012,11/21/2012,11/27/2012,BB-11545,OFF-AR-10002257,5.344,Standard Class,1,Credit Card
8766,11/21/2012,11/21/2012,11/27/2012,BB-11545,OFF-BI-10000756,1.696,Standard Class,5,Bank Transfer
8767,11/21/2012,11/21/2012,11/27/2012,BB-11545,OFF-AP-10004136,24.588,Standard Class,2,Bank Transfer
8768,11/21/2012,11/21/2012,11/27/2012,BB-11545,OFF-BI-10002194,7.98,Standard Class,3,Credit Card
8769,10/5/2012,10/5/2012,10/9/2012,IL-15100,TEC-AC-10000892,288,Standard Class,1,Credit Card
8770,9/13/2013,9/13/2013,9/14/2013,PO-19180,TEC-PH-10001870,146.952,Same Day,1,Bank Transfer
8771,9/13/2013,9/13/2013,9/14/2013,PO-19180,FUR-CH-10002304,83.136,Same Day,1,PayPal
8772,9/15/2014,9/15/2014,9/18/2014,DB-13555,OFF-AP-10002534,942.784,First Class,1,Bank Transfer
8773,9/15/2014,9/15/2014,9/18/2014,DB-13555,OFF-PA-10001125,74.352,First Class,2,Bank Transfer
8774,2/23/2012,2/23/2012,2/28/2012,LC-16960,OFF-AP-10000804,26.88,Standard Class,3,Bank Transfer
8775,2/23/2012,2/23/2012,2/28/2012,LC-16960,OFF-BI-10002982,10.896,Standard Class,4,Credit Card
8776,12/6/2013,12/6/2013,12/10/2013,MP-18175,OFF-AR-10001547,3.536,Second Class,1,Bank Transfer
8777,7/3/2013,7/3/2013,7/4/2013,EA-14035,FUR-CH-10000665,528.43,First Class,3,Credit Card
8778,7/3/2013,7/3/2013,7/4/2013,EA-14035,OFF-PA-10000520,41.472,First Class,2,Credit Card
8779,12/14/2014,12/14/2014,12/19/2014,BP-11095,FUR-BO-10004015,287.976,Standard Class,3,PayPal
8780,3/20/2012,3/20/2012,3/22/2012,BM-11785,OFF-ST-10004258,29.304,Second Class,5,PayPal
8781,3/1/2012,3/1/2012,3/4/2012,CM-12715,OFF-AR-10003696,55.328,First Class,3,PayPal
8782,3/1/2012,3/1/2012,3/4/2012,CM-12715,FUR-BO-10001811,1227.9984,First Class,5,Bank Transfer
8783,9/16/2013,9/16/2013,9/21/2013,JD-16150,OFF-BI-10001249,20.416,Standard Class,5,Credit Card
8784,9/16/2013,9/16/2013,9/21/2013,JD-16150,FUR-TA-10003473,1128.39,Standard Class,1,Bank Transfer
8785,3/18/2014,3/18/2014,3/24/2014,AS-10630,OFF-LA-10003190,4.608,Standard Class,5,Credit Card
8786,5/29/2014,5/29/2014,6/3/2014,CM-11815,TEC-PH-10001305,195.96,Standard Class,5,PayPal
8787,5/29/2014,5/29/2014,6/3/2014,CM-11815,OFF-PA-10001534,15.552,Standard Class,4,Credit Card
8788,5/29/2014,5/29/2014,6/3/2014,CM-11815,TEC-AC-10000844,271.968,Standard Class,5,PayPal
8789,6/16/2014,6/16/2014,6/20/2014,JE-15715,FUR-CH-10000847,698.352,Standard Class,2,PayPal
8790,6/16/2014,6/16/2014,6/20/2014,JE-15715,FUR-BO-10000468,77.728,Standard Class,3,Credit Card
8791,9/6/2012,9/6/2012,9/12/2012,AG-10525,OFF-BI-10002799,46.62,Standard Class,2,PayPal
8792,3/19/2014,3/19/2014,3/25/2014,TT-21220,TEC-PH-10001557,537.544,Standard Class,3,PayPal
8793,12/19/2011,12/19/2011,12/21/2011,BP-11095,OFF-LA-10001934,14.62,First Class,1,PayPal
8794,12/19/2011,12/19/2011,12/21/2011,BP-11095,OFF-FA-10004248,22.55,First Class,2,PayPal
8795,12/19/2011,12/19/2011,12/21/2011,BP-11095,TEC-PH-10001944,583.8,First Class,1,Credit Card
8796,12/19/2011,12/19/2011,12/21/2011,BP-11095,TEC-PH-10002085,211.168,First Class,4,Bank Transfer
8797,7/8/2013,7/8/2013,7/14/2013,MJ-17740,OFF-PA-10003441,12.96,Standard Class,3,Bank Transfer
8798,7/8/2013,7/8/2013,7/14/2013,MJ-17740,OFF-AR-10004602,45.98,Standard Class,1,PayPal
8799,4/7/2013,4/7/2013,4/11/2013,VM-21685,TEC-PH-10002555,1294.75,Standard Class,2,Credit Card
8800,5/8/2011,5/8/2011,5/10/2011,KT-16480,TEC-CO-10001449,1799.97,First Class,4,PayPal
8801,11/24/2014,11/24/2014,11/28/2014,CS-12250,OFF-PA-10004285,10.688,Standard Class,2,Credit Card
8802,11/11/2013,11/11/2013,11/13/2013,AB-10015,TEC-PH-10000562,221.98,First Class,2,PayPal
8803,11/11/2013,11/11/2013,11/13/2013,AB-10015,FUR-BO-10003966,341.96,First Class,5,Bank Transfer
8804,12/31/2011,12/31/2011,1/1/2012,AH-10030,TEC-AC-10003614,34.77,First Class,1,Credit Card
8805,12/31/2011,12/31/2011,1/1/2012,AH-10030,OFF-LA-10003148,18.9,First Class,2,Credit Card
8806,8/20/2014,8/20/2014,8/24/2014,DO-13435,OFF-BI-10002133,102.72,Standard Class,3,Bank Transfer
8807,9/13/2013,9/13/2013,9/17/2013,MC-17590,FUR-FU-10002813,40.48,Standard Class,4,Bank Transfer
8808,10/27/2014,10/27/2014,11/1/2014,JF-15190,OFF-BI-10004330,33.282,Standard Class,4,Bank Transfer
8809,10/27/2014,10/27/2014,11/1/2014,JF-15190,TEC-PH-10002807,118.65,Standard Class,4,Bank Transfer
8810,10/27/2014,10/27/2014,11/1/2014,JF-15190,OFF-LA-10001404,14.76,Standard Class,4,PayPal
8811,5/31/2014,5/31/2014,6/5/2014,SM-20950,OFF-PA-10004911,37.52,Standard Class,2,PayPal
8812,3/9/2013,3/9/2013,3/14/2013,SP-20650,OFF-AP-10004233,207.144,Standard Class,3,Credit Card
8813,3/9/2013,3/9/2013,3/14/2013,SP-20650,OFF-AR-10002766,13.9,Standard Class,2,Bank Transfer
8814,7/26/2012,7/26/2012,7/31/2012,CK-12760,FUR-CH-10003199,266.352,Standard Class,5,Bank Transfer
8815,11/23/2012,11/23/2012,11/25/2012,PW-19240,TEC-PH-10003012,307.98,Second Class,4,PayPal
8816,11/23/2012,11/23/2012,11/25/2012,PW-19240,OFF-PA-10001583,44.1,Second Class,3,Credit Card
8817,11/23/2012,11/23/2012,11/25/2012,PW-19240,OFF-AR-10001940,13.12,Second Class,3,Credit Card
8818,11/23/2012,11/23/2012,11/25/2012,PW-19240,OFF-EN-10003286,16.56,Second Class,5,Bank Transfer
8819,11/23/2012,11/23/2012,11/25/2012,PW-19240,OFF-PA-10003441,38.88,Second Class,5,Credit Card
8820,11/28/2012,11/28/2012,12/2/2012,EB-14170,OFF-PA-10003395,335.52,Standard Class,3,Bank Transfer
8821,11/4/2014,11/4/2014,11/8/2014,DK-13090,TEC-CO-10003236,959.984,Standard Class,3,Bank Transfer
8822,11/4/2014,11/4/2014,11/8/2014,DK-13090,OFF-BI-10002982,4.086,Standard Class,2,Bank Transfer
8823,11/4/2014,11/4/2014,11/8/2014,DK-13090,OFF-AR-10004010,55.984,Standard Class,2,Credit Card
8824,11/4/2014,11/4/2014,11/8/2014,DK-13090,OFF-PA-10002947,10.688,Standard Class,2,PayPal
8825,3/22/2014,3/22/2014,3/24/2014,TB-21055,OFF-EN-10003845,8.856,Second Class,4,Bank Transfer
8826,12/19/2012,12/19/2012,12/22/2012,AG-10900,OFF-LA-10003190,6.912,First Class,1,Bank Transfer
8827,4/2/2011,4/2/2011,4/6/2011,SC-20020,OFF-PA-10002986,26.72,Second Class,2,Credit Card
8828,4/2/2011,4/2/2011,4/6/2011,SC-20020,OFF-PA-10001593,33.488,Second Class,1,PayPal
8829,6/5/2012,6/5/2012,6/9/2012,BB-11545,OFF-PA-10000528,10.56,Standard Class,3,Credit Card
8830,10/6/2011,10/6/2011,10/9/2011,VP-21760,OFF-ST-10001932,386.34,First Class,3,Credit Card
8831,8/22/2013,8/22/2013,8/25/2013,RP-19270,OFF-BI-10003727,33.44,Second Class,4,PayPal
8832,11/15/2012,11/15/2012,11/19/2012,DH-13675,FUR-FU-10002759,39.96,Standard Class,4,Bank Transfer
8833,6/22/2012,6/22/2012,6/27/2012,SW-20455,OFF-BI-10000545,1217.568,Standard Class,2,PayPal
8834,9/25/2014,9/25/2014,9/29/2014,KF-16285,OFF-ST-10004950,15.51,Standard Class,1,Bank Transfer
8835,9/25/2014,9/25/2014,9/29/2014,KF-16285,TEC-PH-10003171,89.9,Standard Class,5,Credit Card
8836,9/25/2014,9/25/2014,9/29/2014,KF-16285,OFF-AR-10000614,14.28,Standard Class,3,Credit Card
8837,9/25/2014,9/25/2014,9/29/2014,KF-16285,OFF-AR-10000034,12.72,Standard Class,4,Credit Card
8838,9/25/2014,9/25/2014,9/29/2014,KF-16285,OFF-LA-10003766,15.75,Standard Class,5,Credit Card
8839,4/6/2011,4/6/2011,4/10/2011,FH-14275,OFF-AR-10001725,70.95,Second Class,1,Credit Card
8840,4/6/2011,4/6/2011,4/10/2011,FH-14275,OFF-BI-10002794,65.568,Second Class,5,Bank Transfer
8841,4/6/2011,4/6/2011,4/10/2011,FH-14275,TEC-AC-10004171,299.97,Second Class,1,PayPal
8842,2/9/2013,2/9/2013,2/13/2013,JR-16210,TEC-AC-10003628,89.97,Standard Class,2,PayPal
8843,2/9/2013,2/9/2013,2/13/2013,JR-16210,TEC-AC-10004761,31.86,Standard Class,2,PayPal
8844,11/18/2011,11/18/2011,11/20/2011,JC-16105,OFF-ST-10000885,67.15,Second Class,2,PayPal
8845,12/19/2014,12/19/2014,12/24/2014,BP-11290,OFF-BI-10004209,7.236,Standard Class,4,PayPal
8846,12/19/2014,12/19/2014,12/24/2014,BP-11290,OFF-FA-10002988,4.824,Standard Class,4,PayPal
8847,12/19/2014,12/19/2014,12/24/2014,BP-11290,OFF-PA-10002222,91.36,Standard Class,4,Credit Card
8848,12/19/2014,12/19/2014,12/24/2014,BP-11290,OFF-AP-10004487,130.112,Standard Class,2,Credit Card
8849,7/2/2012,7/2/2012,7/4/2012,FA-14230,TEC-PH-10003505,74.24,First Class,5,PayPal
8850,7/2/2012,7/2/2012,7/4/2012,FA-14230,FUR-FU-10000076,159.84,First Class,5,PayPal
8851,7/2/2012,7/2/2012,7/4/2012,FA-14230,OFF-BI-10004728,2.892,First Class,2,Bank Transfer
8852,7/2/2012,7/2/2012,7/4/2012,FA-14230,OFF-PA-10002250,9.392,First Class,3,PayPal
8853,10/8/2011,10/8/2011,10/13/2011,DN-13690,OFF-PA-10003823,123.92,Second Class,4,PayPal
8854,9/22/2012,9/22/2012,9/25/2012,FO-14305,OFF-SU-10000898,55.6,First Class,2,Credit Card
8855,9/22/2012,9/22/2012,9/25/2012,FO-14305,TEC-AC-10003832,617.976,First Class,4,Credit Card
8856,12/25/2014,12/25/2014,12/31/2014,DP-13105,OFF-BI-10001679,21.312,Standard Class,2,Bank Transfer
8857,10/14/2014,10/14/2014,10/21/2014,JW-15220,TEC-AC-10002335,209.94,Standard Class,2,Bank Transfer
8858,10/14/2014,10/14/2014,10/21/2014,JW-15220,TEC-PH-10003187,31.984,Standard Class,5,Credit Card
8859,10/14/2014,10/14/2014,10/21/2014,JW-15220,OFF-BI-10003527,5083.96,Standard Class,3,Bank Transfer
8860,8/21/2014,8/21/2014,8/27/2014,TT-21460,TEC-PH-10003171,35.96,Standard Class,1,Credit Card
8861,9/11/2012,9/11/2012,9/18/2012,SN-20560,OFF-LA-10000414,31.05,Standard Class,4,Bank Transfer
8862,9/11/2012,9/11/2012,9/18/2012,SN-20560,FUR-FU-10002107,8.92,Standard Class,5,Bank Transfer
8863,9/11/2012,9/11/2012,9/18/2012,SN-20560,OFF-BI-10004593,209.6,Standard Class,3,Bank Transfer
8864,9/11/2012,9/11/2012,9/18/2012,SN-20560,OFF-AP-10003860,111.04,Standard Class,3,Credit Card
8865,9/11/2012,9/11/2012,9/18/2012,SN-20560,OFF-PA-10000556,38.88,Standard Class,5,Bank Transfer
8866,12/20/2012,12/20/2012,12/26/2012,JM-15865,OFF-AP-10003281,36.27,Standard Class,5,Bank Transfer
8867,9/20/2011,9/20/2011,9/23/2011,SB-20185,FUR-BO-10004218,493.43,First Class,2,PayPal
8868,9/20/2011,9/20/2011,9/23/2011,SB-20185,TEC-PH-10002185,11.12,First Class,3,Credit Card
8869,11/5/2013,11/5/2013,11/9/2013,CC-12475,TEC-MA-10003176,686.4,Standard Class,1,PayPal
8870,12/2/2014,12/2/2014,12/7/2014,SH-19975,OFF-BI-10002003,15.92,Standard Class,4,Bank Transfer
8871,12/2/2014,12/2/2014,12/7/2014,SH-19975,FUR-FU-10000023,70.68,Standard Class,1,Bank Transfer
8872,12/2/2014,12/2/2014,12/7/2014,SH-19975,OFF-ST-10002756,541.24,Standard Class,5,PayPal
8873,10/10/2011,10/10/2011,10/10/2011,RB-19435,TEC-MA-10002694,101.994,Same Day,5,PayPal
8874,10/10/2011,10/10/2011,10/10/2011,RB-19435,OFF-BI-10002429,18.264,Same Day,2,Credit Card
8875,11/15/2014,11/15/2014,11/17/2014,TC-21295,OFF-BI-10003684,21.99,Second Class,2,Credit Card
8876,8/14/2013,8/14/2013,8/20/2013,CT-11995,OFF-SU-10003505,185.376,Standard Class,4,Credit Card
8877,8/14/2013,8/14/2013,8/20/2013,CT-11995,OFF-AP-10002534,58.924,Standard Class,4,Bank Transfer
8878,9/18/2014,9/18/2014,9/24/2014,GZ-14470,TEC-MA-10004626,480,Standard Class,3,PayPal
8879,9/18/2014,9/18/2014,9/24/2014,GZ-14470,OFF-ST-10000615,34.05,Standard Class,4,PayPal
8880,3/23/2012,3/23/2012,3/25/2012,AM-10360,OFF-PA-10000659,192.72,First Class,5,Credit Card
8881,3/23/2012,3/23/2012,3/25/2012,AM-10360,TEC-AC-10000736,239.97,First Class,3,PayPal
8882,7/1/2013,7/1/2013,7/4/2013,AH-10120,TEC-AC-10003038,50.12,Second Class,2,Credit Card
8883,10/21/2014,10/21/2014,10/26/2014,MY-18295,TEC-PH-10004071,15.984,Standard Class,2,Bank Transfer
8884,10/21/2014,10/21/2014,10/26/2014,MY-18295,OFF-PA-10001667,14.352,Standard Class,4,Bank Transfer
8885,8/25/2011,8/25/2011,8/30/2011,BS-11590,OFF-BI-10001982,6.528,Standard Class,3,Bank Transfer
8886,8/25/2011,8/25/2011,8/30/2011,BS-11590,OFF-BI-10004141,2.862,Standard Class,2,Bank Transfer
8887,8/25/2011,8/25/2011,8/30/2011,BS-11590,OFF-BI-10002103,20.856,Standard Class,5,PayPal
8888,7/27/2011,7/27/2011,7/30/2011,BB-10990,OFF-ST-10002574,276.28,Second Class,4,Credit Card
8889,12/2/2014,12/2/2014,12/8/2014,ML-17755,FUR-FU-10003394,629.64,Standard Class,5,Bank Transfer
8890,10/18/2013,10/18/2013,10/22/2013,FC-14245,TEC-PH-10003072,449.97,Second Class,1,Credit Card
8891,10/18/2013,10/18/2013,10/22/2013,FC-14245,OFF-AP-10003057,1927.59,Second Class,2,Credit Card
8892,9/17/2013,9/17/2013,9/19/2013,CR-12625,FUR-CH-10001146,121.78,First Class,4,Credit Card
8893,12/1/2012,12/1/2012,12/6/2012,LC-16960,FUR-CH-10003973,2676.672,Standard Class,5,Credit Card
8894,8/5/2011,8/5/2011,8/12/2011,GZ-14470,FUR-TA-10001307,489.23,Standard Class,1,Bank Transfer
8895,8/16/2013,8/16/2013,8/23/2013,BD-11320,FUR-FU-10004071,312.03,Standard Class,2,Credit Card
8896,8/16/2013,8/16/2013,8/23/2013,BD-11320,OFF-ST-10001505,17.94,Standard Class,1,Credit Card
8897,8/16/2013,8/16/2013,8/23/2013,BD-11320,TEC-PH-10004614,165.6,Standard Class,2,PayPal
8898,8/16/2013,8/16/2013,8/23/2013,BD-11320,OFF-PA-10004911,37.52,Standard Class,3,Bank Transfer
8899,8/7/2012,8/7/2012,8/9/2012,EM-14095,TEC-PH-10003601,494.97,Second Class,1,Credit Card
8900,8/7/2012,8/7/2012,8/9/2012,EM-14095,OFF-LA-10004545,25.06,Second Class,2,PayPal
8901,6/1/2013,6/1/2013,6/5/2013,BP-11290,FUR-FU-10001379,32.064,Standard Class,3,Credit Card
8902,6/1/2013,6/1/2013,6/5/2013,BP-11290,OFF-PA-10001846,18.496,Standard Class,5,Bank Transfer
8903,6/1/2013,6/1/2013,6/5/2013,BP-11290,FUR-CH-10000422,191.079,Standard Class,3,PayPal
8904,6/1/2013,6/1/2013,6/5/2013,BP-11290,OFF-PA-10004621,10.368,Standard Class,4,Credit Card
8905,7/2/2013,7/2/2013,7/2/2013,SU-20665,OFF-LA-10001474,30.53,Same Day,2,Credit Card
8906,7/2/2013,7/2/2013,7/2/2013,SU-20665,TEC-AC-10001635,30.84,Same Day,4,Credit Card
8907,7/2/2013,7/2/2013,7/2/2013,SU-20665,OFF-PA-10001950,75.06,Same Day,5,Credit Card
8908,12/19/2013,12/19/2013,12/21/2013,AY-10555,TEC-PH-10001552,66.976,First Class,2,Bank Transfer
8909,1/26/2012,1/26/2012,2/1/2012,EM-13825,OFF-PA-10003790,182.72,Standard Class,4,Bank Transfer
8910,10/29/2014,10/29/2014,11/2/2014,SA-20830,OFF-LA-10002475,21.93,Standard Class,3,PayPal
8911,11/5/2014,11/5/2014,11/9/2014,CA-12265,TEC-AC-10000303,95.976,Standard Class,5,Credit Card
8912,11/5/2014,11/5/2014,11/9/2014,CA-12265,TEC-PH-10000127,143.928,Standard Class,1,Bank Transfer
8913,11/5/2014,11/5/2014,11/9/2014,CA-12265,OFF-BI-10004364,3.564,Standard Class,1,Credit Card
8914,11/5/2014,11/5/2014,11/9/2014,CA-12265,OFF-LA-10002195,4.928,Standard Class,2,PayPal
8915,5/10/2013,5/10/2013,5/14/2013,CV-12805,OFF-ST-10001490,856.656,Standard Class,5,Credit Card
8916,5/10/2013,5/10/2013,5/14/2013,CV-12805,OFF-BI-10002852,13.184,Standard Class,4,PayPal
8917,5/10/2013,5/10/2013,5/14/2013,CV-12805,OFF-AP-10000390,48.784,Standard Class,1,Bank Transfer
8918,5/10/2013,5/10/2013,5/14/2013,CV-12805,OFF-PA-10004327,76.64,Standard Class,4,Credit Card
8919,5/10/2013,5/10/2013,5/14/2013,CV-12805,OFF-BI-10002353,18.528,Standard Class,3,PayPal
8920,4/2/2011,4/2/2011,4/8/2011,AH-10690,FUR-FU-10003192,177.68,Standard Class,2,Bank Transfer
8921,4/28/2011,4/28/2011,5/3/2011,DS-13180,TEC-AC-10000736,159.98,Standard Class,4,Bank Transfer
8922,10/5/2013,10/5/2013,10/9/2013,AH-10690,TEC-PH-10003095,52.68,Standard Class,4,Bank Transfer
8923,10/5/2013,10/5/2013,10/9/2013,AH-10690,FUR-FU-10002885,11.568,Standard Class,2,Credit Card
8924,6/12/2014,6/12/2014,6/18/2014,ZC-21910,OFF-BI-10001525,4.572,Standard Class,3,Bank Transfer
8925,1/30/2013,1/30/2013,2/3/2013,DF-13135,TEC-PH-10004241,1439.968,Standard Class,2,Credit Card
8926,1/30/2013,1/30/2013,2/3/2013,DF-13135,OFF-BI-10000546,1.728,Standard Class,3,Credit Card
8927,1/30/2013,1/30/2013,2/3/2013,DF-13135,FUR-TA-10004256,626.1,Standard Class,1,Credit Card
8928,9/27/2012,9/27/2012,9/29/2012,SS-20140,OFF-AR-10002067,99.2,Second Class,1,Bank Transfer
8929,4/13/2012,4/13/2012,4/17/2012,FP-14320,FUR-TA-10000688,609.98,Standard Class,2,Bank Transfer
8930,4/13/2012,4/13/2012,4/17/2012,FP-14320,FUR-TA-10002530,211.372,Standard Class,2,PayPal
8931,4/13/2012,4/13/2012,4/17/2012,FP-14320,TEC-PH-10001061,239.976,Standard Class,3,Bank Transfer
8932,12/19/2014,12/19/2014,12/25/2014,HE-14800,FUR-FU-10001057,99.95,Standard Class,4,Bank Transfer
8933,12/19/2014,12/19/2014,12/25/2014,HE-14800,TEC-AC-10002331,29.34,Standard Class,1,Credit Card
8934,3/15/2013,3/15/2013,3/20/2013,SP-20545,FUR-FU-10003724,16.74,Standard Class,3,PayPal
8935,8/28/2014,8/28/2014,8/28/2014,BP-11185,OFF-PA-10000528,12.672,Same Day,5,Credit Card
8936,8/28/2014,8/28/2014,8/28/2014,BP-11185,TEC-AC-10001908,1119.888,Same Day,2,Bank Transfer
8937,12/17/2012,12/17/2012,12/19/2012,PG-18895,OFF-AR-10003903,204.85,Second Class,4,Bank Transfer
8938,12/17/2012,12/17/2012,12/19/2012,PG-18895,TEC-PH-10004908,135.984,Second Class,4,Credit Card
8939,12/17/2012,12/17/2012,12/19/2012,PG-18895,OFF-AR-10001940,16.4,Second Class,5,Credit Card
8940,12/17/2012,12/17/2012,12/19/2012,PG-18895,OFF-BI-10002026,92.96,Second Class,5,Bank Transfer
8941,8/22/2011,8/22/2011,8/24/2011,JP-15520,OFF-SU-10003936,7.632,Second Class,5,PayPal
8942,11/4/2013,11/4/2013,11/6/2013,NW-18400,OFF-BI-10002813,4.158,First Class,2,PayPal
8943,11/4/2013,11/4/2013,11/6/2013,NW-18400,TEC-MA-10003337,179.991,First Class,5,PayPal
8944,10/11/2014,10/11/2014,10/17/2014,SW-20245,FUR-CH-10001545,239.358,Standard Class,1,Credit Card
8945,12/7/2011,12/7/2011,12/8/2011,EH-14005,OFF-PA-10000062,164.88,First Class,3,PayPal
8946,11/15/2011,11/15/2011,11/17/2011,SC-20260,OFF-SU-10001574,10.95,Second Class,1,Credit Card
8947,12/25/2014,12/25/2014,12/29/2014,NC-18535,OFF-PA-10001972,19.44,Standard Class,4,Bank Transfer
8948,12/25/2014,12/25/2014,12/29/2014,NC-18535,OFF-BI-10000201,12.3,Standard Class,3,Bank Transfer
8949,12/24/2011,12/24/2011,12/26/2011,AS-10090,OFF-AP-10003278,13.97,First Class,1,PayPal
8950,12/23/2014,12/23/2014,12/29/2014,JL-15130,FUR-TA-10002903,934.956,Standard Class,5,Bank Transfer
8951,12/23/2014,12/23/2014,12/29/2014,JL-15130,TEC-AC-10001013,46.864,Standard Class,1,Bank Transfer
8952,12/23/2014,12/23/2014,12/29/2014,JL-15130,OFF-ST-10000918,26.16,Standard Class,1,PayPal
8953,12/23/2014,12/23/2014,12/29/2014,JL-15130,OFF-AR-10001419,23.128,Standard Class,4,Credit Card
8954,12/23/2014,12/23/2014,12/29/2014,JL-15130,OFF-AP-10003266,59.24,Standard Class,3,Credit Card
8955,8/8/2011,8/8/2011,8/10/2011,VG-21790,FUR-BO-10000468,155.456,Second Class,4,Credit Card
8956,9/20/2011,9/20/2011,9/24/2011,HG-14965,OFF-PA-10004610,8.56,Standard Class,1,Bank Transfer
8957,12/26/2014,12/26/2014,12/29/2014,JH-15430,FUR-FU-10004963,21,First Class,5,PayPal
8958,12/26/2014,12/26/2014,12/29/2014,JH-15430,TEC-MA-10004626,120,First Class,2,Credit Card
8959,11/26/2014,11/26/2014,12/1/2014,RO-19780,TEC-PH-10003437,299.96,Standard Class,4,PayPal
8960,11/26/2014,11/26/2014,12/1/2014,RO-19780,OFF-AP-10002867,67.84,Standard Class,3,Bank Transfer
8961,11/26/2014,11/26/2014,12/1/2014,RO-19780,FUR-CH-10002126,853.93,Standard Class,2,PayPal
8962,11/26/2014,11/26/2014,12/1/2014,RO-19780,OFF-AR-10001761,18.688,Standard Class,5,PayPal
8963,11/6/2013,11/6/2013,11/8/2013,LW-17125,FUR-FU-10004665,273.96,First Class,3,Credit Card
8964,11/6/2013,11/6/2013,11/8/2013,LW-17125,TEC-AC-10000057,89.97,First Class,4,PayPal
8965,11/6/2013,11/6/2013,11/8/2013,LW-17125,FUR-FU-10003806,756.8,First Class,3,Bank Transfer
8966,11/7/2014,11/7/2014,11/13/2014,CC-12370,OFF-BI-10000145,1.248,Standard Class,3,Credit Card
8967,11/4/2013,11/4/2013,11/8/2013,JP-16135,TEC-AC-10000892,72,Standard Class,4,Bank Transfer
8968,11/4/2013,11/4/2013,11/8/2013,JP-16135,FUR-CH-10004886,470.155,Standard Class,4,PayPal
8969,12/30/2011,12/30/2011,1/1/2012,DD-13570,OFF-ST-10002554,39.128,First Class,5,PayPal
8970,12/3/2014,12/3/2014,12/8/2014,ES-14080,OFF-AR-10001662,19.728,Standard Class,4,Credit Card
8971,12/3/2014,12/3/2014,12/8/2014,ES-14080,TEC-PH-10004531,151.188,Standard Class,4,Credit Card
8972,3/25/2014,3/25/2014,3/29/2014,MV-17485,FUR-CH-10000665,271.764,Standard Class,4,PayPal
8973,11/19/2011,11/19/2011,11/21/2011,RD-19900,TEC-AC-10003023,47.496,First Class,1,Bank Transfer
8974,4/26/2014,4/26/2014,4/28/2014,RL-19615,FUR-BO-10004709,344.981,Second Class,3,Credit Card
8975,11/24/2014,11/24/2014,11/27/2014,JP-15460,OFF-PA-10000477,36.288,First Class,2,PayPal
8976,11/24/2014,11/24/2014,11/27/2014,JP-15460,OFF-PA-10002923,78.304,First Class,3,PayPal
8977,11/24/2014,11/24/2014,11/27/2014,JP-15460,FUR-TA-10003008,127.785,First Class,4,Bank Transfer
8978,11/24/2014,11/24/2014,11/27/2014,JP-15460,OFF-BI-10003707,6.104,First Class,5,Credit Card
8979,11/3/2011,11/3/2011,11/5/2011,DM-13345,OFF-BI-10000546,5.76,Second Class,3,Bank Transfer
8980,10/19/2012,10/19/2012,10/24/2012,CS-11860,OFF-BI-10000404,1.72,Second Class,1,Bank Transfer
8981,2/7/2011,2/7/2011,2/11/2011,DL-13315,OFF-BI-10001196,8.952,Second Class,4,PayPal
8982,3/7/2013,3/7/2013,3/13/2013,LC-16870,OFF-AP-10001626,2.334,Standard Class,4,Bank Transfer
8983,3/7/2013,3/7/2013,3/13/2013,LC-16870,OFF-BI-10004656,1.728,Standard Class,2,Credit Card
8984,3/7/2013,3/7/2013,3/13/2013,LC-16870,FUR-FU-10003773,159.04,Standard Class,2,Bank Transfer
8985,3/7/2013,3/7/2013,3/13/2013,LC-16870,FUR-TA-10000849,145.98,Standard Class,4,Credit Card
8986,12/3/2012,12/3/2012,12/7/2012,JG-15115,FUR-FU-10000222,77.952,Standard Class,4,Credit Card
8987,12/3/2012,12/3/2012,12/7/2012,JG-15115,OFF-BI-10001718,95.97,Standard Class,5,PayPal
8988,12/3/2012,12/3/2012,12/7/2012,JG-15115,TEC-PH-10001700,105.584,Standard Class,3,PayPal
8989,12/3/2012,12/3/2012,12/7/2012,JG-15115,OFF-AR-10004078,9.344,Standard Class,3,Bank Transfer
8990,12/24/2012,12/24/2012,12/30/2012,HM-14860,FUR-FU-10003026,9.68,Standard Class,5,Bank Transfer
8991,12/24/2012,12/24/2012,12/30/2012,HM-14860,TEC-CO-10003763,4899.93,Standard Class,2,Bank Transfer
8992,10/2/2014,10/2/2014,10/7/2014,TN-21040,TEC-AC-10004708,104.75,Standard Class,4,Credit Card
8993,10/17/2014,10/17/2014,10/22/2014,VP-21760,TEC-AC-10003499,18.528,Standard Class,5,PayPal
8994,10/17/2014,10/17/2014,10/22/2014,VP-21760,FUR-TA-10001950,1875.258,Standard Class,4,PayPal
8995,8/15/2011,8/15/2011,8/17/2011,CS-12355,OFF-PA-10000312,91.36,First Class,3,Credit Card
8996,8/15/2011,8/15/2011,8/17/2011,CS-12355,OFF-AP-10004708,152.24,First Class,2,PayPal
8997,11/12/2014,11/12/2014,11/14/2014,PG-18820,TEC-PH-10004531,35.184,First Class,1,Bank Transfer
8998,3/21/2014,3/21/2014,3/21/2014,HG-14845,OFF-PA-10000474,56.704,Same Day,4,Bank Transfer
8999,3/21/2014,3/21/2014,3/21/2014,HG-14845,OFF-PA-10002377,274.064,Same Day,3,Bank Transfer
9000,5/14/2014,5/14/2014,5/18/2014,MH-18115,FUR-CH-10001482,458.43,Standard Class,1,PayPal
9001,6/22/2011,6/22/2011,6/22/2011,TB-21280,OFF-BI-10001553,8.226,Same Day,1,Bank Transfer
9002,12/2/2011,12/2/2011,12/9/2011,EM-13825,TEC-AC-10000199,5.95,Standard Class,2,Credit Card
9003,12/2/2011,12/2/2011,12/9/2011,EM-13825,OFF-PA-10002195,15.24,Standard Class,5,PayPal
9004,4/5/2012,4/5/2012,4/6/2012,JF-15415,TEC-AC-10001767,239.94,Same Day,1,Bank Transfer
9005,4/5/2012,4/5/2012,4/6/2012,JF-15415,OFF-AR-10002467,23.84,Same Day,3,Bank Transfer
9006,11/19/2014,11/19/2014,11/19/2014,NB-18655,OFF-ST-10001321,92.52,Same Day,2,Credit Card
9007,11/19/2014,11/19/2014,11/19/2014,NB-18655,OFF-ST-10000777,37.76,Same Day,1,Credit Card
9008,11/19/2014,11/19/2014,11/19/2014,NB-18655,OFF-LA-10003720,7.38,Same Day,3,PayPal
9009,11/19/2014,11/19/2014,11/19/2014,NB-18655,FUR-FU-10000206,5.82,Same Day,5,Credit Card
9010,7/13/2014,7/13/2014,7/19/2014,CS-11860,OFF-PA-10000791,3.816,Standard Class,3,PayPal
9011,5/20/2014,5/20/2014,5/24/2014,ND-18460,OFF-BI-10001787,26.16,Standard Class,1,PayPal
9012,12/20/2012,12/20/2012,12/21/2012,ED-13885,TEC-AC-10004353,100.8,First Class,4,PayPal
9013,2/21/2013,2/21/2013,2/22/2013,EA-14035,FUR-FU-10001861,135.8,First Class,1,Bank Transfer
9014,3/19/2014,3/19/2014,3/23/2014,BP-11050,OFF-AR-10002766,13.9,Standard Class,5,Bank Transfer
9015,3/19/2014,3/19/2014,3/23/2014,BP-11050,OFF-EN-10003072,19.4,Standard Class,3,PayPal
9016,12/18/2013,12/18/2013,12/24/2013,NS-18640,OFF-BI-10001636,13.488,Standard Class,1,Bank Transfer
9017,12/18/2013,12/18/2013,12/24/2013,NS-18640,OFF-BI-10000948,11.416,Standard Class,5,Bank Transfer
9018,3/27/2013,3/27/2013,3/29/2013,MV-17485,OFF-PA-10001838,17.64,Second Class,5,PayPal
9019,3/27/2013,3/27/2013,3/29/2013,MV-17485,OFF-BI-10002215,17.04,Second Class,2,PayPal
9020,12/16/2011,12/16/2011,12/18/2011,LE-16810,TEC-AC-10001314,99.98,Second Class,1,Bank Transfer
9021,12/16/2011,12/16/2011,12/18/2011,LE-16810,FUR-FU-10002268,29.46,Second Class,3,PayPal
9022,11/15/2012,11/15/2012,11/20/2012,VP-21760,OFF-BI-10002133,166.92,Standard Class,4,Bank Transfer
9023,8/23/2013,8/23/2013,8/24/2013,TC-21475,FUR-FU-10001979,98.328,First Class,3,Bank Transfer
9024,6/29/2012,6/29/2012,7/2/2012,SG-20470,FUR-CH-10001482,117.882,First Class,4,Bank Transfer
9025,6/27/2013,6/27/2013,7/3/2013,VP-21760,TEC-AC-10002018,20.97,Standard Class,4,Credit Card
9026,6/27/2013,6/27/2013,7/3/2013,VP-21760,TEC-AC-10000397,139.96,Standard Class,2,Bank Transfer
9027,6/27/2013,6/27/2013,7/3/2013,VP-21760,FUR-FU-10003976,37.74,Standard Class,1,PayPal
9028,9/18/2013,9/18/2013,9/23/2013,PO-18865,FUR-FU-10002597,14.82,Standard Class,4,Credit Card
9029,9/18/2013,9/18/2013,9/23/2013,PO-18865,FUR-FU-10004864,191.82,Standard Class,1,PayPal
9030,7/18/2011,7/18/2011,7/23/2011,JL-15130,OFF-BI-10002103,13.904,Standard Class,1,PayPal
9031,9/2/2014,9/2/2014,9/2/2014,RW-19540,OFF-AP-10001005,314.6,Same Day,2,PayPal
9032,9/2/2014,9/2/2014,9/2/2014,RW-19540,FUR-TA-10002607,283.56,Same Day,1,PayPal
9033,6/23/2014,6/23/2014,6/27/2014,RB-19465,FUR-CH-10000454,487.96,Standard Class,3,PayPal
9034,9/2/2011,9/2/2011,9/7/2011,SC-20095,OFF-BI-10001359,1793.98,Standard Class,4,PayPal
9035,10/1/2012,10/1/2012,10/5/2012,EM-13960,OFF-BI-10003196,2.992,Standard Class,4,PayPal
9036,10/1/2012,10/1/2012,10/5/2012,EM-13960,TEC-AC-10003657,108.768,Standard Class,2,Bank Transfer
9037,4/7/2012,4/7/2012,4/10/2012,RP-19390,OFF-PA-10002262,25.92,First Class,5,Bank Transfer
9038,4/7/2012,4/7/2012,4/10/2012,RP-19390,OFF-ST-10002214,22.58,First Class,3,Credit Card
9039,11/22/2014,11/22/2014,11/22/2014,HZ-14950,TEC-PH-10003555,55.176,Same Day,5,Credit Card
9040,12/18/2013,12/18/2013,12/22/2013,AB-10105,OFF-BI-10000545,9892.74,Standard Class,4,Bank Transfer
9041,9/19/2011,9/19/2011,9/24/2011,ND-18460,FUR-TA-10004607,73.915,Standard Class,2,Bank Transfer
9042,9/28/2011,9/28/2011,10/3/2011,XP-21865,FUR-FU-10000277,337.088,Standard Class,5,Credit Card
9043,9/22/2012,9/22/2012,9/26/2012,MM-18280,OFF-AP-10004532,61.44,Second Class,1,Credit Card
9044,11/8/2013,11/8/2013,11/14/2013,ML-17395,TEC-AC-10003911,479.97,Standard Class,2,PayPal
9045,12/17/2014,12/17/2014,12/21/2014,KM-16225,OFF-BI-10003196,5.984,Second Class,1,Bank Transfer
9046,12/17/2014,12/17/2014,12/21/2014,KM-16225,TEC-AC-10000358,189.95,Second Class,1,PayPal
9047,12/17/2014,12/17/2014,12/21/2014,KM-16225,TEC-AC-10000057,149.95,Second Class,3,PayPal
9048,12/17/2014,12/17/2014,12/21/2014,KM-16225,OFF-AR-10001988,29.95,Second Class,1,Bank Transfer
9049,12/17/2014,12/17/2014,12/21/2014,KM-16225,OFF-LA-10003498,44.4,Second Class,5,Bank Transfer
9050,9/21/2011,9/21/2011,9/25/2011,SL-20155,OFF-AR-10002956,66.03,Standard Class,2,Credit Card
9051,5/18/2012,5/18/2012,5/22/2012,AJ-10780,OFF-PA-10003724,10.86,Standard Class,2,Credit Card
9052,3/26/2011,3/26/2011,3/31/2011,DK-12835,OFF-AR-10004272,3.36,Second Class,5,Bank Transfer
9053,3/26/2011,3/26/2011,3/31/2011,DK-12835,OFF-BI-10003291,27.936,Second Class,5,Credit Card
9054,3/26/2011,3/26/2011,3/31/2011,DK-12835,TEC-PH-10004100,28.784,Second Class,2,Credit Card
9055,9/23/2014,9/23/2014,9/29/2014,BK-11260,OFF-SU-10001218,21.96,Standard Class,4,PayPal
9056,9/12/2012,9/12/2012,9/17/2012,CC-12670,TEC-AC-10004209,21.98,Second Class,3,Bank Transfer
9057,11/2/2012,11/2/2012,11/4/2012,ED-13885,FUR-CH-10002073,2621.322,First Class,5,PayPal
9058,10/20/2012,10/20/2012,10/24/2012,SV-20785,FUR-FU-10003424,74.76,Standard Class,4,Bank Transfer
9059,10/20/2012,10/20/2012,10/24/2012,SV-20785,FUR-TA-10001086,364.776,Standard Class,2,Credit Card
9060,6/15/2013,6/15/2013,6/19/2013,AR-10825,FUR-TA-10004619,1115.17,Standard Class,4,Bank Transfer
9061,11/20/2012,11/20/2012,11/21/2012,CS-12250,OFF-BI-10002854,89.696,First Class,3,PayPal
9062,11/20/2012,11/20/2012,11/21/2012,CS-12250,OFF-LA-10002762,50.12,First Class,1,PayPal
9063,2/28/2013,2/28/2013,3/7/2013,RR-19525,OFF-FA-10003495,36.48,Standard Class,1,PayPal
9064,10/14/2011,10/14/2011,10/20/2011,BD-11500,OFF-PA-10002581,322.192,Standard Class,5,PayPal
9065,10/14/2011,10/14/2011,10/20/2011,BD-11500,OFF-BI-10000343,2.946,Standard Class,3,Credit Card
9066,10/14/2011,10/14/2011,10/20/2011,BD-11500,OFF-PA-10001184,19.136,Standard Class,3,Credit Card
9067,5/27/2014,5/27/2014,5/31/2014,BM-11785,TEC-AC-10000521,23.08,Standard Class,3,Bank Transfer
9068,2/4/2013,2/4/2013,2/10/2013,MS-17365,TEC-PH-10002890,90.48,Standard Class,3,Credit Card
9069,9/3/2013,9/3/2013,9/6/2013,BM-11140,FUR-CH-10003061,215.976,Second Class,5,PayPal
9070,9/3/2013,9/3/2013,9/6/2013,BM-11140,OFF-EN-10003567,65.94,Second Class,2,Bank Transfer
9071,12/5/2014,12/5/2014,12/6/2014,KE-16420,FUR-FU-10001918,11.352,First Class,1,PayPal
9072,6/12/2012,6/12/2012,6/16/2012,SZ-20035,OFF-ST-10002444,24.56,Standard Class,5,Credit Card
9073,9/5/2013,9/5/2013,9/9/2013,MB-18085,OFF-EN-10003286,16.56,Standard Class,5,PayPal
9074,9/5/2013,9/5/2013,9/9/2013,MB-18085,TEC-AC-10000109,279.95,Standard Class,2,Credit Card
9075,4/21/2011,4/21/2011,4/26/2011,DB-13555,OFF-ST-10002574,828.84,Standard Class,2,PayPal
9076,11/5/2012,11/5/2012,11/8/2012,CB-12415,OFF-BI-10000773,7.218,First Class,1,Bank Transfer
9077,11/5/2012,11/5/2012,11/8/2012,CB-12415,OFF-SU-10004661,27.2,First Class,1,Credit Card
9078,11/3/2011,11/3/2011,11/7/2011,SP-20650,TEC-AC-10003280,89.97,Standard Class,5,Bank Transfer
9079,2/16/2013,2/16/2013,2/23/2013,GW-14605,FUR-FU-10003773,318.08,Standard Class,1,Credit Card
9080,2/16/2013,2/16/2013,2/23/2013,GW-14605,OFF-BI-10002412,5.8,Standard Class,1,PayPal
9081,9/12/2014,9/12/2014,9/14/2014,KH-16630,TEC-PH-10002564,143.952,Second Class,3,Credit Card
9082,9/12/2014,9/12/2014,9/14/2014,KH-16630,OFF-PA-10002262,19.44,Second Class,3,PayPal
9083,11/3/2014,11/3/2014,11/7/2014,BG-11035,OFF-AR-10000246,5.56,Standard Class,5,PayPal
9084,2/6/2012,2/6/2012,2/8/2012,LO-17170,OFF-ST-10002554,146.73,First Class,1,Credit Card
9085,2/6/2012,2/6/2012,2/8/2012,LO-17170,OFF-PA-10002751,29.9,First Class,2,PayPal
9086,9/11/2013,9/11/2013,9/13/2013,DV-13465,OFF-BI-10004318,276.784,Second Class,2,Bank Transfer
9087,9/27/2013,9/27/2013,10/1/2013,LR-17035,OFF-AP-10001564,93.032,Standard Class,5,PayPal
9088,9/27/2013,9/27/2013,10/1/2013,LR-17035,FUR-CH-10000513,454.965,Standard Class,3,PayPal
9089,12/15/2012,12/15/2012,12/20/2012,RR-19525,TEC-PH-10001433,246.168,Standard Class,1,PayPal
9090,9/18/2013,9/18/2013,9/21/2013,TS-21610,OFF-ST-10002790,295.4,Second Class,4,Credit Card
9091,10/14/2014,10/14/2014,10/16/2014,AH-10210,OFF-ST-10002974,348.56,First Class,2,Credit Card
9092,6/28/2012,6/28/2012,7/3/2012,DW-13585,OFF-PA-10003177,15.552,Second Class,3,Bank Transfer
9093,6/28/2012,6/28/2012,7/3/2012,DW-13585,FUR-BO-10001918,482.94,Second Class,3,Credit Card
9094,6/1/2012,6/1/2012,6/5/2012,AJ-10945,TEC-PH-10001299,299.98,Standard Class,3,Credit Card
9095,6/1/2012,6/1/2012,6/5/2012,AJ-10945,OFF-BI-10004224,403.68,Standard Class,3,Credit Card
9096,6/1/2012,6/1/2012,6/5/2012,AJ-10945,TEC-PH-10001300,41.9,Standard Class,2,PayPal
9097,6/1/2012,6/1/2012,6/5/2012,AJ-10945,OFF-LA-10004178,28.91,Standard Class,1,PayPal
9098,4/12/2011,4/12/2011,4/17/2011,SV-20785,OFF-PA-10000289,32.4,Standard Class,2,Credit Card
9099,10/13/2014,10/13/2014,10/17/2014,MG-17650,TEC-PH-10002085,369.544,Standard Class,4,PayPal
9100,10/13/2014,10/13/2014,10/17/2014,MG-17650,OFF-PA-10001934,10.368,Standard Class,1,PayPal
9101,10/13/2014,10/13/2014,10/17/2014,MG-17650,TEC-AC-10003033,791.88,Standard Class,4,Bank Transfer
9102,11/7/2012,11/7/2012,11/12/2012,AB-10105,OFF-AR-10001683,23.64,Standard Class,1,PayPal
9103,11/7/2012,11/7/2012,11/12/2012,AB-10105,OFF-ST-10001713,84.784,Standard Class,3,Credit Card
9104,11/7/2012,11/7/2012,11/12/2012,AB-10105,FUR-FU-10000193,64.96,Standard Class,1,PayPal
9105,11/7/2012,11/7/2012,11/12/2012,AB-10105,OFF-BI-10000474,32.06,Standard Class,1,Bank Transfer
9106,11/7/2012,11/7/2012,11/12/2012,AB-10105,OFF-ST-10000129,177.648,Standard Class,4,Bank Transfer
9107,11/7/2012,11/7/2012,11/12/2012,AB-10105,TEC-MA-10001016,287.91,Standard Class,2,Bank Transfer
9108,5/25/2012,5/25/2012,5/28/2012,MM-18280,OFF-SU-10002557,22.368,First Class,2,PayPal
9109,5/25/2012,5/25/2012,5/28/2012,MM-18280,OFF-PA-10002160,32.368,First Class,4,PayPal
9110,5/25/2012,5/25/2012,5/28/2012,MM-18280,TEC-AC-10003095,207.984,First Class,4,Credit Card
9111,10/13/2011,10/13/2011,10/15/2011,MA-17995,OFF-EN-10003160,36.4,First Class,4,PayPal
9112,10/13/2011,10/13/2011,10/15/2011,MA-17995,TEC-AC-10001542,22.96,First Class,3,PayPal
9113,10/13/2011,10/13/2011,10/15/2011,MA-17995,OFF-ST-10003641,315.2,First Class,3,Bank Transfer
9114,10/13/2011,10/13/2011,10/15/2011,MA-17995,OFF-BI-10002432,15.18,First Class,3,Credit Card
9115,2/7/2013,2/7/2013,2/10/2013,EB-13975,TEC-PH-10004094,623.96,Second Class,1,Bank Transfer
9116,1/20/2014,1/20/2014,1/25/2014,NS-18505,TEC-PH-10001817,429.6,Second Class,5,PayPal
9117,1/20/2014,1/20/2014,1/25/2014,NS-18505,FUR-FU-10002759,31.968,Second Class,5,Bank Transfer
9118,1/20/2014,1/20/2014,1/25/2014,NS-18505,FUR-CH-10000309,887.271,Second Class,5,Bank Transfer
9119,1/20/2014,1/20/2014,1/25/2014,NS-18505,OFF-PA-10003673,21.696,Second Class,5,PayPal
9120,6/7/2013,6/7/2013,6/13/2013,RB-19795,OFF-LA-10000452,22.05,Standard Class,3,Bank Transfer
9121,6/7/2013,6/7/2013,6/13/2013,RB-19795,OFF-PA-10000210,99.9,Standard Class,5,PayPal
9122,3/19/2014,3/19/2014,3/21/2014,JK-15325,OFF-AP-10000358,90.86,Second Class,5,Credit Card
9123,11/25/2014,11/25/2014,11/25/2014,PR-18880,OFF-PA-10002137,7.78,Same Day,1,Bank Transfer
9124,11/27/2013,11/27/2013,11/29/2013,EH-13945,OFF-BI-10003364,78.759,Second Class,4,Credit Card
9125,8/19/2013,8/19/2013,8/21/2013,MA-17560,FUR-FU-10001940,9.552,Second Class,3,PayPal
9126,8/19/2013,8/19/2013,8/21/2013,MA-17560,FUR-FU-10000320,5.344,Second Class,5,PayPal
9127,11/28/2012,11/28/2012,12/3/2012,MA-17995,OFF-AR-10004441,8.28,Standard Class,4,PayPal
9128,5/26/2014,5/26/2014,6/2/2014,JL-15505,OFF-ST-10002182,50.136,Standard Class,3,Credit Card
9129,9/5/2014,9/5/2014,9/6/2014,AS-10045,OFF-BI-10002931,88.074,First Class,3,Credit Card
9130,3/25/2013,3/25/2013,3/27/2013,DC-12850,FUR-BO-10004357,301.47,Second Class,5,PayPal
9131,3/25/2013,3/25/2013,3/27/2013,DC-12850,OFF-AR-10000475,18.656,Second Class,2,PayPal
9132,5/29/2014,5/29/2014,6/2/2014,MD-17860,FUR-FU-10001473,27.46,Standard Class,4,PayPal
9133,5/29/2014,5/29/2014,6/2/2014,MD-17860,OFF-AP-10001469,125.13,Standard Class,3,Credit Card
9134,8/31/2012,8/31/2012,9/4/2012,RH-19510,TEC-PH-10004447,555.96,Standard Class,5,Bank Transfer
9135,4/13/2013,4/13/2013,4/18/2013,TB-21175,OFF-ST-10001469,129.552,Standard Class,3,Bank Transfer
9136,4/13/2013,4/13/2013,4/18/2013,TB-21175,OFF-ST-10000060,51.984,Standard Class,1,Credit Card
9137,4/13/2013,4/13/2013,4/18/2013,TB-21175,OFF-PA-10000807,10.272,Standard Class,3,PayPal
9138,2/3/2011,2/3/2011,2/10/2011,EB-13930,OFF-BI-10000666,18.336,Standard Class,2,Credit Card
9139,2/3/2011,2/3/2011,2/10/2011,EB-13930,TEC-PH-10002890,180.96,Standard Class,1,Credit Card
9140,9/2/2011,9/2/2011,9/8/2011,BM-11785,TEC-AC-10000844,475.944,Standard Class,2,Credit Card
9141,10/1/2014,10/1/2014,10/3/2014,BT-11530,TEC-AC-10002402,159.98,Second Class,5,PayPal
9142,9/6/2013,9/6/2013,9/8/2013,FW-14395,TEC-PH-10003988,43.6,First Class,4,PayPal
9143,5/21/2014,5/21/2014,5/27/2014,RD-19480,OFF-BI-10004040,8.288,Standard Class,1,Bank Transfer
9144,5/21/2014,5/21/2014,5/27/2014,RD-19480,TEC-PH-10004094,1123.128,Standard Class,1,Credit Card
9145,5/21/2014,5/21/2014,5/27/2014,RD-19480,OFF-AP-10000358,64.9,Standard Class,2,Bank Transfer
9146,9/20/2012,9/20/2012,9/24/2012,TP-21130,OFF-BI-10000138,2.808,Standard Class,3,Bank Transfer
9147,1/23/2013,1/23/2013,1/27/2013,CB-12535,TEC-AC-10002926,99.98,Standard Class,5,PayPal
9148,1/23/2013,1/23/2013,1/27/2013,CB-12535,OFF-AR-10003477,8.04,Standard Class,4,Credit Card
9149,1/23/2013,1/23/2013,1/27/2013,CB-12535,OFF-ST-10001526,1564.29,Standard Class,5,Bank Transfer
9150,6/1/2011,6/1/2011,6/6/2011,QJ-19255,OFF-BI-10001765,138.56,Standard Class,3,PayPal
9151,6/1/2011,6/1/2011,6/6/2011,QJ-19255,OFF-AP-10004859,65.52,Standard Class,5,Bank Transfer
9152,9/24/2012,9/24/2012,9/29/2012,KM-16720,OFF-AR-10003179,14.576,Second Class,2,Credit Card
9153,9/24/2012,9/24/2012,9/29/2012,KM-16720,TEC-AC-10002345,23.2,Second Class,5,Credit Card
9154,9/24/2012,9/24/2012,9/29/2012,KM-16720,OFF-AR-10001246,16.464,Second Class,5,Credit Card
9155,8/2/2013,8/2/2013,8/4/2013,KM-16660,FUR-FU-10004864,19.312,Second Class,3,PayPal
9156,1/24/2011,1/24/2011,1/29/2011,IM-15055,OFF-PA-10001804,40.08,Standard Class,2,Bank Transfer
9157,8/4/2011,8/4/2011,8/8/2011,ML-17395,OFF-AP-10001271,101.96,Standard Class,3,Bank Transfer
9158,8/4/2011,8/4/2011,8/8/2011,ML-17395,OFF-PA-10004353,259.74,Standard Class,4,PayPal
9159,8/4/2011,8/4/2011,8/8/2011,ML-17395,TEC-AC-10002473,255.42,Standard Class,1,Credit Card
9160,8/10/2013,8/10/2013,8/15/2013,GH-14410,OFF-BI-10003314,4.338,Standard Class,2,PayPal
9161,8/10/2013,8/10/2013,8/15/2013,GH-14410,OFF-BI-10004465,11.88,Standard Class,2,Credit Card
9162,12/9/2013,12/9/2013,12/13/2013,AG-10900,FUR-BO-10003450,405.86,Standard Class,5,Credit Card
9163,12/9/2013,12/9/2013,12/13/2013,AG-10900,FUR-CH-10002335,680.01,Standard Class,5,Credit Card
9164,6/8/2012,6/8/2012,6/12/2012,MG-17695,TEC-AC-10003433,2.376,Standard Class,4,Credit Card
9165,6/8/2012,6/8/2012,6/12/2012,MG-17695,OFF-AP-10003849,143.128,Standard Class,1,Bank Transfer
9166,6/25/2013,6/25/2013,6/27/2013,MJ-17740,TEC-MA-10000984,4476.8,Second Class,3,PayPal
9167,6/25/2013,6/25/2013,6/27/2013,MJ-17740,OFF-PA-10000418,104.85,Second Class,2,Credit Card
9168,6/25/2013,6/25/2013,6/27/2013,MJ-17740,OFF-AP-10001242,241.44,Second Class,1,Credit Card
9169,3/16/2013,3/16/2013,3/20/2013,SJ-20125,OFF-PA-10001954,319.76,Standard Class,2,Bank Transfer
9170,3/16/2013,3/16/2013,3/20/2013,SJ-20125,OFF-PA-10001954,45.68,Standard Class,3,Credit Card
9171,12/2/2013,12/2/2013,12/2/2013,LB-16795,FUR-FU-10000448,31.96,Same Day,2,PayPal
9172,12/2/2013,12/2/2013,12/2/2013,LB-16795,OFF-PA-10001357,47.9,Same Day,5,PayPal
9173,12/2/2013,12/2/2013,12/2/2013,LB-16795,OFF-ST-10002292,1112.94,Same Day,5,Bank Transfer
9174,12/2/2013,12/2/2013,12/2/2013,LB-16795,OFF-EN-10001219,22.92,Same Day,1,PayPal
9175,6/13/2014,6/13/2014,6/15/2014,SB-20185,TEC-PH-10002564,71.976,Second Class,2,Credit Card
9176,6/13/2014,6/13/2014,6/15/2014,SB-20185,OFF-PA-10001639,19.44,Second Class,2,PayPal
9177,3/20/2013,3/20/2013,3/25/2013,CC-12610,OFF-BI-10001153,31.086,Standard Class,1,PayPal
9178,11/15/2013,11/15/2013,11/19/2013,DP-13000,TEC-PH-10003356,13.98,Standard Class,4,Bank Transfer
9179,11/15/2013,11/15/2013,11/19/2013,DP-13000,OFF-AR-10001725,23.65,Standard Class,5,Credit Card
9180,8/8/2014,8/8/2014,8/12/2014,JL-15505,TEC-PH-10002415,707.88,Standard Class,5,Credit Card
9181,8/8/2014,8/8/2014,8/12/2014,JL-15505,OFF-BI-10003355,11.952,Standard Class,2,PayPal
9182,8/8/2014,8/8/2014,8/12/2014,JL-15505,OFF-BI-10000216,31.128,Standard Class,4,Bank Transfer
9183,8/8/2014,8/8/2014,8/12/2014,JL-15505,TEC-AC-10004803,55.76,Standard Class,5,Bank Transfer
9184,8/8/2014,8/8/2014,8/12/2014,JL-15505,OFF-PA-10001970,24.56,Standard Class,3,Credit Card
9185,8/8/2014,8/8/2014,8/12/2014,JL-15505,FUR-FU-10004848,51.75,Standard Class,4,Credit Card
9186,8/8/2014,8/8/2014,8/12/2014,JL-15505,FUR-CH-10002317,207.184,Standard Class,2,Bank Transfer
9187,8/8/2014,8/8/2014,8/12/2014,JL-15505,OFF-AP-10002534,1473.1,Standard Class,3,PayPal
9188,8/21/2012,8/21/2012,8/25/2012,SM-20320,OFF-SU-10001935,3.488,Standard Class,1,Bank Transfer
9189,8/21/2012,8/21/2012,8/25/2012,SM-20320,TEC-AC-10000290,21.728,Standard Class,5,PayPal
9190,8/21/2012,8/21/2012,8/25/2012,SM-20320,OFF-ST-10002574,663.072,Standard Class,4,Credit Card
9191,8/21/2012,8/21/2012,8/25/2012,SM-20320,OFF-BI-10004519,99.588,Standard Class,5,Bank Transfer
9192,8/21/2012,8/21/2012,8/25/2012,SM-20320,OFF-PA-10003625,49.568,Standard Class,5,Credit Card
9193,11/2/2012,11/2/2012,11/7/2012,BB-10990,OFF-BI-10001524,29.372,Standard Class,5,PayPal
9194,11/2/2012,11/2/2012,11/7/2012,BB-10990,TEC-PH-10002200,344.704,Standard Class,4,PayPal
9195,11/30/2011,11/30/2011,12/6/2011,PB-19150,OFF-SU-10001664,47.992,Standard Class,3,PayPal
9196,11/30/2011,11/30/2011,12/6/2011,PB-19150,TEC-AC-10002550,102.24,Standard Class,3,Credit Card
9197,5/10/2011,5/10/2011,5/15/2011,GM-14680,OFF-PA-10004353,39.96,Standard Class,1,Bank Transfer
9198,5/10/2011,5/10/2011,5/15/2011,GM-14680,TEC-PH-10001817,1432,Standard Class,5,Bank Transfer
9199,5/10/2011,5/10/2011,5/15/2011,GM-14680,OFF-SU-10004737,41.04,Standard Class,5,PayPal
9200,5/10/2011,5/10/2011,5/15/2011,GM-14680,FUR-CH-10002320,256.784,Standard Class,5,Credit Card
9201,10/18/2013,10/18/2013,10/21/2013,NR-18550,FUR-BO-10001337,120.98,First Class,2,Bank Transfer
9202,10/18/2013,10/18/2013,10/21/2013,NR-18550,OFF-BI-10004584,315.98,First Class,3,Bank Transfer
9203,10/31/2013,10/31/2013,11/4/2013,EH-13765,OFF-BI-10004817,28.752,Standard Class,3,Bank Transfer
9204,10/31/2013,10/31/2013,11/4/2013,EH-13765,OFF-AR-10004602,114.95,Standard Class,2,Bank Transfer
9205,12/2/2013,12/2/2013,12/6/2013,FH-14365,OFF-AR-10001149,23.04,Standard Class,3,Bank Transfer
9206,4/22/2013,4/22/2013,4/22/2013,BT-11680,OFF-AR-10004817,15.48,Same Day,3,PayPal
9207,4/22/2013,4/22/2013,4/22/2013,BT-11680,OFF-PA-10003797,51.84,Same Day,2,Bank Transfer
9208,8/4/2014,8/4/2014,8/8/2014,AB-10105,TEC-AC-10000682,39.816,Standard Class,4,Bank Transfer
9209,8/4/2014,8/4/2014,8/9/2014,SC-20230,OFF-ST-10003996,16.06,Second Class,5,Credit Card
9210,12/12/2014,12/12/2014,12/15/2014,RS-19870,OFF-EN-10003160,7.28,Second Class,3,PayPal
9211,12/12/2014,12/12/2014,12/15/2014,RS-19870,OFF-BI-10002012,5.4,Second Class,1,Bank Transfer
9212,3/14/2012,3/14/2012,3/19/2012,AI-10855,OFF-PA-10002105,19.44,Standard Class,4,PayPal
9213,12/8/2011,12/8/2011,12/15/2011,DJ-13420,FUR-FU-10000397,39.88,Standard Class,4,Credit Card
9214,12/8/2011,12/8/2011,12/15/2011,DJ-13420,FUR-FU-10000758,79.44,Standard Class,3,PayPal
9215,10/1/2014,10/1/2014,10/3/2014,BF-10975,OFF-LA-10004677,20.664,First Class,5,Bank Transfer
9216,11/22/2013,11/22/2013,11/27/2013,TH-21235,OFF-PA-10004451,32.4,Standard Class,1,PayPal
9217,11/25/2014,11/25/2014,12/1/2014,JG-15310,OFF-AP-10002311,13.762,Standard Class,4,PayPal
9218,11/15/2014,11/15/2014,11/18/2014,AW-10930,OFF-EN-10004459,15.28,First Class,4,Credit Card
9219,8/16/2012,8/16/2012,8/20/2012,JW-15955,OFF-ST-10002352,44.688,Standard Class,5,PayPal
9220,8/16/2012,8/16/2012,8/20/2012,JW-15955,FUR-BO-10000780,301.47,Standard Class,3,Bank Transfer
9221,10/14/2014,10/14/2014,10/15/2014,MH-18025,OFF-LA-10000248,11.07,First Class,2,Bank Transfer
9222,10/14/2014,10/14/2014,10/15/2014,MH-18025,FUR-TA-10003473,1504.52,First Class,1,Bank Transfer
9223,10/14/2014,10/14/2014,10/15/2014,MH-18025,OFF-PA-10004355,25.92,First Class,3,PayPal
9224,11/5/2014,11/5/2014,11/5/2014,FM-14290,OFF-BI-10001308,7.536,Same Day,3,PayPal
9225,11/5/2014,11/5/2014,11/5/2014,FM-14290,OFF-BI-10003094,1.408,Same Day,5,PayPal
9226,11/5/2014,11/5/2014,11/5/2014,FM-14290,OFF-BI-10004040,4.144,Same Day,4,PayPal
9227,11/5/2014,11/5/2014,11/5/2014,FM-14290,OFF-ST-10002485,52.752,Same Day,1,Bank Transfer
9228,3/20/2014,3/20/2014,3/25/2014,GZ-14545,OFF-AP-10001205,381.36,Standard Class,3,Bank Transfer
9229,11/3/2011,11/3/2011,11/3/2011,TC-21535,OFF-AR-10001868,6.72,Same Day,5,PayPal
9230,7/24/2014,7/24/2014,7/27/2014,TB-21520,OFF-BI-10003429,15.192,First Class,2,Credit Card
9231,7/24/2014,7/24/2014,7/27/2014,TB-21520,OFF-PA-10002689,58.32,First Class,1,Bank Transfer
9232,12/27/2011,12/27/2011,12/31/2011,RP-19390,OFF-BI-10003650,946.764,Standard Class,5,Bank Transfer
9233,9/3/2013,9/3/2013,9/7/2013,LR-16915,FUR-FU-10001889,94.68,Standard Class,5,PayPal
9234,9/3/2013,9/3/2013,9/7/2013,LR-16915,OFF-ST-10000321,23.67,Standard Class,5,Bank Transfer
9235,9/3/2013,9/3/2013,9/7/2013,LR-16915,TEC-PH-10001530,1091.168,Standard Class,4,Credit Card
9236,9/3/2013,9/3/2013,9/7/2013,LR-16915,OFF-AR-10004752,18.69,Standard Class,4,Bank Transfer
9237,9/3/2013,9/3/2013,9/7/2013,LR-16915,FUR-TA-10001539,568.728,Standard Class,3,Credit Card
9238,9/3/2013,9/3/2013,9/7/2013,LR-16915,OFF-BI-10001553,7.312,Standard Class,5,PayPal
9239,2/12/2014,2/12/2014,2/15/2014,MM-17260,FUR-FU-10003601,147.568,First Class,5,PayPal
9240,10/28/2014,10/28/2014,11/3/2014,NB-18655,OFF-PA-10001685,56.784,Standard Class,1,PayPal
9241,10/28/2014,10/28/2014,11/3/2014,NB-18655,OFF-BI-10001097,5.607,Standard Class,4,Bank Transfer
9242,10/28/2014,10/28/2014,11/3/2014,NB-18655,OFF-AR-10001662,6.576,Standard Class,1,PayPal
9243,7/9/2011,7/9/2011,7/14/2011,DS-13030,OFF-BI-10002609,14.304,Standard Class,2,Bank Transfer
9244,7/9/2011,7/9/2011,7/14/2011,DS-13030,FUR-BO-10004218,119.833,Standard Class,4,Bank Transfer
9245,7/9/2011,7/9/2011,7/14/2011,DS-13030,OFF-AR-10003251,5.56,Standard Class,1,Bank Transfer
9246,7/9/2011,7/9/2011,7/14/2011,DS-13030,OFF-PA-10002365,32.4,Standard Class,3,Bank Transfer
9247,5/23/2014,5/23/2014,5/27/2014,VF-21715,OFF-AR-10003651,9.84,Standard Class,1,Credit Card
9248,5/23/2014,5/23/2014,5/27/2014,VF-21715,OFF-AR-10003732,2.78,Standard Class,4,PayPal
9249,11/11/2013,11/11/2013,11/15/2013,SW-20275,OFF-BI-10002557,3.64,Standard Class,4,Bank Transfer
9250,11/11/2013,11/11/2013,11/15/2013,SW-20275,TEC-PH-10003691,881.93,Standard Class,1,Credit Card
9251,12/3/2013,12/3/2013,12/7/2013,PW-19030,OFF-BI-10001107,115.84,Standard Class,3,Credit Card
9252,3/3/2014,3/3/2014,3/9/2014,KD-16615,OFF-BI-10004224,107.648,Standard Class,5,PayPal
9253,9/24/2014,9/24/2014,9/26/2014,DO-13645,TEC-AC-10001114,199.95,Second Class,1,PayPal
9254,9/24/2014,9/24/2014,9/26/2014,DO-13645,OFF-PA-10002005,12.96,Second Class,3,Bank Transfer
9255,2/12/2011,2/12/2011,2/16/2011,GA-14725,FUR-CH-10001146,60.89,Second Class,1,Bank Transfer
9256,2/12/2011,2/12/2011,2/16/2011,GA-14725,OFF-LA-10004853,14.94,Second Class,1,Bank Transfer
9257,2/12/2011,2/12/2011,2/16/2011,GA-14725,OFF-BI-10004728,9.64,Second Class,2,Bank Transfer
9258,2/12/2011,2/12/2011,2/16/2011,GA-14725,FUR-FU-10002298,332.94,Second Class,1,Bank Transfer
9259,2/12/2011,2/12/2011,2/16/2011,GA-14725,OFF-BI-10004654,51.9,Second Class,3,PayPal
9260,2/12/2011,2/12/2011,2/16/2011,GA-14725,OFF-ST-10002583,64.96,Second Class,3,PayPal
9261,11/12/2014,11/12/2014,11/15/2014,JL-15505,OFF-SU-10004661,25.5,Second Class,3,PayPal
9262,9/3/2014,9/3/2014,9/3/2014,SU-20665,FUR-CH-10003061,215.976,Same Day,3,Bank Transfer
9263,10/9/2012,10/9/2012,10/13/2012,FM-14380,FUR-CH-10000513,389.97,Standard Class,1,Credit Card
9264,10/9/2012,10/9/2012,10/13/2012,FM-14380,OFF-AP-10002191,269.91,Standard Class,4,PayPal
9265,11/25/2014,11/25/2014,12/2/2014,MY-17380,OFF-BI-10000216,11.673,Standard Class,1,Bank Transfer
9266,11/25/2014,11/25/2014,12/2/2014,MY-17380,OFF-EN-10003448,64.848,Standard Class,4,Bank Transfer
9267,2/9/2011,2/9/2011,2/10/2011,NM-18445,FUR-FU-10002111,14.56,First Class,3,PayPal
9268,9/25/2012,9/25/2012,9/25/2012,CS-11950,FUR-CH-10001545,102.582,Same Day,2,Bank Transfer
9269,9/25/2012,9/25/2012,9/25/2012,CS-11950,OFF-PA-10002947,20.04,Same Day,4,PayPal
9270,8/22/2014,8/22/2014,8/29/2014,PK-19075,OFF-BI-10003476,32.088,Standard Class,2,Credit Card
9271,8/22/2014,8/22/2014,8/29/2014,PK-19075,OFF-BI-10001359,4305.552,Standard Class,4,PayPal
9272,5/13/2013,5/13/2013,5/18/2013,HM-14860,FUR-FU-10000320,10.02,Standard Class,4,PayPal
9273,5/13/2013,5/13/2013,5/18/2013,HM-14860,TEC-PH-10001835,631.96,Standard Class,3,Credit Card
9274,9/3/2014,9/3/2014,9/7/2014,AH-10210,OFF-BI-10003650,1577.94,Standard Class,2,Credit Card
9275,10/10/2011,10/10/2011,10/10/2011,FC-14335,OFF-AR-10000937,255.85,Same Day,1,Credit Card
9276,5/27/2013,5/27/2013,5/30/2013,CP-12085,OFF-ST-10000532,184.704,Second Class,1,PayPal
9277,5/27/2013,5/27/2013,5/30/2013,CP-12085,TEC-AC-10001267,47.92,Second Class,1,Credit Card
9278,12/2/2014,12/2/2014,12/6/2014,SC-20305,OFF-LA-10004853,15.936,Standard Class,4,Bank Transfer
9279,12/2/2014,12/2/2014,12/6/2014,SC-20305,OFF-BI-10001759,8.001,Standard Class,4,Bank Transfer
9280,12/2/2014,12/2/2014,12/6/2014,SC-20305,FUR-CH-10003379,398.972,Standard Class,2,Bank Transfer
9281,9/21/2013,9/21/2013,9/25/2013,HJ-14875,FUR-BO-10002853,163.88,Standard Class,1,Bank Transfer
9282,9/12/2014,9/12/2014,9/16/2014,CB-12025,OFF-AP-10000027,67.9,Standard Class,2,Bank Transfer
9283,12/31/2013,12/31/2013,1/5/2014,EH-14185,OFF-PA-10002421,72.224,Standard Class,4,PayPal
9284,9/3/2014,9/3/2014,9/5/2014,LW-17215,OFF-LA-10002475,11.696,Second Class,3,Credit Card
9285,11/18/2011,11/18/2011,11/23/2011,MK-17905,FUR-CH-10001482,392.94,Standard Class,1,Credit Card
9286,11/21/2012,11/21/2012,11/24/2012,JH-15820,FUR-FU-10000087,18.176,First Class,5,Bank Transfer
9287,6/20/2014,6/20/2014,6/27/2014,DB-13270,OFF-BI-10003166,6.888,Standard Class,1,Credit Card
9288,6/20/2014,6/20/2014,6/27/2014,DB-13270,FUR-TA-10000688,457.485,Standard Class,5,PayPal
9289,12/1/2014,12/1/2014,12/4/2014,TB-21625,FUR-CH-10003981,1079.316,First Class,1,PayPal
9290,4/23/2011,4/23/2011,4/26/2011,NM-18445,OFF-PA-10001878,48.91,Second Class,3,Bank Transfer
9291,9/23/2011,9/23/2011,9/25/2011,TT-21220,OFF-AR-10002375,9.84,First Class,1,PayPal
9292,9/23/2011,9/23/2011,9/25/2011,TT-21220,OFF-BI-10004965,34.5,First Class,3,Credit Card
9293,3/3/2014,3/3/2014,3/3/2014,RS-19765,OFF-BI-10004022,0.556,Same Day,1,Credit Card
9294,11/18/2014,11/18/2014,11/22/2014,TB-21625,OFF-BI-10000050,43.8,Second Class,2,Credit Card
9295,5/29/2014,5/29/2014,6/2/2014,AM-10360,OFF-PA-10002464,13.872,Standard Class,5,Bank Transfer
9296,5/29/2014,5/29/2014,6/2/2014,AM-10360,FUR-BO-10004709,115.96,Standard Class,1,PayPal
9297,4/18/2012,4/18/2012,4/22/2012,MP-17965,TEC-AC-10003590,41.424,Second Class,5,PayPal
9298,4/18/2012,4/18/2012,4/22/2012,MP-17965,TEC-PH-10003357,244.768,Second Class,2,Credit Card
9299,4/18/2012,4/18/2012,4/22/2012,MP-17965,OFF-AR-10003373,74.352,Second Class,3,Credit Card
9300,4/18/2012,4/18/2012,4/22/2012,MP-17965,OFF-BI-10003676,4.312,Second Class,1,PayPal
9301,4/18/2012,4/18/2012,4/22/2012,MP-17965,FUR-CH-10000225,56.686,Second Class,1,Credit Card
9302,4/18/2012,4/18/2012,4/22/2012,MP-17965,TEC-PH-10001870,97.968,Second Class,2,Credit Card
9303,4/18/2012,4/18/2012,4/22/2012,MP-17965,OFF-AR-10003481,7.872,Second Class,2,Bank Transfer
9304,4/18/2012,4/18/2012,4/22/2012,MP-17965,OFF-PA-10003936,15.552,Second Class,2,Credit Card
9305,4/18/2012,4/18/2012,4/22/2012,MP-17965,OFF-BI-10000320,1.476,Second Class,1,Credit Card
9306,9/19/2012,9/19/2012,9/24/2012,MH-17290,OFF-AR-10001972,8.4,Standard Class,5,PayPal
9307,3/25/2011,3/25/2011,3/30/2011,CA-12265,OFF-AR-10003829,6.56,Standard Class,5,Bank Transfer
9308,3/25/2011,3/25/2011,3/30/2011,CA-12265,OFF-AR-10003338,14.88,Standard Class,1,Credit Card
9309,3/25/2011,3/25/2011,3/30/2011,CA-12265,TEC-AC-10002558,45.48,Standard Class,5,Bank Transfer
9310,3/25/2011,3/25/2011,3/30/2011,CA-12265,OFF-AR-10000034,25.44,Standard Class,1,Credit Card
9311,8/27/2013,8/27/2013,9/1/2013,KD-16615,OFF-BI-10001510,146.688,Standard Class,4,PayPal
9312,3/7/2014,3/7/2014,3/13/2014,DW-13540,OFF-LA-10000134,4.928,Standard Class,4,Bank Transfer
9313,3/7/2014,3/7/2014,3/13/2014,DW-13540,OFF-AR-10000588,63.488,Standard Class,4,PayPal
9314,11/11/2012,11/11/2012,11/11/2012,AG-10495,OFF-ST-10003282,418.32,Same Day,4,Bank Transfer
9315,11/11/2012,11/11/2012,11/11/2012,AG-10495,OFF-AP-10002311,123.858,Same Day,2,Credit Card
9316,4/6/2013,4/6/2013,4/10/2013,JH-16180,TEC-PH-10000141,118.782,Standard Class,3,PayPal
9317,4/6/2013,4/6/2013,4/10/2013,JH-16180,OFF-SU-10000646,769.184,Standard Class,2,Credit Card
9318,2/22/2014,2/22/2014,2/27/2014,DK-13090,TEC-AC-10002076,47.904,Standard Class,4,PayPal
9319,7/21/2014,7/21/2014,7/26/2014,AR-10825,OFF-PA-10000743,13.36,Standard Class,2,PayPal
9320,7/21/2014,7/21/2014,7/26/2014,AR-10825,FUR-CH-10002780,163.764,Standard Class,3,Credit Card
9321,7/21/2014,7/21/2014,7/26/2014,AR-10825,FUR-FU-10000747,183.92,Standard Class,1,Credit Card
9322,11/5/2013,11/5/2013,11/9/2013,SM-20005,FUR-FU-10002445,11.376,Standard Class,3,PayPal
9323,11/5/2013,11/5/2013,11/9/2013,SM-20005,FUR-FU-10000723,66.112,Standard Class,2,Bank Transfer
9324,9/24/2014,9/24/2014,9/30/2014,DB-13660,OFF-PA-10003641,211.04,Standard Class,2,PayPal
9325,9/24/2014,9/24/2014,9/30/2014,DB-13660,FUR-CH-10003973,594.816,Standard Class,4,Credit Card
9326,9/24/2014,9/24/2014,9/30/2014,DB-13660,OFF-BI-10000977,72.96,Standard Class,2,Bank Transfer
9327,9/8/2014,9/8/2014,9/11/2014,PF-19225,FUR-FU-10004053,80.96,First Class,3,Bank Transfer
9328,9/8/2014,9/8/2014,9/11/2014,PF-19225,TEC-PH-10002033,455.712,First Class,4,Credit Card
9329,9/8/2014,9/8/2014,9/11/2014,PF-19225,OFF-AR-10004260,25.98,First Class,2,Credit Card
9330,11/28/2012,11/28/2012,11/30/2012,AJ-10945,OFF-AP-10004655,45.28,First Class,3,Bank Transfer
9331,11/12/2012,11/12/2012,11/18/2012,EB-14110,OFF-EN-10001539,15.56,Standard Class,1,PayPal
9332,9/30/2013,9/30/2013,10/4/2013,ES-14080,TEC-PH-10001817,859.2,Standard Class,4,Credit Card
9333,9/12/2014,9/12/2014,9/14/2014,SS-20410,OFF-AP-10002578,195.68,Second Class,1,Credit Card
9334,9/12/2014,9/12/2014,9/14/2014,SS-20410,OFF-FA-10000992,14.2,Second Class,5,Bank Transfer
9335,5/2/2014,5/2/2014,5/3/2014,AG-10900,FUR-BO-10001798,314.352,First Class,5,PayPal
9336,5/2/2014,5/2/2014,5/3/2014,AG-10900,OFF-LA-10004409,4.608,First Class,4,Credit Card
9337,9/17/2014,9/17/2014,9/21/2014,CY-12745,OFF-FA-10000621,17.9,Standard Class,2,PayPal
9338,10/19/2011,10/19/2011,10/22/2011,RP-19270,OFF-BI-10003196,2.992,Second Class,2,Bank Transfer
9339,10/19/2011,10/19/2011,10/22/2011,RP-19270,OFF-BI-10003727,20.064,Second Class,5,Credit Card
9340,10/19/2011,10/19/2011,10/22/2011,RP-19270,OFF-PA-10003228,146.73,Second Class,5,PayPal
9341,10/19/2011,10/19/2011,10/22/2011,RP-19270,OFF-LA-10002787,18.75,Second Class,5,Credit Card
9342,10/19/2011,10/19/2011,10/22/2011,RP-19270,TEC-PH-10001305,117.576,Second Class,3,Credit Card
9343,3/14/2013,3/14/2013,3/19/2013,DB-13360,OFF-BI-10001036,51.184,Standard Class,1,PayPal
9344,2/18/2014,2/18/2014,2/21/2014,CK-12325,FUR-TA-10001086,455.97,First Class,4,Credit Card
9345,2/18/2014,2/18/2014,2/21/2014,CK-12325,OFF-BI-10001525,5.715,First Class,3,Bank Transfer
9346,2/18/2014,2/18/2014,2/21/2014,CK-12325,TEC-PH-10000526,57.594,First Class,5,Bank Transfer
9347,2/18/2014,2/18/2014,2/21/2014,CK-12325,FUR-FU-10004973,30.144,First Class,2,Credit Card
9348,2/18/2014,2/18/2014,2/21/2014,CK-12325,FUR-CH-10003981,899.43,First Class,4,PayPal
9349,12/23/2013,12/23/2013,12/29/2013,DN-13690,FUR-FU-10000277,842.72,Standard Class,2,Bank Transfer
9350,12/23/2013,12/23/2013,12/29/2013,DN-13690,FUR-FU-10001934,41.96,Standard Class,4,Bank Transfer
9351,9/24/2013,9/24/2013,9/28/2013,DP-13105,OFF-BI-10004970,13.216,Standard Class,4,Bank Transfer
9352,9/24/2013,9/24/2013,9/28/2013,DP-13105,FUR-CH-10003396,184.752,Standard Class,3,PayPal
9353,9/25/2014,9/25/2014,9/27/2014,RO-19780,FUR-CH-10003973,520.464,First Class,3,Credit Card
9354,9/25/2014,9/25/2014,9/27/2014,RO-19780,OFF-PA-10002109,11.424,First Class,4,PayPal
9355,12/1/2012,12/1/2012,12/5/2012,MA-17560,OFF-PA-10001826,19.44,Standard Class,3,Credit Card
9356,12/1/2012,12/1/2012,12/5/2012,MA-17560,OFF-AR-10000823,3.64,Standard Class,2,Credit Card
9357,12/1/2012,12/1/2012,12/5/2012,MA-17560,OFF-PA-10001776,18.54,Standard Class,4,Credit Card
9358,1/25/2013,1/25/2013,1/28/2013,JD-15895,OFF-BI-10003676,43.12,Second Class,5,PayPal
9359,1/25/2013,1/25/2013,1/28/2013,JD-15895,FUR-TA-10001095,313.722,Second Class,3,Bank Transfer
9360,1/25/2013,1/25/2013,1/28/2013,JD-15895,FUR-FU-10000747,45.98,Second Class,2,Bank Transfer
9361,1/25/2013,1/25/2013,1/28/2013,JD-15895,OFF-ST-10004337,428.68,Second Class,2,Credit Card
9362,3/22/2014,3/22/2014,3/26/2014,PS-18970,OFF-BI-10004410,30.576,Standard Class,4,Credit Card
9363,3/22/2014,3/22/2014,3/26/2014,PS-18970,OFF-FA-10004838,13.02,Standard Class,5,PayPal
9364,3/22/2014,3/22/2014,3/26/2014,PS-18970,FUR-FU-10002364,22.14,Standard Class,5,Bank Transfer
9365,3/22/2014,3/22/2014,3/26/2014,PS-18970,OFF-ST-10001809,359.32,Standard Class,1,Bank Transfer
9366,8/22/2011,8/22/2011,8/25/2011,JF-15415,OFF-PA-10001846,11.56,First Class,4,PayPal
9367,6/8/2011,6/8/2011,6/13/2011,RD-19480,OFF-BI-10003876,68.48,Standard Class,1,PayPal
9368,6/8/2011,6/8/2011,6/13/2011,RD-19480,OFF-ST-10003470,1676.88,Standard Class,5,PayPal
9369,4/8/2013,4/8/2013,4/10/2013,ES-14080,OFF-PA-10004243,37.94,First Class,5,Credit Card
9370,11/8/2014,11/8/2014,11/10/2014,KN-16390,FUR-CH-10000422,272.97,Second Class,1,PayPal
9371,5/29/2012,5/29/2012,5/31/2012,VP-21760,FUR-FU-10002506,41.568,First Class,2,Credit Card
9372,5/29/2012,5/29/2012,5/31/2012,VP-21760,FUR-CH-10000863,317.058,First Class,1,Bank Transfer
9373,5/29/2012,5/29/2012,5/31/2012,VP-21760,OFF-FA-10002988,8.04,First Class,2,Bank Transfer
9374,5/8/2014,5/8/2014,5/12/2014,CS-11950,TEC-PH-10003437,419.944,Standard Class,3,Credit Card
9375,6/6/2013,6/6/2013,6/10/2013,KB-16600,OFF-SU-10002537,61.38,Standard Class,1,Credit Card
9376,12/14/2012,12/14/2012,12/19/2012,AJ-10945,TEC-AC-10003063,50,Second Class,5,Bank Transfer
9377,12/26/2014,12/26/2014,12/30/2014,PO-18865,TEC-AC-10003237,31.8,Standard Class,5,PayPal
9378,12/18/2014,12/18/2014,12/22/2014,DP-13105,OFF-ST-10001031,32.56,Standard Class,5,Bank Transfer
9379,5/11/2013,5/11/2013,5/16/2013,GM-14500,OFF-EN-10001535,7.072,Standard Class,4,Credit Card
9380,12/23/2011,12/23/2011,12/27/2011,CC-12670,OFF-PA-10001295,45.528,Second Class,2,PayPal
9381,12/23/2011,12/23/2011,12/27/2011,CC-12670,FUR-CH-10004698,64.784,Second Class,2,Credit Card
9382,12/23/2011,12/23/2011,12/27/2011,CC-12670,OFF-ST-10000078,424.272,Second Class,2,PayPal
9383,12/23/2011,12/23/2011,12/27/2011,CC-12670,OFF-AR-10001868,1.344,Second Class,1,PayPal
9384,12/23/2011,12/23/2011,12/27/2011,CC-12670,OFF-ST-10004950,83.92,Second Class,1,PayPal
9385,8/12/2014,8/12/2014,8/17/2014,SJ-20125,OFF-PA-10003441,25.92,Standard Class,1,Bank Transfer
9386,8/28/2014,8/28/2014,9/1/2014,SF-20200,FUR-FU-10004973,120.576,Standard Class,1,PayPal
9387,1/20/2014,1/20/2014,1/24/2014,RM-19375,OFF-PA-10000157,79.92,Standard Class,1,Bank Transfer
9388,1/20/2014,1/20/2014,1/24/2014,RM-19375,OFF-PA-10001970,12.28,Standard Class,1,Credit Card
9389,1/20/2014,1/20/2014,1/24/2014,RM-19375,OFF-AP-10000828,542.94,Standard Class,4,Credit Card
9390,1/20/2014,1/20/2014,1/24/2014,RM-19375,OFF-EN-10001509,2.04,Standard Class,4,PayPal
9391,6/19/2012,6/19/2012,6/24/2012,KM-16375,OFF-ST-10003692,228.92,Standard Class,5,Bank Transfer
9392,3/14/2014,3/14/2014,3/17/2014,FH-14275,TEC-PH-10004700,7.992,First Class,1,PayPal
9393,10/25/2012,10/25/2012,10/25/2012,DG-13300,FUR-CH-10000422,582.336,Same Day,2,PayPal
9394,9/20/2011,9/20/2011,9/23/2011,MW-18220,TEC-PH-10003484,629.95,First Class,4,Bank Transfer
9395,9/20/2011,9/20/2011,9/23/2011,MW-18220,FUR-CH-10001394,631.782,First Class,4,Credit Card
9396,9/20/2011,9/20/2011,9/23/2011,MW-18220,FUR-BO-10002213,801.568,First Class,2,PayPal
9397,9/20/2011,9/20/2011,9/23/2011,MW-18220,OFF-LA-10002762,75.18,First Class,5,PayPal
9398,9/20/2011,9/20/2011,9/23/2011,MW-18220,OFF-AP-10003842,30.98,First Class,4,Bank Transfer
9399,9/20/2011,9/20/2011,9/23/2011,MW-18220,TEC-PH-10003072,1349.91,First Class,3,PayPal
9400,11/12/2013,11/12/2013,11/16/2013,SC-20845,OFF-AR-10003394,14.112,Standard Class,3,Bank Transfer
9401,9/16/2012,9/16/2012,9/21/2012,BD-11500,OFF-EN-10001539,31.12,Standard Class,2,Credit Card
9402,6/24/2011,6/24/2011,6/28/2011,LP-17080,FUR-FU-10001731,4.272,Standard Class,4,Credit Card
9403,8/13/2013,8/13/2013,8/18/2013,NP-18700,FUR-TA-10001095,209.148,Second Class,4,PayPal
9404,8/13/2013,8/13/2013,8/18/2013,NP-18700,OFF-ST-10000078,1591.02,Second Class,1,PayPal
9405,4/14/2014,4/14/2014,4/18/2014,DP-13105,OFF-FA-10004076,7.92,Standard Class,1,PayPal
9406,3/14/2011,3/14/2011,3/17/2011,RB-19465,TEC-MA-10003626,574.91,First Class,1,PayPal
9407,3/14/2011,3/14/2011,3/17/2011,RB-19465,OFF-PA-10001215,8.448,First Class,2,PayPal
9408,9/23/2014,9/23/2014,9/25/2014,LC-17140,TEC-AC-10002842,1071,Second Class,2,Bank Transfer
9409,9/23/2014,9/23/2014,9/25/2014,LC-17140,FUR-FU-10004864,12.07,Second Class,2,Bank Transfer
9410,12/11/2014,12/11/2014,12/14/2014,WB-21850,OFF-BI-10000014,3.273,First Class,2,Bank Transfer
9411,12/11/2014,12/11/2014,12/14/2014,WB-21850,FUR-FU-10001475,87.92,First Class,3,Bank Transfer
9412,3/11/2013,3/11/2013,3/15/2013,MH-17785,OFF-ST-10001272,104.696,Second Class,1,Credit Card
9413,1/27/2012,1/27/2012,1/29/2012,SC-20305,FUR-CH-10002024,2803.92,First Class,3,PayPal
9414,9/27/2013,9/27/2013,9/28/2013,MH-17620,OFF-BI-10004001,6.816,First Class,4,PayPal
9415,10/18/2012,10/18/2012,10/22/2012,JC-15775,TEC-PH-10004094,249.584,Standard Class,3,Bank Transfer
9416,10/18/2012,10/18/2012,10/22/2012,JC-15775,OFF-PA-10001184,17.94,Standard Class,4,Credit Card
9417,10/18/2012,10/18/2012,10/22/2012,JC-15775,FUR-FU-10002505,10.11,Standard Class,4,Credit Card
9418,10/27/2011,10/27/2011,11/1/2011,RD-19810,OFF-PA-10001166,10.368,Standard Class,1,Bank Transfer
9419,10/27/2011,10/27/2011,11/1/2011,RD-19810,OFF-PA-10000349,11.952,Standard Class,1,Bank Transfer
9420,10/3/2014,10/3/2014,10/5/2014,SC-20695,OFF-AP-10004708,15.224,Second Class,4,Credit Card
9421,10/3/2014,10/3/2014,10/5/2014,SC-20695,OFF-AP-10001947,21.984,Second Class,4,PayPal
9422,7/23/2011,7/23/2011,7/27/2011,NC-18535,TEC-PH-10000441,604.752,Standard Class,2,Credit Card
9423,7/23/2011,7/23/2011,7/27/2011,NC-18535,OFF-SU-10004664,40.7,Standard Class,2,PayPal
9424,7/23/2011,7/23/2011,7/27/2011,NC-18535,TEC-PH-10004531,302.376,Standard Class,5,PayPal
9425,7/23/2011,7/23/2011,7/27/2011,NC-18535,TEC-AC-10002167,45,Standard Class,4,Bank Transfer
9426,9/12/2011,9/12/2011,9/17/2011,LW-17215,FUR-CH-10002024,3785.292,Second Class,4,Bank Transfer
9427,9/16/2013,9/16/2013,9/21/2013,AH-10585,OFF-AR-10002445,35.4,Standard Class,4,PayPal
9428,11/27/2011,11/27/2011,12/1/2011,JO-15145,FUR-FU-10003268,199.9,Standard Class,5,Credit Card
9429,5/11/2011,5/11/2011,5/16/2011,VW-21775,FUR-CH-10000015,1212.96,Standard Class,4,PayPal
9430,8/28/2012,8/28/2012,9/1/2012,BP-11185,TEC-PH-10004165,1099.96,Standard Class,4,PayPal
9431,8/28/2012,8/28/2012,9/1/2012,BP-11185,FUR-TA-10004607,103.481,Standard Class,5,Credit Card
9432,6/19/2012,6/19/2012,6/19/2012,PP-18955,OFF-LA-10004677,5.904,Same Day,5,Bank Transfer
9433,8/17/2012,8/17/2012,8/23/2012,SC-20725,TEC-AC-10002217,30.08,Standard Class,5,PayPal
9434,8/17/2012,8/17/2012,8/23/2012,SC-20725,OFF-PA-10001937,36.288,Standard Class,5,PayPal
9435,8/17/2012,8/17/2012,8/23/2012,SC-20725,OFF-AR-10000203,10.272,Standard Class,1,Bank Transfer
9436,8/17/2012,8/17/2012,8/23/2012,SC-20725,TEC-AC-10001142,252.8,Standard Class,4,Credit Card
9437,9/25/2012,9/25/2012,9/25/2012,BM-11785,OFF-BI-10003712,2.946,Same Day,5,Credit Card
9438,5/27/2014,5/27/2014,6/1/2014,CD-11920,OFF-PA-10000520,12.96,Standard Class,2,PayPal
9439,8/1/2014,8/1/2014,8/6/2014,GM-14680,TEC-PH-10001079,285.576,Standard Class,3,Bank Transfer
9440,10/12/2011,10/12/2011,10/17/2011,BP-11050,OFF-SU-10000898,22.24,Standard Class,4,PayPal
9441,5/25/2011,5/25/2011,5/29/2011,BW-11065,OFF-PA-10001471,14.62,Standard Class,3,PayPal
9442,12/29/2011,12/29/2011,12/31/2011,RE-19405,OFF-AP-10003281,48.36,Second Class,4,Bank Transfer
9443,4/8/2014,4/8/2014,4/12/2014,HR-14770,OFF-AR-10003156,16.256,Standard Class,4,Credit Card
9444,4/8/2014,4/8/2014,4/12/2014,HR-14770,TEC-PH-10000576,219.184,Standard Class,2,Bank Transfer
9445,3/1/2012,3/1/2012,3/2/2012,TP-21565,TEC-PH-10003215,95.84,First Class,3,Bank Transfer
9446,5/29/2012,5/29/2012,6/3/2012,KB-16315,OFF-LA-10004484,12.39,Standard Class,1,Bank Transfer
9447,9/23/2013,9/23/2013,9/29/2013,AC-10660,OFF-PA-10002245,35.88,Standard Class,2,Credit Card
9448,5/28/2014,5/28/2014,6/4/2014,DN-13690,FUR-FU-10003664,477.3,Standard Class,1,Credit Card
9449,9/18/2013,9/18/2013,9/24/2013,CC-12430,OFF-LA-10002195,12.32,Standard Class,2,PayPal
9450,9/8/2011,9/8/2011,9/13/2011,TS-21340,OFF-BI-10000822,8.608,Standard Class,5,PayPal
9451,6/4/2014,6/4/2014,6/8/2014,MO-17800,OFF-ST-10004963,136.26,Standard Class,4,Bank Transfer
9452,9/28/2012,9/28/2012,10/5/2012,RP-19855,OFF-AP-10002495,186.15,Standard Class,5,Bank Transfer
9453,9/28/2012,9/28/2012,10/5/2012,RP-19855,OFF-BI-10004001,81.792,Standard Class,1,PayPal
9454,9/28/2012,9/28/2012,10/5/2012,RP-19855,OFF-SU-10004884,47.19,Standard Class,4,Bank Transfer
9455,9/28/2012,9/28/2012,10/5/2012,RP-19855,TEC-PH-10003555,36.784,Standard Class,3,Bank Transfer
9456,6/17/2013,6/17/2013,6/20/2013,JL-15175,TEC-MA-10003493,91.475,Second Class,4,PayPal
9457,5/28/2014,5/28/2014,6/4/2014,BW-11110,TEC-AC-10002380,27.192,Standard Class,5,Bank Transfer
9458,5/28/2014,5/28/2014,6/4/2014,BW-11110,OFF-BI-10004209,12.06,Standard Class,3,Credit Card
9459,10/9/2011,10/9/2011,10/14/2011,SJ-20500,OFF-AR-10002135,144.6,Standard Class,1,Bank Transfer
9460,10/9/2011,10/9/2011,10/14/2011,SJ-20500,TEC-PH-10002583,15.992,Standard Class,1,Bank Transfer
9461,11/17/2011,11/17/2011,11/22/2011,FG-14260,OFF-PA-10003591,34.44,Second Class,5,PayPal
9462,10/19/2011,10/19/2011,10/24/2011,EH-14125,TEC-PH-10004922,321.552,Standard Class,1,PayPal
9463,11/26/2014,11/26/2014,12/1/2014,BS-11590,FUR-CH-10001854,701.96,Second Class,1,Credit Card
9464,2/28/2011,2/28/2011,3/3/2011,JS-16030,OFF-AR-10003560,19.456,First Class,1,PayPal
9465,12/21/2011,12/21/2011,12/25/2011,JC-15775,OFF-LA-10004409,17.28,Standard Class,1,PayPal
9466,11/20/2013,11/20/2013,11/24/2013,JM-15265,FUR-FU-10000448,31.96,Standard Class,3,Credit Card
9467,11/6/2014,11/6/2014,11/11/2014,CD-12280,OFF-BI-10002735,164.688,Second Class,4,Bank Transfer
9468,11/6/2014,11/6/2014,11/11/2014,CD-12280,FUR-TA-10003469,166.5,Second Class,5,Credit Card
9469,11/6/2014,11/6/2014,11/11/2014,CD-12280,OFF-PA-10001870,12.96,Second Class,5,PayPal
9470,11/6/2014,11/6/2014,11/11/2014,CD-12280,OFF-PA-10004071,110.96,Second Class,2,Credit Card
9471,11/6/2014,11/6/2014,11/11/2014,CD-12280,TEC-PH-10001448,99.98,Second Class,1,PayPal
9472,11/6/2014,11/6/2014,11/11/2014,CD-12280,OFF-BI-10002706,11.424,Second Class,1,Credit Card
9473,11/6/2014,11/6/2014,11/11/2014,CD-12280,FUR-CH-10004875,128.124,Second Class,5,Bank Transfer
9474,11/6/2014,11/6/2014,11/11/2014,CD-12280,FUR-FU-10004245,101.4,Second Class,3,Bank Transfer
9475,5/31/2012,5/31/2012,6/5/2012,JM-15265,OFF-LA-10000443,5.904,Second Class,3,PayPal
9476,5/31/2012,5/31/2012,6/5/2012,JM-15265,OFF-PA-10001125,173.488,Second Class,2,PayPal
9477,5/31/2012,5/31/2012,6/5/2012,JM-15265,FUR-FU-10002703,51.56,Second Class,1,Bank Transfer
9478,5/31/2012,5/31/2012,6/5/2012,JM-15265,OFF-BI-10004364,3.564,Second Class,3,PayPal
9479,9/7/2011,9/7/2011,9/14/2011,SS-20410,OFF-FA-10000936,13.16,Standard Class,4,Credit Card
9480,9/7/2011,9/7/2011,9/14/2011,SS-20410,OFF-BI-10001249,3.828,Standard Class,5,Credit Card
9481,9/7/2011,9/7/2011,9/14/2011,SS-20410,OFF-BI-10004632,304.99,Standard Class,3,PayPal
9482,11/7/2014,11/7/2014,11/13/2014,HG-14845,OFF-ST-10000615,18.16,Standard Class,1,PayPal
9483,6/20/2012,6/20/2012,6/24/2012,BC-11125,TEC-AC-10001838,319.984,Second Class,3,PayPal
9484,7/22/2011,7/22/2011,7/28/2011,AB-10255,OFF-AR-10004757,19.68,Standard Class,2,PayPal
9485,12/3/2013,12/3/2013,12/5/2013,MY-18295,FUR-BO-10003893,781.864,Second Class,4,Bank Transfer
9486,12/3/2013,12/3/2013,12/5/2013,MY-18295,OFF-PA-10003893,30.816,Second Class,3,Credit Card
9487,10/13/2014,10/13/2014,10/13/2014,NF-18385,FUR-TA-10001932,673.344,Same Day,5,Bank Transfer
9488,12/12/2014,12/12/2014,12/14/2014,NB-18655,OFF-FA-10001561,6.54,First Class,1,Bank Transfer
9489,10/1/2012,10/1/2012,10/4/2012,EM-13960,TEC-PH-10001817,572.8,First Class,3,Credit Card
9490,8/6/2013,8/6/2013,8/12/2013,MF-17665,OFF-AR-10000538,197.05,Standard Class,5,Bank Transfer
9491,1/4/2014,1/4/2014,1/8/2014,CM-12385,OFF-BI-10004584,2022.272,Standard Class,3,Bank Transfer
9492,1/4/2014,1/4/2014,1/8/2014,CM-12385,OFF-AR-10000817,9.12,Standard Class,5,Credit Card
9493,11/8/2014,11/8/2014,11/8/2014,EC-14050,OFF-BI-10000756,38.16,Same Day,5,PayPal
9494,1/3/2013,1/3/2013,1/8/2013,BO-11350,FUR-TA-10000617,1592.85,Standard Class,1,Bank Transfer
9495,1/3/2013,1/3/2013,1/8/2013,BO-11350,OFF-BI-10004364,11.88,Standard Class,5,PayPal
9496,5/13/2013,5/13/2013,5/17/2013,VM-21835,TEC-AC-10004518,120,Standard Class,3,Bank Transfer
9497,5/13/2013,5/13/2013,5/17/2013,VM-21835,OFF-AP-10002222,8.67,Standard Class,4,PayPal
9498,11/6/2014,11/6/2014,11/8/2014,AB-10060,OFF-PA-10002615,4.41,First Class,3,Bank Transfer
9499,11/6/2014,11/6/2014,11/8/2014,AB-10060,OFF-PA-10000565,167.94,First Class,3,Credit Card
9500,11/6/2014,11/6/2014,11/8/2014,AB-10060,OFF-PA-10003673,67.8,First Class,4,Bank Transfer
9501,5/27/2013,5/27/2013,5/31/2013,CM-12235,FUR-FU-10002088,26.94,Standard Class,5,Credit Card
9502,11/20/2012,11/20/2012,11/24/2012,KW-16570,FUR-FU-10001546,32.04,Standard Class,1,Credit Card
9503,4/23/2013,4/23/2013,4/30/2013,MM-17920,OFF-AR-10000614,32.13,Standard Class,3,Bank Transfer
9504,4/23/2013,4/23/2013,4/30/2013,MM-17920,OFF-AR-10003190,2.88,Standard Class,2,Bank Transfer
9505,10/15/2013,10/15/2013,10/19/2013,PW-19030,TEC-PH-10004094,1091.93,Standard Class,5,PayPal
9506,10/15/2013,10/15/2013,10/19/2013,PW-19030,OFF-PA-10001970,111.96,Standard Class,1,Bank Transfer
9507,4/5/2011,4/5/2011,4/7/2011,RD-19900,OFF-AR-10002952,26.7,Second Class,4,PayPal
9508,4/5/2011,4/5/2011,4/7/2011,RD-19900,OFF-BI-10004209,40.2,Second Class,2,PayPal
9509,4/5/2011,4/5/2011,4/7/2011,RD-19900,OFF-AR-10004685,13.89,Second Class,1,PayPal
9510,4/5/2011,4/5/2011,4/7/2011,RD-19900,OFF-ST-10000991,689.82,Second Class,2,Bank Transfer
9511,8/7/2013,8/7/2013,8/12/2013,LM-17065,OFF-AR-10002399,38.34,Standard Class,4,Credit Card
9512,12/14/2011,12/14/2011,12/16/2011,CS-11845,OFF-BI-10002353,9.264,First Class,1,PayPal
9513,5/31/2014,5/31/2014,6/4/2014,KT-16480,FUR-BO-10001811,204.6664,Second Class,5,PayPal
9514,10/15/2013,10/15/2013,10/20/2013,BE-11410,TEC-AC-10003033,1649.75,Standard Class,1,Credit Card
9515,3/14/2011,3/14/2011,3/18/2011,NF-18475,OFF-PA-10000176,91.056,Standard Class,5,PayPal
9516,2/18/2011,2/18/2011,2/25/2011,DL-13315,OFF-AR-10003631,54.208,Standard Class,1,Bank Transfer
9517,8/24/2012,8/24/2012,8/26/2012,MS-17710,TEC-PH-10000923,26.982,Second Class,5,Credit Card
9518,8/24/2012,8/24/2012,8/26/2012,MS-17710,OFF-LA-10003190,6.912,Second Class,4,Credit Card
9519,8/24/2012,8/24/2012,8/26/2012,MS-17710,OFF-ST-10003208,435.504,Second Class,3,PayPal
9520,5/9/2014,5/9/2014,5/13/2014,MM-18055,OFF-AP-10000692,81.08,Second Class,1,Bank Transfer
9521,2/4/2013,2/4/2013,2/9/2013,JB-15400,OFF-ST-10004180,93.02,Standard Class,3,Bank Transfer
9522,12/19/2011,12/19/2011,12/25/2011,SG-20605,TEC-PH-10002817,323.976,Standard Class,3,PayPal
9523,12/19/2011,12/19/2011,12/25/2011,SG-20605,OFF-PA-10000295,15.552,Standard Class,3,PayPal
9524,12/19/2011,12/19/2011,12/25/2011,SG-20605,OFF-ST-10000419,32.592,Standard Class,2,Credit Card
9525,12/6/2014,12/6/2014,12/7/2014,PB-18805,OFF-BI-10001524,83.92,First Class,4,Bank Transfer
9526,12/6/2014,12/6/2014,12/7/2014,PB-18805,FUR-FU-10003268,199.9,First Class,4,Bank Transfer
9527,12/6/2014,12/6/2014,12/7/2014,PB-18805,TEC-PH-10000148,31.176,First Class,1,PayPal
9528,12/6/2014,12/6/2014,12/7/2014,PB-18805,OFF-BI-10001543,172.752,First Class,5,PayPal
9529,12/6/2014,12/6/2014,12/7/2014,PB-18805,OFF-BI-10002071,9.296,First Class,1,PayPal
9530,3/25/2014,3/25/2014,3/26/2014,AC-10615,OFF-ST-10002352,12.768,Same Day,5,Credit Card
9531,7/9/2014,7/9/2014,7/13/2014,MR-17545,OFF-PA-10003127,52.76,Standard Class,1,Credit Card
9532,10/27/2014,10/27/2014,11/1/2014,BF-11215,OFF-ST-10000464,55.616,Standard Class,1,PayPal
9533,10/28/2013,10/28/2013,11/1/2013,BW-11200,FUR-CH-10000553,427.644,Standard Class,4,Credit Card
9534,10/28/2013,10/28/2013,11/1/2013,BW-11200,OFF-FA-10000134,40.67,Standard Class,2,PayPal
9535,10/28/2013,10/28/2013,11/1/2013,BW-11200,OFF-ST-10000636,33.48,Standard Class,2,Bank Transfer
9536,10/28/2013,10/28/2013,11/1/2013,BW-11200,OFF-BI-10002949,9.728,Standard Class,2,PayPal
9537,6/13/2014,6/13/2014,6/15/2014,TS-21610,FUR-FU-10002364,8.856,Second Class,4,PayPal
9538,9/26/2013,9/26/2013,9/28/2013,AS-10045,FUR-BO-10002613,477.666,First Class,2,Credit Card
9539,9/8/2014,9/8/2014,9/10/2014,AA-10375,OFF-PA-10002659,16.9,First Class,5,Credit Card
9540,9/8/2014,9/8/2014,9/10/2014,AA-10375,OFF-PA-10000157,39.96,First Class,2,Bank Transfer
9541,5/11/2012,5/11/2012,5/16/2012,PS-18970,FUR-CH-10004540,191.968,Second Class,3,PayPal
9542,8/6/2012,8/6/2012,8/10/2012,RP-19270,OFF-LA-10004544,35.52,Standard Class,5,Credit Card
9543,8/6/2012,8/6/2012,8/10/2012,RP-19270,OFF-BI-10001097,6.23,Standard Class,1,Bank Transfer
9544,8/6/2012,8/6/2012,8/10/2012,RP-19270,OFF-PA-10003302,56.704,Standard Class,2,PayPal
9545,8/6/2012,8/6/2012,8/10/2012,RP-19270,FUR-BO-10003965,369.1992,Standard Class,5,PayPal
9546,10/29/2011,10/29/2011,11/2/2011,NC-18625,TEC-AC-10003433,1.98,Standard Class,2,Bank Transfer
9547,10/29/2011,10/29/2011,11/2/2011,NC-18625,OFF-PA-10000482,75.88,Standard Class,2,Credit Card
9548,6/19/2013,6/19/2013,6/21/2013,SC-20770,OFF-PA-10004610,6.848,Second Class,1,Bank Transfer
9549,6/19/2013,6/19/2013,6/21/2013,SC-20770,OFF-BI-10003910,4.626,Second Class,4,Bank Transfer
9550,6/19/2013,6/19/2013,6/21/2013,SC-20770,OFF-AP-10001394,453.6,Second Class,1,Bank Transfer
9551,5/3/2012,5/3/2012,5/6/2012,NF-18595,OFF-BI-10004654,13.848,First Class,2,Bank Transfer
9552,11/10/2012,11/10/2012,11/14/2012,SC-20020,OFF-ST-10001526,577.584,Standard Class,1,Bank Transfer
9553,5/30/2012,5/30/2012,6/3/2012,BD-11560,TEC-AC-10000358,151.96,Standard Class,3,Bank Transfer
9554,9/23/2013,9/23/2013,9/28/2013,SM-20950,FUR-FU-10000246,68.432,Standard Class,1,Credit Card
9555,11/28/2012,11/28/2012,12/2/2012,EB-14110,FUR-FU-10003799,71.12,Standard Class,1,Bank Transfer
9556,11/28/2012,11/28/2012,12/2/2012,EB-14110,OFF-FA-10003021,3.008,Standard Class,1,Credit Card
9557,12/3/2012,12/3/2012,12/5/2012,HP-14815,OFF-PA-10003656,184.66,Second Class,5,Credit Card
9558,10/17/2011,10/17/2011,10/19/2011,EB-14170,FUR-FU-10004586,5.312,Second Class,2,Bank Transfer
9559,5/4/2013,5/4/2013,5/6/2013,SM-20905,TEC-AC-10003832,132.52,First Class,1,PayPal
9560,5/4/2013,5/4/2013,5/6/2013,SM-20905,OFF-ST-10002554,195.64,First Class,5,Credit Card
9561,5/4/2013,5/4/2013,5/6/2013,SM-20905,FUR-FU-10001876,51.968,First Class,1,Bank Transfer
9562,5/4/2013,5/4/2013,5/6/2013,SM-20905,TEC-AC-10002637,431.976,First Class,2,Credit Card
9563,5/4/2013,5/4/2013,5/6/2013,SM-20905,TEC-MA-10003589,224.937,First Class,3,Bank Transfer
9564,5/4/2013,5/4/2013,5/6/2013,SM-20905,OFF-LA-10000081,6,First Class,1,Bank Transfer
9565,6/1/2012,6/1/2012,6/8/2012,CG-12040,OFF-PA-10001838,11.76,Standard Class,1,PayPal
9566,3/31/2011,3/31/2011,3/31/2011,TG-21640,FUR-CH-10002965,1125.488,Same Day,1,Bank Transfer
9567,3/31/2011,3/31/2011,3/31/2011,TG-21640,OFF-BI-10001636,12.645,Same Day,1,Bank Transfer
9568,3/31/2011,3/31/2011,3/31/2011,TG-21640,OFF-AR-10004027,4.032,Same Day,1,PayPal
9569,7/6/2014,7/6/2014,7/8/2014,DK-12835,TEC-PH-10002293,79.96,First Class,1,Bank Transfer
9570,9/24/2012,9/24/2012,9/24/2012,MB-17305,OFF-BI-10003196,6.732,Same Day,3,Credit Card
9571,9/24/2012,9/24/2012,9/24/2012,MB-17305,OFF-ST-10001172,33.568,Same Day,3,Bank Transfer
9572,9/24/2012,9/24/2012,9/24/2012,MB-17305,OFF-EN-10003068,15.84,Same Day,4,Credit Card
9573,9/24/2012,9/24/2012,9/24/2012,MB-17305,OFF-LA-10003510,24.424,Same Day,2,Credit Card
9574,9/24/2012,9/24/2012,9/24/2012,MB-17305,OFF-AR-10003504,17.12,Same Day,5,Bank Transfer
9575,8/13/2012,8/13/2012,8/13/2012,SF-20065,FUR-FU-10001889,31.56,Same Day,2,Bank Transfer
9576,5/26/2012,5/26/2012,5/28/2012,PS-18760,FUR-CH-10000863,105.686,Second Class,4,Credit Card
9577,5/26/2012,5/26/2012,5/28/2012,PS-18760,TEC-MA-10004679,399.54,Second Class,3,Credit Card
9578,5/26/2012,5/26/2012,5/28/2012,PS-18760,FUR-CH-10004754,104.93,Second Class,2,PayPal
9579,9/15/2014,9/15/2014,9/17/2014,RB-19705,TEC-PH-10004586,1079.85,First Class,1,PayPal
9580,9/15/2014,9/15/2014,9/17/2014,RB-19705,OFF-ST-10001370,70.98,First Class,1,PayPal
9581,9/15/2014,9/15/2014,9/17/2014,RB-19705,OFF-AR-10001988,29.95,First Class,2,PayPal
9582,9/15/2014,9/15/2014,9/17/2014,RB-19705,FUR-CH-10003298,589.41,First Class,4,PayPal
9583,6/8/2013,6/8/2013,6/12/2013,RS-19870,OFF-FA-10002988,9.648,Standard Class,4,Credit Card
9584,6/26/2014,6/26/2014,6/28/2014,SB-20185,FUR-BO-10002213,400.784,Second Class,1,PayPal
9585,8/27/2014,8/27/2014,8/28/2014,HJ-14875,OFF-ST-10000344,53.72,First Class,2,Bank Transfer
9586,8/27/2013,8/27/2013,8/29/2013,SV-20815,OFF-PA-10002319,31.008,First Class,2,Bank Transfer
9587,11/19/2013,11/19/2013,11/19/2013,BE-11410,OFF-BI-10002437,61.12,Same Day,2,Bank Transfer
9588,4/18/2014,4/18/2014,4/23/2014,BM-11575,OFF-ST-10001418,195.136,Standard Class,4,PayPal
9589,7/24/2014,7/24/2014,7/29/2014,AZ-10750,OFF-AR-10000380,121.536,Standard Class,4,PayPal
9590,5/11/2011,5/11/2011,5/15/2011,HD-14785,OFF-PA-10003036,17.472,Standard Class,5,PayPal
9591,5/11/2011,5/11/2011,5/15/2011,HD-14785,OFF-BI-10002026,104.58,Standard Class,4,Credit Card
9592,7/29/2013,7/29/2013,8/2/2013,BF-11005,FUR-FU-10003691,24.7,Standard Class,1,Credit Card
9593,7/29/2013,7/29/2013,8/2/2013,BF-11005,FUR-FU-10003806,302.72,Standard Class,4,Bank Transfer
9594,9/15/2014,9/15/2014,9/20/2014,HZ-14950,OFF-PA-10002741,8.56,Standard Class,1,PayPal
9595,9/15/2014,9/15/2014,9/20/2014,HZ-14950,OFF-PA-10003845,11.56,Standard Class,3,PayPal
9596,1/25/2014,1/25/2014,1/30/2014,KD-16495,OFF-AP-10001492,25.86,Standard Class,1,Credit Card
9597,1/25/2014,1/25/2014,1/30/2014,KD-16495,OFF-BI-10004318,276.784,Standard Class,5,PayPal
9598,1/25/2014,1/25/2014,1/30/2014,KD-16495,TEC-PH-10000193,110.352,Standard Class,3,Bank Transfer
9599,9/19/2012,9/19/2012,9/23/2012,FC-14245,FUR-FU-10003464,60.84,Standard Class,4,Bank Transfer
9600,4/14/2012,4/14/2012,4/18/2012,TP-21130,OFF-AP-10002403,35.208,Standard Class,2,Bank Transfer
9601,5/9/2014,5/9/2014,5/12/2014,EB-13705,OFF-PA-10003848,41.472,Second Class,5,PayPal
9602,9/5/2013,9/5/2013,9/10/2013,JP-15520,OFF-PA-10001357,239.5,Standard Class,4,Credit Card
9603,5/19/2011,5/19/2011,5/22/2011,TD-20995,OFF-SU-10004737,34.2,First Class,4,PayPal
9604,6/18/2013,6/18/2013,6/24/2013,DM-13345,FUR-TA-10003715,376.866,Standard Class,4,Credit Card
9605,11/2/2012,11/2/2012,11/5/2012,EG-13900,OFF-AP-10003099,197.72,First Class,2,Credit Card
9606,11/5/2014,11/5/2014,11/10/2014,HG-14965,TEC-AC-10002323,70.72,Standard Class,5,Bank Transfer
9607,11/5/2014,11/5/2014,11/10/2014,HG-14965,OFF-ST-10002344,194.352,Standard Class,5,Bank Transfer
9608,12/6/2014,12/6/2014,12/9/2014,BF-11080,OFF-PA-10000007,21.6,Second Class,5,Bank Transfer
9609,12/6/2014,12/6/2014,12/9/2014,BF-11080,OFF-LA-10000248,11.07,Second Class,4,Bank Transfer
9610,5/17/2013,5/17/2013,5/20/2013,SC-20095,FUR-FU-10002116,282.84,Second Class,3,Credit Card
9611,5/17/2013,5/17/2013,5/20/2013,SC-20095,OFF-LA-10002195,27.72,Second Class,4,Credit Card
9612,10/25/2014,10/25/2014,10/31/2014,CS-11950,OFF-FA-10000735,11.68,Standard Class,4,Credit Card
9613,9/19/2013,9/19/2013,9/23/2013,BD-11320,TEC-PH-10001299,239.984,Standard Class,2,Bank Transfer
9614,11/11/2011,11/11/2011,11/13/2011,MZ-17515,OFF-AP-10002892,22.98,First Class,5,PayPal
9615,11/11/2011,11/11/2011,11/13/2011,MZ-17515,TEC-AC-10002718,102.13,First Class,1,PayPal
9616,11/11/2011,11/11/2011,11/13/2011,MZ-17515,OFF-BI-10003527,2033.584,First Class,1,PayPal
9617,8/23/2013,8/23/2013,8/30/2013,PW-19030,OFF-AR-10002255,5.76,Standard Class,1,Credit Card
9618,11/17/2014,11/17/2014,11/22/2014,BS-11380,TEC-CO-10002095,899.982,Standard Class,5,Credit Card
9619,11/17/2014,11/17/2014,11/22/2014,BS-11380,OFF-AR-10004022,86.352,Standard Class,2,Credit Card
9620,11/17/2014,11/17/2014,11/22/2014,BS-11380,TEC-AC-10002335,139.96,Standard Class,5,Bank Transfer
9621,9/26/2011,9/26/2011,9/30/2011,DA-13450,OFF-AP-10001634,16.704,Standard Class,5,PayPal
9622,9/26/2011,9/26/2011,9/30/2011,DA-13450,TEC-AC-10002370,3.152,Standard Class,4,PayPal
9623,9/26/2011,9/26/2011,9/30/2011,DA-13450,OFF-PA-10000174,32.896,Standard Class,4,Bank Transfer
9624,6/30/2014,6/30/2014,7/1/2014,ME-17725,OFF-AP-10000240,21.392,First Class,1,PayPal
9625,6/30/2014,6/30/2014,7/1/2014,ME-17725,FUR-TA-10002855,307.314,First Class,5,Credit Card
9626,6/30/2014,6/30/2014,7/1/2014,ME-17725,FUR-BO-10000780,409.9992,First Class,3,PayPal
9627,9/24/2014,9/24/2014,9/26/2014,MH-17785,OFF-PA-10001846,9.248,First Class,4,PayPal
9628,11/23/2011,11/23/2011,11/27/2011,BT-11440,OFF-BI-10002049,14.67,Standard Class,1,PayPal
9629,1/14/2011,1/14/2011,1/19/2011,MM-17920,OFF-PA-10002947,37.408,Standard Class,4,Credit Card
9630,1/14/2011,1/14/2011,1/19/2011,MM-17920,OFF-BI-10003476,3.438,Standard Class,2,Bank Transfer
9631,6/1/2013,6/1/2013,6/7/2013,NM-18520,OFF-BI-10002609,7.152,Standard Class,3,PayPal
9632,6/1/2013,6/1/2013,6/7/2013,NM-18520,TEC-PH-10003215,179.7,Standard Class,2,Credit Card
9633,2/14/2014,2/14/2014,2/18/2014,MH-17455,OFF-AP-10004785,90.64,Standard Class,5,PayPal
9634,10/14/2011,10/14/2011,10/17/2011,TC-21295,TEC-AC-10000865,177,First Class,4,Bank Transfer
9635,10/14/2011,10/14/2011,10/17/2011,TC-21295,OFF-ST-10000615,79.45,First Class,2,Credit Card
9636,10/14/2011,10/14/2011,10/17/2011,TC-21295,FUR-CH-10000749,1628.82,First Class,1,PayPal
9637,11/18/2011,11/18/2011,11/25/2011,MH-17785,FUR-FU-10003553,137.54,Standard Class,5,Bank Transfer
9638,11/18/2011,11/18/2011,11/25/2011,MH-17785,FUR-TA-10003008,730.2,Standard Class,3,Bank Transfer
9639,11/13/2014,11/13/2014,11/16/2014,EP-13915,OFF-PA-10001846,11.56,Second Class,2,Credit Card
9640,1/28/2012,1/28/2012,1/31/2012,JH-15985,FUR-TA-10000198,4297.644,Second Class,3,Credit Card
9641,3/7/2011,3/7/2011,3/12/2011,CM-12715,OFF-AR-10000390,20.65,Standard Class,5,Credit Card
9642,3/7/2011,3/7/2011,3/12/2011,CM-12715,OFF-ST-10000934,204.9,Standard Class,5,PayPal
9643,3/7/2011,3/7/2011,3/12/2011,CM-12715,FUR-CH-10002780,436.704,Standard Class,2,Credit Card
9644,3/7/2011,3/7/2011,3/12/2011,CM-12715,FUR-CH-10004495,481.568,Standard Class,5,PayPal
9645,6/9/2014,6/9/2014,6/14/2014,FO-14305,TEC-AC-10002006,89.544,Standard Class,3,Credit Card
9646,6/9/2014,6/9/2014,6/14/2014,FO-14305,OFF-ST-10002485,35.168,Standard Class,1,Bank Transfer
9647,6/9/2014,6/9/2014,6/14/2014,FO-14305,OFF-BI-10000778,72.588,Standard Class,5,Bank Transfer
9648,11/19/2011,11/19/2011,11/24/2011,MW-18220,OFF-ST-10000877,221.16,Standard Class,5,PayPal
9649,11/19/2011,11/19/2011,11/24/2011,MW-18220,TEC-PH-10002103,281.97,Standard Class,4,PayPal
9650,11/27/2013,11/27/2013,12/1/2013,MS-17365,FUR-BO-10002213,3406.664,Standard Class,5,PayPal
9651,11/27/2013,11/27/2013,12/1/2013,MS-17365,OFF-AR-10004269,37.17,Standard Class,1,Bank Transfer
9652,11/27/2013,11/27/2013,12/1/2013,MS-17365,OFF-AP-10000055,64.96,Standard Class,5,PayPal
9653,11/27/2013,11/27/2013,12/1/2013,MS-17365,FUR-FU-10002937,595.38,Standard Class,4,PayPal
9654,1/24/2014,1/24/2014,1/28/2014,HP-14815,TEC-AC-10001874,95.984,Standard Class,3,Credit Card
9655,1/24/2014,1/24/2014,1/28/2014,HP-14815,OFF-BI-10004506,4.938,Standard Class,1,Credit Card
9656,9/22/2011,9/22/2011,9/29/2011,AS-10090,FUR-FU-10001876,97.44,Standard Class,1,Credit Card
9657,9/22/2011,9/22/2011,9/29/2011,AS-10090,OFF-BI-10003355,3.984,Standard Class,2,PayPal
9658,9/22/2011,9/22/2011,9/29/2011,AS-10090,OFF-AR-10003876,13.04,Standard Class,2,Credit Card
9659,9/22/2011,9/22/2011,9/29/2011,AS-10090,FUR-CH-10004983,579.528,Standard Class,1,Bank Transfer
9660,3/26/2011,3/26/2011,3/30/2011,CS-12505,OFF-LA-10001982,18.75,Second Class,5,Credit Card
9661,6/7/2013,6/7/2013,6/12/2013,ME-17320,TEC-PH-10001459,3023.928,Standard Class,3,PayPal
9662,6/7/2013,6/7/2013,6/12/2013,ME-17320,TEC-AC-10002134,26.96,Standard Class,1,Credit Card
9663,6/7/2013,6/7/2013,6/12/2013,ME-17320,TEC-PH-10001760,477.6,Standard Class,4,Bank Transfer
9664,9/1/2014,9/1/2014,9/6/2014,MS-17770,OFF-ST-10001511,193.95,Standard Class,4,Bank Transfer
9665,12/7/2012,12/7/2012,12/7/2012,KH-16690,OFF-PA-10003953,12.96,Same Day,3,PayPal
9666,11/17/2014,11/17/2014,11/21/2014,LC-16885,FUR-FU-10003268,119.94,Standard Class,1,PayPal
9667,11/17/2014,11/17/2014,11/21/2014,LC-16885,FUR-FU-10001847,12.42,Standard Class,4,Bank Transfer
9668,4/24/2013,4/24/2013,4/28/2013,AF-10870,OFF-BI-10002764,18.088,Standard Class,2,PayPal
9669,4/24/2013,4/24/2013,4/28/2013,AF-10870,OFF-EN-10004386,71.97,Standard Class,5,PayPal
9670,4/3/2014,4/3/2014,4/7/2014,AH-10465,OFF-LA-10001569,14.94,Standard Class,3,PayPal
9671,8/13/2012,8/13/2012,8/15/2012,GK-14620,OFF-AR-10001446,64.68,First Class,4,PayPal
9672,11/14/2014,11/14/2014,11/20/2014,KL-16645,TEC-PH-10003442,22,Standard Class,5,Credit Card
9673,12/24/2013,12/24/2013,12/29/2013,FM-14290,OFF-PA-10000477,7.968,Standard Class,4,Credit Card
9674,12/24/2013,12/24/2013,12/29/2013,FM-14290,TEC-PH-10002645,1499.97,Standard Class,3,PayPal
9675,7/22/2011,7/22/2011,7/24/2011,JL-15850,OFF-ST-10003123,26.632,Second Class,1,Bank Transfer
9676,5/7/2013,5/7/2013,5/11/2013,GM-14500,FUR-FU-10001617,41.6,Standard Class,5,Bank Transfer
9677,11/28/2011,11/28/2011,12/3/2011,MC-17635,OFF-EN-10003862,64.02,Standard Class,1,Credit Card
9678,4/19/2013,4/19/2013,4/24/2013,CS-12490,OFF-AR-10001573,6.99,Standard Class,4,PayPal
9679,4/19/2013,4/19/2013,4/24/2013,CS-12490,OFF-SU-10004290,6.84,Standard Class,3,PayPal
9680,12/27/2012,12/27/2012,12/31/2012,AH-10030,OFF-ST-10000046,323.1,Standard Class,5,PayPal
9681,12/27/2012,12/27/2012,12/31/2012,AH-10030,TEC-PH-10003505,668.16,Standard Class,2,Bank Transfer
9682,12/14/2014,12/14/2014,12/19/2014,EP-13915,OFF-LA-10004559,8.64,Standard Class,2,Credit Card
9683,12/14/2014,12/14/2014,12/19/2014,EP-13915,OFF-PA-10003172,38.88,Standard Class,3,Credit Card
9684,12/14/2014,12/14/2014,12/19/2014,EP-13915,FUR-FU-10001473,201.04,Standard Class,2,PayPal
9685,12/14/2014,12/14/2014,12/19/2014,EP-13915,OFF-PA-10000232,12.96,Standard Class,3,Credit Card
9686,1/3/2014,1/3/2014,1/5/2014,FW-14395,TEC-AC-10000682,16.59,Second Class,1,Credit Card
9687,5/31/2014,5/31/2014,6/4/2014,KA-16525,OFF-AR-10003405,35.1,Standard Class,1,PayPal
9688,10/1/2014,10/1/2014,10/7/2014,SC-20050,OFF-BI-10000301,11.646,Standard Class,4,PayPal
9689,6/21/2014,6/21/2014,6/28/2014,PG-18895,OFF-PA-10001534,32.4,Standard Class,4,Bank Transfer
9690,6/21/2014,6/21/2014,6/28/2014,PG-18895,TEC-PH-10003691,503.96,Standard Class,2,Credit Card
9691,4/5/2014,4/5/2014,4/6/2014,TA-21385,OFF-AR-10001545,7.04,First Class,3,PayPal
9692,11/13/2012,11/13/2012,11/17/2012,PO-18850,FUR-BO-10001811,613.9992,Standard Class,1,Bank Transfer
9693,8/28/2012,8/28/2012,9/2/2012,SM-20950,OFF-ST-10001837,470.36,Standard Class,5,Credit Card
9694,9/25/2014,9/25/2014,9/29/2014,NK-18490,OFF-PA-10000551,31.08,Second Class,1,Bank Transfer
9695,9/25/2014,9/25/2014,9/29/2014,NK-18490,OFF-SU-10001574,7.3,Second Class,5,Credit Card
9696,12/12/2013,12/12/2013,12/15/2013,SC-20695,OFF-AP-10002892,73.536,First Class,4,Credit Card
9697,6/10/2011,6/10/2011,6/15/2011,HK-14890,OFF-LA-10003930,491.55,Second Class,2,Credit Card
9698,3/12/2013,3/12/2013,3/12/2013,BT-11485,FUR-FU-10001037,30.336,Same Day,4,PayPal
9699,12/16/2014,12/16/2014,12/20/2014,KM-16660,OFF-PA-10004569,22.83,Standard Class,3,Bank Transfer
9700,12/16/2014,12/16/2014,12/20/2014,KM-16660,OFF-AP-10000027,54.32,Standard Class,1,PayPal
9701,12/16/2014,12/16/2014,12/20/2014,KM-16660,TEC-PH-10000675,196.776,Standard Class,4,Credit Card
9702,10/31/2013,10/31/2013,11/5/2013,SP-20920,OFF-FA-10003059,3.62,Standard Class,3,Credit Card
9703,8/1/2014,8/1/2014,8/5/2014,LB-16795,OFF-PA-10003256,11.54,Standard Class,2,PayPal
9704,8/1/2014,8/1/2014,8/5/2014,LB-16795,OFF-BI-10003656,849.95,Standard Class,5,PayPal
9705,8/1/2014,8/1/2014,8/5/2014,LB-16795,OFF-BI-10002897,11.01,Standard Class,5,Bank Transfer
9706,10/20/2014,10/20/2014,10/24/2014,JS-16030,OFF-BI-10004826,39.624,Standard Class,5,PayPal
9707,10/22/2013,10/22/2013,10/28/2013,CS-11950,FUR-CH-10004626,242.136,Standard Class,5,Bank Transfer
9708,10/22/2013,10/22/2013,10/28/2013,CS-11950,OFF-AR-10000390,12.39,Standard Class,5,Bank Transfer
9709,10/22/2013,10/22/2013,10/28/2013,CS-11950,FUR-FU-10003731,19.96,Standard Class,5,Bank Transfer
9710,10/22/2013,10/22/2013,10/28/2013,CS-11950,OFF-ST-10002743,340.92,Standard Class,2,Credit Card
9711,11/5/2011,11/5/2011,11/10/2011,MD-17350,FUR-FU-10001468,273.568,Standard Class,5,Credit Card
9712,11/5/2011,11/5/2011,11/10/2011,MD-17350,OFF-BI-10003684,13.194,Standard Class,3,Bank Transfer
9713,11/5/2011,11/5/2011,11/10/2011,MD-17350,OFF-ST-10003716,1080.096,Standard Class,1,Credit Card
9714,11/5/2011,11/5/2011,11/10/2011,MD-17350,TEC-AC-10001101,51.56,Standard Class,2,Bank Transfer
9715,11/5/2011,11/5/2011,11/10/2011,MD-17350,TEC-AC-10004864,58.416,Standard Class,4,PayPal
9716,11/8/2013,11/8/2013,11/13/2013,LD-17005,OFF-BI-10001543,57.584,Standard Class,5,PayPal
9717,8/13/2013,8/13/2013,8/15/2013,DB-13270,OFF-AR-10000914,37.312,Second Class,5,Bank Transfer
9718,5/31/2013,5/31/2013,6/1/2013,AT-10735,TEC-PH-10002293,79.96,Same Day,2,Credit Card
9719,5/31/2013,5/31/2013,6/1/2013,AT-10735,TEC-AC-10000109,223.96,Same Day,2,Credit Card
9720,11/13/2014,11/13/2014,11/15/2014,DK-13375,OFF-ST-10002574,221.024,Second Class,4,Credit Card
9721,9/23/2013,9/23/2013,9/27/2013,CS-12250,FUR-FU-10002445,18.96,Standard Class,2,Bank Transfer
9722,2/16/2013,2/16/2013,2/20/2013,JF-15565,FUR-CH-10001802,326.646,Standard Class,1,PayPal
9723,2/16/2013,2/16/2013,2/20/2013,JF-15565,TEC-AC-10003628,89.97,Standard Class,4,PayPal
9724,12/22/2011,12/22/2011,12/26/2011,TW-21025,OFF-BI-10003984,296.712,Standard Class,5,PayPal
9725,12/5/2012,12/5/2012,12/11/2012,TB-21250,OFF-EN-10004459,12.224,Standard Class,2,PayPal
9726,9/18/2014,9/18/2014,9/21/2014,SC-20380,TEC-AC-10001109,89.97,First Class,5,Credit Card
9727,12/3/2014,12/3/2014,12/5/2014,KM-16720,OFF-AP-10001293,286.86,First Class,2,Credit Card
9728,12/3/2014,12/3/2014,12/5/2014,KM-16720,TEC-PH-10004977,979.95,First Class,3,PayPal
9729,12/3/2014,12/3/2014,12/5/2014,KM-16720,OFF-SU-10001935,4.36,First Class,5,PayPal
9730,9/29/2011,9/29/2011,10/4/2011,EB-14170,OFF-BI-10001308,10.048,Standard Class,4,PayPal
9731,9/29/2011,9/29/2011,10/4/2011,EB-14170,OFF-ST-10000046,807.75,Standard Class,2,PayPal
9732,11/15/2014,11/15/2014,11/20/2014,JE-15715,OFF-AR-10003504,34.24,Standard Class,1,PayPal
9733,8/20/2011,8/20/2011,8/25/2011,NC-18535,FUR-CH-10001797,500.24,Standard Class,4,PayPal
9734,8/20/2011,8/20/2011,8/25/2011,NC-18535,OFF-PA-10000246,20.12,Standard Class,1,Bank Transfer
9735,8/20/2011,8/20/2011,8/25/2011,NC-18535,OFF-BI-10001359,896.99,Standard Class,2,Bank Transfer
9736,11/19/2011,11/19/2011,11/22/2011,AD-10180,OFF-PA-10001583,5.88,Second Class,5,Bank Transfer
9737,6/29/2012,6/29/2012,7/3/2012,NF-18475,TEC-PH-10004667,269.98,Standard Class,4,Credit Card
9738,3/17/2014,3/17/2014,3/22/2014,KD-16615,OFF-ST-10002615,310.12,Standard Class,1,Bank Transfer
9739,3/17/2014,3/17/2014,3/22/2014,KD-16615,OFF-BI-10004236,70.464,Standard Class,5,Bank Transfer
9740,3/17/2014,3/17/2014,3/22/2014,KD-16615,OFF-BI-10001757,19.68,Standard Class,3,Credit Card
9741,3/17/2014,3/17/2014,3/22/2014,KD-16615,OFF-AP-10001154,140.67,Standard Class,3,Bank Transfer
9742,11/8/2012,11/8/2012,11/12/2012,QJ-19255,FUR-BO-10004834,4404.9,Standard Class,1,Bank Transfer
9743,11/29/2014,11/29/2014,12/3/2014,EP-13915,OFF-LA-10001074,62.65,Standard Class,3,Credit Card
9744,6/17/2013,6/17/2013,6/23/2013,JJ-15445,OFF-LA-10001641,9.45,Standard Class,5,Bank Transfer
9745,1/22/2014,1/22/2014,1/26/2014,BE-11410,OFF-EN-10002230,268.576,Standard Class,3,PayPal
9746,11/25/2014,11/25/2014,11/25/2014,BP-11290,FUR-TA-10000617,364.08,Same Day,3,Credit Card
9747,11/25/2014,11/25/2014,11/25/2014,BP-11290,FUR-TA-10001676,71.088,Same Day,5,Credit Card
9748,11/11/2011,11/11/2011,11/15/2011,BH-11710,FUR-FU-10000175,10.984,Standard Class,3,Bank Transfer
9749,11/11/2011,11/11/2011,11/15/2011,BH-11710,FUR-CH-10003379,797.944,Standard Class,4,PayPal
9750,3/5/2013,3/5/2013,3/9/2013,EM-13810,TEC-AC-10002567,159.98,Standard Class,3,Credit Card
9751,10/12/2013,10/12/2013,10/16/2013,EP-13915,OFF-AR-10003183,5.344,Standard Class,5,Credit Card
9752,10/12/2013,10/12/2013,10/16/2013,EP-13915,OFF-AR-10001446,27.72,Standard Class,1,Bank Transfer
9753,7/2/2013,7/2/2013,7/3/2013,NZ-18565,OFF-BI-10000145,2.496,First Class,1,PayPal
9754,3/28/2014,3/28/2014,3/30/2014,LC-16870,OFF-LA-10000476,8.26,Second Class,1,Credit Card
9755,3/28/2014,3/28/2014,3/30/2014,LC-16870,OFF-BI-10001679,17.76,Second Class,4,PayPal
9756,3/28/2014,3/28/2014,3/30/2014,LC-16870,OFF-ST-10001128,332.94,Second Class,4,Credit Card
9757,3/28/2014,3/28/2014,3/30/2014,LC-16870,FUR-TA-10002533,292.1,Second Class,4,PayPal
9758,3/28/2014,3/28/2014,3/30/2014,LC-16870,TEC-PH-10004006,206.1,Second Class,1,PayPal
9759,3/28/2014,3/28/2014,3/30/2014,LC-16870,OFF-PA-10002615,17.64,Second Class,1,Credit Card
9760,11/1/2013,11/1/2013,11/6/2013,SF-20965,FUR-CH-10001854,1403.92,Standard Class,5,PayPal
9761,11/5/2014,11/5/2014,11/9/2014,KM-16375,OFF-AR-10000657,4.3,Standard Class,4,Bank Transfer
9762,2/15/2011,2/15/2011,2/19/2011,ML-17395,TEC-AC-10000736,239.97,Standard Class,4,PayPal
9763,2/15/2011,2/15/2011,2/19/2011,ML-17395,OFF-AP-10001293,81.96,Standard Class,3,PayPal
9764,2/15/2011,2/15/2011,2/19/2011,ML-17395,OFF-SU-10000157,238.62,Standard Class,1,PayPal
9765,6/18/2011,6/18/2011,6/23/2011,MC-18100,TEC-PH-10000215,139.8,Standard Class,4,Credit Card
9766,3/1/2014,3/1/2014,3/7/2014,DB-13660,OFF-BI-10001757,9.84,Standard Class,5,Credit Card
9767,3/1/2014,3/1/2014,3/7/2014,DB-13660,OFF-PA-10002137,7.78,Standard Class,5,Bank Transfer
9768,12/10/2014,12/10/2014,12/16/2014,LW-17215,OFF-BI-10000088,54.9,Standard Class,2,PayPal
9769,12/8/2014,12/8/2014,12/15/2014,TC-21535,OFF-PA-10000380,50.04,Standard Class,5,PayPal
9770,11/25/2013,11/25/2013,12/1/2013,SC-20050,FUR-BO-10001619,339.92,Standard Class,3,Credit Card
9771,11/25/2013,11/25/2013,12/1/2013,SC-20050,OFF-PA-10001609,10.528,Standard Class,4,Bank Transfer
9772,11/25/2013,11/25/2013,12/1/2013,SC-20050,OFF-AP-10002765,42.384,Standard Class,4,Credit Card
9773,7/4/2013,7/4/2013,7/4/2013,FM-14215,OFF-PA-10000167,123.92,Same Day,5,Credit Card
9774,6/27/2013,6/27/2013,7/4/2013,PF-19225,TEC-PH-10004434,135.95,Standard Class,3,Credit Card
9775,7/26/2011,7/26/2011,7/30/2011,LF-17185,OFF-BI-10004995,2177.584,Standard Class,5,Credit Card
9776,7/26/2011,7/26/2011,7/30/2011,LF-17185,FUR-FU-10004666,17.496,Standard Class,5,Bank Transfer
9777,7/26/2011,7/26/2011,7/30/2011,LF-17185,OFF-BI-10001524,16.784,Standard Class,2,Credit Card
9778,7/26/2011,7/26/2011,7/30/2011,LF-17185,TEC-AC-10002076,431.136,Standard Class,3,Credit Card
9779,7/26/2011,7/26/2011,7/30/2011,LF-17185,OFF-BI-10001679,8.88,Standard Class,2,Credit Card
9780,7/26/2011,7/26/2011,7/30/2011,LF-17185,OFF-AP-10003281,4.836,Standard Class,5,PayPal
9781,9/15/2013,9/15/2013,9/19/2013,CL-12565,TEC-PH-10001944,437.85,Standard Class,1,PayPal
9782,9/15/2013,9/15/2013,9/19/2013,CL-12565,OFF-BI-10004390,673.568,Standard Class,3,Bank Transfer
9783,5/31/2012,5/31/2012,6/2/2012,EM-13825,OFF-PA-10002120,274.8,Second Class,5,PayPal
9784,5/31/2012,5/31/2012,6/2/2012,EM-13825,OFF-ST-10004340,62.18,Second Class,5,Bank Transfer
9785,5/31/2012,5/31/2012,6/2/2012,EM-13825,FUR-FU-10001847,8.28,Second Class,3,PayPal
9786,5/9/2012,5/9/2012,5/13/2012,ME-17725,OFF-BI-10000962,48.81,Standard Class,5,Bank Transfer
9787,11/5/2011,11/5/2011,11/5/2011,BG-11035,FUR-CH-10004754,149.9,Same Day,3,Credit Card
9788,3/28/2014,3/28/2014,4/2/2014,CJ-12010,FUR-BO-10001811,1023.332,Standard Class,5,PayPal
9789,3/28/2014,3/28/2014,4/2/2014,CJ-12010,FUR-CH-10004063,600.558,Standard Class,3,Credit Card
9790,3/28/2014,3/28/2014,4/2/2014,CJ-12010,TEC-AC-10004901,39.992,Standard Class,2,PayPal
9791,3/28/2014,3/28/2014,4/2/2014,CJ-12010,FUR-CH-10001714,211.246,Standard Class,3,Credit Card
9792,5/21/2011,5/21/2011,5/23/2011,KH-16360,OFF-EN-10003134,56.064,Second Class,5,Bank Transfer
9793,5/21/2011,5/21/2011,5/23/2011,KH-16360,FUR-CH-10003396,107.772,Second Class,2,Bank Transfer
9794,5/21/2011,5/21/2011,5/23/2011,KH-16360,OFF-PA-10001560,4.832,Second Class,1,Bank Transfer
9795,5/21/2011,5/21/2011,5/23/2011,KH-16360,OFF-BI-10000977,18.24,Second Class,4,Bank Transfer
9796,5/22/2013,5/22/2013,5/29/2013,SH-19975,OFF-BI-10003429,3.798,Standard Class,4,Credit Card
9797,1/12/2012,1/12/2012,1/17/2012,CS-12490,OFF-AR-10001374,10.368,Standard Class,3,Bank Transfer
9798,1/12/2012,1/12/2012,1/17/2012,CS-12490,TEC-PH-10004977,235.188,Standard Class,5,Bank Transfer
9799,1/12/2012,1/12/2012,1/17/2012,CS-12490,TEC-PH-10000912,26.376,Standard Class,4,Credit Card
9800,1/12/2012,1/12/2012,1/17/2012,CS-12490,TEC-AC-10000487,10.384,Standard Class,4,PayPal
9801,1/12/2012,1/12/2012,1/17/2012,CS-12490,TEC-PH-10002262,107.118,Standard Class,2,PayPal
9802,9/30/2014,9/30/2014,10/7/2014,JK-15730,OFF-SU-10000898,97.3,Standard Class,1,Bank Transfer
9803,7/18/2012,7/18/2012,7/20/2012,PJ-19015,OFF-BI-10004182,3.328,Second Class,3,PayPal
9804,7/18/2012,7/18/2012,7/20/2012,PJ-19015,TEC-PH-10002468,135.99,Second Class,1,Bank Transfer
9805,7/18/2012,7/18/2012,7/20/2012,PJ-19015,FUR-FU-10002364,7.38,Second Class,4,Bank Transfer
9806,10/22/2013,10/22/2013,10/27/2013,AP-10720,FUR-FU-10002878,45.568,Standard Class,1,PayPal
9807,10/22/2013,10/22/2013,10/27/2013,AP-10720,OFF-BI-10004817,28.752,Standard Class,3,Credit Card
9808,7/28/2014,7/28/2014,8/2/2014,JW-15955,FUR-CH-10001146,194.848,Second Class,2,PayPal
9809,7/22/2014,7/22/2014,7/27/2014,PT-19090,OFF-BI-10001116,2.112,Standard Class,5,PayPal
9810,11/7/2011,11/7/2011,11/11/2011,TB-21595,OFF-PA-10000304,25.92,Second Class,5,Bank Transfer
9811,11/7/2011,11/7/2011,11/11/2011,TB-21595,OFF-AR-10002240,120.768,Second Class,1,PayPal
9812,11/28/2013,11/28/2013,12/1/2013,CB-12025,OFF-PA-10001246,25.92,First Class,3,Bank Transfer
9813,11/28/2013,11/28/2013,12/1/2013,CB-12025,OFF-AR-10000658,34.65,First Class,3,Bank Transfer
9814,11/28/2013,11/28/2013,12/1/2013,CB-12025,OFF-PA-10000100,204.95,First Class,2,Bank Transfer
9815,11/28/2013,11/28/2013,12/1/2013,CB-12025,OFF-BI-10004233,79.95,First Class,5,Credit Card
9816,6/8/2012,6/8/2012,6/12/2012,AG-10495,OFF-PA-10002581,173.488,Standard Class,2,Bank Transfer
9817,6/8/2012,6/8/2012,6/12/2012,AG-10495,OFF-ST-10000046,516.96,Standard Class,2,Bank Transfer
9818,6/8/2012,6/8/2012,6/12/2012,AG-10495,FUR-FU-10001185,173.208,Standard Class,5,Credit Card
9819,6/8/2012,6/8/2012,6/12/2012,AG-10495,OFF-AR-10003856,4.448,Standard Class,2,PayPal
9820,6/8/2012,6/8/2012,6/12/2012,AG-10495,OFF-LA-10001982,9,Standard Class,1,Credit Card
9821,6/8/2012,6/8/2012,6/12/2012,AG-10495,OFF-PA-10001215,42.24,Standard Class,3,PayPal
9822,6/8/2012,6/8/2012,6/12/2012,AG-10495,OFF-BI-10002429,18.264,Standard Class,2,Credit Card
9823,8/15/2011,8/15/2011,8/19/2011,BD-11605,OFF-AP-10003287,152.91,Standard Class,2,PayPal
9824,8/15/2011,8/15/2011,8/19/2011,BD-11605,OFF-PA-10000167,92.94,Standard Class,4,Credit Card
9825,8/15/2011,8/15/2011,8/19/2011,BD-11605,OFF-BI-10002309,17.856,Standard Class,3,PayPal
9826,8/15/2011,8/15/2011,8/19/2011,BD-11605,OFF-BI-10003638,46.44,Standard Class,3,Bank Transfer
9827,8/15/2011,8/15/2011,8/19/2011,BD-11605,FUR-CH-10003833,195.136,Standard Class,3,Bank Transfer
9828,6/20/2014,6/20/2014,6/27/2014,JS-15685,OFF-ST-10001511,129.3,Standard Class,2,PayPal
9829,6/20/2014,6/20/2014,6/27/2014,JS-15685,OFF-BI-10004728,11.568,Standard Class,5,PayPal
9830,7/17/2014,7/17/2014,7/24/2014,NF-18385,FUR-CH-10004218,242.352,Standard Class,3,Credit Card
9831,12/16/2011,12/16/2011,12/18/2011,SC-20305,TEC-AC-10004171,319.968,Second Class,4,Credit Card
9832,12/16/2011,12/16/2011,12/18/2011,SC-20305,FUR-FU-10001706,8.624,Second Class,4,Bank Transfer
9833,5/18/2011,5/18/2011,5/22/2011,GA-14515,OFF-PA-10001526,3.984,Second Class,3,Bank Transfer
9834,9/15/2014,9/15/2014,9/20/2014,CY-12745,TEC-AC-10002001,895.944,Standard Class,1,Bank Transfer
9835,10/11/2013,10/11/2013,10/13/2013,WB-21850,FUR-FU-10004963,14,First Class,2,PayPal
9836,10/11/2013,10/11/2013,10/13/2013,WB-21850,OFF-BI-10001597,16.392,First Class,2,Credit Card
9837,9/26/2013,9/26/2013,10/2/2013,DL-12865,OFF-PA-10000141,10.9,Standard Class,5,Credit Card
9838,9/26/2013,9/26/2013,10/2/2013,DL-12865,OFF-LA-10003923,29.6,Standard Class,2,Credit Card
9839,9/26/2013,9/26/2013,10/2/2013,DL-12865,OFF-LA-10001771,4.98,Standard Class,5,PayPal
9840,9/26/2013,9/26/2013,10/2/2013,DL-12865,TEC-CO-10001943,479.976,Standard Class,5,PayPal
9841,9/26/2013,9/26/2013,10/2/2013,DL-12865,TEC-PH-10003356,44.736,Standard Class,4,Bank Transfer
9842,9/26/2013,9/26/2013,10/2/2013,DL-12865,OFF-AR-10002255,5.76,Standard Class,4,Bank Transfer
9843,9/26/2013,9/26/2013,10/2/2013,DL-12865,FUR-CH-10000665,483.136,Standard Class,2,PayPal
9844,6/3/2011,6/3/2011,6/6/2011,RE-19450,OFF-LA-10001771,15.936,First Class,2,Bank Transfer
9845,6/3/2011,6/3/2011,6/6/2011,RE-19450,FUR-FU-10001475,61.544,First Class,4,PayPal
9846,6/3/2011,6/3/2011,6/6/2011,RE-19450,OFF-ST-10000877,132.696,First Class,1,Bank Transfer
9847,9/3/2014,9/3/2014,9/5/2014,MH-17290,OFF-AP-10001492,43.1,Second Class,2,Bank Transfer
9848,9/3/2014,9/3/2014,9/5/2014,MH-17290,FUR-FU-10004188,511.5,Second Class,1,Bank Transfer
9849,9/3/2014,9/3/2014,9/5/2014,MH-17290,OFF-BI-10004330,147.92,Second Class,5,Credit Card
9850,4/12/2011,4/12/2011,4/18/2011,EH-13765,OFF-AR-10002987,39.68,Standard Class,5,PayPal
9851,5/3/2013,5/3/2013,5/7/2013,EH-13765,FUR-FU-10000732,12.56,Standard Class,4,PayPal
9852,5/3/2013,5/3/2013,5/7/2013,EH-13765,OFF-BI-10001670,90.48,Standard Class,3,Credit Card
9853,5/3/2013,5/3/2013,5/7/2013,EH-13765,OFF-PA-10000533,13.08,Standard Class,2,Credit Card
9854,5/3/2013,5/3/2013,5/7/2013,EH-13765,FUR-FU-10002253,214.7,Standard Class,2,Credit Card
9855,6/20/2014,6/20/2014,6/24/2014,GA-14515,FUR-FU-10002396,50.32,Standard Class,1,Credit Card
9856,6/20/2014,6/20/2014,6/24/2014,GA-14515,OFF-PA-10004438,24.56,Standard Class,1,PayPal
9857,11/6/2011,11/6/2011,11/11/2011,GA-14515,OFF-PA-10000587,43.68,Standard Class,3,PayPal
9858,3/26/2012,3/26/2012,3/30/2012,EB-13840,FUR-TA-10001889,3393.68,Standard Class,1,Credit Card
9859,1/15/2014,1/15/2014,1/21/2014,HR-14770,OFF-ST-10001590,67.4,Standard Class,2,Credit Card
9860,1/15/2014,1/15/2014,1/21/2014,HR-14770,OFF-FA-10003472,2.52,Standard Class,5,Credit Card
9861,1/15/2014,1/15/2014,1/21/2014,HR-14770,TEC-PH-10000169,67.8,Standard Class,5,PayPal
9862,1/15/2014,1/15/2014,1/21/2014,HR-14770,OFF-ST-10002562,18.76,Standard Class,4,PayPal
9863,1/15/2014,1/15/2014,1/21/2014,HR-14770,TEC-AC-10001445,12.12,Standard Class,1,PayPal
9864,1/15/2014,1/15/2014,1/21/2014,HR-14770,OFF-PA-10004156,11.34,Standard Class,1,PayPal
9865,1/15/2014,1/15/2014,1/21/2014,HR-14770,TEC-AC-10004469,159.8,Standard Class,5,Bank Transfer
9866,1/15/2014,1/15/2014,1/21/2014,HR-14770,FUR-FU-10001037,18.96,Standard Class,4,Credit Card
9867,3/26/2012,3/26/2012,3/28/2012,SM-20950,OFF-ST-10002615,1085.42,Second Class,3,PayPal
9868,3/26/2012,3/26/2012,3/28/2012,SM-20950,OFF-AP-10000595,13.11,Second Class,3,Bank Transfer
9869,11/1/2011,11/1/2011,11/3/2011,EA-14035,FUR-FU-10002253,68.704,First Class,1,Bank Transfer
9870,11/1/2011,11/1/2011,11/3/2011,EA-14035,OFF-BI-10000494,3.132,First Class,5,Credit Card
9871,11/1/2011,11/1/2011,11/3/2011,EA-14035,OFF-BI-10001658,22.428,First Class,4,Credit Card
9872,10/7/2014,10/7/2014,10/7/2014,MH-17455,OFF-ST-10003208,290.336,Same Day,1,Credit Card
9873,10/7/2014,10/7/2014,10/7/2014,MH-17455,OFF-AR-10004790,19.152,Same Day,5,PayPal
9874,12/11/2013,12/11/2013,12/15/2013,SL-20155,OFF-PA-10004609,6.48,Standard Class,5,PayPal
9875,9/23/2013,9/23/2013,9/25/2013,NP-18685,OFF-EN-10003055,63.968,Second Class,4,Bank Transfer
9876,12/29/2012,12/29/2012,1/5/2013,RF-19840,OFF-SU-10003936,6.36,Standard Class,2,PayPal
9877,4/21/2014,4/21/2014,4/22/2014,BE-11455,OFF-ST-10000078,848.544,First Class,1,Bank Transfer
9878,4/21/2014,4/21/2014,4/22/2014,BE-11455,OFF-BI-10000174,8.7,First Class,5,Credit Card
9879,4/21/2014,4/21/2014,4/22/2014,BE-11455,TEC-PH-10004080,122.382,First Class,2,Credit Card
9880,8/22/2013,8/22/2013,8/26/2013,JK-15370,FUR-CH-10002961,573.174,Standard Class,5,PayPal
9881,5/29/2012,5/29/2012,5/31/2012,CC-12100,OFF-PA-10000474,85.056,First Class,5,Bank Transfer
9882,8/12/2011,8/12/2011,8/13/2011,LL-16840,OFF-BI-10000138,14.04,First Class,1,Bank Transfer
9883,8/12/2011,8/12/2011,8/13/2011,LL-16840,TEC-AC-10000023,272.61,First Class,4,PayPal
9884,4/3/2011,4/3/2011,4/8/2011,KE-16420,OFF-EN-10001415,11.16,Standard Class,1,PayPal
9885,4/3/2011,4/3/2011,4/8/2011,KE-16420,TEC-AC-10001284,62.31,Standard Class,3,Bank Transfer
9886,4/3/2011,4/3/2011,4/8/2011,KE-16420,TEC-AC-10000736,159.98,Standard Class,4,Bank Transfer
9887,1/24/2011,1/24/2011,1/28/2011,SG-20605,OFF-FA-10003467,5.94,Standard Class,5,PayPal
9888,10/13/2014,10/13/2014,10/16/2014,CA-12265,OFF-PA-10000477,9.96,First Class,3,PayPal
9889,8/8/2012,8/8/2012,8/12/2012,RD-19585,TEC-AC-10000736,79.99,Standard Class,1,PayPal
9890,3/20/2014,3/20/2014,3/21/2014,VG-21805,OFF-AR-10002467,8.94,First Class,4,Credit Card
9891,7/26/2013,7/26/2013,7/29/2013,SH-19975,OFF-PA-10004996,20.62,Second Class,3,Bank Transfer
9892,7/26/2013,7/26/2013,7/29/2013,SH-19975,TEC-AC-10003116,124.25,Second Class,4,Bank Transfer
9893,7/26/2013,7/26/2013,7/29/2013,SH-19975,TEC-PH-10002262,297.55,Second Class,5,PayPal
9894,7/26/2013,7/26/2013,7/29/2013,SH-19975,FUR-CH-10004626,403.56,Second Class,2,Credit Card
9895,7/26/2013,7/26/2013,7/29/2013,SH-19975,FUR-FU-10001756,95.2,Second Class,4,Credit Card
9896,9/26/2011,9/26/2011,10/1/2011,MM-17920,TEC-AC-10004859,153.824,Standard Class,1,PayPal
9897,6/17/2011,6/17/2011,6/20/2011,JF-15415,OFF-PA-10001725,62.016,Second Class,2,PayPal
9898,6/7/2013,6/7/2013,6/11/2013,LP-17095,FUR-FU-10004306,466.32,Standard Class,4,PayPal
9899,6/7/2013,6/7/2013,6/11/2013,LP-17095,FUR-FU-10004845,82.64,Standard Class,3,Credit Card
9900,3/28/2011,3/28/2011,4/3/2011,MP-18175,FUR-TA-10000198,330.588,Standard Class,1,Credit Card
9901,8/22/2014,8/22/2014,8/26/2014,SC-20845,OFF-ST-10000036,237.096,Standard Class,2,PayPal
9902,8/22/2014,8/22/2014,8/26/2014,SC-20845,FUR-FU-10001037,22.752,Standard Class,4,Bank Transfer
9903,8/22/2014,8/22/2014,8/26/2014,SC-20845,OFF-PA-10001950,6.672,Standard Class,4,Credit Card
9904,11/12/2011,11/12/2011,11/18/2011,DP-13000,FUR-FU-10004587,25.128,Standard Class,2,Credit Card
9905,11/12/2011,11/12/2011,11/18/2011,DP-13000,TEC-AC-10002567,127.984,Standard Class,1,Bank Transfer
9906,9/13/2012,9/13/2012,9/15/2012,KD-16615,FUR-FU-10004973,131.88,First Class,1,Credit Card
9907,9/13/2012,9/13/2012,9/15/2012,KD-16615,OFF-BI-10001628,25.032,First Class,1,PayPal
9908,9/13/2012,9/13/2012,9/15/2012,KD-16615,FUR-CH-10000155,717.72,First Class,1,Bank Transfer
9909,9/13/2012,9/13/2012,9/15/2012,KD-16615,FUR-FU-10002379,207.35,First Class,4,Bank Transfer
9910,9/13/2012,9/13/2012,9/15/2012,KD-16615,FUR-FU-10004018,44.67,First Class,5,Credit Card
9911,9/13/2012,9/13/2012,9/15/2012,KD-16615,OFF-PA-10000994,209.7,First Class,2,Bank Transfer
9912,4/5/2011,4/5/2011,4/9/2011,RP-19855,OFF-BI-10002852,115.36,Standard Class,5,Bank Transfer
9913,10/10/2012,10/10/2012,10/12/2012,KN-16390,FUR-CH-10001714,362.136,First Class,4,Bank Transfer
9914,10/10/2012,10/10/2012,10/12/2012,KN-16390,OFF-LA-10000414,31.05,First Class,1,PayPal
9915,1/30/2014,1/30/2014,2/1/2014,TM-21010,OFF-PA-10003848,12.96,Second Class,3,PayPal
9916,1/30/2014,1/30/2014,2/1/2014,TM-21010,OFF-PA-10000176,94.85,Second Class,4,Bank Transfer
9917,1/30/2014,1/30/2014,2/1/2014,TM-21010,OFF-ST-10001590,13.48,Second Class,1,Bank Transfer
9918,1/30/2014,1/30/2014,2/1/2014,TM-21010,FUR-FU-10000010,14.91,Second Class,5,PayPal
9919,9/24/2012,9/24/2012,9/29/2012,JF-15190,OFF-EN-10003055,39.98,Standard Class,4,PayPal
9920,3/16/2013,3/16/2013,3/20/2013,MY-18295,FUR-CH-10000863,528.43,Standard Class,1,Bank Transfer
9921,3/16/2013,3/16/2013,3/20/2013,MY-18295,OFF-BI-10004233,22.386,Standard Class,2,Bank Transfer
9922,11/24/2011,11/24/2011,11/30/2011,AT-10435,OFF-BI-10003350,5.742,Standard Class,4,Bank Transfer
9923,5/7/2014,5/7/2014,5/11/2014,JF-15490,TEC-AC-10001990,191.968,Standard Class,3,Credit Card
9924,3/20/2012,3/20/2012,3/23/2012,DH-13075,OFF-BI-10003982,49.848,First Class,5,PayPal
9925,3/20/2012,3/20/2012,3/23/2012,DH-13075,OFF-EN-10004386,23.99,First Class,3,Bank Transfer
9926,3/20/2012,3/20/2012,3/23/2012,DH-13075,OFF-BI-10003656,1087.936,First Class,4,PayPal
9927,3/20/2012,3/20/2012,3/23/2012,DH-13075,TEC-PH-10002310,199.98,First Class,3,Bank Transfer
9928,3/20/2012,3/20/2012,3/23/2012,DH-13075,OFF-ST-10001172,83.92,First Class,3,Bank Transfer
9929,9/5/2013,9/5/2013,9/5/2013,IM-15055,FUR-FU-10000260,24.27,Same Day,2,Credit Card
9930,9/5/2013,9/5/2013,9/5/2013,IM-15055,TEC-CO-10003763,2799.96,Same Day,3,PayPal
9931,11/13/2012,11/13/2012,11/17/2012,KH-16510,OFF-BI-10001267,9.872,Standard Class,2,Credit Card
9932,11/13/2012,11/13/2012,11/17/2012,KH-16510,FUR-BO-10004357,683.332,Standard Class,5,PayPal
9933,11/13/2012,11/13/2012,11/17/2012,KH-16510,OFF-PA-10004610,29.96,Standard Class,4,PayPal
9934,7/11/2011,7/11/2011,7/14/2011,JK-15205,TEC-PH-10004912,164.85,First Class,1,PayPal
9935,4/8/2013,4/8/2013,4/13/2013,AS-10240,OFF-AP-10003278,33.528,Standard Class,4,PayPal
9936,4/8/2013,4/8/2013,4/13/2013,AS-10240,OFF-ST-10001627,36.744,Standard Class,5,Credit Card
9937,6/25/2014,6/25/2014,6/29/2014,SC-20575,OFF-BI-10002735,102.93,Standard Class,2,Credit Card
9938,6/4/2013,6/4/2013,6/7/2013,CP-12340,FUR-TA-10001676,71.088,Second Class,5,Bank Transfer
9939,12/13/2013,12/13/2013,12/18/2013,NS-18640,FUR-FU-10004864,60.35,Standard Class,1,PayPal
9940,12/13/2013,12/13/2013,12/18/2013,NS-18640,OFF-SU-10000952,35.52,Standard Class,5,Bank Transfer
9941,12/13/2013,12/13/2013,12/18/2013,NS-18640,OFF-AR-10000462,11.2,Standard Class,1,PayPal
9942,11/25/2014,11/25/2014,12/1/2014,JL-15835,TEC-AC-10001772,223.58,Standard Class,3,Bank Transfer
9943,12/28/2011,12/28/2011,1/3/2012,MD-17350,OFF-ST-10001128,998.82,Standard Class,2,Credit Card
9944,12/28/2011,12/28/2011,1/3/2012,MD-17350,OFF-SU-10002537,51.15,Standard Class,3,Credit Card
9945,4/12/2012,4/12/2012,4/17/2012,RD-19660,OFF-ST-10000419,40.74,Second Class,3,Bank Transfer
9946,3/2/2011,3/2/2011,3/6/2011,NH-18610,OFF-PA-10000327,3.424,Standard Class,4,Credit Card
9947,3/2/2011,3/2/2011,3/6/2011,NH-18610,TEC-AC-10004353,151.2,Standard Class,1,PayPal
9948,6/2/2014,6/2/2014,6/4/2014,HW-14935,FUR-CH-10003746,1925.88,Second Class,5,PayPal
9949,6/2/2014,6/2/2014,6/4/2014,HW-14935,OFF-AP-10002945,2405.2,Second Class,1,Credit Card
9950,6/2/2014,6/2/2014,6/4/2014,HW-14935,TEC-AC-10004568,83.97,Second Class,1,Credit Card
9951,6/2/2014,6/2/2014,6/4/2014,HW-14935,TEC-AC-10001714,39.89,Second Class,1,PayPal
9952,6/2/2014,6/2/2014,6/4/2014,HW-14935,OFF-BI-10002072,17.38,Second Class,4,PayPal
9953,12/14/2012,12/14/2012,12/16/2012,DB-12970,OFF-BI-10001153,55.264,Second Class,4,PayPal
9954,12/14/2012,12/14/2012,12/16/2012,DB-12970,OFF-PA-10004983,6.48,Second Class,4,PayPal
9955,12/14/2012,12/14/2012,12/16/2012,DB-12970,OFF-BI-10000948,34.248,Second Class,1,Credit Card
9956,12/14/2012,12/14/2012,12/16/2012,DB-12970,FUR-TA-10002622,273.568,Second Class,1,Credit Card
9957,11/11/2011,11/11/2011,11/17/2011,KN-16705,OFF-PA-10001776,46.35,Standard Class,2,Credit Card
9958,11/11/2011,11/11/2011,11/17/2011,KN-16705,OFF-PA-10004039,223.92,Standard Class,4,Bank Transfer
9959,11/11/2011,11/11/2011,11/17/2011,KN-16705,OFF-SU-10001574,7.3,Standard Class,4,Credit Card
9960,10/7/2014,10/7/2014,10/12/2014,AJ-10945,OFF-AR-10001761,9.344,Standard Class,1,Credit Card
9961,9/17/2014,9/17/2014,9/19/2014,CL-12700,TEC-AC-10002305,18,Second Class,5,Bank Transfer
9962,3/19/2012,3/19/2012,3/22/2012,CM-12655,OFF-PA-10000675,65.584,First Class,3,PayPal
9963,3/19/2012,3/19/2012,3/22/2012,CM-12655,FUR-BO-10004218,383.4656,First Class,2,Credit Card
9964,7/26/2012,7/26/2012,7/26/2012,AS-10240,OFF-PA-10003072,10.368,Same Day,4,Credit Card
9965,12/6/2013,12/6/2013,12/11/2013,HE-14800,FUR-FU-10002671,13.4,Second Class,2,Credit Card
9966,12/6/2013,12/6/2013,12/11/2013,HE-14800,OFF-PA-10000349,4.98,Second Class,1,Credit Card
9967,12/6/2013,12/6/2013,12/11/2013,HE-14800,OFF-EN-10004483,109.69,Second Class,3,Bank Transfer
9968,12/12/2014,12/12/2014,12/18/2014,RB-19435,OFF-BI-10004209,40.2,Standard Class,1,Credit Card
9969,12/12/2014,12/12/2014,12/18/2014,RB-19435,OFF-BI-10004600,735.98,Standard Class,3,PayPal
9970,12/12/2014,12/12/2014,12/18/2014,RB-19435,OFF-AP-10003622,22.75,Standard Class,1,Bank Transfer
9971,6/28/2012,6/28/2012,7/2/2012,MP-17470,OFF-BI-10002867,119.56,Standard Class,2,Credit Card
9972,6/28/2012,6/28/2012,7/2/2012,MP-17470,OFF-AR-10000538,140.75,Standard Class,5,PayPal
9973,9/12/2013,9/12/2013,9/18/2013,RC-19960,OFF-EN-10000056,99.568,Standard Class,1,PayPal
9974,12/7/2013,12/7/2013,12/11/2013,AP-10720,TEC-PH-10004080,271.96,Standard Class,4,Bank Transfer
9975,12/7/2013,12/7/2013,12/11/2013,AP-10720,OFF-AR-10004752,18.69,Standard Class,4,Bank Transfer
9976,12/7/2013,12/7/2013,12/11/2013,AP-10720,OFF-PA-10000743,13.36,Standard Class,5,Bank Transfer
9977,12/7/2013,12/7/2013,12/11/2013,AP-10720,TEC-PH-10002496,249.584,Standard Class,3,Bank Transfer
9978,12/7/2013,12/7/2013,12/11/2013,AP-10720,OFF-FA-10003467,13.86,Standard Class,5,PayPal
9979,12/7/2013,12/7/2013,12/11/2013,AP-10720,OFF-BI-10003727,13.376,Standard Class,1,Credit Card
9980,12/7/2013,12/7/2013,12/11/2013,AP-10720,OFF-BI-10002026,437.472,Standard Class,5,PayPal
9981,9/6/2012,9/6/2012,9/9/2012,SW-20455,FUR-TA-10001039,85.98,Second Class,4,PayPal
9982,8/4/2014,8/4/2014,8/7/2014,TB-21055,OFF-LA-10004484,16.52,First Class,1,Credit Card
9983,9/23/2013,9/23/2013,9/29/2013,RC-19960,OFF-PA-10002195,35.56,Standard Class,3,Credit Card
9984,9/23/2013,9/23/2013,9/29/2013,RC-19960,TEC-PH-10001305,97.98,Standard Class,3,PayPal
9985,5/17/2012,5/17/2012,5/23/2012,DV-13465,OFF-LA-10003766,31.5,Standard Class,1,PayPal
9986,5/17/2012,5/17/2012,5/23/2012,DV-13465,OFF-SU-10000898,55.6,Standard Class,3,Credit Card
9987,9/30/2013,9/30/2013,10/4/2013,ML-17410,TEC-AC-10003399,36.24,Standard Class,1,PayPal
9988,11/18/2014,11/18/2014,11/22/2014,RA-19885,TEC-AC-10001539,79.99,Standard Class,4,Bank Transfer
9989,11/18/2014,11/18/2014,11/22/2014,RA-19885,TEC-PH-10004006,206.1,Standard Class,3,PayPal
9990,1/22/2011,1/22/2011,1/24/2011,TB-21400,FUR-FU-10001889,25.248,Second Class,2,Bank Transfer
9991,2/27/2014,2/27/2014,3/4/2014,DB-13060,FUR-FU-10000747,91.96,Standard Class,1,PayPal
9992,2/27/2014,2/27/2014,3/4/2014,DB-13060,TEC-PH-10003645,258.576,Standard Class,4,PayPal
9993,2/27/2014,2/27/2014,3/4/2014,DB-13060,OFF-PA-10004041,29.6,Standard Class,4,Credit Card
9994,5/5/2014,5/5/2014,5/10/2014,CC-12220,OFF-AP-10002684,243.16,Second Class,1,Bank Transfer
